player_id,name,match_tier,club_before,club_after,league_before,league_after
231443,Ousmane Dembélé,id,Paris Saint-Germain,Paris SG,Ligue 1,Ligue 1 McDonald's
235212,Achraf Hakimi,id,Paris Saint-Germain,Paris SG,Ligue 1,Ligue 1 McDonald's
255253,Vitinha,id,Paris Saint-Germain,Paris SG,Ligue 1,Ligue 1 McDonald's
231478,Lautaro Martínez,id,Inter,Lombardia FC,Serie A,Serie A Enilive
200389,Jan Oblak,id,Atlético Madrid,Atlético de Madrid,La Liga,LALIGA EA SPORTS
247635,Khvicha Kvaratskhelia,id,Paris Saint-Germain,Paris SG,Ligue 1,Ligue 1 McDonald's
237383,Alessandro Bastoni,id,Inter,Lombardia FC,Serie A,Serie A Enilive
192985,Kevin De Bruyne,id,Napoli,SSC Napoli,Serie A,Serie A Enilive
207865,Marquinhos,id,Paris Saint-Germain,Paris SG,Ligue 1,Ligue 1 McDonald's
177683,Yann Sommer,id,Inter,Lombardia FC,Serie A,Serie A Enilive
212198,Bruno Fernandes,id,Manchester United,Man Utd,Premier League,Premier League
246191,Julián Alvarez,id,Atlético Madrid,Atlético de Madrid,La Liga,LALIGA EA SPORTS
215698,Mike Maignan,id,AC Milan,Milano FC,Serie A,Serie A Enilive
224232,Nicolò Barella,id,Inter,Lombardia FC,Serie A,Serie A Enilive
232293,Victor Osimhen,id,Galatasaray SK,Galatasaray,Süper Lig,Trendyol Süper Lig
252145,Nuno Mendes,id,Paris Saint-Germain,Paris SG,Ligue 1,Ligue 1 McDonald's
211110,Paulo Dybala,id,Roma,AS Roma,Serie A,Serie A Enilive
247851,Bruno Guimarães,id,Newcastle United,Newcastle Utd,Premier League,Premier League
256196,Willian Pacho,id,Paris Saint-Germain,Paris SG,Ligue 1,Ligue 1 McDonald's
208128,Hakan Çalhanoğlu,id,Inter,Lombardia FC,Serie A,Serie A Enilive
158023,Lionel Messi,id,Inter Miami,Inter Miami CF,Major League Soccer,MLS
241096,Sandro Tonali,id,Newcastle United,Newcastle Utd,Premier League,Premier League
210257,Ederson,id,Fenerbahçe SK,Fenerbahçe,Süper Lig,Trendyol Süper Lig
226268,Federico Dimarco,id,Inter,Lombardia FC,Serie A,Serie A Enilive
237238,Scott McTominay,id,Napoli,SSC Napoli,Serie A,Serie A Enilive
272834,João Neves,id,Paris Saint-Germain,Paris SG,Ligue 1,Ligue 1 McDonald's
194765,Antoine Griezmann,id,Atlético Madrid,Atlético de Madrid,La Liga,LALIGA EA SPORTS
243014,Bryan Mbeumo,id,Manchester United,Man Utd,Premier League,Premier League
271421,Désiré Doué,id,Paris Saint-Germain,Paris SG,Ligue 1,Ligue 1 McDonald's
228093,Marcus Thuram,id,Inter,Lombardia FC,Serie A,Serie A Enilive
200104,Heung Min Son,id,Los Angeles FC,LAFC,Major League Soccer,MLS
226271,Fabián Ruiz,id,Paris Saint-Germain,Paris SG,Ligue 1,Ligue 1 McDonald's
234236,Patrik Schick,id,Bayer 04 Leverkusen,Leverkusen,Bundesliga,Bundesliga
226161,Marcos Llorente,id,Atlético Madrid,Atlético de Madrid,La Liga,LALIGA EA SPORTS
212616,Rodrigo De Paul,id,Inter Miami,Inter Miami CF,Major League Soccer,MLS
233096,Denzel Dumfries,id,Inter,Lombardia FC,Serie A,Serie A Enilive
210035,Grimaldo,id,Bayer 04 Leverkusen,Leverkusen,Bundesliga,Bundesliga
226851,Benjamin Pavard,id,Olympique de Marseille,OM,Ligue 1,Ligue 1 McDonald's
257279,Álex Baena,id,Atlético Madrid,Atlético de Madrid,La Liga,LALIGA EA SPORTS
220502,Mattia Zaccagni,id,Lazio,Latium,Serie A,Serie A Enilive
231521,Exequiel Palacios,id,Bayer 04 Leverkusen,Leverkusen,Bundesliga,Bundesliga
245367,Xavi Simons,id,Tottenham Hotspur,Spurs,Premier League,Premier League
227796,Christian Pulisic,id,AC Milan,Milano FC,Serie A,Serie A Enilive
220697,James Maddison,id,Tottenham Hotspur,Spurs,Premier League,Premier League
252154,Marco Carnesecchi,id,Atalanta,Bergamo Calcio,Serie A,Serie A Enilive
241721,Rafael Leão,id,AC Milan,Milano FC,Serie A,Serie A Enilive
192505,Romelu Lukaku,id,Napoli,SSC Napoli,Serie A,Serie A Enilive
197781,Isco,id,Real Betis Balompié,Real Betis,La Liga,LALIGA EA SPORTS
264652,Bradley Barcola,id,Paris Saint-Germain,Paris SG,Ligue 1,Ligue 1 McDonald's
230899,Ademola Lookman,id,Atalanta,Bergamo Calcio,Serie A,Serie A Enilive
204485,Riyad Mahrez,id,Al Ahli SFC,Al Ahli,Pro League,ROSHN Saudi League
216549,Alexander Sørloth,id,Atlético Madrid,Atlético de Madrid,La Liga,LALIGA EA SPORTS
199845,Francesco Acerbi,id,Inter,Lombardia FC,Serie A,Serie A Enilive
198176,Stefan de Vrij,id,Inter,Lombardia FC,Serie A,Serie A Enilive
210008,Adrien Rabiot,id,AC Milan,Milano FC,Serie A,Serie A Enilive
192883,Henrikh Mkhitaryan,id,Inter,Lombardia FC,Serie A,Serie A Enilive
223959,Lucas Torreira,id,Galatasaray SK,Galatasaray,Süper Lig,Trendyol Süper Lig
217870,Giovanni Di Lorenzo,id,Napoli,SSC Napoli,Serie A,Serie A Enilive
247394,Dejan Kulusevski,id,Tottenham Hotspur,Spurs,Premier League,Premier League
247103,Dávid Hancko,id,Atlético Madrid,Atlético de Madrid,La Liga,LALIGA EA SPORTS
242964,Anthony Gordon,id,Newcastle United,Newcastle Utd,Premier League,Premier League
251752,Lucas Chevalier,id,Paris Saint-Germain,Paris SG,Ligue 1,Ligue 1 McDonald's
228813,Aleix García,id,Bayer 04 Leverkusen,Leverkusen,Bundesliga,Bundesliga
216435,Stanislav Lobotka,id,Napoli,SSC Napoli,Serie A,Serie A Enilive
177003,Luka Modrić,id,AC Milan,Milano FC,Serie A,Serie A Enilive
193698,Oliver Baumann,id,TSG 1899 Hoffenheim,TSG Hoffenheim,Bundesliga,Bundesliga
240243,Matheus Cunha,id,Manchester United,Man Utd,Premier League,Premier League
199641,Matz Sels,id,Nottingham Forest,Nott'm Forest,Premier League,Premier League
186942,İlkay Gündoğan,id,Galatasaray SK,Galatasaray,Süper Lig,Trendyol Süper Lig
229391,Palhinha,id,Tottenham Hotspur,Spurs,Premier League,Premier League
224371,Jarrod Bowen,id,West Ham United,West Ham,Premier League,Premier League
278016,Murillo,id,Nottingham Forest,Nott'm Forest,Premier League,Premier League
242458,Artem Dovbyk,id,Roma,AS Roma,Serie A,Serie A Enilive
192629,Iago Aspas,id,RC Celta,Celta,La Liga,LALIGA EA SPORTS
241850,Mateo Retegui,id,Al Qadsiah FC,Al Qadsiah,Pro League,ROSHN Saudi League
216460,José María Giménez,id,Atlético Madrid,Atlético de Madrid,La Liga,LALIGA EA SPORTS
229582,Gianluca Mancini,id,Roma,AS Roma,Serie A,Serie A Enilive
244263,Amir Rrahmani,id,Napoli,SSC Napoli,Serie A,Serie A Enilive
238095,Nikola Milenković,id,Nottingham Forest,Nott'm Forest,Premier League,Premier League
233486,Robin Le Normand,id,Atlético Madrid,Atlético de Madrid,La Liga,LALIGA EA SPORTS
223334,Joelinton,id,Newcastle United,Newcastle Utd,Premier League,Premier League
227236,André-Franck Zambo Anguissa,id,Napoli,SSC Napoli,Serie A,Serie A Enilive
266866,Éderson,id,Atalanta,Bergamo Calcio,Serie A,Serie A Enilive
243245,Orkun Kökçü,id,Beşiktaş JK,Beşiktaş,Süper Lig,Trendyol Süper Lig
243576,Pedro Porro,id,Tottenham Hotspur,Spurs,Premier League,Premier League
230872,Mile Svilar,id,Roma,AS Roma,Serie A,Serie A Enilive
256853,Malik Tillman,id,Bayer 04 Leverkusen,Leverkusen,Bundesliga,Bundesliga
210411,Otávio,id,Al Qadsiah FC,Al Qadsiah,Pro League,ROSHN Saudi League
236496,Mattéo Guendouzi,id,Lazio,Latium,Serie A,Serie A Enilive
215316,Gerónimo Rulli,id,Olympique de Marseille,OM,Ligue 1,Ligue 1 McDonald's
240091,Guglielmo Vicario,id,Tottenham Hotspur,Spurs,Premier League,Premier League
226226,Giovani Lo Celso,id,Real Betis Balompié,Real Betis,La Liga,LALIGA EA SPORTS
224987,Ivan Provedel,id,Lazio,Latium,Serie A,Serie A Enilive
236015,Morgan Gibbs-White,id,Nottingham Forest,Nott'm Forest,Premier League,Premier League
272449,Pablo Barrios,id,Atlético Madrid,Atlético de Madrid,La Liga,LALIGA EA SPORTS
192984,Koen Casteels,id,Al Qadsiah FC,Al Qadsiah,Pro League,ROSHN Saudi League
225116,Alex Meret,id,Napoli,SSC Napoli,Serie A,Serie A Enilive
220793,Davinson Sánchez,id,Galatasaray SK,Galatasaray,Süper Lig,Trendyol Süper Lig
229348,Antonee Robinson,id,Fulham FC,Fulham,Premier League,Premier League
255565,Kaoru Mitoma,id,Brighton & Hove Albion,Brighton,Premier League,Premier League
264453,Micky van de Ven,id,Tottenham Hotspur,Spurs,Premier League,Premier League
222492,Leroy Sané,id,Galatasaray SK,Galatasaray,Süper Lig,Trendyol Süper Lig
251470,Charles De Ketelaere,id,Atalanta,Bergamo Calcio,Serie A,Serie A Enilive
244257,Jonathan Burkardt,id,Eintracht Frankfurt,Frankfurt,Bundesliga,Bundesliga
210047,Fabian Schär,id,Newcastle United,Newcastle Utd,Premier League,Premier League
213648,Pierre-Emile Højbjerg,id,Olympique de Marseille,OM,Ligue 1,Ligue 1 McDonald's
216547,Rafa,id,Beşiktaş JK,Beşiktaş,Süper Lig,Trendyol Süper Lig
192318,Mario Götze,id,Eintracht Frankfurt,Frankfurt,Bundesliga,Bundesliga
229237,Manuel Akanji,id,Inter,Lombardia FC,Serie A,Serie A Enilive
246147,Mason Greenwood,id,Olympique de Marseille,OM,Ligue 1,Ligue 1 McDonald's
232639,Ritsu Doan,id,Eintracht Frankfurt,Frankfurt,Bundesliga,Bundesliga
234824,Yoane Wissa,id,Newcastle United,Newcastle Utd,Premier League,Premier League
235243,Matthijs de Ligt,id,Manchester United,Man Utd,Premier League,Premier League
235410,Youssef En-Nesyri,id,Fenerbahçe SK,Fenerbahçe,Süper Lig,Trendyol Süper Lig
200724,Nacho Fernández,id,Al Qadsiah FC,Al Qadsiah,Pro League,ROSHN Saudi League
243241,Alessandro Buongiorno,id,Napoli,SSC Napoli,Serie A,Serie A Enilive
212218,Aymeric Laporte,id,Athletic Club,Al Nassr,La Liga,ROSHN Saudi League
232488,Cristian Romero,id,Tottenham Hotspur,Spurs,Premier League,Premier League
236532,Robin Koch,id,Eintracht Frankfurt,Frankfurt,Bundesliga,Bundesliga
192123,Chris Wood,id,Nottingham Forest,Nott'm Forest,Premier League,Premier League
247257,Ibañez,id,Al Ahli SFC,Al Ahli,Pro League,ROSHN Saudi League
210413,Alessio Romagnoli,id,Lazio,Latium,Serie A,Serie A Enilive
251809,Sven Botman,id,Newcastle United,Newcastle Utd,Premier League,Premier League
238216,Conor Gallagher,id,Atlético Madrid,Atlético de Madrid,La Liga,LALIGA EA SPORTS
239807,Davide Frattesi,id,Inter,Lombardia FC,Serie A,Serie A Enilive
258648,Carlos Augusto,id,Inter,Lombardia FC,Serie A,Serie A Enilive
261865,Miguel Gutiérrez,id,Napoli,SSC Napoli,Serie A,Serie A Enilive
181458,Ivan Perišić,id,PSV,,Eredivisie,Eredivisie
272500,Carlos Baleba,id,Brighton & Hove Albion,Brighton,Premier League,Premier League
219683,Corentin Tolisso,id,Olympique Lyonnais,OL,Ligue 1,Ligue 1 McDonald's
208461,Marten de Roon,id,Atalanta,Bergamo Calcio,Serie A,Serie A Enilive
259516,Johnny Cardoso,id,Atlético Madrid,Atlético de Madrid,La Liga,LALIGA EA SPORTS
206085,Jacob Murphy,id,Newcastle United,Newcastle Utd,Premier League,Premier League
193747,Koke,id,Atlético Madrid,Atlético de Madrid,La Liga,LALIGA EA SPORTS
212242,Robert Andrich,id,Bayer 04 Leverkusen,Leverkusen,Bundesliga,Bundesliga
245630,Youssouf Fofana,id,AC Milan,Milano FC,Serie A,Serie A Enilive
253396,Giuliano Simeone,id,Atlético Madrid,Atlético de Madrid,La Liga,LALIGA EA SPORTS
212523,Anderson Talisca,id,Fenerbahçe SK,Fenerbahçe,Süper Lig,Trendyol Süper Lig
203841,Nick Pope,id,Newcastle United,Newcastle Utd,Premier League,Premier League
212228,Ivan Toney,id,Al Ahli SFC,Al Ahli,Pro League,ROSHN Saudi League
239301,Lisandro Martínez,id,Manchester United,Man Utd,Premier League,Premier League
239482,Galeno,id,Al Ahli SFC,Al Ahli,Pro League,ROSHN Saudi League
255475,Antony,id,Real Betis Balompié,Real Betis,La Liga,LALIGA EA SPORTS
184392,Matteo Darmian,id,Inter,Lombardia FC,Serie A,Serie A Enilive
216409,Matteo Politano,id,Napoli,SSC Napoli,Serie A,Serie A Enilive
213516,Ricardo Horta,id,Sporting Clube de Braga,SC Braga,Primeira Liga,Liga Portugal
247263,Edmond Tapsoba,id,Bayer 04 Leverkusen,Leverkusen,Bundesliga,Bundesliga
257470,Anthony Elanga,id,Newcastle United,Newcastle Utd,Premier League,Premier League
236632,David Neres,id,Napoli,SSC Napoli,Serie A,Serie A Enilive
236403,Evan Ndicka,id,Roma,AS Roma,Serie A,Serie A Enilive
220814,Lucas Hernández,id,Paris Saint-Germain,Paris SG,Ligue 1,Ligue 1 McDonald's
237679,Randal Kolo Muani,id,Tottenham Hotspur,Spurs,Premier League,Premier League
242835,Leonardo Balerdi,id,Olympique de Marseille,OM,Ligue 1,Ligue 1 McDonald's
216354,Andrej Kramarić,id,TSG 1899 Hoffenheim,TSG Hoffenheim,Bundesliga,Bundesliga
232411,Christopher Nkunku,id,AC Milan,Milano FC,Serie A,Serie A Enilive
188567,Pierre-Emerick Aubameyang,id,Olympique de Marseille,OM,Ligue 1,Ligue 1 McDonald's
214096,Tim Kleindienst,id,Borussia Mönchengladbach,M'gladbach,Bundesliga,Bundesliga
231652,Simon Banza,id,Sporting Clube de Braga,SC Braga,Primeira Liga,Liga Portugal
244749,Nayef Aguerd,id,Olympique de Marseille,OM,Ligue 1,Ligue 1 McDonald's
201399,Mauro Icardi,id,Galatasaray SK,Galatasaray,Süper Lig,Trendyol Süper Lig
232756,Fikayo Tomori,id,AC Milan,Milano FC,Serie A,Serie A Enilive
232363,Milan Škriniar,id,Fenerbahçe SK,Fenerbahçe,Süper Lig,Trendyol Süper Lig
263205,Barış Alper Yılmaz,id,Galatasaray SK,Galatasaray,Süper Lig,Trendyol Süper Lig
213666,Ruben Loftus-Cheek,id,AC Milan,Milano FC,Serie A,Serie A Enilive
230938,Franck Yannick Kessié,id,Al Ahli SFC,Al Ahli,Pro League,ROSHN Saudi League
251806,Quinten Timber,id,Feyenoord,,Eredivisie,Eredivisie
226753,André Onana,id,Trabzonspor,Man Utd,Süper Lig,Premier League
209297,Fred,id,Fenerbahçe SK,Fenerbahçe,Süper Lig,Trendyol Süper Lig
228251,Lorenzo Pellegrini,id,Roma,AS Roma,Serie A,Serie A Enilive
251479,Maxim De Cuyper,id,Brighton & Hove Albion,Brighton,Premier League,Premier League
259583,Destiny Udogie,id,Tottenham Hotspur,Spurs,Premier League,Premier League
245155,Mohammed Kudus,id,Tottenham Hotspur,Spurs,Premier League,Premier League
270571,Gabriel Sara,id,Galatasaray SK,Galatasaray,Süper Lig,Trendyol Süper Lig
270673,Warren Zaïre-Emery,id,Paris Saint-Germain,Paris SG,Ligue 1,Ligue 1 McDonald's
254243,Elliot Anderson,id,Nottingham Forest,Nott'm Forest,Premier League,Premier League
233927,Lucas Paquetá,id,West Ham United,West Ham,Premier League,Premier League
259694,Mingueza,id,RC Celta,Celta,La Liga,LALIGA EA SPORTS
224656,Ola Aina,id,Nottingham Forest,Nott'm Forest,Premier League,Premier League
192563,Bernd Leno,id,Fulham FC,Fulham,Premier League,Premier League
236499,Douglas Luiz,id,Nottingham Forest,Nott'm Forest,Premier League,Premier League
223273,Mario Pašalić,id,Atalanta,Bergamo Calcio,Serie A,Serie A Enilive
236401,Noussair Mazraoui,id,Manchester United,Man Utd,Premier League,Premier League
252802,Wilfried Singo,id,Galatasaray SK,Galatasaray,Süper Lig,Trendyol Süper Lig
226300,Uğurcan Çakır,id,Galatasaray SK,Galatasaray,Süper Lig,Trendyol Süper Lig
210406,Piotr Zieliński,id,Inter,Lombardia FC,Serie A,Serie A Enilive
186345,Kieran Trippier,id,Newcastle United,Newcastle Utd,Premier League,Premier League
225126,Ellyes Skhiri,id,Eintracht Frankfurt,Frankfurt,Bundesliga,Bundesliga
227535,Rodrigo Bentancur,id,Tottenham Hotspur,Spurs,Premier League,Premier League
208268,Bryan Cristante,id,Roma,AS Roma,Serie A,Serie A Enilive
231591,Javi Galán,id,Atlético Madrid,Atlético de Madrid,La Liga,LALIGA EA SPORTS
213655,Alex Iwobi,id,Fulham FC,Fulham,Premier League,Premier League
266127,Lewis Hall,id,Newcastle United,Newcastle Utd,Premier League,Premier League
201269,Frederik Rønnow,id,1. FC Union Berlin,Union Berlin,Bundesliga,Bundesliga
220876,Franck Honorat,id,Borussia Mönchengladbach,M'gladbach,Bundesliga,Bundesliga
234579,Julian Quiñones,id,Al Qadsiah FC,Al Qadsiah,Pro League,ROSHN Saudi League
262118,Tino Livramento,id,Newcastle United,Newcastle Utd,Premier League,Premier League
239380,Noa Lang,id,Napoli,SSC Napoli,Serie A,Serie A Enilive
260592,Benjamin Šeško,id,Manchester United,Man Utd,Premier League,Premier League
190674,Benjamin André,id,Lille OSC,LOSC Lille,Ligue 1,Ligue 1 McDonald's
234742,Harvey Barnes,id,Newcastle United,Newcastle Utd,Premier League,Premier League
229880,Aaron Wan-Bissaka,id,West Ham United,West Ham,Premier League,Premier League
237712,Valentin Castellanos,id,Lazio,Latium,Serie A,Serie A Enilive
246242,Boulaye Dia,id,Lazio,Latium,Serie A,Serie A Enilive
229668,Mario Hermoso,id,Roma,AS Roma,Serie A,Serie A Enilive
234642,Édouard Mendy,id,Al Ahli SFC,Al Ahli,Pro League,ROSHN Saudi League
200155,Hans Vanaken,id,Club Brugge KV,Club Brugge,Pro League,1A Pro League
256948,Christos Tzolis,id,Club Brugge KV,Club Brugge,Pro League,1A Pro League
271400,Igor Paixão,id,Olympique de Marseille,OM,Ligue 1,Ligue 1 McDonald's
235149,Jerdy Schouten,id,PSV,,Eredivisie,Eredivisie
256903,Gonçalo Ramos,id,Paris Saint-Germain,Paris SG,Ligue 1,Ligue 1 McDonald's
225539,Dominic Solanke,id,Tottenham Hotspur,Spurs,Premier League,Premier League
189596,Thomas Müller,id,Vancouver Whitecaps FC,Whitecaps FC,Major League Soccer,MLS
220834,Marco Asensio,id,Fenerbahçe SK,Fenerbahçe,Süper Lig,Trendyol Süper Lig
258580,Kerem Aktürkoğlu,id,Fenerbahçe SK,Fenerbahçe,Süper Lig,Trendyol Süper Lig
258908,Jan Paul van Hecke,id,Brighton & Hove Albion,Brighton,Premier League,Premier League
246172,Samuel Chukwueze,id,Fulham FC,Fulham,Premier League,Premier League
200145,Casemiro,id,Manchester United,Man Utd,Premier League,Premier League
229905,Abdülkerim Bardakcı,id,Galatasaray SK,Galatasaray,Süper Lig,Trendyol Süper Lig
257278,Arthur Theate,id,Eintracht Frankfurt,Frankfurt,Bundesliga,Bundesliga
224179,Borja Iglesias,id,RC Celta,Celta,La Liga,LALIGA EA SPORTS
246875,Odilon Kossounou,id,Atalanta,Bergamo Calcio,Serie A,Serie A Enilive
189511,Sergio Busquets,id,Inter Miami,Inter Miami CF,Major League Soccer,MLS
212602,Diego Llorente,id,Real Betis Balompié,Real Betis,La Liga,LALIGA EA SPORTS
220440,Clément Lenglet,id,Atlético Madrid,Atlético de Madrid,La Liga,LALIGA EA SPORTS
203263,Harry Maguire,id,Manchester United,Man Utd,Premier League,Premier League
269493,Alexsandro,id,Lille OSC,LOSC Lille,Ligue 1,Ligue 1 McDonald's
250723,Kouadio Manu Koné,id,Roma,AS Roma,Serie A,Serie A Enilive
251377,Rodrigo Zalazar,id,Sporting Clube de Braga,SC Braga,Primeira Liga,Liga Portugal
212811,Mario Lemina,id,Galatasaray SK,Galatasaray,Süper Lig,Trendyol Süper Lig
234574,Diogo Dalot,id,Manchester United,Man Utd,Premier League,Premier League
251804,Sergiño Dest,id,PSV,,Eredivisie,Eredivisie
216150,Davide Zappacosta,id,Atalanta,Bergamo Calcio,Serie A,Serie A Enilive
235152,Ferdi Kadıoğlu,id,Brighton & Hove Albion,Brighton,Premier League,Premier League
226456,Pablo Fornals,id,Real Betis Balompié,Real Betis,La Liga,LALIGA EA SPORTS
233084,Nahuel Molina,id,Atlético Madrid,Atlético de Madrid,La Liga,LALIGA EA SPORTS
220651,Angeliño,id,Roma,AS Roma,Serie A,Serie A Enilive
224836,Vanja Milinković-Savić,id,Napoli,SSC Napoli,Serie A,Serie A Enilive
192638,Marcos Alonso,id,RC Celta,Celta,La Liga,LALIGA EA SPORTS
257980,Dan Ndoye,id,Nottingham Forest,Nott'm Forest,Premier League,Premier League
259868,Pape Matar Sarr,id,Tottenham Hotspur,Spurs,Premier League,Premier League
255001,Nicolò Rovella,id,Lazio,Latium,Serie A,Serie A Enilive
199987,Jasper Cillessen,id,NEC Nijmegen,,Eredivisie,Eredivisie
221087,Pau López,id,Real Betis Balompié,Real Betis,La Liga,LALIGA EA SPORTS
241509,Mauro Júnior,id,PSV,,Eredivisie,Eredivisie
259480,Ismael Saibari,id,PSV,,Eredivisie,Eredivisie
214979,Juan Musso,id,Atlético Madrid,Atlético de Madrid,La Liga,LALIGA EA SPORTS
233301,Rasmus Kristensen,id,Eintracht Frankfurt,Frankfurt,Bundesliga,Bundesliga
268804,Mario Gila,id,Lazio,Latium,Serie A,Serie A Enilive
237819,Nicolás Domínguez,id,Nottingham Forest,Nott'm Forest,Premier League,Premier League
237942,Pervis Estupiñán,id,AC Milan,Milano FC,Serie A,Serie A Enilive
246657,Álvaro Valles,id,Real Betis Balompié,Real Betis,La Liga,LALIGA EA SPORTS
225951,Denis Bouanga,id,Los Angeles FC,LAFC,Major League Soccer,MLS
242664,Alexis Saelemaekers,id,AC Milan,Milano FC,Serie A,Serie A Enilive
226376,Kaku,id,Al Ain,Al Ain FC,Pro League,United Emirates League
240753,Amine Gouiri,id,Olympique de Marseille,OM,Ligue 1,Ligue 1 McDonald's
205988,Luke Shaw,id,Manchester United,Man Utd,Premier League,Premier League
253306,Manuel Ugarte,id,Manchester United,Man Utd,Premier League,Premier League
182494,Fernando Muslera,id,Estudiantes de La Plata,Estudiantes,Liga Profesional de Fútbol,LPF
225863,Olivier Boscagli,id,Brighton & Hove Albion,Brighton,Premier League,Premier League
228092,Sander Berge,id,Fulham FC,Fulham,Premier League,Premier League
245371,Thiago Almada,id,Atlético Madrid,Atlético de Madrid,La Liga,LALIGA EA SPORTS
243780,Lee Kang In,id,Paris Saint-Germain,Paris SG,Ligue 1,Ligue 1 McDonald's
254088,Amad,id,Manchester United,Man Utd,Premier League,Premier League
207993,Sead Kolašinac,id,Atalanta,Bergamo Calcio,Serie A,Serie A Enilive
215270,Lucas Zelarayán,id,Belgrano de Córdoba,Belgrano,Liga Profesional de Fútbol,LPF
190813,Stephan El Shaarawy,id,Roma,AS Roma,Serie A,Serie A Enilive
236804,Facundo Medina,id,Olympique de Marseille,OM,Ligue 1,Ligue 1 McDonald's
245152,Santiago Giménez,id,AC Milan,Milano FC,Serie A,Serie A Enilive
253109,Joey Veerman,id,PSV,,Eredivisie,Eredivisie
198141,Marc Bartra,id,Real Betis Balompié,Real Betis,La Liga,LALIGA EA SPORTS
236786,Martin Terrier,id,Bayer 04 Leverkusen,Leverkusen,Bundesliga,Bundesliga
193301,Alexandre Lacazette,id,NEOM SC,Neom,Pro League,ROSHN Saudi League
258575,Emmanuel Agbadou,id,Wolverhampton Wanderers,Wolves,Premier League,Premier League
229906,Leon Bailey,id,Roma,AS Roma,Serie A,Serie A Enilive
251421,Brennan Johnson,id,Tottenham Hotspur,Spurs,Premier League,Premier League
238186,Marcin Bułka,id,NEOM SC,Neom,Pro League,ROSHN Saudi League
247172,Jhon Durán,id,Fenerbahçe SK,Fenerbahçe,Süper Lig,Trendyol Süper Lig
199422,Jordy Clasie,id,AZ Alkmaar,,Eredivisie,Eredivisie
254022,Nick Woltemade,id,Newcastle United,Newcastle Utd,Premier League,Premier League
205431,Niclas Füllkrug,id,West Ham United,West Ham,Premier League,Premier League
258781,Illia Zabarnyi,id,Paris Saint-Germain,Paris SG,Ligue 1,Ligue 1 McDonald's
176580,Luis Suárez,id,Inter Miami,Inter Miami CF,Major League Soccer,MLS
210930,Carles Gil,id,New England Revolution,New England,Major League Soccer,MLS
208448,Emil Forsberg,id,New York Red Bulls,Red Bulls,Major League Soccer,MLS
258911,Toluwalase Arokodare,id,Wolverhampton Wanderers,Wolves,Premier League,Premier League
226710,Gianluca Scamacca,id,Atalanta,Bergamo Calcio,Serie A,Serie A Enilive
178509,Olivier Giroud,id,Lille OSC,LOSC Lille,Ligue 1,Ligue 1 McDonald's
197655,Sebastián Coates,id,Club Nacional de Football,,Primera División,Libertadores
237985,Kevin Danso,id,Tottenham Hotspur,Spurs,Premier League,Premier League
208165,Berat Djimsiti,id,Atalanta,Bergamo Calcio,Serie A,Serie A Enilive
198032,Dan Burn,id,Newcastle United,Newcastle Utd,Premier League,Premier League
251530,Nuno Tavares,id,Lazio,Latium,Serie A,Serie A Enilive
253727,Lukáš Provod,id,SK Slavia Praha,Slavia Praha,První liga,Česká Liga
189332,Jordi Alba,id,Inter Miami,Inter Miami CF,Major League Soccer,MLS
255009,Kenneth Taylor,id,Ajax,,Eredivisie,Eredivisie
268896,Hugo Larsson,id,Eintracht Frankfurt,Frankfurt,Bundesliga,Bundesliga
232244,Santiago Ascacíbar,id,Estudiantes de La Plata,Estudiantes,Liga Profesional de Fútbol,LPF
246923,Jacob Ramsey,id,Newcastle United,Newcastle Utd,Premier League,Premier League
202884,Leonardo Spinazzola,id,Napoli,SSC Napoli,Serie A,Serie A Enilive
258498,Bart Verbruggen,id,Brighton & Hove Albion,Brighton,Premier League,Premier League
190113,Mert Günok,id,Beşiktaş JK,Beşiktaş,Süper Lig,Trendyol Süper Lig
256632,Luis Henrique,id,Inter,Lombardia FC,Serie A,Serie A Enilive
240734,Matt O'Riley,id,Olympique de Marseille,OM,Ligue 1,Ligue 1 McDonald's
224031,Adam Marušić,id,Lazio,Latium,Serie A,Serie A Enilive
235374,Manuel Lazzari,id,Lazio,Latium,Serie A,Serie A Enilive
243627,Yacine Adli,id,Al Shabab,Milano FC,Pro League,Serie A Enilive
201455,Geoffrey Kondogbia,id,Olympique de Marseille,OM,Ligue 1,Ligue 1 McDonald's
252064,Ladislav Krejčí,id,Wolverhampton Wanderers,Wolves,Premier League,Premier League
254909,Oscar Dorley,id,SK Slavia Praha,Slavia Praha,První liga,Česká Liga
225403,İrfan Can Kahveci,id,Fenerbahçe SK,Fenerbahçe,Süper Lig,Trendyol Süper Lig
235973,Sebastian Szymański,id,Fenerbahçe SK,Fenerbahçe,Süper Lig,Trendyol Süper Lig
224158,Sofyan Amrabat,id,Real Betis Balompié,Real Betis,La Liga,LALIGA EA SPORTS
234171,Roland Sallai,id,Galatasaray SK,Galatasaray,Süper Lig,Trendyol Süper Lig
236480,Yves Bissouma,id,Tottenham Hotspur,Spurs,Premier League,Premier League
248793,Mats Wieffer,id,Brighton & Hove Albion,Brighton,Premier League,Premier League
220746,Andrija Živković,id,PAOK,PAOK FC,Super League,Hellas Liga
236699,Saša Lukić,id,Fulham FC,Fulham,Premier League,Premier League
237034,Cucho,id,Real Betis Balompié,Real Betis,La Liga,LALIGA EA SPORTS
212814,João Mário,id,AEK Athens,Beşiktaş,Super League,Trendyol Süper Lig
247229,Raoul Bellanova,id,Atalanta,Bergamo Calcio,Serie A,Serie A Enilive
231943,Richarlison,id,Tottenham Hotspur,Spurs,Premier League,Premier League
253473,Samuele Ricci,id,AC Milan,Milano FC,Serie A,Serie A Enilive
259233,Ilaix Moriba,id,RC Celta,Celta,La Liga,LALIGA EA SPORTS
262925,Adem Zorgane,id,Union Saint-Gilloise,R. Union St.-G.,Pro League,1A Pro League
210324,Jonas Hofmann,id,Bayer 04 Leverkusen,Leverkusen,Bundesliga,Bundesliga
240225,Matvey Safonov,id,Paris Saint-Germain,Paris SG,Ligue 1,Ligue 1 McDonald's
243702,Djed Spence,id,Tottenham Hotspur,Spurs,Premier League,Premier League
205812,Pietro Terracciano,id,AC Milan,Milano FC,Serie A,Serie A Enilive
240740,Callum Hudson-Odoi,id,Nottingham Forest,Nott'm Forest,Premier League,Premier League
262088,Hákon Arnar Haraldsson,id,Lille OSC,LOSC Lille,Ligue 1,Ligue 1 McDonald's
235945,Marc Roca,id,Real Betis Balompié,Real Betis,La Liga,LALIGA EA SPORTS
211738,Mark Flekken,id,Bayer 04 Leverkusen,Leverkusen,Bundesliga,Bundesliga
241602,Jhon Arias,id,Wolverhampton Wanderers,Wolves,Premier League,Premier League
211256,Nicolás Tagliafico,id,Olympique Lyonnais,OL,Ligue 1,Ligue 1 McDonald's
252935,Leonardo Fernández,id,Peñarol,,Primera División,Libertadores
235844,Edson Álvarez,id,Fenerbahçe SK,Fenerbahçe,Süper Lig,Trendyol Süper Lig
235997,Fran Beltrán,id,RC Celta,Celta,La Liga,LALIGA EA SPORTS
239892,Yunus Akgün,id,Galatasaray SK,Galatasaray,Süper Lig,Trendyol Süper Lig
241436,Calvin Bassey,id,Fulham FC,Fulham,Premier League,Premier League
273463,João Gomes,id,Wolverhampton Wanderers,Wolves,Premier League,Premier League
228881,Davide Calabria,id,Panathinaikos FC,Panathinaikos,Super League,Hellas Liga
252259,Enzo Millot,id,Al Ahli SFC,Al Ahli,Pro League,ROSHN Saudi League
206467,Alassane Pléa,id,PSV,,Eredivisie,Eredivisie
234200,Aschraf El Mahdioui,id,Al Taawoun FC,Al Taawoun,Pro League,ROSHN Saudi League
244728,Sem Steijn,id,Feyenoord,,Eredivisie,Eredivisie
256261,Malick Thiaw,id,Newcastle United,Newcastle Utd,Premier League,Premier League
222028,Julian Weigl,id,Al Qadsiah FC,Al Qadsiah,Pro League,ROSHN Saudi League
236792,Tomáš Souček,id,West Ham United,West Ham,Premier League,Premier League
208919,Ryan Gauld,id,Vancouver Whitecaps FC,Whitecaps FC,Major League Soccer,MLS
237328,Nathan Tella,id,Bayer 04 Leverkusen,Leverkusen,Bundesliga,Bundesliga
74866,André,id,Wolverhampton Wanderers,Wolves,Premier League,Premier League
200260,Steven Berghuis,id,Ajax,,Eredivisie,Eredivisie
240690,Nico Gonzalez,id,Atlético Madrid,Atlético de Madrid,La Liga,LALIGA EA SPORTS
252308,Ali Al Musrati,id,Hellas Verona FC,Hellas Verona,Serie A,Serie A Enilive
264348,Soufiane Rahimi,id,Al Ain,Al Ain FC,Pro League,United Emirates League
217998,Cristian Arango,id,San Jose Earthquakes,SJ Earthquakes,Major League Soccer,MLS
240716,Mathías Olivera,id,Napoli,SSC Napoli,Serie A,Serie A Enilive
243057,Neco Williams,id,Nottingham Forest,Nott'm Forest,Premier League,Premier League
186146,Danny Welbeck,id,Brighton & Hove Albion,Brighton,Premier League,Premier League
199833,Lars Unnerstall,id,FC Twente,,Eredivisie,Eredivisie
221610,Dénes Dibusz,id,Ferencvárosi Torna Club,Ferencvárosi TC,Nemzeti Bajnokság I,Magyar Liga
242374,Musa Barrow,id,Al Taawoun FC,Al Taawoun,Pro League,ROSHN Saudi League
250789,Dilane Bakwa,id,Nottingham Forest,Nott'm Forest,Premier League,Premier League
263139,Dominik Greif,id,Olympique Lyonnais,OL,Ligue 1,Ligue 1 McDonald's
208004,Joël Veltman,id,Brighton & Hove Albion,Brighton,Premier League,Premier League
223689,Wout Weghorst,id,Ajax,,Eredivisie,Eredivisie
245388,Jean-Clair Todibo,id,West Ham United,West Ham,Premier League,Premier League
254803,Senne Lammens,id,Manchester United,Man Utd,Premier League,Premier League
265695,Matías Soulé,id,Roma,AS Roma,Serie A,Serie A Enilive
258437,Emanuel Emegha,id,RC Strasbourg Alsace,Strasbourg,Ligue 1,Ligue 1 McDonald's
196978,Callum Wilson,id,West Ham United,West Ham,Premier League,Premier League
238756,Jørgen Strand Larsen,id,Wolverhampton Wanderers,Wolves,Premier League,Premier League
253444,Arnaud Kalimuendo,id,Nottingham Forest,Nott'm Forest,Premier League,Premier League
256325,Josip Šutalo,id,Ajax,,Eredivisie,Eredivisie
253002,Giacomo Raspadori,id,Atlético Madrid,Atlético de Madrid,La Liga,LALIGA EA SPORTS
256420,Malick Fofana,id,Olympique Lyonnais,OL,Ligue 1,Ligue 1 McDonald's
224221,Joachim Andersen,id,Fulham FC,Fulham,Premier League,Premier League
279709,Lucas Beraldo,id,Paris Saint-Germain,Paris SG,Ligue 1,Ligue 1 McDonald's
232658,Danilho Doekhi,id,1. FC Union Berlin,Union Berlin,Bundesliga,Bundesliga
244767,Carlos Vicente,id,Deportivo Alavés,D. Alavés,La Liga,LALIGA EA SPORTS
269087,Leny Yoro,id,Manchester United,Man Utd,Premier League,Premier League
220821,Carl Starfelt,id,RC Celta,Celta,La Liga,LALIGA EA SPORTS
255106,Loïc Badé,id,Bayer 04 Leverkusen,Leverkusen,Bundesliga,Bundesliga
262394,Sam Beukema,id,Napoli,SSC Napoli,Serie A,Serie A Enilive
238160,Merih Demiral,id,Al Ahli SFC,Al Ahli,Pro League,ROSHN Saudi League
234575,Diogo Leite,id,1. FC Union Berlin,Union Berlin,Bundesliga,Bundesliga
260697,Isak Hien,id,Atalanta,Bergamo Calcio,Serie A,Serie A Enilive
277537,Natan,id,Real Betis Balompié,Real Betis,La Liga,LALIGA EA SPORTS
240277,Matteo Gabbia,id,AC Milan,Milano FC,Serie A,Serie A Enilive
210044,Christian Burgess,id,Union Saint-Gilloise,R. Union St.-G.,Pro League,1A Pro League
195479,James Tavernier,id,Rangers FC,Rangers,Premiership,Scottish Prem
80170,Wesley,id,Roma,AS Roma,Serie A,Serie A Enilive
241867,Aitor Ruibal,id,Real Betis Balompié,Real Betis,La Liga,LALIGA EA SPORTS
234741,Gustavo Hamer,id,Sheffield United,Sheffield Utd,Championship,EFL Championship
241496,Timothy Weah,id,Olympique de Marseille,OM,Ligue 1,Ligue 1 McDonald's
257186,Ardon Jashari,id,AC Milan,Milano FC,Serie A,Serie A Enilive
245637,Georginio Rutter,id,Brighton & Hove Albion,Brighton,Premier League,Premier League
235663,Guus Til,id,PSV,,Eredivisie,Eredivisie
269136,Kobbie Mainoo,id,Manchester United,Man Utd,Premier League,Premier League
257919,Rocco Reitz,id,Borussia Mönchengladbach,M'gladbach,Bundesliga,Bundesliga
208364,Clinton Mata,id,Olympique Lyonnais,OL,Ligue 1,Ligue 1 McDonald's
225782,Ainsley Maitland-Niles,id,Olympique Lyonnais,OL,Ligue 1,Ligue 1 McDonald's
270039,Diego Moreira,id,RC Strasbourg Alsace,Strasbourg,Ligue 1,Ligue 1 McDonald's
193105,Alphonse Areola,id,West Ham United,West Ham,Premier League,Premier League
211361,Danilo Cataldi,id,Lazio,Latium,Serie A,Serie A Enilive
272926,Lucas Bergvall,id,Tottenham Hotspur,Spurs,Premier League,Premier League
233934,Aaron Ramsdale,id,Newcastle United,Newcastle Utd,Premier League,Premier League
239810,Nicolas Raskin,id,Rangers FC,Rangers,Premiership,Scottish Prem
167948,Hugo Lloris,id,Los Angeles FC,LAFC,Major League Soccer,MLS
219985,Matías Vecino,id,Lazio,Latium,Serie A,Serie A Enilive
232223,Kostas Tsimikas,id,Roma,AS Roma,Serie A,Serie A Enilive
262880,Raphael Onyedika,id,Club Brugge KV,Club Brugge,Pro League,1A Pro League
241390,Eljif Elmas,id,Napoli,SSC Napoli,Serie A,Serie A Enilive
264001,Oğuz Aydın,id,Fenerbahçe SK,Fenerbahçe,Süper Lig,Trendyol Süper Lig
260466,İsmail Yüksek,id,Fenerbahçe SK,Fenerbahçe,Süper Lig,Trendyol Süper Lig
212442,José Sá,id,Wolverhampton Wanderers,Wolves,Premier League,Premier League
219553,Claudio Aquino,id,Colo-Colo,,Primera Division,Libertadores
227928,Nélson Semedo,id,Fenerbahçe SK,Fenerbahçe,Süper Lig,Trendyol Süper Lig
229984,Ben Chilwell,id,RC Strasbourg Alsace,Strasbourg,Ligue 1,Ligue 1 McDonald's
257540,Ansgar Knauff,id,Eintracht Frankfurt,Frankfurt,Bundesliga,Bundesliga
178562,Éver Banega,id,Newell's Old Boys,Newell's,Liga Profesional de Fútbol,LPF
227813,Oleksandr Zinchenko,id,Nottingham Forest,Nott'm Forest,Premier League,Premier League
224241,Nick Olij,id,PSV,,Eredivisie,Eredivisie
233064,Mason Mount,id,Manchester United,Man Utd,Premier League,Premier League
262745,Neil El Aynaoui,id,Roma,AS Roma,Serie A,Serie A Enilive
270559,Tiago Santos,id,Lille OSC,LOSC Lille,Ligue 1,Ligue 1 McDonald's
210736,Emerson,id,Olympique de Marseille,OM,Ligue 1,Ligue 1 McDonald's
213296,Nabil Bentaleb,id,Lille OSC,LOSC Lille,Ligue 1,Ligue 1 McDonald's
233152,Ko Itakura,id,Ajax,,Eredivisie,Eredivisie
234078,Orel Mangala,id,Olympique Lyonnais,OL,Ligue 1,Ligue 1 McDonald's
235173,Ibrahim Sangaré,id,Nottingham Forest,Nott'm Forest,Premier League,Premier League
270633,Ryan Flamingo,id,PSV,,Eredivisie,Eredivisie
203483,Davy Klaassen,id,Ajax,,Eredivisie,Eredivisie
271800,Yankuba Minteh,id,Brighton & Hove Albion,Brighton,Premier League,Premier League
239254,Berke Özer,id,Lille OSC,LOSC Lille,Ligue 1,Ligue 1 McDonald's
240787,Hamed Junior Traoré,id,Olympique de Marseille,OM,Ligue 1,Ligue 1 McDonald's
250961,Joshua Zirkzee,id,Manchester United,Man Utd,Premier League,Premier League
252324,Riquelme,id,Real Betis Balompié,Real Betis,La Liga,LALIGA EA SPORTS
246618,Adam Hložek,id,TSG 1899 Hoffenheim,TSG Hoffenheim,Bundesliga,Bundesliga
269859,Arthur Vermeeren,id,Olympique de Marseille,OM,Ligue 1,Ligue 1 McDonald's
225085,Jonathan Bamba,id,Chicago Fire,Chicago Fire FC,Major League Soccer,MLS
228010,Hwang In Beom,id,Feyenoord,,Eredivisie,Eredivisie
233630,Hugo Cuypers,id,Chicago Fire,Chicago Fire FC,Major League Soccer,MLS
275208,Guéla Doué,id,RC Strasbourg Alsace,Strasbourg,Ligue 1,Ligue 1 McDonald's
240273,Emile Smith Rowe,id,Fulham FC,Fulham,Premier League,Premier League
276471,Altimira,id,Real Betis Balompié,Real Betis,La Liga,LALIGA EA SPORTS
204838,Raúl Jiménez,id,Fulham FC,Fulham,Premier League,Premier League
216266,Kenny Tete,id,Fulham FC,Fulham,Premier League,Premier League
220621,Saïd Benrahma,id,NEOM SC,Neom,Pro League,ROSHN Saudi League
216860,Václav Černý,id,Beşiktaş JK,Beşiktaş,Süper Lig,Trendyol Süper Lig
245977,Kiril Despodov,id,PAOK,PAOK FC,Super League,Hellas Liga
269701,Nathaniel Brown,id,Eintracht Frankfurt,Frankfurt,Bundesliga,Bundesliga
235642,Ryan Yates,id,Nottingham Forest,Nott'm Forest,Premier League,Premier League
198951,Cédric Bakambu,id,Real Betis Balompié,Real Betis,La Liga,LALIGA EA SPORTS
268421,Mathys Tel,id,Tottenham Hotspur,Spurs,Premier League,Premier League
205569,James Ward-Prowse,id,West Ham United,West Ham,Premier League,Premier League
247641,Tetê,id,Panathinaikos FC,Panathinaikos,Super League,Hellas Liga
259633,Giannis Konstantelias,id,PAOK,PAOK FC,Super League,Hellas Liga
204529,Michy Batshuayi,id,Eintracht Frankfurt,Frankfurt,Bundesliga,Bundesliga
231352,Tammy Abraham,id,Beşiktaş JK,Beşiktaş,Süper Lig,Trendyol Süper Lig
225859,Moussa Niakhaté,id,Olympique Lyonnais,OL,Ligue 1,Ligue 1 McDonald's
239367,Robin Hack,id,Borussia Mönchengladbach,M'gladbach,Bundesliga,Bundesliga
264432,Abdessamad Ezzalzouli,id,Real Betis Balompié,Real Betis,La Liga,LALIGA EA SPORTS
247050,Pavel Šulc,id,Olympique Lyonnais,OL,Ligue 1,Ligue 1 McDonald's
201305,Gabriel Paulista,id,Beşiktaş JK,Beşiktaş,Süper Lig,Trendyol Süper Lig
232119,Çağlar Söyüncü,id,Fenerbahçe SK,Fenerbahçe,Süper Lig,Trendyol Süper Lig
79402,Igor Jesus,id,Nottingham Forest,Nott'm Forest,Premier League,Premier League
225659,Guido Rodríguez,id,West Ham United,West Ham,Premier League,Premier League
251353,Kodjo Fo-Doh Laba,id,Al Ain,Al Ain FC,Pro League,United Emirates League
226777,Cyle Larin,id,Feyenoord,,Eredivisie,Eredivisie
228687,Kasper Dolberg,id,Ajax,,Eredivisie,Eredivisie
162347,João Moutinho,id,Sporting Clube de Braga,SC Braga,Primeira Liga,Liga Portugal
205693,Sébastien Haller,id,FC Utrecht,,Eredivisie,Eredivisie
221491,Nico Elvedi,id,Borussia Mönchengladbach,M'gladbach,Bundesliga,Bundesliga
245336,Maximilian Kilman,id,West Ham United,West Ham,Premier League,Premier League
189505,Pedro,id,Lazio,Latium,Serie A,Serie A Enilive
271916,Bryan Zaragoza,id,RC Celta,Celta,La Liga,LALIGA EA SPORTS
219581,Samuel Gigot,id,Lazio,Latium,Serie A,Serie A Enilive
199915,Lewis Dunk,id,Brighton & Hove Albion,Brighton,Premier League,Premier League
273752,Wouter Goes,id,AZ Alkmaar,,Eredivisie,Eredivisie
265188,Giorgio Scalvini,id,Atalanta,Bergamo Calcio,Serie A,Serie A Enilive
230965,Nahitan Nández,id,Al Qadsiah FC,Al Qadsiah,Pro League,ROSHN Saudi League
214047,Mateus Uribe,id,Atlético Nacional,Atl. Nacional,Categoría Primera A,Libertadores
229167,Milot Rashica,id,Beşiktaş JK,Beşiktaş,Süper Lig,Trendyol Süper Lig
237329,Joe Willock,id,Newcastle United,Newcastle Utd,Premier League,Premier League
222464,Sivera,id,Deportivo Alavés,D. Alavés,La Liga,LALIGA EA SPORTS
202371,Thomas Meunier,id,Lille OSC,LOSC Lille,Ligue 1,Ligue 1 McDonald's
209620,Rahman Baba,id,PAOK,PAOK FC,Super League,Hellas Liga
176550,David Ospina,id,Atlético Nacional,Atl. Nacional,Categoría Primera A,Libertadores
208250,Anastasios Bakasetas,id,Panathinaikos FC,Panathinaikos,Super League,Hellas Liga
230065,Suat Serdar,id,Hellas Verona FC,Hellas Verona,Serie A,Serie A Enilive
240987,Michael Cooper,id,Sheffield United,Sheffield Utd,Championship,EFL Championship
235432,Marshall Munetsi,id,Wolverhampton Wanderers,Wolves,Premier League,Premier League
240507,Angel Gomes,id,Olympique de Marseille,OM,Ligue 1,Ligue 1 McDonald's
246158,Mads Hermansen,id,West Ham United,West Ham,Premier League,Premier League
239978,Dennis Man,id,PSV,,Eredivisie,Eredivisie
237841,Amir Murillo,id,Olympique de Marseille,OM,Ligue 1,Ligue 1 McDonald's
226517,Haris Hajradinović,id,Kasımpaşa SK,Kasımpaşa,Süper Lig,Trendyol Süper Lig
226790,Wilfred Ndidi,id,Beşiktaş JK,Beşiktaş,Süper Lig,Trendyol Süper Lig
245597,Víctor Gómez,id,Sporting Clube de Braga,SC Braga,Primeira Liga,Liga Portugal
213956,Adama Traoré,id,Fulham FC,Fulham,Premier League,Premier League
246685,Leif Davis,id,Ipswich Town,Ipswich,Championship,EFL Championship
251116,Tomáš Holeš,id,SK Slavia Praha,Slavia Praha,První liga,Česká Liga
223550,Jonas Omlin,id,Borussia Mönchengladbach,M'gladbach,Bundesliga,Bundesliga
242577,Romain Faivre,id,Al Taawoun FC,AFC Bournemouth,Pro League,Premier League
241736,Yann Aurel Bisseck,id,Inter,Lombardia FC,Serie A,Serie A Enilive
223686,Timon Wellenreuther,id,Feyenoord,,Eredivisie,Eredivisie
207790,Kaan Ayhan,id,Galatasaray SK,Galatasaray,Süper Lig,Trendyol Süper Lig
216065,Marco Sportiello,id,Atalanta,Bergamo Calcio,Serie A,Serie A Enilive
224490,Zeki Çelik,id,Roma,AS Roma,Serie A,Serie A Enilive
262113,Nicola Zalewski,id,Atalanta,Bergamo Calcio,Serie A,Serie A Enilive
227370,Michael Zetterer,id,Eintracht Frankfurt,Frankfurt,Bundesliga,Bundesliga
215502,Bartłomiej Drągowski,id,Panathinaikos FC,Panathinaikos,Super League,Hellas Liga
258168,Jayden Oosterwolde,id,Fenerbahçe SK,Fenerbahçe,Süper Lig,Trendyol Süper Lig
270857,Mateus Fernandes,id,West Ham United,West Ham,Premier League,Premier League
206075,Sam Johnstone,id,Wolverhampton Wanderers,Wolves,Premier League,Premier League
215363,Lorenzo Montipò,id,Hellas Verona FC,Hellas Verona,Serie A,Serie A Enilive
264869,Félix Lemaréchal,id,RC Strasbourg Alsace,Strasbourg,Ligue 1,Ligue 1 McDonald's
221909,Jindřich Staněk,id,SK Slavia Praha,Slavia Praha,První liga,Česká Liga
222501,Timothy Castagne,id,Fulham FC,Fulham,Premier League,Premier League
266331,Hugo Álvarez,id,RC Celta,Celta,La Liga,LALIGA EA SPORTS
205369,Rob Schoofs,id,Union Saint-Gilloise,R. Union St.-G.,Pro League,1A Pro League
226671,Federico Fattori,id,Argentinos Juniors,Argentinos Jrs.,Liga Profesional de Fútbol,LPF
204497,Kevin Stöger,id,Borussia Mönchengladbach,M'gladbach,Bundesliga,Bundesliga
240953,Nahuel Tenaglia,id,Deportivo Alavés,D. Alavés,La Liga,LALIGA EA SPORTS
245209,Michal Sadílek,id,SK Slavia Praha,Slavia Praha,První liga,Česká Liga
259565,Yoan Bonny,id,Inter,Lombardia FC,Serie A,Serie A Enilive
220710,Harry Wilson,id,Fulham FC,Fulham,Premier League,Premier League
233230,Kevin Mac Allister,id,Union Saint-Gilloise,R. Union St.-G.,Pro League,1A Pro League
259399,Rasmus Højlund,id,Napoli,SSC Napoli,Serie A,Serie A Enilive
279027,Javi Rodríguez,id,RC Celta,Celta,La Liga,LALIGA EA SPORTS
251223,Ricardo Pepi,id,PSV,,Eredivisie,Eredivisie
199110,Luis Muriel,id,Orlando City SC,Orlando City,Major League Soccer,MLS
226515,Andrei Girotto,id,Al Taawoun FC,Al Taawoun,Pro League,ROSHN Saudi League
235889,Cengiz Ünder,id,Beşiktaş JK,Beşiktaş,Süper Lig,Trendyol Süper Lig
239356,Azor Matusiwa,id,Ipswich Town,Ipswich,Championship,EFL Championship
267860,Valentín Gómez,id,Real Betis Balompié,Real Betis,La Liga,LALIGA EA SPORTS
242000,Konstantinos Mavropanos,id,West Ham United,West Ham,Premier League,Premier League
251954,Crysencio Summerville,id,West Ham United,West Ham,Premier League,Premier League
70571,Kevin,id,Fulham FC,Fulham,Premier League,Premier League
246548,Osame Sahraoui,id,Lille OSC,LOSC Lille,Ligue 1,Ligue 1 McDonald's
248729,Gustav Isaksen,id,Lazio,Latium,Serie A,Serie A Enilive
211061,Alexandru Maxim,id,Gaziantep FK,Gaziantep,Süper Lig,Trendyol Süper Lig
232873,Koki Machida,id,TSG 1899 Hoffenheim,TSG Hoffenheim,Bundesliga,Bundesliga
272781,Eliesse Ben Seghir,id,Bayer 04 Leverkusen,Leverkusen,Bundesliga,Bundesliga
274288,Oscar Gloukh,id,Ajax,,Eredivisie,Eredivisie
207715,Nicolas López,id,Club Nacional de Football,,Primera División,Libertadores
240458,Ander Guevara,id,Deportivo Alavés,D. Alavés,La Liga,LALIGA EA SPORTS
213418,Chuba Akpom,id,Ipswich Town,Ipswich,Championship,EFL Championship
254840,Strahinja Pavlović,id,AC Milan,Milano FC,Serie A,Serie A Enilive
257090,Ismaël Doukouré,id,RC Strasbourg Alsace,Strasbourg,Ligue 1,Ligue 1 McDonald's
240453,Sikou Niakaté,id,Sporting Clube de Braga,SC Braga,Primeira Liga,Liga Portugal
256782,Sebastian Nanasi,id,RC Strasbourg Alsace,Strasbourg,Ligue 1,Ligue 1 McDonald's
268474,Lorenzo Lucca,id,Napoli,SSC Napoli,Serie A,Serie A Enilive
70726,Anis Hadj-Moussa,id,Feyenoord,,Eredivisie,Eredivisie
232144,Felix Uduokhai,id,Beşiktaş JK,Beşiktaş,Süper Lig,Trendyol Süper Lig
239842,Georgios Giakoumakis,id,PAOK,PAOK FC,Super League,Hellas Liga
258139,Raúl Moro,id,Ajax,,Eredivisie,Eredivisie
241585,Igor,id,West Ham United,West Ham,Premier League,Premier League
264492,Yeremay,id,RC Deportivo de La Coruña,RC Deportivo,La Liga 2,LALIGA HYPERMOTION
251616,David Carmo,id,Real Oviedo,R. Oviedo,La Liga,LALIGA EA SPORTS
256008,Morato,id,Nottingham Forest,Nott'm Forest,Premier League,Premier League
275507,Mamadou Sarr,id,RC Strasbourg Alsace,Strasbourg,Ligue 1,Ligue 1 McDonald's
212204,Brandon Mechele,id,Club Brugge KV,Club Brugge,Pro League,1A Pro League
231633,Issa Diop,id,Fulham FC,Fulham,Premier League,Premier League
238621,Rodrigo Becão,id,Fenerbahçe SK,Fenerbahçe,Süper Lig,Trendyol Süper Lig
216199,Patrick Mainka,id,1. FC Heidenheim 1846,Heidenheim,Bundesliga,Bundesliga
237658,Santiago Bueno,id,Wolverhampton Wanderers,Wolves,Premier League,Premier League
240900,Unai Núñez,id,Hellas Verona FC,Hellas Verona,Serie A,Serie A Enilive
227550,Diego Viera,id,Libertad,,División Profesional,Libertadores
267430,Nelson Deossa,id,Real Betis Balompié,Real Betis,La Liga,LALIGA EA SPORTS
250941,Derrick Köhn,id,1. FC Union Berlin,Union Berlin,Bundesliga,Bundesliga
264330,Christos Zafeiris,id,SK Slavia Praha,Slavia Praha,První liga,Česká Liga
230767,Renato Sanches,id,Panathinaikos FC,Panathinaikos,Super League,Hellas Liga
268534,Andy Diouf,id,Inter,Lombardia FC,Serie A,Serie A Enilive
274915,El Hadji Malick Diouf,id,West Ham United,West Ham,Premier League,Premier League
239368,Mitchel Bakker,id,Atalanta,Bergamo Calcio,Serie A,Serie A Enilive
245054,Lee Dong Kyeong,id,Gimcheon Sangmu FC,Gimcheon Sangmu,K League 1,K League 1
235456,Jean-Ricner Bellegarde,id,Wolverhampton Wanderers,Wolves,Premier League,Premier League
209289,Kévin Rodrigues,id,Gaziantep FK,Gaziantep,Süper Lig,Trendyol Süper Lig
211908,Günay Güvenç,id,Galatasaray SK,Galatasaray,Süper Lig,Trendyol Süper Lig
235883,Ryan Sessegnon,id,Fulham FC,Fulham,Premier League,Premier League
239778,Jakub Moder,id,Feyenoord,,Eredivisie,Eredivisie
257771,Josip Juranović,id,1. FC Union Berlin,Union Berlin,Bundesliga,Bundesliga
226096,Rômulo,id,Chengdu Rongcheng,Chengdu FC,Super League,CSL
228595,Grischa Prömel,id,TSG 1899 Hoffenheim,TSG Hoffenheim,Bundesliga,Bundesliga
193254,Christopher Trimmel,id,1. FC Union Berlin,Union Berlin,Bundesliga,Bundesliga
252293,Ismail Jakobs,id,Galatasaray SK,Galatasaray,Süper Lig,Trendyol Süper Lig
259584,Matteo Ruggeri,id,Atlético Madrid,Atlético de Madrid,La Liga,LALIGA EA SPORTS
198657,Jonas Svensson,id,Beşiktaş JK,Beşiktaş,Süper Lig,Trendyol Süper Lig
234943,Florian Neuhaus,id,Borussia Mönchengladbach,M'gladbach,Bundesliga,Bundesliga
241184,Junior Firpo,id,Real Betis Balompié,Real Betis,La Liga,LALIGA EA SPORTS
203042,Jack Butland,id,Rangers FC,Rangers,Premiership,Scottish Prem
259754,Eren Elmalı,id,Galatasaray SK,Galatasaray,Süper Lig,Trendyol Süper Lig
269420,Leonardo Lelo,id,Sporting Clube de Braga,SC Braga,Primeira Liga,Liga Portugal
205686,Téji Savanier,id,Montpellier HSC,Montpellier,Ligue 2,Ligue 2 BKT
277283,Jack Hinshelwood,id,Brighton & Hove Albion,Brighton,Premier League,Premier League
212501,Leander Dendoncker,id,Real Oviedo,R. Oviedo,La Liga,LALIGA EA SPORTS
242342,Gastón Lódico,id,Instituto Atlético Central Córdoba,Instituto,Liga Profesional de Fútbol,LPF
243354,Philipp Sander,id,Borussia Mönchengladbach,M'gladbach,Bundesliga,Bundesliga
233959,Sebastián Villa,id,Independiente Rivadavia,Ind. Rivadavia,Liga Profesional de Fútbol,LPF
270208,Archie Gray,id,Tottenham Hotspur,Spurs,Premier League,Premier League
275976,Mohammed Abu Fani,id,Ferencvárosi Torna Club,Ferencvárosi TC,Nemzeti Bajnokság I,Magyar Liga
244472,Jens-Lys Cajuste,id,Ipswich Town,Ipswich,Championship,EFL Championship
257400,Yasin Ayari,id,Brighton & Hove Albion,Brighton,Premier League,Premier League
263673,Andrew,id,Gil Vicente FC,Gil Vicente,Primeira Liga,Liga Portugal
271266,Givairo Read,id,Feyenoord,,Eredivisie,Eredivisie
188803,Taison,id,PAOK,PAOK FC,Super League,Hellas Liga
205391,Soualiho Meïté,id,PAOK,PAOK FC,Super League,Hellas Liga
224520,Ryan Kent,id,Seattle Sounders FC,Sounders FC,Major League Soccer,MLS
253287,Gabriel Neves,id,Estudiantes de La Plata,Estudiantes,Liga Profesional de Fútbol,LPF
278901,Ayyoub Bouaddi,id,Lille OSC,LOSC Lille,Ligue 1,Ligue 1 McDonald's
234341,İrfan Can Eğribayat,id,Fenerbahçe SK,Fenerbahçe,Süper Lig,Trendyol Süper Lig
245622,Shuto Machino,id,Borussia Mönchengladbach,M'gladbach,Bundesliga,Bundesliga
254789,Sven Mijnans,id,AZ Alkmaar,,Eredivisie,Eredivisie
239704,Kai Wagner,id,Philadelphia Union,Philadelphia,Major League Soccer,MLS
260145,Omari Hutchinson,id,Nottingham Forest,Nott'm Forest,Premier League,Premier League
216939,Andre Blake,id,Philadelphia Union,Philadelphia,Major League Soccer,MLS
232229,Justin Bijlow,id,Feyenoord,,Eredivisie,Eredivisie
238041,Tyrell Malacia,id,Manchester United,Man Utd,Premier League,Premier League
256115,Lazar Samardžić,id,Atalanta,Bergamo Calcio,Serie A,Serie A Enilive
205119,Sebastián Rodríguez,id,Universidad de Chile,,Primera Division,Libertadores
211269,Pol Fernández,id,Godoy Cruz,,Liga Profesional de Fútbol,LPF
231691,Alban Lafont,id,Panathinaikos FC,Panathinaikos,Super League,Hellas Liga
263824,Musab Al Juwair,id,Al Qadsiah FC,Al Qadsiah,Pro League,ROSHN Saudi League
215443,Philip Zinckernagel,id,Chicago Fire,Chicago Fire FC,Major League Soccer,MLS
210423,Albert Rusnák,id,Seattle Sounders FC,Sounders FC,Major League Soccer,MLS
242075,Josh Sargent,id,Norwich City,Norwich,Championship,EFL Championship
256104,Tanner Tessmann,id,Olympique Lyonnais,OL,Ligue 1,Ligue 1 McDonald's
162328,Remko Pasveer,id,Ajax,,Eredivisie,Eredivisie
206594,Solly March,id,Brighton & Hove Albion,Brighton,Premier League,Premier League
269421,Jota Silva,id,Beşiktaş JK,Nott'm Forest,Süper Lig,Premier League
223143,Ulisses Garcia,id,Olympique de Marseille,OM,Ligue 1,Ligue 1 McDonald's
242948,Matěj Kovář,id,PSV,,Eredivisie,Eredivisie
269728,Jean-Mattéo Bahoya,id,Eintracht Frankfurt,Frankfurt,Bundesliga,Bundesliga
220383,Aarón,id,Real Oviedo,R. Oviedo,La Liga,LALIGA EA SPORTS
226380,Hwang Hee Chan,id,Wolverhampton Wanderers,Wolves,Premier League,Premier League
228336,Florian Grillitsch,id,Sporting Clube de Braga,SC Braga,Primeira Liga,Liga Portugal
252866,Carreira,id,RC Celta,Celta,La Liga,LALIGA EA SPORTS
263370,Valentín Barco,id,RC Strasbourg Alsace,Strasbourg,Ligue 1,Ligue 1 McDonald's
232097,Amine Harit,id,Medipol Başakşehir FK,OM,Süper Lig,Ligue 1 McDonald's
243792,Iñigo Vicente,id,Racing Santander,R. Racing Club,La Liga 2,LALIGA HYPERMOTION
70004,Senny Mayulu,id,Paris Saint-Germain,Paris SG,Ligue 1,Ligue 1 McDonald's
221714,Alfredo Morelos,id,Atlético Nacional,Atl. Nacional,Categoría Primera A,Libertadores
258607,Toti,id,Wolverhampton Wanderers,Wolves,Premier League,Premier League
262473,Souffian El Karouani,id,FC Utrecht,,Eredivisie,Eredivisie
146562,Santi Cazorla,id,Real Oviedo,R. Oviedo,La Liga,LALIGA EA SPORTS
225289,Nicolás Fernández,id,Belgrano de Córdoba,Belgrano,Liga Profesional de Fútbol,LPF
226385,Cristian Espinoza,id,San Jose Earthquakes,SJ Earthquakes,Major League Soccer,MLS
232805,Bernardo,id,TSG 1899 Hoffenheim,TSG Hoffenheim,Bundesliga,Bundesliga
235574,Lucas França,id,CD Nacional,Nacional,Primeira Liga,Liga Portugal
261015,Tiago Palacios,id,Estudiantes de La Plata,Estudiantes,Liga Profesional de Fútbol,LPF
262151,Ezequiel Fernández,id,Bayer 04 Leverkusen,Leverkusen,Bundesliga,Bundesliga
210136,Tomasz Kędziora,id,PAOK,PAOK FC,Super League,Hellas Liga
253167,Félix Correia,id,Lille OSC,LOSC Lille,Ligue 1,Ligue 1 McDonald's
73580,Antonín Kinský,id,Tottenham Hotspur,Spurs,Premier League,Premier League
227927,Kyle Walker-Peters,id,West Ham United,West Ham,Premier League,Premier League
234686,Jordan Lotomba,id,Feyenoord,,Eredivisie,Eredivisie
243647,Altay Bayındır,id,Manchester United,Man Utd,Premier League,Premier League
260407,Elye Wahi,id,Eintracht Frankfurt,Frankfurt,Bundesliga,Bundesliga
206098,Patric,id,Lazio,Latium,Serie A,Serie A Enilive
211575,André Gomes,id,Lille OSC,LOSC Lille,Ligue 1,Ligue 1 McDonald's
211784,Neal Maupay,id,Olympique de Marseille,OM,Ligue 1,Ligue 1 McDonald's
264220,Youri Baas,id,Ajax,,Eredivisie,Eredivisie
265800,Jutglà,id,RC Celta,Celta,La Liga,LALIGA EA SPORTS
205923,Ben Davies,id,Tottenham Hotspur,Spurs,Premier League,Premier League
229804,Alexandru Mitriță,id,Zhejiang FC,Zhejiang Pro,Super League,CSL
237321,Mergim Berisha,id,TSG 1899 Hoffenheim,TSG Hoffenheim,Bundesliga,Bundesliga
276048,Matias Fernandez-Pardo,id,Lille OSC,LOSC Lille,Ligue 1,Ligue 1 McDonald's
193881,Filip Đuričić,id,Panathinaikos FC,Panathinaikos,Super League,Hellas Liga
235018,Moritz Nicolas,id,Borussia Mönchengladbach,M'gladbach,Bundesliga,Bundesliga
245541,Giovanni Reyna,id,Borussia Mönchengladbach,M'gladbach,Bundesliga,Bundesliga
187075,Dayro Moreno,id,Once Caldas,,Categoría Primera A,Sudamericana
238545,Firas Al Birekan,id,Al Ahli SFC,Al Ahli,Pro League,ROSHN Saudi League
241389,Yusuf Sarı,id,Medipol Başakşehir FK,Başakşehir,Süper Lig,Trendyol Süper Lig
261336,Jaden Philogene,id,Ipswich Town,Ipswich,Championship,EFL Championship
263268,Yoann Cathline,id,FC Utrecht,,Eredivisie,Eredivisie
243456,Brian White,id,Vancouver Whitecaps FC,Whitecaps FC,Major League Soccer,MLS
247447,Oliver Antman,id,Rangers FC,Rangers,Premiership,Scottish Prem
199813,Gernot Trauner,id,Feyenoord,,Eredivisie,Eredivisie
216258,Ihlas Bebou,id,TSG 1899 Hoffenheim,TSG Hoffenheim,Bundesliga,Bundesliga
234711,Josip Brekalo,id,Real Oviedo,R. Oviedo,La Liga,LALIGA EA SPORTS
252339,Tiago Djaló,id,Beşiktaş JK,Beşiktaş,Süper Lig,Trendyol Süper Lig
264337,Rodrigo Muniz,id,Fulham FC,Fulham,Premier League,Premier League
201143,Aïssa Mandi,id,Lille OSC,LOSC Lille,Ligue 1,Ligue 1 McDonald's
210450,Abdoulaye Touré,id,Le Havre AC,Havre AC,Ligue 1,Ligue 1 McDonald's
243311,Josep Martínez,id,Inter,Lombardia FC,Serie A,Serie A Enilive
268131,CJ Egan-Riley,id,Olympique de Marseille,OM,Ligue 1,Ligue 1 McDonald's
219575,Cristian Bordacahar,id,FBC Melgar,,Liga 1,Sudamericana
251105,Dejan Joveljić,id,Sporting Kansas City,Sporting KC,Major League Soccer,MLS
269312,Tommaso Baldanzi,id,Roma,AS Roma,Serie A,Serie A Enilive
183569,Eric Maxim Choupo-Moting,id,New York Red Bulls,Red Bulls,Major League Soccer,MLS
242635,Igoh Ogbu,id,SK Slavia Praha,Slavia Praha,První liga,Česká Liga
230978,Taiwo Awoniyi,id,Nottingham Forest,Nott'm Forest,Premier League,Premier League
215292,Martín Cauteruccio,id,Bolívar,,División de Fútbol Profesional,Libertadores
235658,Victor Nelsson,id,Hellas Verona FC,Hellas Verona,Serie A,Serie A Enilive
260290,Marvin Pieringer,id,1. FC Heidenheim 1846,Heidenheim,Bundesliga,Bundesliga
211999,Rani Khedira,id,1. FC Union Berlin,Union Berlin,Bundesliga,Bundesliga
268763,Ernest Nuamah,id,Olympique Lyonnais,OL,Ligue 1,Ligue 1 McDonald's
270579,Wilson Odobert,id,Tottenham Hotspur,Spurs,Premier League,Premier League
223933,Gustaf Nilsson,id,Club Brugge KV,Club Brugge,Pro League,1A Pro League
246826,Tsuyoshi Watanabe,id,Feyenoord,,Eredivisie,Eredivisie
266797,Gastón Álvarez,id,Al Qadsiah FC,Al Qadsiah,Pro League,ROSHN Saudi League
273651,Jarell Quansah,id,Bayer 04 Leverkusen,Leverkusen,Bundesliga,Bundesliga
215064,Julio Furch,id,CA Banfield,Banfield,Liga Profesional de Fútbol,LPF
73070,Promise David,id,Union Saint-Gilloise,R. Union St.-G.,Pro League,1A Pro League
244793,Tomáš Chorý,id,SK Slavia Praha,Slavia Praha,První liga,Česká Liga
239890,Ozan Kabak,id,TSG 1899 Hoffenheim,TSG Hoffenheim,Bundesliga,Bundesliga
221422,Sverrir Ingi Ingason,id,Panathinaikos FC,Panathinaikos,Super League,Hellas Liga
260105,Radu Drăgușin,id,Tottenham Hotspur,Spurs,Premier League,Premier League
235405,Dara O'Shea,id,Ipswich Town,Ipswich,Championship,EFL Championship
277839,Nikola Krstović,id,Atalanta,Bergamo Calcio,Serie A,Serie A Enilive
215054,Víctor Cuesta,id,Newell's Old Boys,Newell's,Liga Profesional de Fútbol,LPF
268611,Joel Ordoñez,id,Club Brugge KV,Club Brugge,Pro League,1A Pro League
224396,Yeimar Gómez Andrade,id,Seattle Sounders FC,Sounders FC,Major League Soccer,MLS
207616,Adam Webster,id,Brighton & Hove Albion,Brighton,Premier League,Premier League
233926,Léo Duarte,id,Medipol Başakşehir FK,Başakşehir,Süper Lig,Trendyol Süper Lig
207725,Mike van der Hoorn,id,FC Utrecht,,Eredivisie,Eredivisie
265576,Leopold Querfeld,id,1. FC Union Berlin,Union Berlin,Bundesliga,Bundesliga
230021,Joseph Aidoo,id,RC Celta,Celta,La Liga,LALIGA EA SPORTS
273843,Alex Arce,id,Independiente Rivadavia,Ind. Rivadavia,Liga Profesional de Fútbol,LPF
210648,Ahmed Hegazi,id,NEOM SC,Neom,Pro League,ROSHN Saudi League
253177,Yunus Musah,id,Atalanta,Bergamo Calcio,Serie A,Serie A Enilive
237520,Mady Camara,id,PAOK,PAOK FC,Super League,Hellas Liga
251294,Guga Rodrigues,id,Beijing Guoan,Beijing FC,Super League,CSL
215449,Robert Skov,id,1. FC Union Berlin,Union Berlin,Bundesliga,Bundesliga
221000,Badou Ndiaye,id,Gaziantep FK,Gaziantep,Süper Lig,Trendyol Süper Lig
231318,Romain Perraud,id,Lille OSC,LOSC Lille,Ligue 1,Ligue 1 McDonald's
247028,Alex Král,id,1. FC Union Berlin,Union Berlin,Bundesliga,Bundesliga
213693,Joe Rothwell,id,Rangers FC,Rangers,Premiership,Scottish Prem
271057,Gustavo Sá,id,Famalicão,FC Famalicão,Primeira Liga,Liga Portugal
255928,Mohammed Diomande,id,Rangers FC,Rangers,Premiership,Scottish Prem
226807,Cristian Roldan,id,Seattle Sounders FC,Sounders FC,Major League Soccer,MLS
231005,Chiedozie Ogbene,id,Sheffield United,Sheffield Utd,Championship,EFL Championship
231227,Niklas Dorsch,id,1. FC Heidenheim 1846,Heidenheim,Bundesliga,Bundesliga
263041,Alexander Prass,id,TSG 1899 Hoffenheim,TSG Hoffenheim,Bundesliga,Bundesliga
200094,Magomed Ozdoev,id,PAOK,PAOK FC,Super League,Hellas Liga
228520,Ezequiel Ávila,id,Real Betis Balompié,Real Betis,La Liga,LALIGA EA SPORTS
277432,Patrick Dorgu,id,Manchester United,Man Utd,Premier League,Premier League
193352,Ricardo Rodríguez,id,Real Betis Balompié,Real Betis,La Liga,LALIGA EA SPORTS
208135,Abdoulaye Doucouré,id,NEOM SC,Neom,Pro League,ROSHN Saudi League
262937,Jackson Tchatchoua,id,Wolverhampton Wanderers,Wolves,Premier League,Premier League
224982,Antonio Palumbo,id,Palermo FC,Palermo,Serie B,Serie BKT
226789,Angelo Fulgini,id,Al Taawoun FC,Al Taawoun,Pro League,ROSHN Saudi League
270670,Farès Chaïbi,id,Eintracht Frankfurt,Frankfurt,Bundesliga,Bundesliga
209780,Siebe Schrijvers,id,Oud-Heverlee Leuven,OH Leuven,Pro League,1A Pro League
269509,David Douděra,id,SK Slavia Praha,Slavia Praha,První liga,Česká Liga
204699,Lorenzo Melgarejo,id,Libertad,,División Profesional,Libertadores
247030,Petr Ševčík,id,SK Slavia Praha,Slavia Praha,První liga,Česká Liga
224841,Kevin Diks,id,Borussia Mönchengladbach,M'gladbach,Bundesliga,Bundesliga
226662,Bart Nieuwkoop,id,Feyenoord,,Eredivisie,Eredivisie
252483,Alfie Doughty,id,Millwall FC,Millwall,Championship,EFL Championship
266844,Leandro Lozano,id,Argentinos Juniors,Argentinos Jrs.,Liga Profesional de Fútbol,LPF
232156,Mathias Honsak,id,1. FC Heidenheim 1846,Heidenheim,Bundesliga,Bundesliga
236629,Christopher Operi,id,Medipol Başakşehir FK,Başakşehir,Süper Lig,Trendyol Süper Lig
247861,Adam Gnezda Čerin,id,Panathinaikos FC,Panathinaikos,Super League,Hellas Liga
276278,Petar Sučić,id,Inter,Lombardia FC,Serie A,Serie A Enilive
216580,Cláudio Winck,id,Kasımpaşa SK,Kasımpaşa,Süper Lig,Trendyol Süper Lig
248050,Harrison Burrows,id,Sheffield United,Sheffield Utd,Championship,EFL Championship
255471,Vitor Carvalho,id,Sporting Clube de Braga,SC Braga,Primeira Liga,Liga Portugal
257502,Gijs Smal,id,Feyenoord,,Eredivisie,Eredivisie
262171,Edoardo Bove,id,Roma,AS Roma,Serie A,Serie A Enilive
246045,Pedro De la Vega,id,Seattle Sounders FC,Sounders FC,Major League Soccer,MLS
246762,Sekou Koita,id,Gençlerbirliği SK,Gençlerbirliği,Süper Lig,Trendyol Süper Lig
270068,Cadu,id,Ferencvárosi Torna Club,Ferencvárosi TC,Nemzeti Bajnokság I,Magyar Liga
173426,Simon Mignolet,id,Club Brugge KV,Club Brugge,Pro League,1A Pro League
201417,Matt Doherty,id,Wolverhampton Wanderers,Wolves,Premier League,Premier League
226508,Greg Taylor,id,PAOK,PAOK FC,Super League,Hellas Liga
263815,Abner Vinícius,id,Olympique Lyonnais,OL,Ligue 1,Ligue 1 McDonald's
266071,Seiya Maikuma,id,AZ Alkmaar,,Eredivisie,Eredivisie
204125,Jan Bořil,id,SK Slavia Praha,Slavia Praha,První liga,Česká Liga
257167,Mathias Kvistgaarden,id,Norwich City,Norwich,Championship,EFL Championship
211515,Pierluigi Gollini,id,Roma,AS Roma,Serie A,Serie A Enilive
214933,Diego Rodríguez,id,Argentinos Juniors,Argentinos Jrs.,Liga Profesional de Fútbol,LPF
237670,Bruno Xadas,id,Tianjin Jinmen Tiger,Tianjin JMT FC,Super League,CSL
243526,Mert Müldür,id,Fenerbahçe SK,Fenerbahçe,Süper Lig,Trendyol Süper Lig
247026,András Schäfer,id,1. FC Union Berlin,Union Berlin,Bundesliga,Bundesliga
263227,Williot Swedberg,id,RC Celta,Celta,La Liga,LALIGA EA SPORTS
188400,Thomas Kaminski,id,Charlton Athletic,Charlton Ath,Championship,EFL Championship
225014,Gaetano Castrovilli,id,SSC Bari,,Serie B,Serie BKT
237135,Davidson,id,Qingdao West Coast FC,Qingdao W. Coast,Super League,CSL
261224,Hugo Bueno,id,Wolverhampton Wanderers,Wolves,Premier League,Premier League
233092,Joaquín Pereyra,id,Minnesota United FC,Minnesota United,Major League Soccer,MLS
234102,Ionuț Andrei Radu,id,RC Celta,Celta,La Liga,LALIGA EA SPORTS
253213,Giorgos Kyriakopoulos,id,Panathinaikos FC,Panathinaikos,Super League,Hellas Liga
272379,Samuel Iling-Junior,id,West Bromwich Albion,West Brom,Championship,EFL Championship
202873,Kevin Müller,id,1. FC Heidenheim 1846,Heidenheim,Bundesliga,Bundesliga
236298,Eduard Atuesta,id,Orlando City SC,Orlando City,Major League Soccer,MLS
256407,Franco Petroli,id,Godoy Cruz,,Liga Profesional de Fútbol,LPF
200726,Benjamin Lecomte,id,Fulham FC,Fulham,Premier League,Premier League
220139,Sammie Szmodics,id,Ipswich Town,Ipswich,Championship,EFL Championship
239272,Vasilios Barkas,id,FC Utrecht,,Eredivisie,Eredivisie
246763,Ki-Jana Hoever,id,Wolverhampton Wanderers,Wolves,Premier League,Premier League
252290,Salvatore Esposito,id,Spezia,,Serie B,Serie BKT
271119,Lukas Ullrich,id,Borussia Mönchengladbach,M'gladbach,Bundesliga,Bundesliga
210455,Jonny,id,Deportivo Alavés,D. Alavés,La Liga,LALIGA EA SPORTS
210941,Lee Chang Geun,id,Daejeon Citizen,Daejeon Hana,K League 1,K League 1
225647,Martín Campaña,id,Peñarol,,Primera División,Libertadores
243133,Joe Scally,id,Borussia Mönchengladbach,M'gladbach,Bundesliga,Bundesliga
230824,Pedro Pereira,id,Gençlerbirliği SK,Gençlerbirliği,Süper Lig,Trendyol Süper Lig
240100,Tommaso Augello,id,Palermo FC,Palermo,Serie B,Serie BKT
256292,Jan Schöppner,id,1. FC Heidenheim 1846,Heidenheim,Bundesliga,Bundesliga
260020,Yorbe Vertessen,id,FC Red Bull Salzburg,RB Salzburg,Bundesliga,Ö. Bundesliga
274447,Ngal'ayel Mukau,id,Lille OSC,LOSC Lille,Ligue 1,Ligue 1 McDonald's
211879,Janik Haberer,id,1. FC Union Berlin,Union Berlin,Bundesliga,Bundesliga
225733,Cesinha,id,Daegu FC,,K League 1,K League 1
258826,Devyne Rensch,id,Roma,AS Roma,Serie A,Serie A Enilive
203747,Héctor Bellerín,id,Real Betis Balompié,Real Betis,La Liga,LALIGA EA SPORTS
219754,Bruno Varela,id,Al Hazem FC,Al Hazem,Pro League,ROSHN Saudi League
243830,Mailson,id,Al Taawoun FC,Al Taawoun,Pro League,ROSHN Saudi League
264257,Tijjani Noslin,id,Lazio,Latium,Serie A,Serie A Enilive
211856,Kevin Akpoguma,id,TSG 1899 Hoffenheim,TSG Hoffenheim,Bundesliga,Bundesliga
236773,Manolis Siopis,id,Panathinaikos FC,Panathinaikos,Super League,Hellas Liga
242655,Julien Ponceau,id,Real Valladolid CF,R. Valladolid CF,La Liga 2,LALIGA HYPERMOTION
257111,Jérémy Le Douaron,id,Palermo FC,Palermo,Serie B,Serie BKT
260076,Peer Koopmeiners,id,AZ Alkmaar,,Eredivisie,Eredivisie
263773,Thomas Beelen,id,Feyenoord,,Eredivisie,Eredivisie
245902,Troy Parrott,id,AZ Alkmaar,,Eredivisie,Eredivisie
246044,Andrés Martín,id,Racing Santander,R. Racing Club,La Liga 2,LALIGA HYPERMOTION
195202,Tom Cairney,id,Fulham FC,Fulham,Premier League,Premier League
220491,Emmanuel Gyasi,id,Palermo FC,Palermo,Serie B,Serie BKT
223061,Franco Cervi,id,RC Celta,Celta,La Liga,LALIGA EA SPORTS
233267,Matt Turner,id,New England Revolution,New England,Major League Soccer,MLS
240744,Martín Ojeda,id,Orlando City SC,Orlando City,Major League Soccer,MLS
262311,Bart van Rooij,id,FC Twente,,Eredivisie,Eredivisie
214977,Matías Kranevitter,id,Fatih Karagümrük,,Süper Lig,Trendyol Süper Lig
238126,Guridi,id,Deportivo Alavés,D. Alavés,La Liga,LALIGA EA SPORTS
254894,Leonardo,id,Shanghai Port,Shanghai Port FC,Super League,CSL
199669,Leandro González Pirez,id,Estudiantes de La Plata,Estudiantes,Liga Profesional de Fútbol,LPF
209839,Timo Letschert,id,Chengdu Rongcheng,Chengdu FC,Super League,CSL
234679,Philippe Sandler,id,NEC Nijmegen,,Eredivisie,Eredivisie
243237,Luca Pellegrini,id,Lazio,Latium,Serie A,Serie A Enilive
255611,Daniel Maldini,id,Atalanta,Bergamo Calcio,Serie A,Serie A Enilive
256500,Nnamdi Collins,id,Eintracht Frankfurt,Frankfurt,Bundesliga,Bundesliga
248674,Louis Munteanu,id,CFR Cluj,CFR 1907 Cluj,Liga I,SUPERLIGA
268116,Tom Rothe,id,1. FC Union Berlin,Union Berlin,Bundesliga,Bundesliga
239964,Eldor Shomurodov,id,Medipol Başakşehir FK,Başakşehir,Süper Lig,Trendyol Süper Lig
245992,Billy Gilmour,id,Napoli,SSC Napoli,Serie A,Serie A Enilive
247143,Andrés Vombergar,id,San Lorenzo de Almagro,San Lorenzo,Liga Profesional de Fútbol,LPF
258378,Mika Godts,id,Ajax,,Eredivisie,Eredivisie
205192,Denis Suárez,id,Deportivo Alavés,D. Alavés,La Liga,LALIGA EA SPORTS
215930,Tin Jedvaj,id,Panathinaikos FC,Panathinaikos,Super League,Hellas Liga
223978,Manu García,id,Sporting Kansas City,Sporting KC,Major League Soccer,MLS
242908,Jack Clarke,id,Ipswich Town,Ipswich,Championship,EFL Championship
244603,Bećir Omeragić,id,Montpellier HSC,Montpellier,Ligue 2,Ligue 2 BKT
257920,Casper Tengstedt,id,Feyenoord,,Eredivisie,Eredivisie
256800,Jakob Breum,id,Go Ahead Eagles,,Eredivisie,Eredivisie
277594,Óscar Aranda,id,Famalicão,FC Famalicão,Primeira Liga,Liga Portugal
278032,Christos Mandas,id,Lazio,Latium,Serie A,Serie A Enilive
220165,Joel Pohjanpalo,id,Palermo FC,Palermo,Serie B,Serie BKT
240796,Manuel Roffo,id,Instituto Atlético Central Córdoba,Instituto,Liga Profesional de Fútbol,LPF
247138,Fran Navarro,id,Sporting Clube de Braga,SC Braga,Primeira Liga,Liga Portugal
259563,Daan Rots,id,FC Twente,,Eredivisie,Eredivisie
204060,Tjaronn Chery,id,NEC Nijmegen,,Eredivisie,Eredivisie
227527,Fábio Abreu,id,Beijing Guoan,Beijing FC,Super League,CSL
260843,Anass Zaroury,id,Panathinaikos FC,Panathinaikos,Super League,Hellas Liga
272453,Pablo Durán,id,RC Celta,Celta,La Liga,LALIGA EA SPORTS
212205,Nikola Storm,id,Antalyaspor,,Süper Lig,Trendyol Süper Lig
213189,Joo Min Kyu,id,Daejeon Citizen,Daejeon Hana,K League 1,K League 1
275592,Ruben van Bommel,id,PSV,,Eredivisie,Eredivisie
199042,Charles Aránguiz,id,Universidad de Chile,,Primera Division,Libertadores
224146,Jesús Imaz,id,Jagiellonia Białystok,Jagiellonia,Ekstraklasa,PKO BP Ekstraklasa
248602,Jacob Greaves,id,Ipswich Town,Ipswich,Championship,EFL Championship
272612,Brajan Gruda,id,Brighton & Hove Albion,Brighton,Premier League,Premier League
276528,Claudio Echeverri,id,Bayer 04 Leverkusen,Leverkusen,Bundesliga,Bundesliga
236524,Anel Ahmedhodžić,id,Feyenoord,,Eredivisie,Eredivisie
238570,Song Bum Keun,id,Jeonbuk Hyundai Motors,Jeonbuk Hyundai,K League 1,K League 1
239956,Myron Boadu,id,PSV,,Eredivisie,Eredivisie
245863,Valentin Gendrey,id,TSG 1899 Hoffenheim,TSG Hoffenheim,Bundesliga,Bundesliga
212626,Davie Selke,id,Medipol Başakşehir FK,Başakşehir,Süper Lig,Trendyol Süper Lig
230857,Nuno da Costa,id,Medipol Başakşehir FK,Başakşehir,Süper Lig,Trendyol Süper Lig
222429,Andrés Cubas,id,Vancouver Whitecaps FC,Whitecaps FC,Major League Soccer,MLS
273748,Joaquín Panichelli,id,RC Strasbourg Alsace,Strasbourg,Ligue 1,Ligue 1 McDonald's
211381,Sofiane Boufal,id,Union Saint-Gilloise,R. Union St.-G.,Pro League,1A Pro League
243009,Derek Cornelius,id,Rangers FC,Rangers,Premiership,Scottish Prem
255687,David Zima,id,SK Slavia Praha,Slavia Praha,První liga,Česká Liga
187132,Carlos Zambrano,id,Alianza Lima,,Liga 1,Libertadores
238490,Ilias Chair,id,Queens Park Rangers,QPR,Championship,EFL Championship
254601,Gastón Olveira,id,Club Olimpia,,División Profesional,Libertadores
265774,Koni De Winter,id,AC Milan,Milano FC,Serie A,Serie A Enilive
274906,Mojmír Chytil,id,SK Slavia Praha,Slavia Praha,První liga,Česká Liga
215334,Guido Carrillo,id,Estudiantes de La Plata,Estudiantes,Liga Profesional de Fútbol,LPF
240640,Leonardo Morales,id,Belgrano de Córdoba,Belgrano,Liga Profesional de Fútbol,LPF
241186,Vasil Kušej,id,SK Slavia Praha,Slavia Praha,První liga,Česká Liga
261987,Antonio Blanco,id,Deportivo Alavés,D. Alavés,La Liga,LALIGA EA SPORTS
79629,Jair Cunha,id,Nottingham Forest,Nott'm Forest,Premier League,Premier League
225508,Eric Bailly,id,Real Oviedo,R. Oviedo,La Liga,LALIGA EA SPORTS
264325,Martín Satriano,id,Olympique Lyonnais,OL,Ligue 1,Ligue 1 McDonald's
234826,Toni Martínez,id,Deportivo Alavés,D. Alavés,La Liga,LALIGA EA SPORTS
252162,Ayase Ueda,id,Feyenoord,,Eredivisie,Eredivisie
70971,Sorriso,id,Famalicão,FC Famalicão,Primeira Liga,Liga Portugal
214169,William Tesillo,id,Atlético Nacional,Atl. Nacional,Categoría Primera A,Libertadores
192342,Edwin Cardona,id,Atlético Nacional,Atl. Nacional,Categoría Primera A,Libertadores
189250,Salomón Rondón,id,Real Oviedo,R. Oviedo,La Liga,LALIGA EA SPORTS
273564,Gift Orban,id,Hellas Verona FC,Hellas Verona,Serie A,Serie A Enilive
264288,Alexandre Penetra,id,AZ Alkmaar,,Eredivisie,Eredivisie
74871,Arthur Chaves,id,TSG 1899 Hoffenheim,TSG Hoffenheim,Bundesliga,Bundesliga
275328,Can Uzun,id,Eintracht Frankfurt,Frankfurt,Bundesliga,Bundesliga
235458,Cédric Kipré,id,Ipswich Town,Ipswich,Championship,EFL Championship
239901,Saša Kalajdžić,id,LASK Linz,LASK,Bundesliga,Ö. Bundesliga
237522,Jorge Cuenca,id,Fulham FC,Fulham,Premier League,Premier League
232670,Fernando Zampedri,id,Universidad Católica,Uni. Católica,Primera Division,Liga Chile
236510,Barnabás Varga,id,Ferencvárosi Torna Club,Ferencvárosi TC,Nemzeti Bajnokság I,Magyar Liga
240064,Ousseynou Ba,id,Medipol Başakşehir FK,Başakşehir,Süper Lig,Trendyol Süper Lig
200752,Juan Jesus,id,Napoli,SSC Napoli,Serie A,Serie A Enilive
269181,Diego Coppola,id,Brighton & Hove Albion,Brighton,Premier League,Premier League
242569,Francisco Álvarez,id,Argentinos Juniors,Argentinos Jrs.,Liga Profesional de Fútbol,LPF
222493,Marvin Friedrich,id,Borussia Mönchengladbach,M'gladbach,Bundesliga,Bundesliga
262140,Carlos Domínguez,id,RC Celta,Celta,La Liga,LALIGA EA SPORTS
210679,Paulo Oliveira,id,Sporting Clube de Braga,SC Braga,Primeira Liga,Liga Portugal
242392,Giangiacomo Magnani,id,Reggiana,,Serie B,Serie BKT
222286,Gautier Lloris,id,Le Havre AC,Havre AC,Ligue 1,Ligue 1 McDonald's
255854,Pacheco,id,Deportivo Alavés,D. Alavés,La Liga,LALIGA EA SPORTS
258890,Fisayo Dele-Bashiru,id,Lazio,Latium,Serie A,Serie A Enilive
258090,Eric Meza,id,Estudiantes de La Plata,Estudiantes,Liga Profesional de Fútbol,LPF
228179,Alexis Castro,id,Estudiantes de La Plata,Estudiantes,Liga Profesional de Fútbol,LPF
248053,Santiago Arzamendia,id,Estudiantes de La Plata,Estudiantes,Liga Profesional de Fútbol,LPF
245035,Claudio Gomes,id,Palermo FC,Palermo,Serie B,Serie BKT
200759,Jeffrey Schlupp,id,Norwich City,Norwich,Championship,EFL Championship
232770,Santiago Colombatto,id,Real Oviedo,R. Oviedo,La Liga,LALIGA EA SPORTS
269278,Diego Gómez,id,Brighton & Hove Albion,Brighton,Premier League,Premier League
262411,Miguel Crespo,id,Medipol Başakşehir FK,Başakşehir,Süper Lig,Trendyol Süper Lig
263287,Ivan Schranz,id,SK Slavia Praha,Slavia Praha,První liga,Česká Liga
256341,Francho Serrano,id,Real Zaragoza,,La Liga 2,LALIGA HYPERMOTION
70888,Anan Khalaili,id,Union Saint-Gilloise,R. Union St.-G.,Pro League,1A Pro League
221908,Lewis Morgan,id,New York Red Bulls,Red Bulls,Major League Soccer,MLS
223105,Nicolás Oroz,id,Argentinos Juniors,Argentinos Jrs.,Liga Profesional de Fútbol,LPF
244050,Wouter Burger,id,TSG 1899 Hoffenheim,TSG Hoffenheim,Bundesliga,Bundesliga
267594,David Jurásek,id,Beşiktaş JK,Beşiktaş,Süper Lig,Trendyol Süper Lig
246351,Valery,id,Real Zaragoza,,La Liga 2,LALIGA HYPERMOTION
253399,Oliver Edvardsen,id,Ajax,,Eredivisie,Eredivisie
261082,Cristian Medina,id,Estudiantes de La Plata,Estudiantes,Liga Profesional de Fútbol,LPF
205531,Valerio Verre,id,Palermo FC,Palermo,Serie B,Serie BKT
234573,Aurélio Buta,id,Eintracht Frankfurt,Frankfurt,Bundesliga,Bundesliga
228312,Robin Lod,id,Minnesota United FC,Minnesota United,Major League Soccer,MLS
240683,Ludovit Reis,id,Club Brugge KV,Club Brugge,Pro League,1A Pro League
253133,Adrian Beck,id,1. FC Heidenheim 1846,Heidenheim,Bundesliga,Bundesliga
265390,Youri Regeer,id,Ajax,,Eredivisie,Eredivisie
272350,Alan Lescano,id,Argentinos Juniors,Argentinos Jrs.,Liga Profesional de Fútbol,LPF
211101,Rubén Blanco,id,Olympique de Marseille,OM,Ligue 1,Ligue 1 McDonald's
239559,Jeffrey de Lange,id,Olympique de Marseille,OM,Ligue 1,Ligue 1 McDonald's
239894,Rominigue Kouamé,id,Chicago Fire,Chicago Fire FC,Major League Soccer,MLS
246402,Mads Bidstrup,id,FC Red Bull Salzburg,RB Salzburg,Bundesliga,Ö. Bundesliga
257188,Erik,id,Al Ain,Al Ain FC,Pro League,United Emirates League
259675,Berkan Kutlu,id,Galatasaray SK,Galatasaray,Süper Lig,Trendyol Süper Lig
266039,Pubill,id,Atlético Madrid,Atlético de Madrid,La Liga,LALIGA EA SPORTS
215531,Deniz Türüç,id,Medipol Başakşehir FK,Başakşehir,Süper Lig,Trendyol Süper Lig
227835,Tesfaldet Tekie,id,Hammarby Fotboll,Hammarby IF,Allsvenskan,Allsvenskan
238058,Callum O'Hare,id,Sheffield United,Sheffield Utd,Championship,EFL Championship
252383,Ramiz Zerrouki,id,FC Twente,,Eredivisie,Eredivisie
192636,David Simão,id,FC Arouca,Arouca,Primeira Liga,Liga Portugal
262219,Björn Meijer,id,Club Brugge KV,Club Brugge,Pro League,1A Pro League
271296,Matěj Jurásek,id,Norwich City,Norwich,Championship,EFL Championship
223637,Andy Polo,id,Universitario de Deportes,,Liga 1,Libertadores
237525,Arnaud Bodart,id,Lille OSC,LOSC Lille,Ligue 1,Ligue 1 McDonald's
248854,Berat Özdemir,id,Medipol Başakşehir FK,Başakşehir,Süper Lig,Trendyol Süper Lig
265766,Luciano Boggio,id,Club Nacional de Football,,Primera División,Libertadores
215193,Lucas Menossi,id,Belgrano de Córdoba,Belgrano,Liga Profesional de Fútbol,LPF
237223,Julian Gressel,id,Minnesota United FC,Minnesota United,Major League Soccer,MLS
237640,Nedim Bajrami,id,Rangers FC,Rangers,Premiership,Scottish Prem
243731,Santiago González,id,Sporting Cristal,,Liga 1,Libertadores
252208,Rıdvan Yılmaz,id,Beşiktaş JK,Beşiktaş,Süper Lig,Trendyol Süper Lig
275985,Alberto Reina,id,Real Oviedo,R. Oviedo,La Liga,LALIGA EA SPORTS
212213,Ricardo Esgaio,id,Fatih Karagümrük,,Süper Lig,Trendyol Süper Lig
229286,Tim Skarke,id,1. FC Union Berlin,Union Berlin,Bundesliga,Bundesliga
279112,Damián,id,RC Celta,Celta,La Liga,LALIGA EA SPORTS
237871,Jordan Holsgrove,id,GD Estoril Praia,Estoril Praia,Primeira Liga,Liga Portugal
240223,Mihailo Ristić,id,RC Celta,Celta,La Liga,LALIGA EA SPORTS
242426,Edwuin Cetré,id,Estudiantes de La Plata,Estudiantes,Liga Profesional de Fútbol,LPF
264095,Hugo Sotelo,id,RC Celta,Celta,La Liga,LALIGA EA SPORTS
264438,Gabri Martínez,id,Sporting Clube de Braga,SC Braga,Primeira Liga,Liga Portugal
181872,Arturo Vidal,id,Colo-Colo,,Primera Division,Libertadores
233897,Mamadou Fall,id,Kasımpaşa SK,Kasımpaşa,Süper Lig,Trendyol Süper Lig
193786,Francesco Bardi,id,Palermo FC,Palermo,Serie B,Serie BKT
218339,Mahmoud Dahoud,id,Eintracht Frankfurt,Frankfurt,Bundesliga,Bundesliga
225632,Oliver Burke,id,1. FC Union Berlin,Union Berlin,Bundesliga,Bundesliga
229773,Georgiy Dzhikiya,id,Antalyaspor,,Süper Lig,Trendyol Süper Lig
237184,Keidi Bare,id,Real Zaragoza,,La Liga 2,LALIGA HYPERMOTION
244416,João Mendes,id,Kayserispor,,Süper Lig,Trendyol Süper Lig
256051,Marcelino Núñez,id,Ipswich Town,Ipswich,Championship,EFL Championship
257136,Omar Haktab Traoré,id,1. FC Heidenheim 1846,Heidenheim,Bundesliga,Bundesliga
262135,David Møller Wolfe,id,Wolverhampton Wanderers,Wolves,Premier League,Premier League
262218,Kian Fitz-Jim,id,Ajax,,Eredivisie,Eredivisie
273764,Ulises Sánchez,id,Belgrano de Córdoba,Belgrano,Liga Profesional de Fútbol,LPF
188836,Jason Steele,id,Brighton & Hove Albion,Brighton,Premier League,Premier League
195668,Joel Robles,id,GD Estoril Praia,Estoril Praia,Primeira Liga,Liga Portugal
206218,Paul Nardi,id,Queens Park Rangers,QPR,Championship,EFL Championship
224428,Juan Ferney Otero,id,Real Sporting de Gijón,R. Sporting,La Liga 2,LALIGA HYPERMOTION
227900,Nicolás Tripichio,id,San Lorenzo de Almagro,San Lorenzo,Liga Profesional de Fútbol,LPF
238071,Dujon Sterling,id,Rangers FC,Rangers,Premiership,Scottish Prem
258730,Miguel Rodríguez,id,FC Utrecht,,Eredivisie,Eredivisie
209523,Derlis González,id,Club Olimpia,,División Profesional,Libertadores
215522,Alexander Schlager,id,FC Red Bull Salzburg,RB Salzburg,Bundesliga,Ö. Bundesliga
222041,Lucas Boyé,id,Deportivo Alavés,D. Alavés,La Liga,LALIGA EA SPORTS
225878,Cecilio Domínguez,id,Cerro Porteño,,División Profesional,Libertadores
251994,Tiago Esgaio,id,FC Arouca,Arouca,Primeira Liga,Liga Portugal
152908,Ashley Young,id,Ipswich Town,Ipswich,Championship,EFL Championship
216749,Carlos Mané,id,Kayserispor,,Süper Lig,Trendyol Süper Lig
235875,Pol Lirola,id,Olympique de Marseille,OM,Ligue 1,Ligue 1 McDonald's
241775,Jawad El Yamiq,id,Al-Najma SC,,Pro League,ROSHN Saudi League
208054,Leandro Fernández,id,Universidad de Chile,,Primera Division,Libertadores
212516,John Souttar,id,Rangers FC,Rangers,Premiership,Scottish Prem
219087,Sebastián Vegas,id,Colo-Colo,,Primera Division,Libertadores
253019,Matteo Brunori,id,Palermo FC,Palermo,Serie B,Serie BKT
260463,Mario Soriano,id,RC Deportivo de La Coruña,RC Deportivo,La Liga 2,LALIGA HYPERMOTION
194911,Adrián,id,Real Betis Balompié,Real Betis,La Liga,LALIGA EA SPORTS
213798,Alex Mowatt,id,West Bromwich Albion,West Brom,Championship,EFL Championship
220971,Naby Keïta,id,Ferencvárosi Torna Club,Ferencvárosi TC,Nemzeti Bajnokság I,Magyar Liga
236259,Sergio Peña,id,Alianza Lima,,Liga 1,Libertadores
241026,Tomás Chancalay,id,New England Revolution,New England,Major League Soccer,MLS
243675,Kjell Scherpen,id,Union Saint-Gilloise,R. Union St.-G.,Pro League,1A Pro League
219836,Rubén Yáñez,id,Real Sporting de Gijón,R. Sporting,La Liga 2,LALIGA HYPERMOTION
231777,Abdülkadir Ömür,id,Antalyaspor,,Süper Lig,Trendyol Süper Lig
246770,Francisco González Metilli,id,Belgrano de Córdoba,Belgrano,Liga Profesional de Fútbol,LPF
248478,Diant Ramaj,id,1. FC Heidenheim 1846,Heidenheim,Bundesliga,Bundesliga
193440,Nick Viergever,id,FC Utrecht,,Eredivisie,Eredivisie
234371,Rémy Descamps,id,Olympique Lyonnais,OL,Ligue 1,Ligue 1 McDonald's
238305,Nacho Vidal,id,Real Oviedo,R. Oviedo,La Liga,LALIGA EA SPORTS
243294,Tobe Leysen,id,Oud-Heverlee Leuven,OH Leuven,Pro League,1A Pro League
244470,Vladimír Coufal,id,TSG 1899 Hoffenheim,TSG Hoffenheim,Bundesliga,Bundesliga
256502,Aaron Molinas,id,Defensa y Justicia,Defensa,Liga Profesional de Fútbol,LPF
259872,Ignacio De Arruabarrena,id,Barcelona de Guayaquil,,Serie A,Libertadores
138412,James Milner,id,Brighton & Hove Albion,Brighton,Premier League,Premier League
184457,Ricky van Wolfswinkel,id,FC Twente,,Eredivisie,Eredivisie
204092,Janis Blaswich,id,Bayer 04 Leverkusen,Leverkusen,Bundesliga,Bundesliga
222467,Ivi López,id,Raków Częstochowa,Raków,Ekstraklasa,PKO BP Ekstraklasa
275137,Valentin Atangana,id,Al Ahli SFC,Al Ahli,Pro League,ROSHN Saudi League
233113,Aleñá,id,Deportivo Alavés,D. Alavés,La Liga,LALIGA EA SPORTS
252573,Aleksa Terzić,id,FC Red Bull Salzburg,RB Salzburg,Bundesliga,Ö. Bundesliga
197965,Pizzi,id,GD Estoril Praia,Estoril Praia,Primeira Liga,Liga Portugal
199103,Alexander Domínguez,id,LDU Quito,,Serie A,Libertadores
266171,Juan Pintado,id,Gimnasia y Esgrima La Plata,Gimnasia,Liga Profesional de Fútbol,LPF
193359,Rafael Romo,id,Universidad Católica del Ecuador,,Serie A,Sudamericana
211272,Claudio Corvalán,id,Club Atlético Unión,Unión,Liga Profesional de Fútbol,LPF
229956,Lawrence Ati Zigi,id,FC St.Gallen 1879,FC St. Gallen,Super League,Brack Super League
274913,Christopher Bonsu Baah,id,Al Qadsiah FC,Al Qadsiah,Pro League,ROSHN Saudi League
205756,Stefano Denswil,id,Kayserispor,,Süper Lig,Trendyol Süper Lig
221797,Erik Thommy,id,Sporting Kansas City,Sporting KC,Major League Soccer,MLS
222572,Iván Villar,id,RC Celta,Celta,La Liga,LALIGA EA SPORTS
229158,Branco van den Boomen,id,Ajax,,Eredivisie,Eredivisie
235156,Jimmy Dunne,id,Queens Park Rangers,QPR,Championship,EFL Championship
73449,Hamza Igamane,id,Lille OSC,LOSC Lille,Ligue 1,Ligue 1 McDonald's
223909,Alex Palmer,id,Ipswich Town,Ipswich,Championship,EFL Championship
244948,Carlos Protesoni,id,Deportivo Alavés,D. Alavés,La Liga,LALIGA EA SPORTS
202331,Facundo Quignon,id,Belgrano de Córdoba,Belgrano,Liga Profesional de Fútbol,LPF
207650,Emil Krafth,id,Newcastle United,Newcastle Utd,Premier League,Premier League
210327,Andreas Gianniotis,id,Kasımpaşa SK,Kasımpaşa,Süper Lig,Trendyol Süper Lig
224252,Patrick Pflücke,id,Royal Charleroi Sporting Club,Sp. Charleroi,Pro League,1A Pro League
231240,Emre Mor,id,Fenerbahçe SK,Fenerbahçe,Süper Lig,Trendyol Süper Lig
232007,Mateusz Lis,id,Göztepe SK,Göztepe,Süper Lig,Trendyol Süper Lig
256097,Javi López,id,Real Oviedo,R. Oviedo,La Liga,LALIGA EA SPORTS
210321,Romell Quioto,id,Al-Najma SC,,Pro League,ROSHN Saudi League
224883,Steve Mounié,id,Alanyaspor,FC Augsburg,Süper Lig,Bundesliga
256564,Tim Lemperle,id,TSG 1899 Hoffenheim,TSG Hoffenheim,Bundesliga,Bundesliga
270821,Mike Penders,id,RC Strasbourg Alsace,Strasbourg,Ligue 1,Ligue 1 McDonald's
183540,Barry Bannan,id,Sheffield Wednesday,Sheffield Wed,Championship,EFL Championship
248169,Tomáš Vlček,id,SK Slavia Praha,Slavia Praha,První liga,Česká Liga
248231,Hernán López Muñoz,id,Argentinos Juniors,Argentinos Jrs.,Liga Profesional de Fútbol,LPF
197240,Nahir Besara,id,Hammarby Fotboll,Hammarby IF,Allsvenskan,Allsvenskan
210951,Edison Flores,id,Universitario de Deportes,,Liga 1,Libertadores
213705,Camacho,id,Fatih Karagümrük,,Süper Lig,Trendyol Süper Lig
225793,Ben Godfrey,id,Sheffield United,Sheffield Utd,Championship,EFL Championship
244723,Felipe Silva,id,Chengdu Rongcheng,Chengdu FC,Super League,CSL
263468,Yassine Kechta,id,Le Havre AC,Havre AC,Ligue 1,Ligue 1 McDonald's
215112,Rodrigo Contreras,id,Universidad de Chile,,Primera Division,Libertadores
236583,Jiří Pavlenka,id,PAOK,PAOK FC,Super League,Hellas Liga
253283,Facundo Pellistri,id,Panathinaikos FC,Panathinaikos,Super League,Hellas Liga
274559,Kendry Páez,id,RC Strasbourg Alsace,Strasbourg,Ligue 1,Ligue 1 McDonald's
278661,Yarek,id,PSV,,Eredivisie,Eredivisie
143121,José Sosa,id,Estudiantes de La Plata,Estudiantes,Liga Profesional de Fútbol,LPF
236810,Quiles,id,Tianjin Jinmen Tiger,Tianjin JMT FC,Super League,CSL
238604,Daniel,id,San Jose Earthquakes,SJ Earthquakes,Major League Soccer,MLS
262265,Matthieu Epolo,id,Standard de Liège,Standard Liège,Pro League,1A Pro League
267974,Mexx Meerdink,id,AZ Alkmaar,,Eredivisie,Eredivisie
231667,Daniel Cataño,id,Bolívar,,División de Fútbol Profesional,Libertadores
233822,Julián Millán,id,Club Nacional de Football,,Primera División,Libertadores
241171,Armando Obispo,id,PSV,,Eredivisie,Eredivisie
263603,Oussama Targhalline,id,Feyenoord,,Eredivisie,Eredivisie
263883,Jonathan Dubasin,id,Real Sporting de Gijón,R. Sporting,La Liga 2,LALIGA HYPERMOTION
264349,James McAtee,id,Nottingham Forest,Nott'm Forest,Premier League,Premier League
236498,Sam Lammers,id,FC Twente,,Eredivisie,Eredivisie
235029,Fedor Chalov,id,PAOK,PAOK FC,Super League,Hellas Liga
235526,Dennis Geiger,id,TSG 1899 Hoffenheim,TSG Hoffenheim,Bundesliga,Bundesliga
233400,Jakob Glesnes,id,Philadelphia Union,Philadelphia,Major League Soccer,MLS
236600,Japhet Tanganga,id,Sheffield United,Sheffield Utd,Championship,EFL Championship
239138,Jeong Woo Yeong,id,1. FC Union Berlin,Union Berlin,Bundesliga,Bundesliga
242267,Jorman Campuzano,id,Atlético Nacional,Atl. Nacional,Categoría Primera A,Libertadores
224019,Pedro Chirivella,id,Panathinaikos FC,Panathinaikos,Super League,Hellas Liga
233710,Lucas Di Yorio,id,Universidad de Chile,,Primera Division,Libertadores
275102,Soungoutou Magassa,id,West Ham United,West Ham,Premier League,Premier League
191856,Hernán Barcos,id,Alianza Lima,,Liga 1,Libertadores
212692,Rony Lopes,id,CD Tondela,,Primeira Liga,Liga Portugal
255434,Julio César Enciso,id,RC Strasbourg Alsace,Strasbourg,Ligue 1,Ligue 1 McDonald's
224301,Karol Świderski,id,Panathinaikos FC,Panathinaikos,Super League,Hellas Liga
247228,Dayne St. Clair,id,Minnesota United FC,Minnesota United,Major League Soccer,MLS
235955,Rafik Guitane,id,GD Estoril Praia,Estoril Praia,Primeira Liga,Liga Portugal
256033,Emirhan Topçu,id,Beşiktaş JK,Beşiktaş,Süper Lig,Trendyol Süper Lig
256343,Robson Bambu,id,Sporting Clube de Braga,SC Braga,Primeira Liga,Liga Portugal
239881,Danilo,id,Rangers FC,Rangers,Premiership,Scottish Prem
260930,Kiliann Sildillia,id,PSV,,Eredivisie,Eredivisie
267681,Nicolás Valentini,id,Hellas Verona FC,Hellas Verona,Serie A,Serie A Enilive
75628,Fer López,id,Wolverhampton Wanderers,Wolves,Premier League,Premier League
232132,Joaquín,id,Sporting Kansas City,Sporting KC,Major League Soccer,MLS
265577,Fisnik Asllani,id,TSG 1899 Hoffenheim,TSG Hoffenheim,Bundesliga,Bundesliga
207877,Josef Martínez,id,San Jose Earthquakes,SJ Earthquakes,Major League Soccer,MLS
222262,Cyriel Dessers,id,Panathinaikos FC,Panathinaikos,Super League,Hellas Liga
236690,Michael Ngadeu,id,Beijing Guoan,Beijing FC,Super League,CSL
255529,El Bilal Touré,id,Beşiktaş JK,Beşiktaş,Süper Lig,Trendyol Süper Lig
222729,Gustavo,id,Shanghai Port,Shanghai Port FC,Super League,CSL
227558,Jordan Siebatcheu,id,CD Tondela,,Primeira Liga,Liga Portugal
239323,Dennis Eckert Ayensa,id,Standard de Liège,Standard Liège,Pro League,1A Pro League
245540,Stratos Svarnas,id,Raków Częstochowa,Raków,Ekstraklasa,PKO BP Ekstraklasa
227394,Carlos González,id,Newell's Old Boys,Newell's,Liga Profesional de Fútbol,LPF
241821,Mohamed Bayo,id,Gaziantep FK,Gaziantep,Süper Lig,Trendyol Süper Lig
266337,Victor Eriksson,id,Hammarby Fotboll,Hammarby IF,Allsvenskan,Allsvenskan
259608,Evan Ferguson,id,Roma,AS Roma,Serie A,Serie A Enilive
208462,Robin Pröpper,id,FC Twente,,Eredivisie,Eredivisie
268621,Gastón Hernández,id,San Lorenzo de Almagro,San Lorenzo,Liga Profesional de Fútbol,LPF
212002,Haris Tabaković,id,Borussia Mönchengladbach,M'gladbach,Bundesliga,Bundesliga
219180,Dani Calvo,id,Real Oviedo,R. Oviedo,La Liga,LALIGA EA SPORTS
246696,Gustavo Velázquez,id,Cerro Porteño,,División Profesional,Libertadores
215651,Samir Caetano,id,Al-Najma SC,,Pro League,ROSHN Saudi League
262237,Arouna Sangante,id,Le Havre AC,Havre AC,Ligue 1,Ligue 1 McDonald's
241031,Facundo Garcés,id,Deportivo Alavés,D. Alavés,La Liga,LALIGA EA SPORTS
261647,Andrew Omobamidele,id,RC Strasbourg Alsace,Strasbourg,Ligue 1,Ligue 1 McDonald's
273123,Nathan Zézé,id,NEOM SC,Neom,Pro League,ROSHN Saudi League
269934,Santiago Núñez,id,Estudiantes de La Plata,Estudiantes,Liga Profesional de Fútbol,LPF
233201,Chris Mepham,id,West Bromwich Albion,West Brom,Championship,EFL Championship
201841,Noë Dussenne,id,Oud-Heverlee Leuven,OH Leuven,Pro League,1A Pro League
216481,Jake Cooper,id,Millwall FC,Millwall,Championship,EFL Championship
248278,Justin de Haas,id,Famalicão,FC Famalicão,Primeira Liga,Liga Portugal
269246,Mike Eerdhuijzen,id,FC Utrecht,,Eredivisie,Eredivisie
202750,Willy Boly,id,Nottingham Forest,Nott'm Forest,Premier League,Premier League
203487,Jamaal Lascelles,id,Newcastle United,Newcastle Utd,Premier League,Premier League
228290,Julien Laporte,id,Montpellier HSC,Montpellier,Ligue 2,Ligue 2 BKT
220175,Olivier Kemen,id,Medipol Başakşehir FK,Başakşehir,Süper Lig,Trendyol Süper Lig
238235,Hugo Vetlesen,id,Club Brugge KV,Club Brugge,Pro League,1A Pro League
244874,Filippo Ranocchia,id,Palermo FC,Palermo,Serie B,Serie BKT
186190,Patrick van Aanholt,id,Sparta Rotterdam,,Eredivisie,Eredivisie
203535,Tonny Vilhena,id,Panathinaikos FC,Panathinaikos,Super League,Hellas Liga
260876,Maurits Kjaergaard,id,FC Red Bull Salzburg,RB Salzburg,Bundesliga,Ö. Bundesliga
246562,Deian Sorescu,id,Gaziantep FK,Gaziantep,Süper Lig,Trendyol Süper Lig
208480,Chow Tim,id,Chengdu Rongcheng,Chengdu FC,Super League,CSL
212484,Wes Burns,id,Ipswich Town,Ipswich,Championship,EFL Championship
274952,Oscar Højlund,id,Eintracht Frankfurt,Frankfurt,Bundesliga,Bundesliga
239361,Dani de Wit,id,FC Utrecht,,Eredivisie,Eredivisie
262644,Cebrail Makreckis,id,Ferencvárosi Torna Club,Ferencvárosi TC,Nemzeti Bajnokság I,Magyar Liga
221969,Filip Mladenović,id,Panathinaikos FC,Panathinaikos,Super League,Hellas Liga
260593,Gonzalo Abrego,id,Godoy Cruz,,Liga Profesional de Fútbol,LPF
202489,Dimitri Bisoli,id,Cesena FC,Cesena,Serie B,Serie BKT
213301,Sascha Horvath,id,LASK Linz,LASK,Bundesliga,Ö. Bundesliga
239512,Melle Meulensteen,id,Go Ahead Eagles,,Eredivisie,Eredivisie
244318,Loïc Lapoussin,id,Sint-Truidense VV,STVV,Pro League,1A Pro League
244895,Alhassan Yusuf,id,New England Revolution,New England,Major League Soccer,MLS
247093,Sebastián Pedroza,id,Al Akhdoud Saudi Club,,Pro League,ROSHN Saudi League
228645,Lukas Görtler,id,FC St.Gallen 1879,FC St. Gallen,Super League,Brack Super League
234795,Antoine Bernede,id,Hellas Verona FC,Hellas Verona,Serie A,Serie A Enilive
241937,Abdou Harroui,id,Hellas Verona FC,Hellas Verona,Serie A,Serie A Enilive
190199,Óscar Sielva,id,SD Huesca,,La Liga 2,LALIGA HYPERMOTION
205633,Lucas Castro,id,Gimnasia y Esgrima La Plata,Gimnasia,Liga Profesional de Fútbol,LPF
253409,Gift Links,id,Aarhus Gymnastikforening,AGF,Superliga,3F Superliga
255233,Tomáš Suslov,id,Hellas Verona FC,Hellas Verona,Serie A,Serie A Enilive
71013,Lucas Cepeda,id,Colo-Colo,,Primera Division,Libertadores
221488,Ryan Hollingshead,id,Los Angeles FC,LAFC,Major League Soccer,MLS
228279,Joël Drommel,id,Sparta Rotterdam,,Eredivisie,Eredivisie
224348,Lucas Hoyos,id,Newell's Old Boys,Newell's,Liga Profesional de Fútbol,LPF
225071,Ben Whiteman,id,Preston North End,Preston,Championship,EFL Championship
239679,Pasquale Mazzocchi,id,Napoli,SSC Napoli,Serie A,Serie A Enilive
224980,Marnon Busch,id,1. FC Heidenheim 1846,Heidenheim,Bundesliga,Bundesliga
253970,Connor Barron,id,Rangers FC,Rangers,Premiership,Scottish Prem
269153,Anton Gaaei,id,Ajax,,Eredivisie,Eredivisie
270072,Morlaye Sylla,id,Damac FC,,Pro League,ROSHN Saudi League
277871,Demir Ege Tıknaz,id,Beşiktaş JK,Beşiktaş,Süper Lig,Trendyol Süper Lig
222709,Petros,id,Al Akhdoud Saudi Club,,Pro League,ROSHN Saudi League
212226,Dan Nistor,id,Universitatea Cluj,FC Univ. Cluj,Liga I,SUPERLIGA
215155,Fernando Zuqui,id,Universidad Católica,Uni. Católica,Primera Division,Liga Chile
229575,Daniel Mancini,id,Panathinaikos FC,Panathinaikos,Super League,Hellas Liga
236572,Owen Wijndal,id,Ajax,,Eredivisie,Eredivisie
188537,Loïc Négo,id,Le Havre AC,Havre AC,Ligue 1,Ligue 1 McDonald's
229071,Karim Onisiwo,id,FC Red Bull Salzburg,RB Salzburg,Bundesliga,Ö. Bundesliga
231423,Casper De Norre,id,Millwall FC,Millwall,Championship,EFL Championship
224540,Emmanuel Boateng,id,Gaziantep FK,Gaziantep,Süper Lig,Trendyol Süper Lig
233631,Amath Ndiaye,id,Real Valladolid CF,R. Valladolid CF,La Liga 2,LALIGA HYPERMOTION
235634,Ghislain Konan,id,Gil Vicente FC,Gil Vicente,Primeira Liga,Liga Portugal
224317,Javier Cabrera,id,Peñarol,,Primera División,Libertadores
244316,Luís Maximiano,id,NEOM SC,UD Almería,Pro League,LALIGA HYPERMOTION
256287,Facundo Farías,id,Estudiantes de La Plata,Estudiantes,Liga Profesional de Fútbol,LPF
194934,Dani Jiménez,id,SD Huesca,,La Liga 2,LALIGA HYPERMOTION
212755,Jorrit Hendrix,id,SC Preußen Münster,Preußen Münster,2. Bundesliga,Bundesliga 2
216325,Angus Gunn,id,Nottingham Forest,Nott'm Forest,Premier League,Premier League
219797,Roger Martínez,id,Al Taawoun FC,Al Taawoun,Pro League,ROSHN Saudi League
237242,Felipe Román,id,Atlético Nacional,Atl. Nacional,Categoría Primera A,Libertadores
70020,Mathis Amougou,id,RC Strasbourg Alsace,Strasbourg,Ligue 1,Ligue 1 McDonald's
222900,Warner Hahn,id,Hammarby Fotboll,Hammarby IF,Allsvenskan,Allsvenskan
241487,Jesús Ferreira,id,Seattle Sounders FC,Sounders FC,Major League Soccer,MLS
251132,Ezequiel Piovi,id,Estudiantes de La Plata,Estudiantes,Liga Profesional de Fútbol,LPF
257271,Lucas Gourna-Douath,id,FC Red Bull Salzburg,RB Salzburg,Bundesliga,Ö. Bundesliga
260558,Reda Khadra,id,Le Havre AC,Havre AC,Ligue 1,Ligue 1 McDonald's
275291,Niccolò Pisilli,id,Roma,AS Roma,Serie A,Serie A Enilive
73885,Charalampos Kostoulas,id,Brighton & Hove Albion,Brighton,Premier League,Premier League
227278,Gustav Berggren,id,New York Red Bulls,Red Bulls,Major League Soccer,MLS
234728,László Bénes,id,Kayserispor,,Süper Lig,Trendyol Süper Lig
237335,Grigoris Kastanos,id,Hellas Verona FC,Hellas Verona,Serie A,Serie A Enilive
246236,Ezequiel Centurión,id,Independiente Rivadavia,Ind. Rivadavia,Liga Profesional de Fútbol,LPF
264796,Jairo Concha,id,Universitario de Deportes,,Liga 1,Libertadores
201368,Kenny McLean,id,Norwich City,Norwich,Championship,EFL Championship
215086,Brayan Cortés,id,Peñarol,,Primera División,Libertadores
227978,Marvin Mehlem,id,DSC Arminia Bielefeld,Arminia Bielefeld,2. Bundesliga,Bundesliga 2
252931,Luka Ivanušec,id,PAOK,PAOK FC,Super League,Hellas Liga
202089,Luis Mejía,id,Club Nacional de Football,,Primera División,Libertadores
216055,Federico Carrizo,id,Cerro Porteño,,División Profesional,Libertadores
190195,Mamadou Samassa,id,Stade Lavallois Mayenne FC,Laval MFC,Ligue 2,Ligue 2 BKT
201303,Rasmus Falk,id,Odense Boldklub,Odense BK,Superliga,3F Superliga
221282,Jack Stacey,id,Norwich City,Norwich,Championship,EFL Championship
252179,Jakub Markovič,id,SK Slavia Praha,Slavia Praha,První liga,Česká Liga
262790,Mats Deijl,id,Go Ahead Eagles,,Eredivisie,Eredivisie
265459,Tyler Morton,id,Olympique Lyonnais,OL,Ligue 1,Ligue 1 McDonald's
274246,Lewis Miley,id,Newcastle United,Newcastle Utd,Premier League,Premier League
247076,Christian Oliva,id,Club Nacional de Football,,Primera División,Libertadores
260474,Kim Bong Soo,id,Daejeon Citizen,Daejeon Hana,K League 1,K League 1
216814,Salih Uçan,id,Beşiktaş JK,Beşiktaş,Süper Lig,Trendyol Süper Lig
223633,Leart Paqarada,id,1. FC Heidenheim 1846,Heidenheim,Bundesliga,Bundesliga
227477,Facundo Altamirano,id,San Lorenzo de Almagro,San Lorenzo,Liga Profesional de Fútbol,LPF
279731,Gabriel Moscardo,id,Sporting Clube de Braga,SC Braga,Primeira Liga,Liga Portugal
224263,Jonjoe Kenny,id,PAOK,PAOK FC,Super League,Hellas Liga
242084,Carlos Miguel Coronel,id,New York Red Bulls,Red Bulls,Major League Soccer,MLS
246817,Javier Méndez,id,Peñarol,,Primera División,Libertadores
259921,Victor Edvardsen,id,Go Ahead Eagles,,Eredivisie,Eredivisie
266624,Tadeo Allende,id,Inter Miami,Inter Miami CF,Major League Soccer,MLS
268395,Vladyslav Kochergin,id,Raków Częstochowa,Raków,Ekstraklasa,PKO BP Ekstraklasa
210864,Elseid Hysaj,id,Lazio,Latium,Serie A,Serie A Enilive
217097,Romulo Otero,id,Club Nacional de Football,,Primera División,Libertadores
225395,Ezkieta,id,Racing Santander,R. Racing Club,La Liga 2,LALIGA HYPERMOTION
234045,Henry Onyekuru,id,Gençlerbirliği SK,Gençlerbirliği,Süper Lig,Trendyol Süper Lig
237916,Will Smallbone,id,Millwall FC,Millwall,Championship,EFL Championship
246919,Tomáš Čvančara,id,Antalyaspor,,Süper Lig,Trendyol Süper Lig
256781,Luca Netz,id,Borussia Mönchengladbach,M'gladbach,Bundesliga,Bundesliga
78784,Mateo Chávez,id,AZ Alkmaar,,Eredivisie,Eredivisie
208053,Dimitrios Pelkas,id,PAOK,PAOK FC,Super League,Hellas Liga
225701,Pedro Gallese,id,Orlando City SC,Orlando City,Major League Soccer,MLS
263929,Matteo Cancellieri,id,Lazio,Latium,Serie A,Serie A Enilive
71532,Kees Smit,id,AZ Alkmaar,,Eredivisie,Eredivisie
186680,Raúl Fernández,id,Deportivo Alavés,D. Alavés,La Liga,LALIGA EA SPORTS
205347,Massimo Luongo,id,Millwall FC,Millwall,Championship,EFL Championship
226035,Jordan Morris,id,Seattle Sounders FC,Sounders FC,Major League Soccer,MLS
226798,Mauricio Martínez,id,Club Atlético Unión,Unión,Liga Profesional de Fútbol,LPF
233189,Devis Vásquez,id,Roma,AS Roma,Serie A,Serie A Enilive
241941,Stanley Nsoki,id,1. FC Union Berlin,Union Berlin,Bundesliga,Bundesliga
216054,Nery Domínguez,id,San Lorenzo de Almagro,San Lorenzo,Liga Profesional de Fútbol,LPF
262300,Ilyas Chaira,id,Real Oviedo,R. Oviedo,La Liga,LALIGA EA SPORTS
213577,Puertas,id,Albacete Balompié,Albacete BP,La Liga 2,LALIGA HYPERMOTION
246145,Ignacio Aliseda,id,Cerro Porteño,,División Profesional,Libertadores
250997,José Gragera,id,RC Deportivo de La Coruña,RC Deportivo,La Liga 2,LALIGA HYPERMOTION
278228,Elias Baum,id,Eintracht Frankfurt,Frankfurt,Bundesliga,Bundesliga
219848,David Costas,id,Real Oviedo,R. Oviedo,La Liga,LALIGA EA SPORTS
240060,Max Aarons,id,Rangers FC,Rangers,Premiership,Scottish Prem
243491,César Gelabert,id,Real Sporting de Gijón,R. Sporting,La Liga 2,LALIGA HYPERMOTION
245370,Ersin Destanoğlu,id,Beşiktaş JK,Beşiktaş,Süper Lig,Trendyol Süper Lig
250724,Nathan Ngoumou,id,Borussia Mönchengladbach,M'gladbach,Bundesliga,Bundesliga
208592,Mark Delgado,id,Los Angeles FC,LAFC,Major League Soccer,MLS
239816,Nico Mantl,id,FC Arouca,Arouca,Primeira Liga,Liga Portugal
241842,Ben Johnson,id,Ipswich Town,Ipswich,Championship,EFL Championship
244513,Ibrahim Sadiq,id,AZ Alkmaar,,Eredivisie,Eredivisie
244656,Yohei Takaoka,id,Vancouver Whitecaps FC,Whitecaps FC,Major League Soccer,MLS
248356,Thierno Ballo,id,Millwall FC,Millwall,Championship,EFL Championship
277482,Leo Sauer,id,Feyenoord,,Eredivisie,Eredivisie
193794,Villalibre,id,Racing Santander,R. Racing Club,La Liga 2,LALIGA HYPERMOTION
196885,Carlos Lampe,id,Bolívar,,División de Fútbol Profesional,Libertadores
199435,Pier Barrios,id,FBC Melgar,,Liga 1,Sudamericana
219941,Gabriel Castellón,id,Universidad de Chile,,Primera Division,Libertadores
248049,Claudiu Petrila,id,Rapid Bucuresti,FC Rapid 1923,Liga I,SUPERLIGA
252108,Anouar Ait El Hadj,id,Union Saint-Gilloise,R. Union St.-G.,Pro League,1A Pro League
262221,Luciano Valente,id,Feyenoord,,Eredivisie,Eredivisie
239267,Afimico Pululu,id,Jagiellonia Białystok,Jagiellonia,Ekstraklasa,PKO BP Ekstraklasa
239669,Jonathan Levi,id,Ferencvárosi Torna Club,Ferencvárosi TC,Nemzeti Bajnokság I,Magyar Liga
240783,Tyrese Campbell,id,Sheffield United,Sheffield Utd,Championship,EFL Championship
274445,Karim Konaté,id,FC Red Bull Salzburg,RB Salzburg,Bundesliga,Ö. Bundesliga
213815,Mikael Uhre,id,Philadelphia Union,Philadelphia,Major League Soccer,MLS
259170,Rodrigo Gomes,id,Wolverhampton Wanderers,Wolves,Premier League,Premier League
205990,Harrison Reed,id,Fulham FC,Fulham,Premier League,Premier League
256441,Vicente Pizarro,id,Colo-Colo,,Primera Division,Libertadores
258390,Ivo Grbić,id,Fatih Karagümrük,,Süper Lig,Trendyol Süper Lig
258936,Lukas Hornicek,id,Sporting Clube de Braga,SC Braga,Primeira Liga,Liga Portugal
261495,Soumaila Coulibaly,id,RC Strasbourg Alsace,Strasbourg,Ligue 1,Ligue 1 McDonald's
71305,Joaquin Seys,id,Club Brugge KV,Club Brugge,Pro League,1A Pro League
218066,Ally Samatta,id,Le Havre AC,Havre AC,Ligue 1,Ligue 1 McDonald's
241130,Ignatius Ganago,id,New England Revolution,New England,Major League Soccer,MLS
245238,Javi Sánchez,id,Real Valladolid CF,R. Valladolid CF,La Liga 2,LALIGA HYPERMOTION
253136,Giannis Michailidis,id,PAOK,PAOK FC,Super League,Hellas Liga
253239,Matías Espinoza,id,Libertad,,División Profesional,Libertadores
262414,André Franco,id,Chicago Fire,Chicago Fire FC,Major League Soccer,MLS
270038,Justin Hammel,id,Grasshopper Club Zürich,GC Zürich,Super League,Brack Super League
190569,Stefan Frei,id,Seattle Sounders FC,Sounders FC,Major League Soccer,MLS
234970,David Terans,id,Peñarol,,Primera División,Libertadores
243876,Mads Frøkjær,id,Preston North End,Preston,Championship,EFL Championship
267784,Iván Leguizamón,id,Club Olimpia,,División Profesional,Libertadores
236639,Xeka,id,GD Estoril Praia,Estoril Praia,Primeira Liga,Liga Portugal
228738,Jhon Murillo,id,América de Cali,,Categoría Primera A,Sudamericana
233602,George Hirst,id,Ipswich Town,Ipswich,Championship,EFL Championship
234054,Carlos Cáceda,id,FBC Melgar,,Liga 1,Sudamericana
236241,Guillermo Viscarra,id,Alianza Lima,,Liga 1,Libertadores
242004,Jeon Jin Woo,id,Jeonbuk Hyundai Motors,Jeonbuk Hyundai,K League 1,K League 1
251229,Kelvin Yeboah,id,Minnesota United FC,Minnesota United,Major League Soccer,MLS
223877,Darnell Furlong,id,Ipswich Town,Ipswich,Championship,EFL Championship
243169,Yanis Begraoui,id,GD Estoril Praia,Estoril Praia,Primeira Liga,Liga Portugal
73453,Gustavo Garcia,id,Famalicão,FC Famalicão,Primeira Liga,Liga Portugal
251922,Soberón,id,Real Zaragoza,,La Liga 2,LALIGA HYPERMOTION
241601,Cristian Barrios,id,América de Cali,,Categoría Primera A,Sudamericana
243759,Ignacio Arce,id,Deportivo Riestra,Dep. Riestra,Liga Profesional de Fútbol,LPF
251292,Florian Kastenmeier,id,Fortuna Düsseldorf,Düsseldorf,2. Bundesliga,Bundesliga 2
262416,Chiquinho,id,Alverca,FC Alverca,Primeira Liga,Liga Portugal
263649,Tim Oberdorf,id,Fortuna Düsseldorf,Düsseldorf,2. Bundesliga,Bundesliga 2
269953,Bojan Miovski,id,Rangers FC,Rangers,Premiership,Scottish Prem
221860,Carlos Gruezo,id,LDU Quito,,Serie A,Libertadores
225532,Ibrahim Cissé,id,Ferencvárosi Torna Club,Ferencvárosi TC,Nemzeti Bajnokság I,Magyar Liga
244218,Jari De Busser,id,Go Ahead Eagles,,Eredivisie,Eredivisie
79338,Gaoussou Diarra,id,Feyenoord,,Eredivisie,Eredivisie
214986,Fernando Meza,id,CD Palestino,,Primera Division,Sudamericana
220739,Junior Sornoza,id,Independiente del Valle,,Serie A,Libertadores
235375,Aldair Quintana,id,Atlético Bucaramanga,,Categoría Primera A,Libertadores
244676,Jasper Schendelaar,id,PEC Zwolle,,Eredivisie,Eredivisie
245870,Haissem Hassan,id,Real Oviedo,R. Oviedo,La Liga,LALIGA EA SPORTS
259163,Mees Hilgers,id,FC Twente,,Eredivisie,Eredivisie
192991,Cenk Tosun,id,Fenerbahçe SK,Fenerbahçe,Süper Lig,Trendyol Süper Lig
213846,Cristián Suárez,id,CD Palestino,,Primera Division,Sudamericana
224763,Krystian Bielik,id,West Bromwich Albion,West Brom,Championship,EFL Championship
231596,José Contreras,id,Barcelona de Guayaquil,,Serie A,Libertadores
266237,Paul Wanner,id,PSV,,Eredivisie,Eredivisie
235161,Josh Maja,id,West Bromwich Albion,West Brom,Championship,EFL Championship
243047,Alejandro Marqués,id,GD Estoril Praia,Estoril Praia,Primeira Liga,Liga Portugal
72159,Mikey Moore,id,Rangers FC,Rangers,Premiership,Scottish Prem
237138,Youssef Maziz,id,Oud-Heverlee Leuven,OH Leuven,Pro League,1A Pro League
229436,Stefan Gartenmann,id,Ferencvárosi Torna Club,Ferencvárosi TC,Nemzeti Bajnokság I,Magyar Liga
253385,Federico Viñas,id,Real Oviedo,R. Oviedo,La Liga,LALIGA EA SPORTS
260404,Zaid Romero,id,Club Brugge KV,Club Brugge,Pro League,1A Pro League
277178,Oumar Diakité,id,Cercle Brugge KSV,Cercle Brugge,Pro League,1A Pro League
215353,Lucas Alario,id,Estudiantes de La Plata,Estudiantes,Liga Profesional de Fútbol,LPF
226419,Fabián Sambueza,id,Atlético Bucaramanga,,Categoría Primera A,Libertadores
235416,Maximilian Entrup,id,LASK Linz,LASK,Bundesliga,Ö. Bundesliga
238505,Mikey Johnston,id,West Bromwich Albion,West Brom,Championship,EFL Championship
264160,Pablo Ibáñez,id,Deportivo Alavés,D. Alavés,La Liga,LALIGA EA SPORTS
274699,Stefanos Tzimas,id,Brighton & Hove Albion,Brighton,Premier League,Premier League
199577,Sergi Gómez,id,Alverca,FC Alverca,Primeira Liga,Liga Portugal
231391,João Carvalho,id,GD Estoril Praia,Estoril Praia,Primeira Liga,Liga Portugal
236956,Joe Abrigo,id,CD Palestino,,Primera Division,Sudamericana
269003,Abakar Sylla,id,RC Strasbourg Alsace,Strasbourg,Ligue 1,Ligue 1 McDonald's
198347,Franco Jara,id,Belgrano de Córdoba,Belgrano,Liga Profesional de Fútbol,LPF
234827,Jacob Rasmussen,id,FC Red Bull Salzburg,RB Salzburg,Bundesliga,Ö. Bundesliga
241710,Jerome Opoku,id,Medipol Başakşehir FK,Başakşehir,Süper Lig,Trendyol Süper Lig
263180,Tai Baribo,id,Philadelphia Union,Philadelphia,Major League Soccer,MLS
264035,Jesurun Rak-Sakyi,id,Çaykur Rizespor,Crystal Palace,Süper Lig,Premier League
267406,Maximiliano Silvera,id,Peñarol,,Primera División,Libertadores
266453,Gonçalo Borges,id,Feyenoord,,Eredivisie,Eredivisie
230871,Rodrigo Holgado,id,América de Cali,,Categoría Primera A,Sudamericana
237633,Budu Zivzivadze,id,1. FC Heidenheim 1846,Heidenheim,Bundesliga,Bundesliga
277975,Parfait Guiagon,id,Royal Charleroi Sporting Club,Sp. Charleroi,Pro League,1A Pro League
226958,Ronivaldo,id,Blau-Weiß Linz,Blau-Weiss Linz,Bundesliga,Ö. Bundesliga
277799,Andrej Ilić,id,1. FC Union Berlin,Union Berlin,Bundesliga,Bundesliga
279786,Marino Hinestroza,id,Atlético Nacional,Atl. Nacional,Categoría Primera A,Libertadores
253121,Issa Soumaré,id,Le Havre AC,Havre AC,Ligue 1,Ligue 1 McDonald's
259251,Alex Valera,id,Universitario de Deportes,,Liga 1,Libertadores
213374,Aderllan Santos,id,AVS Futebol SAD,,Primeira Liga,Liga Portugal
223685,Octavio Rivero,id,Barcelona de Guayaquil,,Serie A,Libertadores
211561,Cassiano,id,Casa Pia,Casa Pia AC,Primeira Liga,Liga Portugal
225161,Vallejo,id,Albacete Balompié,Albacete BP,La Liga 2,LALIGA HYPERMOTION
214769,Federico Rasmussen,id,Godoy Cruz,,Liga Profesional de Fútbol,LPF
258812,Tim Siersleben,id,1. FC Heidenheim 1846,Heidenheim,Bundesliga,Bundesliga
263417,Paul Joly,id,1. FC Kaiserslautern,Kaiserslautern,2. Bundesliga,Bundesliga 2
256666,Yerson Mosquera,id,Wolverhampton Wanderers,Wolves,Premier League,Premier League
264702,Kota Takai,id,Tottenham Hotspur,Spurs,Premier League,Premier League
256459,Jesper Daland,id,Fortuna Düsseldorf,Düsseldorf,2. Bundesliga,Bundesliga 2
263163,Kouame Autonne,id,Al Ain,Al Ain FC,Pro League,United Emirates League
230737,Tobias Lauritsen,id,Sparta Rotterdam,,Eredivisie,Eredivisie
215147,Lautaro Giannetti,id,Antalyaspor,,Süper Lig,Trendyol Süper Lig
253568,Leonardo Campana,id,New England Revolution,New England,Major League Soccer,MLS
191083,Patrick Mortensen,id,Aarhus Gymnastikforening,AGF,Superliga,3F Superliga
235572,Ross Sykes,id,Union Saint-Gilloise,R. Union St.-G.,Pro League,1A Pro League
230774,Jake Clarke-Salter,id,Queens Park Rangers,QPR,Championship,EFL Championship
235004,Gastón Suso,id,Gimnasia y Esgrima La Plata,Gimnasia,Liga Profesional de Fútbol,LPF
240138,Williams Riveros,id,Universitario de Deportes,,Liga 1,Libertadores
275371,Alan Saldivia,id,Colo-Colo,,Primera Division,Libertadores
195086,Dejan Lovren,id,PAOK,PAOK FC,Super League,Hellas Liga
229703,Dimitrios Goutas,id,Gençlerbirliği SK,Gençlerbirliği,Süper Lig,Trendyol Süper Lig
253341,Richard Schunke,id,Independiente del Valle,,Serie A,Libertadores
261737,Abdelkader Bedrane,id,Damac FC,,Pro League,ROSHN Saudi League
233814,Jhohan Romaña,id,San Lorenzo de Almagro,San Lorenzo,Liga Profesional de Fútbol,LPF
150525,Paolo Guerrero,id,Alianza Lima,,Liga 1,Libertadores
221955,Jonatan Torres,id,Cerro Porteño,,División Profesional,Libertadores
228363,Joris Kramer,id,Go Ahead Eagles,,Eredivisie,Eredivisie
237031,Bernardo Cuesta,id,FBC Melgar,,Liga 1,Sudamericana
239581,Rade Dugalić,id,Shenzhen Peng City,SZ Peng City,Super League,CSL
231828,Frederik Tingager,id,Aarhus Gymnastikforening,AGF,Superliga,3F Superliga
72425,Yoel Lago,id,RC Celta,Celta,La Liga,LALIGA EA SPORTS
171791,José Fonte,id,Casa Pia,Casa Pia AC,Primeira Liga,Liga Portugal
247497,Armel Bella-Kotchap,id,Hellas Verona FC,Hellas Verona,Serie A,Serie A Enilive
264820,Facundo Batista,id,Atlético Nacional,Atl. Nacional,Categoría Primera A,Libertadores
200519,Pulido,id,SD Huesca,,La Liga 2,LALIGA HYPERMOTION
215254,Luciano Lollo,id,Newell's Old Boys,Newell's,Liga Profesional de Fútbol,LPF
277695,Daniele Ghilardi,id,Roma,AS Roma,Serie A,Serie A Enilive
224854,Lucas Passerini,id,Belgrano de Córdoba,Belgrano,Liga Profesional de Fútbol,LPF
264449,Étienne Youté Kinkoué,id,Le Havre AC,Havre AC,Ligue 1,Ligue 1 McDonald's
238008,Jack Elliott,id,Chicago Fire,Chicago Fire FC,Major League Soccer,MLS
193011,Steve Cook,id,Queens Park Rangers,QPR,Championship,EFL Championship
253809,Emanuel Gularte,id,Peñarol,,Primera División,Libertadores
228959,Fernando Alarcón,id,Instituto Atlético Central Córdoba,Instituto,Liga Profesional de Fútbol,LPF
253304,Nicolás Fernández,id,Godoy Cruz,,Liga Profesional de Fútbol,LPF
254822,Fran Tudor,id,Raków Częstochowa,Raków,Ekstraklasa,PKO BP Ekstraklasa
213209,Kellyn Acosta,id,Chicago Fire,Chicago Fire FC,Major League Soccer,MLS
243000,Nicușor Bancu,id,Universitatea Craiova,Univ. Craiova,Liga I,SUPERLIGA
251025,Larrazabal,id,Casa Pia,Casa Pia AC,Primeira Liga,Liga Portugal
211274,Martín Pérez Guedes,id,Universitario de Deportes,,Liga 1,Libertadores
223717,Dorukhan Toköz,id,Kayserispor,,Süper Lig,Trendyol Süper Lig
216036,Rafael Delgado,id,Defensa y Justicia,Defensa,Liga Profesional de Fútbol,LPF
234457,Oghenekaro Etebo,id,Gençlerbirliği SK,Gençlerbirliği,Süper Lig,Trendyol Süper Lig
212187,Philipp Max,id,Panathinaikos FC,Panathinaikos,Super League,Hellas Liga
214006,Yerson Candelo,id,América de Cali,,Categoría Primera A,Sudamericana
241833,Kevin Gutiérrez,id,Defensa y Justicia,Defensa,Liga Profesional de Fútbol,LPF
265671,Dani Tasende,id,Real Zaragoza,,La Liga 2,LALIGA HYPERMOTION
228961,Mauro Pittón,id,Club Atlético Unión,Unión,Liga Profesional de Fútbol,LPF
237566,Kristoffer Zachariassen,id,Ferencvárosi Torna Club,Ferencvárosi TC,Nemzeti Bajnokság I,Magyar Liga
260877,Villares,id,RC Deportivo de La Coruña,RC Deportivo,La Liga 2,LALIGA HYPERMOTION
216270,George Honeyman,id,Blackpool FC,Blackpool,League One,EFL League One
223755,Marlon Ritter,id,1. FC Kaiserslautern,Kaiserslautern,2. Bundesliga,Bundesliga 2
225478,Sai Erjiniao,id,Beijing Guoan,Beijing FC,Super League,CSL
246803,DeJuan Jones,id,San Jose Earthquakes,SJ Earthquakes,Major League Soccer,MLS
264516,Bongokuhle Hlongwane,id,Minnesota United FC,Minnesota United,Major League Soccer,MLS
212214,Augusto Solari,id,Club Atlético Unión,Unión,Liga Profesional de Fútbol,LPF
239148,Franko Andrijašević,id,Zhejiang FC,Zhejiang Pro,Super League,CSL
252544,Levent Mercan,id,Fenerbahçe SK,Fenerbahçe,Süper Lig,Trendyol Süper Lig
253322,Leonel Quiñonez,id,LDU Quito,,Serie A,Libertadores
182896,Roberto Rosales,id,Deportivo Táchira,,Primera Division,Libertadores
220624,Lucas Acosta,id,Club Atlético Sarmiento,Sarmiento,Liga Profesional de Fútbol,LPF
225204,Raúl Guti,id,Real Zaragoza,,La Liga 2,LALIGA HYPERMOTION
225266,Mathias Rasmussen,id,Union Saint-Gilloise,R. Union St.-G.,Pro League,1A Pro League
232490,Ryotaro Ito,id,Sint-Truidense VV,STVV,Pro League,1A Pro League
238767,Javier Altamirano,id,Universidad de Chile,,Primera Division,Libertadores
252239,Lucas González,id,Defensa y Justicia,Defensa,Liga Profesional de Fútbol,LPF
273028,Mateo Del Blanco,id,Club Atlético Unión,Unión,Liga Profesional de Fútbol,LPF
224013,Sergi Canós,id,Real Valladolid CF,R. Valladolid CF,La Liga 2,LALIGA HYPERMOTION
241085,Lino Tempelmann,id,Eintracht Braunschweig,Braunschweig,2. Bundesliga,Bundesliga 2
262968,Archie Brown,id,Fenerbahçe SK,Fenerbahçe,Süper Lig,Trendyol Süper Lig
200689,Ryan Leonard,id,Millwall FC,Millwall,Championship,EFL Championship
233529,Fernando Gaibor,id,Alianza Lima,,Liga 1,Libertadores
238222,Felix Beijmo,id,Aarhus Gymnastikforening,AGF,Superliga,3F Superliga
255876,Alfonso Trezza,id,FC Arouca,Arouca,Primeira Liga,Liga Portugal
225706,Miguel Trauco,id,Alianza Lima,,Liga 1,Libertadores
227794,Calvin Verdonk,id,Lille OSC,LOSC Lille,Ligue 1,Ligue 1 McDonald's
229207,Àlex Corredera,id,Real Sporting de Gijón,R. Sporting,La Liga 2,LALIGA HYPERMOTION
234134,Flavio,id,Al Taawoun FC,Al Taawoun,Pro League,ROSHN Saudi League
253249,José Florentín,id,Central Cordoba SdE,Central Córdoba,Liga Profesional de Fútbol,LPF
261991,Adis Jašić,id,Al Ain,Al Ain FC,Pro League,United Emirates League
236679,Melendo,id,Shanghai Port,Shanghai Port FC,Super League,CSL
210831,Birger Verstraete,id,Oud-Heverlee Leuven,OH Leuven,Pro League,1A Pro League
234740,Mo El Hankouri,id,Standard de Liège,Standard Liège,Pro League,1A Pro League
243223,Nicolas Madsen,id,Queens Park Rangers,QPR,Championship,EFL Championship
244517,Elvis Sarić,id,Qingdao Hainiu FC,Qingdao Hainiu,Super League,CSL
246914,Robert Rojas,id,Libertad,,División Profesional,Libertadores
70887,Gavriel Kanichowsky,id,Ferencvárosi Torna Club,Ferencvárosi TC,Nemzeti Bajnokság I,Magyar Liga
211489,Jonatan Gómez,id,Club Atlético Sarmiento,Sarmiento,Liga Profesional de Fútbol,LPF
223724,Stefan Lainer,id,FC Red Bull Salzburg,RB Salzburg,Bundesliga,Ö. Bundesliga
238409,Marlon Fossey,id,Standard de Liège,Standard Liège,Pro League,1A Pro League
255109,David Tijanić,id,Al-Najma SC,,Pro League,ROSHN Saudi League
267602,Gastón Benedetti,id,Estudiantes de La Plata,Estudiantes,Liga Profesional de Fútbol,LPF
271219,Arbnor Muja,id,Sint-Truidense VV,STVV,Pro League,1A Pro League
212192,Julian Green,id,SpVgg Greuther Fürth,Fürth,2. Bundesliga,Bundesliga 2
240319,Timothy Tillman,id,Los Angeles FC,LAFC,Major League Soccer,MLS
263851,Alex Paulsen,id,Lechia Gdańsk,,Ekstraklasa,PKO BP Ekstraklasa
225189,Simone Bastoni,id,Cesena FC,Cesena,Serie B,Serie BKT
229459,Nicolas Schiavi,id,Carrarese,Carrarese Calcio,Serie B,Serie BKT
232709,Damian Batallini,id,Bolívar,,División de Fútbol Profesional,Libertadores
233510,Tahith Chong,id,Sheffield United,Sheffield Utd,Championship,EFL Championship
264452,Ringo Meerveld,id,SC Heerenveen,,Eredivisie,Eredivisie
265801,Kasey McAteer,id,Ipswich Town,Ipswich,Championship,EFL Championship
236662,Pavle Vagić,id,Hammarby Fotboll,Hammarby IF,Allsvenskan,Allsvenskan
245157,Stoichkov,id,RC Deportivo de La Coruña,RC Deportivo,La Liga 2,LALIGA HYPERMOTION
262815,Giannis Kotsiras,id,Panathinaikos FC,Panathinaikos,Super League,Hellas Liga
263693,Vicente Taborda,id,Panathinaikos FC,Panathinaikos,Super League,Hellas Liga
271063,Oliver Arblaster,id,Sheffield United,Sheffield Utd,Championship,EFL Championship
235398,Jean Carlos,id,Raków Częstochowa,Raków,Ekstraklasa,PKO BP Ekstraklasa
255781,Ricard,id,GD Estoril Praia,Estoril Praia,Primeira Liga,Liga Portugal
261261,Justo Giani,id,CA Aldosivi,Aldosivi,Liga Profesional de Fútbol,LPF
263393,Pablo Tomeo,id,Real Valladolid CF,R. Valladolid CF,La Liga 2,LALIGA HYPERMOTION
236260,Anderson Santamaría,id,Universitario de Deportes,,Liga 1,Libertadores
252000,Domagoj Bradarić,id,Hellas Verona FC,Hellas Verona,Serie A,Serie A Enilive
253327,Janner Corozo,id,Barcelona de Guayaquil,,Serie A,Libertadores
70832,Matheus Jussa,id,Shanghai Port,Shanghai Port FC,Super League,CSL
210671,Anthony Partipilo,id,SSC Bari,,Serie B,Serie BKT
231507,Alexis Soto,id,Defensa y Justicia,Defensa,Liga Profesional de Fútbol,LPF
235983,Álex Pozo,id,Jagiellonia Białystok,Jagiellonia,Ekstraklasa,PKO BP Ekstraklasa
238941,Jure Balkovec,id,Fatih Karagümrük,,Süper Lig,Trendyol Süper Lig
238980,Lukas Daschner,id,FC St.Gallen 1879,FC St. Gallen,Super League,Brack Super League
240252,Felipe Méndez,id,Colo-Colo,,Primera Division,Libertadores
243673,Park Jin Seob,id,Jeonbuk Hyundai Motors,Jeonbuk Hyundai,K League 1,K League 1
258602,Jon Morcillo,id,Albacete Balompié,Albacete BP,La Liga 2,LALIGA HYPERMOTION
187800,Mauricio Isla,id,Colo-Colo,,Primera Division,Libertadores
202905,Christoffer Nyman,id,IFK Norrköping,,Allsvenskan,Allsvenskan
203741,Thomas Delaine,id,Le Havre AC,Havre AC,Ligue 1,Ligue 1 McDonald's
212100,Max Lowe,id,Sheffield Wednesday,Sheffield Wed,Championship,EFL Championship
217805,Alexis Martín Arias,id,Cerro Porteño,,División Profesional,Libertadores
242335,Camilo Cándido,id,Atlético Nacional,Atl. Nacional,Categoría Primera A,Libertadores
214196,Daniel Bocanegra,id,América de Cali,,Categoría Primera A,Sudamericana
215132,Sebastián Moyano,id,CA Aldosivi,Aldosivi,Liga Profesional de Fútbol,LPF
257785,Marco Brescianini,id,Atalanta,Bergamo Calcio,Serie A,Serie A Enilive
254714,Juan Espínola,id,Newell's Old Boys,Newell's,Liga Profesional de Fútbol,LPF
198350,Daniel Bentley,id,Wolverhampton Wanderers,Wolves,Premier League,Premier League
214606,Sebastián Pérez,id,Casa Pia,Casa Pia AC,Primeira Liga,Liga Portugal
221445,Wu Lei,id,Shanghai Port,Shanghai Port FC,Super League,CSL
227659,Kim Jin Kyu,id,Jeonbuk Hyundai Motors,Jeonbuk Hyundai,K League 1,K League 1
259427,Patrick de Paula,id,GD Estoril Praia,Estoril Praia,Primeira Liga,Liga Portugal
75343,Joaquín Tobio Burgos,id,Estudiantes de La Plata,Estudiantes,Liga Profesional de Fútbol,LPF
192567,Matthias Zimmermann,id,Fortuna Düsseldorf,Düsseldorf,2. Bundesliga,Bundesliga 2
198023,Ximo Navarro,id,RC Deportivo de La Coruña,RC Deportivo,La Liga 2,LALIGA HYPERMOTION
220782,Marco Ilaimaharitra,id,Standard de Liège,Standard Liège,Pro League,1A Pro League
224336,Taras Romanczuk,id,Jagiellonia Białystok,Jagiellonia,Ekstraklasa,PKO BP Ekstraklasa
268728,Anass Salah-Eddine,id,PSV,,Eredivisie,Eredivisie
271477,Alessandro Bianco,id,PAOK,PAOK FC,Super League,Hellas Liga
277668,Frans Krätzig,id,FC Red Bull Salzburg,RB Salzburg,Bundesliga,Ö. Bundesliga
204234,Edgar Badia,id,Cultural Leonesa,,La Liga 2,LALIGA HYPERMOTION
251136,Horațiu Moldovan,id,Real Oviedo,R. Oviedo,La Liga,LALIGA EA SPORTS
262072,Jonathan Varane,id,Queens Park Rangers,QPR,Championship,EFL Championship
270084,Mehdi Dorval,id,SSC Bari,,Serie B,Serie BKT
277069,Luismi Cruz,id,RC Deportivo de La Coruña,RC Deportivo,La Liga 2,LALIGA HYPERMOTION
207641,Bryan Carrasco,id,CD Palestino,,Primera Division,Sudamericana
215103,Édson Puch,id,Deportes Iquique,,Primera Division,Sudamericana
231664,James Aguirre,id,Once Caldas,,Categoría Primera A,Sudamericana
244946,Iván Ramírez,id,Libertad,,División Profesional,Libertadores
259410,Álvaro Campuzano,id,Libertad,,División Profesional,Libertadores
260236,Nene Dorgeles,id,Fenerbahçe SK,Fenerbahçe,Süper Lig,Trendyol Süper Lig
270107,Luca Langoni,id,New England Revolution,New England,Major League Soccer,MLS
228271,Christofer Gonzáles,id,Sporting Cristal,,Liga 1,Libertadores
232148,Dániel Sallói,id,Sporting Kansas City,Sporting KC,Major League Soccer,MLS
270518,Enzo Tchato,id,Montpellier HSC,Montpellier,Ligue 2,Ligue 2 BKT
210832,Mattijs Branderhorst,id,Fortuna Sittard,,Eredivisie,Eredivisie
225668,Karlan Grant,id,West Bromwich Albion,West Brom,Championship,EFL Championship
229444,Fernando De Paul,id,Colo-Colo,,Primera Division,Libertadores
236316,Yan Valery,id,Sheffield Wednesday,Sheffield Wed,Championship,EFL Championship
241025,Leonardo Heredia,id,Central Cordoba SdE,Central Córdoba,Liga Profesional de Fútbol,LPF
245275,Toma Bašić,id,Lazio,Latium,Serie A,Serie A Enilive
73135,Luca Sirch,id,1. FC Kaiserslautern,Kaiserslautern,2. Bundesliga,Bundesliga 2
212747,Tomás Martínez,id,FBC Melgar,,Liga 1,Sudamericana
224921,Adrián Marín,id,Orlando City SC,Orlando City,Major League Soccer,MLS
236382,Maximiliano Olivera,id,Peñarol,,Primera División,Libertadores
252598,Sergio Lozano,id,Jagiellonia Białystok,Jagiellonia,Ekstraklasa,PKO BP Ekstraklasa
253271,Thiago Cardozo,id,Belgrano de Córdoba,Belgrano,Liga Profesional de Fútbol,LPF
270054,Patrick Gilmar Sequeira,id,Casa Pia,Casa Pia AC,Primeira Liga,Liga Portugal
275029,Ibrahim Maza,id,Bayer 04 Leverkusen,Leverkusen,Bundesliga,Bundesliga
157970,Ricardo Batista,id,Casa Pia,Casa Pia AC,Primeira Liga,Liga Portugal
196688,Aldo Corzo,id,Universitario de Deportes,,Liga 1,Libertadores
236817,Habib Maïga,id,Ferencvárosi Torna Club,Ferencvárosi TC,Nemzeti Bajnokság I,Magyar Liga
237256,Jeremy Ebobisse,id,Los Angeles FC,LAFC,Major League Soccer,MLS
272958,Rome-Jayden Owusu-Oduro,id,AZ Alkmaar,,Eredivisie,Eredivisie
209744,Eugenio Mena,id,Universidad Católica,Uni. Católica,Primera Division,Liga Chile
240963,Juan Manuel García,id,Newell's Old Boys,Newell's,Liga Profesional de Fútbol,LPF
242250,Gastón Verón,id,Central Cordoba SdE,Central Córdoba,Liga Profesional de Fútbol,LPF
269307,Semih Sahin,id,1. FC Kaiserslautern,Kaiserslautern,2. Bundesliga,Bundesliga 2
223489,Aleksandar Pešić,id,Ferencvárosi Torna Club,Ferencvárosi TC,Nemzeti Bajnokság I,Magyar Liga
254996,Thibaut Vargas,id,Stade Lavallois Mayenne FC,Laval MFC,Ligue 2,Ligue 2 BKT
256453,Amin Sarr,id,Hellas Verona FC,Hellas Verona,Serie A,Serie A Enilive
263602,Bilal Nadir,id,Olympique de Marseille,OM,Ligue 1,Ligue 1 McDonald's
234180,Alejandro Hohberg,id,Cienciano,,Liga 1,Sudamericana
258311,Kacper Trelowski,id,Raków Częstochowa,Raków,Ekstraklasa,PKO BP Ekstraklasa
214414,Rodrigo Ureña,id,Universitario de Deportes,,Liga 1,Libertadores
221306,Michael Barrios,id,Once Caldas,,Categoría Primera A,Sudamericana
229456,Lorenzo Dickmann,id,SSC Bari,,Serie B,Serie BKT
235222,Siebe Horemans,id,FC Utrecht,,Eredivisie,Eredivisie
238704,Mateus Vital,id,Shanghai Port,Shanghai Port FC,Super League,CSL
253240,Iván Franco,id,Libertad,,División Profesional,Libertadores
222123,Aaron Long,id,Los Angeles FC,LAFC,Major League Soccer,MLS
225028,Nemanja Radoja,id,Sporting Kansas City,Sporting KC,Major League Soccer,MLS
235931,Muhammed Şengezer,id,Medipol Başakşehir FK,Başakşehir,Süper Lig,Trendyol Süper Lig
237469,Nouhou Tolo,id,Seattle Sounders FC,Sounders FC,Major League Soccer,MLS
237576,Nelson Insfrán,id,Gimnasia y Esgrima La Plata,Gimnasia,Liga Profesional de Fútbol,LPF
246947,Paul Akouokou,id,Real Zaragoza,,La Liga 2,LALIGA HYPERMOTION
258731,Nélson da Luz,id,Qingdao West Coast FC,Qingdao W. Coast,Super League,CSL
262314,Jonatan Braut-Brunes,id,Raków Częstochowa,Raków,Ekstraklasa,PKO BP Ekstraklasa
263343,Naatan Skyttä,id,1. FC Kaiserslautern,Kaiserslautern,2. Bundesliga,Bundesliga 2
275028,Arthur,id,Bayer 04 Leverkusen,Leverkusen,Bundesliga,Bundesliga
276302,Mirko Topić,id,Norwich City,Norwich,Championship,EFL Championship
226539,Younes Namli,id,Le Havre AC,Havre AC,Ligue 1,Ligue 1 McDonald's
236551,Harry Darling,id,Norwich City,Norwich,Championship,EFL Championship
250853,Pelle Mattsson,id,Norwich City,Norwich,Championship,EFL Championship
259543,Kenji Cabrera,id,Vancouver Whitecaps FC,Whitecaps FC,Major League Soccer,MLS
262740,Marco Pašalić,id,Orlando City SC,Orlando City,Major League Soccer,MLS
233372,Bautista Merlini,id,Gimnasia y Esgrima La Plata,Gimnasia,Liga Profesional de Fútbol,LPF
254653,Matías Arezo,id,Peñarol,,Primera División,Libertadores
206031,Jefté,id,Albacete Balompié,Albacete BP,La Liga 2,LALIGA HYPERMOTION
223898,Paul Bernardoni,id,Amiens SC,,Ligue 2,Ligue 2 BKT
240439,Ryan Porteous,id,Los Angeles FC,LAFC,Major League Soccer,MLS
245018,Aiham Ousou,id,Royal Charleroi Sporting Club,Sp. Charleroi,Pro League,1A Pro League
256970,Adam Karabec,id,Olympique Lyonnais,OL,Ligue 1,Ligue 1 McDonald's
270905,Mohammed Fuseini,id,Union Saint-Gilloise,R. Union St.-G.,Pro League,1A Pro League
225696,Murilo,id,Gil Vicente FC,Gil Vicente,Primeira Liga,Liga Portugal
226584,Pablo Aránguiz,id,Unión Española,,Primera Division,Sudamericana
246960,Mohamed Ihattaren,id,Fortuna Sittard,,Eredivisie,Eredivisie
278262,Lucas Mincarelli,id,Montpellier HSC,Montpellier,Ligue 2,Ligue 2 BKT
231588,Joan Sastre,id,PAOK,PAOK FC,Super League,Hellas Liga
243200,Samuele Mulattieri,id,RC Deportivo de La Coruña,RC Deportivo,La Liga 2,LALIGA HYPERMOTION
256035,Kamaldeen Sulemana,id,Atalanta,Bergamo Calcio,Serie A,Serie A Enilive
264418,Jean Baptiste Gorby,id,Sporting Clube de Braga,SC Braga,Primeira Liga,Liga Portugal
276839,Sebastiano Desplanches,id,Pescara,,Serie B,Serie BKT
233957,Sam Field,id,Queens Park Rangers,QPR,Championship,EFL Championship
251686,Damián Fernández,id,Defensa y Justicia,Defensa,Liga Profesional de Fútbol,LPF
258315,Bright Arrey-Mbi,id,Sporting Clube de Braga,SC Braga,Primeira Liga,Liga Portugal
259478,Mathias Kjølø,id,FC Twente,,Eredivisie,Eredivisie
274465,João Marques,id,Sporting Clube de Braga,SC Braga,Primeira Liga,Liga Portugal
227154,Sebastián Britos,id,Universitario de Deportes,,Liga 1,Libertadores
229277,Jonas Föhrenbach,id,1. FC Heidenheim 1846,Heidenheim,Bundesliga,Bundesliga
256156,Rodrigo Morínigo,id,Libertad,,División Profesional,Libertadores
271246,Muhammed Damar,id,TSG 1899 Hoffenheim,TSG Hoffenheim,Bundesliga,Bundesliga
272357,Lucas Rosa,id,Ajax,,Eredivisie,Eredivisie
209504,Branimir Hrgota,id,SpVgg Greuther Fürth,Fürth,2. Bundesliga,Bundesliga 2
246107,Matías Palacios,id,Al Ain,Al Ain FC,Pro League,United Emirates League
248661,Cheikh Niasse,id,Hellas Verona FC,Hellas Verona,Serie A,Serie A Enilive
211302,Gianluca Lapadula,id,Spezia,,Serie B,Serie BKT
215061,Darío Benedetto,id,Newell's Old Boys,Newell's,Liga Profesional de Fútbol,LPF
222461,Rochinha,id,Famalicão,FC Famalicão,Primeira Liga,Liga Portugal
228883,Benedikt Gimber,id,1. FC Heidenheim 1846,Heidenheim,Bundesliga,Bundesliga
239403,Loureiro,id,RC Deportivo de La Coruña,RC Deportivo,La Liga 2,LALIGA HYPERMOTION
277929,Kauã Santos,id,Eintracht Frankfurt,Frankfurt,Bundesliga,Bundesliga
74310,Nicolò Savona,id,Nottingham Forest,Nott'm Forest,Premier League,Premier League
199151,Juan Iturbe,id,Cerro Porteño,,División Profesional,Libertadores
229842,Diego Herazo,id,San Lorenzo de Almagro,San Lorenzo,Liga Profesional de Fútbol,LPF
271716,Djeidi Gassama,id,Rangers FC,Rangers,Premiership,Scottish Prem
272651,Tom Cannon,id,Sheffield United,Sheffield Utd,Championship,EFL Championship
262587,Marin Ljubičić,id,1. FC Union Berlin,Union Berlin,Bundesliga,Bundesliga
278035,Mella,id,RC Deportivo de La Coruña,RC Deportivo,La Liga 2,LALIGA HYPERMOTION
254449,Byron Palacios,id,Universidad Católica del Ecuador,,Serie A,Sudamericana
274046,Lucas Ferreira,id,Defensa y Justicia,Defensa,Liga Profesional de Fútbol,LPF
278286,Alfie Gilchrist,id,West Bromwich Albion,West Brom,Championship,EFL Championship
72754,Luis Guilherme,id,West Ham United,West Ham,Premier League,Premier League
176137,Jelle Vossen,id,SV Zulte Waregem,Zulte Waregem,Pro League,1A Pro League
232765,Tomás Molina,id,Argentinos Juniors,Argentinos Jrs.,Liga Profesional de Fútbol,LPF
241859,Ron-Thorben Hoffmann,id,Eintracht Braunschweig,Braunschweig,2. Bundesliga,Bundesliga 2
245563,Theo Bair,id,FC Lausanne-Sport,Lausanne-Sport,Super League,Brack Super League
248788,Abdul-Aziz Yakubu,id,Qingdao West Coast FC,Qingdao W. Coast,Super League,CSL
231835,Thomas Henry,id,Standard de Liège,Standard Liège,Pro League,1A Pro League
245240,Kikas,id,Estrela da Amadora,Estrela Amadora,Primeira Liga,Liga Portugal
260978,Johannes Schenk,id,SC Preußen Münster,Preußen Münster,2. Bundesliga,Bundesliga 2
269643,Alex Forés,id,Real Oviedo,R. Oviedo,La Liga,LALIGA EA SPORTS
272734,Bryan Reyna,id,Belgrano de Córdoba,Belgrano,Liga Profesional de Fútbol,LPF
193532,Gary Medel,id,Universidad Católica,Uni. Católica,Primera Division,Liga Chile
253278,Enzo Martínez,id,Gimnasia y Esgrima La Plata,Gimnasia,Liga Profesional de Fútbol,LPF
261422,Adamo Nagalo,id,PSV,,Eredivisie,Eredivisie
277327,Francesco Pio Esposito,id,Inter,Lombardia FC,Serie A,Serie A Enilive
211565,Higinio,id,Albacete Balompié,Albacete BP,La Liga 2,LALIGA HYPERMOTION
223510,Alexandre Mendy,id,Montpellier HSC,Montpellier,Ligue 2,Ligue 2 BKT
275051,Romeo Vermant,id,Club Brugge KV,Club Brugge,Pro League,1A Pro League
223593,Javier Correa,id,Colo-Colo,,Primera Division,Libertadores
239696,Florent Muslija,id,Fortuna Düsseldorf,Düsseldorf,2. Bundesliga,Bundesliga 2
266585,Daniel Mosquera,id,Hellas Verona FC,Hellas Verona,Serie A,Serie A Enilive
276646,Robin Hranáč,id,TSG 1899 Hoffenheim,TSG Hoffenheim,Bundesliga,Bundesliga
250725,Moussa Diarra,id,Deportivo Alavés,D. Alavés,La Liga,LALIGA EA SPORTS
176930,Marcelo Díaz,id,Universidad de Chile,,Primera Division,Libertadores
215051,Lisandro López,id,Belgrano de Córdoba,Belgrano,Liga Profesional de Fútbol,LPF
258456,Lautaro Giaccone,id,Argentinos Juniors,Argentinos Jrs.,Liga Profesional de Fútbol,LPF
270866,Youssef Chermiti,id,Rangers FC,Rangers,Premiership,Scottish Prem
272668,Amine El Ouazzani,id,Sporting Clube de Braga,SC Braga,Primeira Liga,Liga Portugal
221605,Alexander Jeremejeff,id,Panathinaikos FC,Panathinaikos,Super League,Hellas Liga
222982,Alexis Blin,id,Palermo FC,Palermo,Serie B,Serie BKT
243185,Przemysław Wiśniewski,id,Spezia,,Serie B,Serie BKT
221456,Reece Burke,id,Charlton Athletic,Charlton Ath,Championship,EFL Championship
259119,Saïdou Sow,id,RC Strasbourg Alsace,Strasbourg,Ligue 1,Ligue 1 McDonald's
262447,Andrea Compagno,id,Jeonbuk Hyundai Motors,Jeonbuk Hyundai,K League 1,K League 1
266136,Peter,id,Real Valladolid CF,R. Valladolid CF,La Liga 2,LALIGA HYPERMOTION
240728,Duplexe Tchamba,id,Casa Pia,Casa Pia AC,Primeira Liga,Liga Portugal
241499,Carlos Garcés,id,Cienciano,,Liga 1,Sudamericana
216349,Alen Halilović,id,Fortuna Sittard,,Eredivisie,Eredivisie
208615,Christopher Jullien,id,Montpellier HSC,Montpellier,Ligue 2,Ligue 2 BKT
264728,Ahmetcan Kaplan,id,NEC Nijmegen,,Eredivisie,Eredivisie
73128,Zé Vitor,id,CD Nacional,Nacional,Primeira Liga,Liga Portugal
231111,Alexander Hack,id,New York Red Bulls,Red Bulls,Major League Soccer,MLS
263670,Bernardo Vital,id,Jagiellonia Białystok,Jagiellonia,Ekstraklasa,PKO BP Ekstraklasa
209196,Philipp Ziereis,id,SpVgg Greuther Fürth,Fürth,2. Bundesliga,Bundesliga 2
253951,Franco Calderón,id,Universidad de Chile,,Primera Division,Libertadores
235464,Jordan Storey,id,Preston North End,Preston,Championship,EFL Championship
245848,Caio Marcelo,id,Daegu FC,,K League 1,K League 1
255827,Ranko Veselinović,id,Vancouver Whitecaps FC,Whitecaps FC,Major League Soccer,MLS
223243,Emanuel Aguilera,id,Defensa y Justicia,Defensa,Liga Profesional de Fútbol,LPF
268754,Giovanni Zaro,id,Cesena FC,Cesena,Serie B,Serie BKT
221219,Germán Conti,id,Gimnasia y Esgrima La Plata,Gimnasia,Liga Profesional de Fútbol,LPF
270846,Aurèle Amenda,id,Eintracht Frankfurt,Frankfurt,Bundesliga,Bundesliga
215053,Matías Zaldivia,id,Universidad de Chile,,Primera Division,Libertadores
179752,Óscar Cardozo,id,Libertad,,División Profesional,Libertadores
228730,Saúl Salcedo,id,Newell's Old Boys,Newell's,Liga Profesional de Fútbol,LPF
224378,Mattia Bani,id,Palermo FC,Palermo,Serie B,Serie BKT
263725,Alberto,id,Mohun Bagan Super Giant,Mohun Bagan SG,Super League,ISL
215638,Liam Lindsay,id,Preston North End,Preston,Championship,EFL Championship
192622,Shane Duffy,id,Norwich City,Norwich,Championship,EFL Championship
267995,Jackson Ragen,id,Seattle Sounders FC,Sounders FC,Major League Soccer,MLS
225396,Branco Ampuero,id,Universidad Católica,Uni. Católica,Primera Division,Liga Chile
238880,Jean Carlos Pestaña,id,América de Cali,,Categoría Primera A,Sudamericana
195033,Mathew Leckie,id,Melbourne City FC,Melbourne City,A-League Men,A-League
216385,Richard Ortiz,id,Club Olimpia,,División Profesional,Libertadores
70419,Italo,id,Jeju United FC,Jeju United,K League 1,K League 1
210739,Casper Nielsen,id,Standard de Liège,Standard Liège,Pro League,1A Pro League
272872,Roman Květ,id,FCV Dender EH,,Pro League,1A Pro League
269956,Kévin Van Den Kerkhof,id,Royal Charleroi Sporting Club,Sp. Charleroi,Pro League,1A Pro League
260501,Łukasz Łakomy,id,Oud-Heverlee Leuven,OH Leuven,Pro League,1A Pro League
70903,Alex Tóth,id,Ferencvárosi Torna Club,Ferencvárosi TC,Nemzeti Bajnokság I,Magyar Liga
74963,Ousseynou Niang,id,Union Saint-Gilloise,R. Union St.-G.,Pro League,1A Pro League
204542,Yoshimar Yotún,id,Sporting Cristal,,Liga 1,Libertadores
231428,Filippo Bandinelli,id,Spezia,,Serie B,Serie BKT
224163,Arno Verschueren,id,FC Twente,,Eredivisie,Eredivisie
256874,Jamie Roche,id,FC Lausanne-Sport,Lausanne-Sport,Super League,Brack Super League
270133,Salim Diakité,id,Palermo FC,Palermo,Serie B,Serie BKT
223853,Agus Medina,id,Albacete Balompié,Albacete BP,La Liga 2,LALIGA HYPERMOTION
250916,Etienne Vaessen,id,FC Groningen,,Eredivisie,Eredivisie
259586,Hugo Siquet,id,Club Brugge KV,Club Brugge,Pro League,1A Pro League
72888,Anthony Dennis,id,Göztepe SK,Göztepe,Süper Lig,Trendyol Süper Lig
204738,Renato Ibarra,id,Independiente del Valle,,Serie A,Libertadores
231550,José Quintero,id,LDU Quito,,Serie A,Libertadores
240837,Mert Hakan Yandaş,id,Fenerbahçe SK,Fenerbahçe,Süper Lig,Trendyol Süper Lig
244542,Kylian Kaïboué,id,Amiens SC,,Ligue 2,Ligue 2 BKT
262284,Vicente Poggi,id,Godoy Cruz,,Liga Profesional de Fútbol,LPF
221467,Lee Chang Min,id,Jeju United FC,Jeju United,K League 1,K League 1
232832,Luciano Gómez,id,Independiente Rivadavia,Ind. Rivadavia,Liga Profesional de Fútbol,LPF
233851,Jack Taylor,id,Ipswich Town,Ipswich,Championship,EFL Championship
254206,Alexander Alvarado,id,LDU Quito,,Serie A,Libertadores
254373,Jean-Pierre Archimbaud,id,Alianza Lima,,Liga 1,Libertadores
231753,Jérémy Livolant,id,Casa Pia,Casa Pia AC,Primeira Liga,Liga Portugal
233048,Tom Dele-Bashiru,id,Gençlerbirliği SK,Watford,Süper Lig,EFL Championship
247369,Tom Ducrocq,id,Sporting Club Bastia,,Ligue 2,Ligue 2 BKT
224511,Ezequiel Bonifacio,id,Independiente Rivadavia,Ind. Rivadavia,Liga Profesional de Fútbol,LPF
245729,Harry Clarke,id,Ipswich Town,Ipswich,Championship,EFL Championship
264194,Jens Castrop,id,Borussia Mönchengladbach,M'gladbach,Bundesliga,Bundesliga
214772,Nicolás Pasquini,id,Sporting Cristal,,Liga 1,Libertadores
215036,Fernando Cornejo,id,LDU Quito,,Serie A,Libertadores
242596,Tristan Blackmon,id,Vancouver Whitecaps FC,Whitecaps FC,Major League Soccer,MLS
242648,Alex Roldan,id,Seattle Sounders FC,Sounders FC,Major League Soccer,MLS
252508,Kacper Kozłowski,id,Gaziantep FK,Gaziantep,Süper Lig,Trendyol Süper Lig
263745,Christian Witzig,id,FC St.Gallen 1879,FC St. Gallen,Super League,Brack Super League
79091,Bence Ötvös,id,Ferencvárosi Torna Club,Ferencvárosi TC,Nemzeti Bajnokság I,Magyar Liga
214366,Rafael Carrascal,id,América de Cali,,Categoría Primera A,Sudamericana
221201,Tim Leibold,id,Sporting Kansas City,Sporting KC,Major League Soccer,MLS
223871,Daniel Armstrong,id,Dinamo Bucureşti,FC Dinamo 1948,Liga I,SUPERLIGA
229453,Gil Dias,id,Famalicão,FC Famalicão,Primeira Liga,Liga Portugal
231070,Bruno Pittón,id,Club Atlético Unión,Unión,Liga Profesional de Fútbol,LPF
242006,Daiki Hashioka,id,SK Slavia Praha,Slavia Praha,První liga,Česká Liga
245319,Liziero,id,CD Nacional,Nacional,Primeira Liga,Liga Portugal
258769,Meseguer,id,Real Valladolid CF,R. Valladolid CF,La Liga 2,LALIGA HYPERMOTION
214294,Esteban Pavez,id,Colo-Colo,,Primera Division,Libertadores
227772,Gastón Giménez,id,Cerro Porteño,,División Profesional,Libertadores
228321,Sergi Palencia,id,Los Angeles FC,LAFC,Major League Soccer,MLS
231138,Christian Bassogog,id,Al Akhdoud Saudi Club,,Pro League,ROSHN Saudi League
243520,Ali McCann,id,Preston North End,Preston,Championship,EFL Championship
262581,Stanko Jurić,id,Real Valladolid CF,R. Valladolid CF,La Liga 2,LALIGA HYPERMOTION
266789,Hwang Jae Won,id,Daegu FC,,K League 1,K League 1
268805,Danley Jean Jacques,id,Philadelphia Union,Philadelphia,Major League Soccer,MLS
271289,Joel Silva,id,CD Nacional,Nacional,Primeira Liga,Liga Portugal
275050,Kyriani Sabbe,id,Club Brugge KV,Club Brugge,Pro League,1A Pro League
203505,Joe Bryan,id,Millwall FC,Millwall,Championship,EFL Championship
218936,Rafa Soares,id,Famalicão,FC Famalicão,Primeira Liga,Liga Portugal
242271,Andy Irving,id,West Ham United,West Ham,Premier League,Premier League
252315,Antonio Candela,id,Spezia,,Serie B,Serie BKT
267633,Luís Esteves,id,Gil Vicente FC,Gil Vicente,Primeira Liga,Liga Portugal
220708,Brandon Borrello,id,Western Sydney Wanderers,WS Wanderers,A-League Men,A-League
235987,Iván Gómez,id,Central Cordoba SdE,Central Córdoba,Liga Profesional de Fútbol,LPF
238839,Lewis Wing,id,Reading FC,Reading,League One,EFL League One
248188,Song Min Kyu,id,Jeonbuk Hyundai Motors,Jeonbuk Hyundai,K League 1,K League 1
269262,Maxi Oyedele,id,RC Strasbourg Alsace,Strasbourg,Ligue 1,Ligue 1 McDonald's
279572,Sydie Peck,id,Sheffield United,Sheffield Utd,Championship,EFL Championship
188524,Volkan Babacan,id,Medipol Başakşehir FK,Başakşehir,Süper Lig,Trendyol Süper Lig
205953,João Paulo,id,Seattle Sounders FC,Sounders FC,Major League Soccer,MLS
221370,Mohammed Al Buraik,id,NEOM SC,Neom,Pro League,ROSHN Saudi League
242554,Brandon Bye,id,New England Revolution,New England,Major League Soccer,MLS
260369,Luca Kerber,id,1. FC Heidenheim 1846,Heidenheim,Bundesliga,Bundesliga
269247,Dean James,id,Go Ahead Eagles,,Eredivisie,Eredivisie
200610,Kevin Volland,id,TSV 1860 München,,3. Liga,3. Liga
214770,Diego González,id,Club Atlético San Martín,,Liga Profesional de Fútbol,LPF
224702,Liu Dianzuo,id,Chengdu Rongcheng,Chengdu FC,Super League,CSL
236535,Ahmed Touba,id,Panathinaikos FC,Panathinaikos,Super League,Hellas Liga
237332,Alfie May,id,Huddersfield Town,Huddersfield,League One,EFL League One
237378,Alex Dobre,id,Rapid Bucuresti,FC Rapid 1923,Liga I,SUPERLIGA
256080,Guille Rosas,id,Real Sporting de Gijón,R. Sporting,La Liga 2,LALIGA HYPERMOTION
258784,Carlo Boukhalfa,id,FC St.Gallen 1879,FC St. Gallen,Super League,Brack Super League
264579,Freddie Potts,id,West Ham United,West Ham,Premier League,Premier League
165531,Ismael Sosa,id,Argentinos Juniors,Argentinos Jrs.,Liga Profesional de Fútbol,LPF
189357,Cristopher Toselli,id,Universidad de Chile,,Primera Division,Libertadores
202088,Felix Klaus,id,SpVgg Greuther Fürth,Fürth,2. Bundesliga,Bundesliga 2
207804,Amari'i Bell,id,Charlton Athletic,Charlton Ath,Championship,EFL Championship
220820,Mory Diaw,id,Le Havre AC,Havre AC,Ligue 1,Ligue 1 McDonald's
224049,Néstor Breitenbruch,id,CA Aldosivi,Aldosivi,Liga Profesional de Fútbol,LPF
230005,Tom Davies,id,Sheffield United,Sheffield Utd,Championship,EFL Championship
230936,Ádám Nagy,id,Spezia,,Serie B,Serie BKT
234087,Callum Styles,id,West Bromwich Albion,West Brom,Championship,EFL Championship
240282,Aleš Matějů,id,Spezia,,Serie B,Serie BKT
251599,Riki,id,Albacete Balompié,Albacete BP,La Liga 2,LALIGA HYPERMOTION
253211,Gonzalo Crettaz,id,NEC Nijmegen,,Eredivisie,Eredivisie
261648,Maurice Cova,id,Deportivo Táchira,,Primera Division,Libertadores
271092,Moses Usor,id,LASK Linz,LASK,Bundesliga,Ö. Bundesliga
203393,Eddy Gnahoré,id,Dinamo Bucureşti,FC Dinamo 1948,Liga I,SUPERLIGA
210644,Emiliano Marcondes,id,Norwich City,Norwich,Championship,EFL Championship
220702,Gastón Silva,id,Peñarol,,Primera División,Libertadores
222639,Roberto Ramírez,id,Godoy Cruz,,Liga Profesional de Fútbol,LPF
237442,Eric Curbelo,id,Real Sporting de Gijón,R. Sporting,La Liga 2,LALIGA HYPERMOTION
251537,Gary Magnée,id,Cercle Brugge KSV,Cercle Brugge,Pro League,1A Pro League
251926,Rassoul Ndiaye,id,Le Havre AC,Havre AC,Ligue 1,Ligue 1 McDonald's
253275,Jesús Trindade,id,Peñarol,,Primera División,Libertadores
253619,Martín Távara,id,Sporting Cristal,,Liga 1,Libertadores
260141,Cătălin Cîrjan,id,Dinamo Bucureşti,FC Dinamo 1948,Liga I,SUPERLIGA
277809,Kodai Sano,id,NEC Nijmegen,,Eredivisie,Eredivisie
70671,Chissumba,id,Alverca,FC Alverca,Primeira Liga,Liga Portugal
211384,Jamal Lowe,id,Sheffield Wednesday,Sheffield Wed,Championship,EFL Championship
223344,Wei Shihao,id,Chengdu Rongcheng,Chengdu FC,Super League,CSL
232388,Vítor Costa,id,San Jose Earthquakes,SJ Earthquakes,Major League Soccer,MLS
244193,Jovane Cabral,id,Estrela da Amadora,Estrela Amadora,Primeira Liga,Liga Portugal
246057,Jhegson Méndez,id,Independiente del Valle,,Serie A,Libertadores
210010,Joris van Overeem,id,SC Heerenveen,,Eredivisie,Eredivisie
210619,Jordi Quintillà,id,FC St.Gallen 1879,FC St. Gallen,Super League,Brack Super League
215331,Leonardo Jara,id,Godoy Cruz,,Liga Profesional de Fútbol,LPF
227560,Jorge Soto,id,América de Cali,,Categoría Primera A,Sudamericana
235163,Michele Castagnetti,id,Cesena FC,Cesena,Serie B,Serie BKT
276969,Leon Avdullahu,id,TSG 1899 Hoffenheim,TSG Hoffenheim,Bundesliga,Bundesliga
71351,Jorthy Mokio,id,Ajax,,Eredivisie,Eredivisie
223501,Adrían Spörle,id,Belgrano de Córdoba,Belgrano,Liga Profesional de Fútbol,LPF
227819,Samuel Portugal,id,Al Akhdoud Saudi Club,,Pro League,ROSHN Saudi League
235088,Luis Pérez,id,Gaziantep FK,Gaziantep,Süper Lig,Trendyol Süper Lig
254296,Kartal Yılmaz,id,Beşiktaş JK,Beşiktaş,Süper Lig,Trendyol Süper Lig
263397,Alan Minda,id,Cercle Brugge KSV,Cercle Brugge,Pro League,1A Pro League
266751,Jung Ho Yeon,id,Minnesota United FC,Minnesota United,Major League Soccer,MLS
276583,Livan Burcu,id,1. FC Union Berlin,Union Berlin,Bundesliga,Bundesliga
226616,Jonathan Galván,id,Central Cordoba SdE,Central Córdoba,Liga Profesional de Fútbol,LPF
243914,Efkan Bekiroğlu,id,Göztepe SK,Göztepe,Süper Lig,Trendyol Süper Lig
243953,Antoine Bernier,id,Royal Charleroi Sporting Club,Sp. Charleroi,Pro League,1A Pro League
258475,Giuseppe Sibilli,id,SSC Bari,,Serie B,Serie BKT
198635,Wellington Silva,id,Qingdao Hainiu FC,Qingdao Hainiu,Super League,CSL
245338,Thomas van den Belt,id,FC Twente,,Eredivisie,Eredivisie
251469,Pedro Amaral,id,GD Estoril Praia,Estoril Praia,Primeira Liga,Liga Portugal
213795,Kiki,id,AVS Futebol SAD,,Primeira Liga,Liga Portugal
224977,Alessandro Micai,id,CFR Cluj,CFR 1907 Cluj,Liga I,SUPERLIGA
231919,Alessandro Murgia,id,Universitatea Cluj,FC Univ. Cluj,Liga I,SUPERLIGA
247072,Khalid Eissa,id,Al Ain,Al Ain FC,Pro League,United Emirates League
253250,Rodney Redes,id,Club Olimpia,,División Profesional,Libertadores
253428,Vítězslav Jaroš,id,Ajax,,Eredivisie,Eredivisie
263032,Vladan Kovacević,id,Norwich City,Norwich,Championship,EFL Championship
70441,Alex Luna,id,Instituto Atlético Central Córdoba,Instituto,Liga Profesional de Fútbol,LPF
228410,Daniel Iversen,id,Preston North End,Preston,Championship,EFL Championship
240211,Gaspar Gentile,id,Alianza Lima,,Liga 1,Libertadores
251532,Meschack Elia,id,Alanyaspor,BSC Young Boys,Süper Lig,Brack Super League
256887,Taylor Booth,id,FC Twente,,Eredivisie,Eredivisie
262403,Philippe Rommens,id,Ferencvárosi Torna Club,Ferencvárosi TC,Nemzeti Bajnokság I,Magyar Liga
205970,Jed Wallace,id,West Bromwich Albion,West Brom,Championship,EFL Championship
266673,Óscar Cortés,id,Real Sporting de Gijón,R. Sporting,La Liga 2,LALIGA HYPERMOTION
268439,Toby Collyer,id,West Bromwich Albion,West Brom,Championship,EFL Championship
269795,Martin Delavallée,id,Royal Charleroi Sporting Club,Sp. Charleroi,Pro League,1A Pro League
207440,Franco Fragapane,id,Club Atlético Unión,Unión,Liga Profesional de Fútbol,LPF
226675,Federico Lanzillotta,id,Bolívar,,División de Fútbol Profesional,Libertadores
245822,Doğan Alemdar,id,Medipol Başakşehir FK,Stade Rennais FC,Süper Lig,Ligue 1 McDonald's
247412,Andy Pelmard,id,Jagiellonia Białystok,Jagiellonia,Ekstraklasa,PKO BP Ekstraklasa
255605,Harlen Castillo,id,Atlético Nacional,Atl. Nacional,Categoría Primera A,Libertadores
263437,Ignacio Sosa,id,Peñarol,,Primera División,Libertadores
272844,Lucas Arce,id,Godoy Cruz,,Liga Profesional de Fútbol,LPF
193241,Roberto Fernández,id,Cerro Porteño,,División Profesional,Libertadores
226260,Andrea Cistana,id,Spezia,,Serie B,Serie BKT
228509,Jeff Reine-Adélaïde,id,Heracles Almelo,,Eredivisie,Eredivisie
253296,Mathías Laborda,id,Vancouver Whitecaps FC,Whitecaps FC,Major League Soccer,MLS
201911,Will Keane,id,Preston North End,Preston,Championship,EFL Championship
203782,Ahmad Benali,id,Virtus Entella,Entella,Serie B,Serie BKT
217585,Bas Kuipers,id,FC Twente,,Eredivisie,Eredivisie
221639,Mariano,id,Deportivo Alavés,D. Alavés,La Liga,LALIGA EA SPORTS
222052,Lee Myung Jae,id,Daejeon Citizen,Daejeon Hana,K League 1,K League 1
232729,Cristian Tarragona,id,Club Atlético Unión,Unión,Liga Profesional de Fútbol,LPF
241002,Emmanuel Sabbi,id,Vancouver Whitecaps FC,Whitecaps FC,Major League Soccer,MLS
243315,Dani Gómez,id,Real Zaragoza,,La Liga 2,LALIGA HYPERMOTION
188154,Lewis Holtby,id,NAC Breda,,Eredivisie,Eredivisie
225282,José Devecchi,id,Club Atlético Sarmiento,Sarmiento,Liga Profesional de Fútbol,LPF
242112,Eduard Bello,id,Universidad Católica,Uni. Católica,Primera Division,Liga Chile
242506,Ali Majrashi,id,Al Ahli SFC,Al Ahli,Pro League,ROSHN Saudi League
243834,Luka Ilić,id,Real Oviedo,R. Oviedo,La Liga,LALIGA EA SPORTS
251288,Jakov Medić,id,Norwich City,Norwich,Championship,EFL Championship
267607,Frank Castañeda,id,CA Banfield,Banfield,Liga Profesional de Fútbol,LPF
204760,Charlie Taylor,id,West Bromwich Albion,West Brom,Championship,EFL Championship
220291,Leonel González,id,FBC Melgar,,Liga 1,Sudamericana
232123,Luka Gugeshashvili,id,PAOK,PAOK FC,Super League,Hellas Liga
247955,Ianis Stoica,id,Estrela da Amadora,Estrela Amadora,Primeira Liga,Liga Portugal
253170,Attila Szalai,id,Kasımpaşa SK,Kasımpaşa,Süper Lig,Trendyol Süper Lig
263230,Milutin Osmajić,id,Preston North End,Preston,Championship,EFL Championship
264180,Alfie Devine,id,Preston North End,Preston,Championship,EFL Championship
273051,Jerónimo Domina,id,Club Atlético Unión,Unión,Liga Profesional de Fútbol,LPF
274102,Oliver Scarles,id,West Ham United,West Ham,Premier League,Premier League
71641,Leo Kokubo,id,Sint-Truidense VV,STVV,Pro League,1A Pro League
233139,Cedric Itten,id,Fortuna Düsseldorf,Düsseldorf,2. Bundesliga,Bundesliga 2
240956,Matías Melluso,id,Gimnasia y Esgrima La Plata,Gimnasia,Liga Profesional de Fútbol,LPF
253433,Femi Azeez,id,Millwall FC,Millwall,Championship,EFL Championship
254220,Luis Iberico,id,Sporting Cristal,,Liga 1,Libertadores
278159,Ramzi Safuri,id,Antalyaspor,,Süper Lig,Trendyol Süper Lig
73406,Meriton Korenica,id,CFR Cluj,CFR 1907 Cluj,Liga I,SUPERLIGA
205759,Dejan Stojanović,id,SC Rheindorf Altach,SCR Altach,Bundesliga,Ö. Bundesliga
209039,David Moberg Karlsson,id,IFK Norrköping,,Allsvenskan,Allsvenskan
213899,Éder Balanta,id,América de Cali,,Categoría Primera A,Sudamericana
227274,David Barbona,id,Defensa y Justicia,Defensa,Liga Profesional de Fútbol,LPF
241064,Mateo Carabajal,id,Independiente del Valle,,Serie A,Libertadores
255436,Lucas Sanabria,id,Libertad,,División Profesional,Libertadores
258932,Louie Barry,id,Sheffield United,Sheffield Utd,Championship,EFL Championship
275343,Baltasar Rodríguez,id,Inter Miami,Inter Miami CF,Major League Soccer,MLS
190633,Henrik Dalsgaard,id,Aarhus Gymnastikforening,AGF,Superliga,3F Superliga
201438,Hannes Van Der Bruggen,id,Cercle Brugge KSV,Cercle Brugge,Pro League,1A Pro League
219167,Sergio Vittor,id,CA Banfield,Banfield,Liga Profesional de Fútbol,LPF
219956,Pietro Ceccaroni,id,Palermo FC,Palermo,Serie B,Serie BKT
224890,Miguel Cardoso,id,Kayserispor,,Süper Lig,Trendyol Süper Lig
246592,Algobia,id,AVS Futebol SAD,,Primeira Liga,Liga Portugal
259833,Jhilmar Lora,id,Sporting Cristal,,Liga 1,Libertadores
272839,Matías Giménez,id,Argentinos Juniors,Argentinos Jrs.,Liga Profesional de Fútbol,LPF
273707,Lucas Hernández,id,Peñarol,,Primera División,Libertadores
194138,Andre Gray,id,Fatih Karagümrük,,Süper Lig,Trendyol Süper Lig
204691,Mauricio Pereyra,id,Club Nacional de Football,,Primera División,Libertadores
208159,Michael Frey,id,Queens Park Rangers,QPR,Championship,EFL Championship
251951,Manuel Cicconi,id,Carrarese,Carrarese Calcio,Serie B,Serie BKT
271659,Aljoscha Kemlein,id,1. FC Union Berlin,Union Berlin,Bundesliga,Bundesliga
262334,Dirk Proper,id,NEC Nijmegen,,Eredivisie,Eredivisie
263255,Godfried Frimpong,id,Kasımpaşa SK,Kasımpaşa,Süper Lig,Trendyol Süper Lig
264219,Ernest Poku,id,Bayer 04 Leverkusen,Leverkusen,Bundesliga,Bundesliga
272857,Santiago Rodríguez,id,Club Atlético Sarmiento,Sarmiento,Liga Profesional de Fútbol,LPF
274212,Pau Sans,id,Real Zaragoza,,La Liga 2,LALIGA HYPERMOTION
277426,Carlos Forbs,id,Club Brugge KV,Club Brugge,Pro League,1A Pro League
79334,Raul Florucz,id,Union Saint-Gilloise,R. Union St.-G.,Pro League,1A Pro League
219525,Ezequiel Cerutti,id,San Lorenzo de Almagro,San Lorenzo,Liga Profesional de Fútbol,LPF
236344,Jayson Molumby,id,West Bromwich Albion,West Brom,Championship,EFL Championship
239875,Bebeto,id,CD Tondela,,Primeira Liga,Liga Portugal
243445,Fatih Kaya,id,SV Wehen Wiesbaden,Wehen Wiesbaden,3. Liga,3. Liga
255754,Warleson,id,Cercle Brugge KSV,Cercle Brugge,Pro League,1A Pro League
262906,Yannik Engelhardt,id,Borussia Mönchengladbach,M'gladbach,Bundesliga,Bundesliga
271306,Khalil Fayad,id,Montpellier HSC,Montpellier,Ligue 2,Ligue 2 BKT
73853,Dailon Livramento,id,Casa Pia,Casa Pia AC,Primeira Liga,Liga Portugal
200741,Jiang Guangtai,id,Shanghai Port,Shanghai Port FC,Super League,CSL
203725,Virgil Misidjan,id,NEC Nijmegen,,Eredivisie,Eredivisie
212244,Christopher Lenz,id,Fortuna Düsseldorf,Düsseldorf,2. Bundesliga,Bundesliga 2
235047,Jonathan Menéndez,id,Club Atlético San Martín,,Liga Profesional de Fútbol,LPF
239179,Zoran Arsenić,id,Raków Częstochowa,Raków,Ekstraklasa,PKO BP Ekstraklasa
241992,Gabriel Cortez,id,Barcelona de Guayaquil,,Serie A,Libertadores
258728,José Fontán,id,FC Arouca,Arouca,Primeira Liga,Liga Portugal
270854,Pedro Milans,id,Peñarol,,Primera División,Libertadores
273768,Santiago Longo,id,Belgrano de Córdoba,Belgrano,Liga Profesional de Fútbol,LPF
251880,Ștefan Baiaram,id,Universitatea Craiova,Univ. Craiova,Liga I,SUPERLIGA
258786,Zé Carlos,id,Gil Vicente FC,Gil Vicente,Primeira Liga,Liga Portugal
268622,Jeanuël Belocian,id,Bayer 04 Leverkusen,Leverkusen,Bundesliga,Bundesliga
225679,Luis Cangá,id,Universidad Católica del Ecuador,,Serie A,Sudamericana
234935,João Talocha,id,CD Tondela,,Primeira Liga,Liga Portugal
240834,Lazar Carević,id,Famalicão,FC Famalicão,Primeira Liga,Liga Portugal
241523,Marcus Forss,id,Bolton Wanderers,Bolton,League One,EFL League One
242492,Jeison Medina,id,LDU Quito,,Serie A,Libertadores
247060,Yahia Nader,id,Al Ain,Al Ain FC,Pro League,United Emirates League
257396,Brandon Domingues,id,Real Oviedo,R. Oviedo,La Liga,LALIGA EA SPORTS
258753,Couhaib Driouech,id,PSV,,Eredivisie,Eredivisie
274845,Mathys Tourraine,id,Rodez Aveyron Football,Rodez AF,Ligue 2,Ligue 2 BKT
212546,Myenty Abena,id,Gaziantep FK,Gaziantep,Süper Lig,Trendyol Süper Lig
234108,Gonzalo Maroni,id,Newell's Old Boys,Newell's,Liga Profesional de Fútbol,LPF
246682,Karamoko Dembélé,id,Queens Park Rangers,QPR,Championship,EFL Championship
269084,Umut Tohumcu,id,TSG 1899 Hoffenheim,TSG Hoffenheim,Bundesliga,Bundesliga
271969,Nicolás Paz,id,Club Atlético Unión,Unión,Liga Profesional de Fútbol,LPF
213530,Nicolai Poulsen,id,Aarhus Gymnastikforening,AGF,Superliga,3F Superliga
214906,Andrew Hughes,id,Preston North End,Preston,Championship,EFL Championship
251831,Diego García,id,Peñarol,,Primera División,Libertadores
257480,Matheo Raab,id,1. FC Union Berlin,Union Berlin,Bundesliga,Bundesliga
262417,Daniel Figueira,id,Gil Vicente FC,Gil Vicente,Primeira Liga,Liga Portugal
232826,Francis Mac Allister,id,Instituto Atlético Central Córdoba,Instituto,Liga Profesional de Fútbol,LPF
248784,Timothé Nkada,id,Standard de Liège,Standard Liège,Pro League,1A Pro League
262865,Facundo Sanguinetti,id,CA Banfield,Banfield,Liga Profesional de Fútbol,LPF
226386,Luca Sosa,id,Newell's Old Boys,Newell's,Liga Profesional de Fútbol,LPF
226401,Kieran Dowell,id,Rangers FC,Rangers,Premiership,Scottish Prem
232704,Takuma Ominami,id,Oud-Heverlee Leuven,OH Leuven,Pro League,1A Pro League
234955,Andrés Sarmiento,id,Atlético Nacional,Atl. Nacional,Categoría Primera A,Libertadores
236046,Ivan Zlobin,id,Famalicão,FC Famalicão,Primeira Liga,Liga Portugal
250842,Joel Graterol,id,América de Cali,,Categoría Primera A,Sudamericana
259904,Gonzalo Valle,id,LDU Quito,,Serie A,Libertadores
158784,Jorge Carranza,id,CA Aldosivi,Aldosivi,Liga Profesional de Fútbol,LPF
222165,Emil Hansson,id,Blackpool FC,Blackpool,League One,EFL League One
225844,Daniele Verde,id,Spezia,,Serie B,Serie BKT
228136,Joan Castro,id,Atlético Nacional,Atl. Nacional,Categoría Primera A,Libertadores
274452,Lukáš Vorlický,id,SK Slavia Praha,Slavia Praha,První liga,Česká Liga
199667,Ramiro Funes Mori,id,Estudiantes de La Plata,Estudiantes,Liga Profesional de Fútbol,LPF
253036,Nathanaël Mbuku,id,Montpellier HSC,Montpellier,Ligue 2,Ligue 2 BKT
266648,Gonzalo Carneiro,id,Club Nacional de Football,,Primera División,Libertadores
72852,Cristian Shpendi,id,Cesena FC,Cesena,Serie B,Serie BKT
205972,Rubén Bentancourt,id,Argentinos Juniors,Argentinos Jrs.,Liga Profesional de Fútbol,LPF
264085,David Brekalo,id,Orlando City SC,Orlando City,Major League Soccer,MLS
265396,Carlos Martín,id,Atlético Madrid,Atlético de Madrid,La Liga,LALIGA EA SPORTS
233404,Iván Rojas,id,Once Caldas,,Categoría Primera A,Sudamericana
240856,Bilal Bayazıt,id,Kayserispor,,Süper Lig,Trendyol Süper Lig
260738,Alejo Cruz,id,Peñarol,,Primera División,Libertadores
275046,Bruno Damiani,id,Philadelphia Union,Philadelphia,Major League Soccer,MLS
71418,Bazoumana Touré,id,TSG 1899 Hoffenheim,TSG Hoffenheim,Bundesliga,Bundesliga
237046,Guido Villar,id,Independiente del Valle,,Serie A,Libertadores
251429,Fabian Kunze,id,1. FC Kaiserslautern,Kaiserslautern,2. Bundesliga,Bundesliga 2
235849,Mamadou Fofana,id,New England Revolution,New England,Major League Soccer,MLS
153060,Juan Manuel Insaurralde,id,Club Atlético Sarmiento,Sarmiento,Liga Profesional de Fútbol,LPF
266159,Arnau Comas,id,RC Deportivo de La Coruña,RC Deportivo,La Liga 2,LALIGA HYPERMOTION
269639,Arana,id,Racing Santander,R. Racing Club,La Liga 2,LALIGA HYPERMOTION
269512,Kryštof Daněk,id,LASK Linz,LASK,Bundesliga,Ö. Bundesliga
273090,Mateo Mendoza,id,Godoy Cruz,,Liga Profesional de Fútbol,LPF
70703,Matías Reali,id,San Lorenzo de Almagro,San Lorenzo,Liga Profesional de Fútbol,LPF
73456,Štěpán Chaloupek,id,SK Slavia Praha,Slavia Praha,První liga,Česká Liga
230865,Abel Luciatti,id,Cerro Porteño,,División Profesional,Libertadores
237337,Thibaud Verlinden,id,Oud-Heverlee Leuven,OH Leuven,Pro League,1A Pro League
246563,Denis Ciobotariu,id,Rapid Bucuresti,FC Rapid 1923,Liga I,SUPERLIGA
211068,Kenan Kodro,id,Real Zaragoza,,La Liga 2,LALIGA HYPERMOTION
228748,Fernando Fernández,id,Guaraní,,División Profesional,Sudamericana
238180,Claudio Spinelli,id,Independiente del Valle,,Serie A,Libertadores
252903,Shinta Appelkamp,id,Fortuna Düsseldorf,Düsseldorf,2. Bundesliga,Bundesliga 2
276660,Noel Futkeu,id,SpVgg Greuther Fürth,Fürth,2. Bundesliga,Bundesliga 2
238987,Kennedy Boateng,id,Dinamo Bucureşti,FC Dinamo 1948,Liga I,SUPERLIGA
269159,Myron van Brederode,id,KV Mechelen,,Pro League,Eredivisie
233078,Pablo Sabbag,id,Suwon FC,,K League 1,K League 1
255406,Javi Castro,id,Racing Santander,R. Racing Club,La Liga 2,LALIGA HYPERMOTION
207454,Patricio Rodríguez,id,Bolívar,,División de Fútbol Profesional,Libertadores
263549,Edgaras Utkus,id,Cercle Brugge KSV,Cercle Brugge,Pro League,1A Pro League
277519,Juan Gutiérrez,id,CD Mirandés,,La Liga 2,LALIGA HYPERMOTION
229683,Rodrigo Pinho,id,Estrela da Amadora,Estrela Amadora,Primeira Liga,Liga Portugal
227740,Danilo Arboleda,id,CA Banfield,Banfield,Liga Profesional de Fútbol,LPF
271682,Latasa,id,Real Valladolid CF,R. Valladolid CF,La Liga 2,LALIGA HYPERMOTION
201285,Christian Gytkjær,id,SSC Bari,,Serie B,Serie BKT
271658,Xavier Mbuyamba,id,FC Volendam,,Eredivisie,Eredivisie
215178,Erik Godoy,id,Argentinos Juniors,Argentinos Jrs.,Liga Profesional de Fútbol,LPF
248405,Mark McGuinness,id,Sheffield United,Sheffield Utd,Championship,EFL Championship
259298,Maximiliano Falcón,id,Inter Miami,Inter Miami CF,Major League Soccer,MLS
255043,Daryl Dike,id,West Bromwich Albion,West Brom,Championship,EFL Championship
263157,Nasser Djiga,id,Rangers FC,Rangers,Premiership,Scottish Prem
252095,Riccieli,id,Qingdao West Coast FC,Qingdao W. Coast,Super League,CSL
264191,Gustaf Lagerbielke,id,Sporting Clube de Braga,SC Braga,Primeira Liga,Liga Portugal
271620,Leo Bolgado,id,Rapid Bucuresti,FC Rapid 1923,Liga I,SUPERLIGA
247459,Sean Nealis,id,New York Red Bulls,Red Bulls,Major League Soccer,MLS
248137,Facundo Rodríguez,id,Estudiantes de La Plata,Estudiantes,Liga Profesional de Fútbol,LPF
244947,Luciano Pons,id,Atlético Bucaramanga,,Categoría Primera A,Libertadores
236573,Pablo Vázquez,id,Real Sporting de Gijón,R. Sporting,La Liga 2,LALIGA HYPERMOTION
259074,Albian Hajdari,id,TSG 1899 Hoffenheim,TSG Hoffenheim,Bundesliga,Bundesliga
203137,Robin Jansson,id,Orlando City SC,Orlando City,Major League Soccer,MLS
238862,Lucas Possignolo,id,Zhejiang FC,Zhejiang Pro,Super League,CSL
259657,Renzo Garcés,id,Alianza Lima,,Liga 1,Libertadores
192559,Gerrit Nauber,id,Go Ahead Eagles,,Eredivisie,Eredivisie
73163,João Goulart,id,Casa Pia,Casa Pia AC,Primeira Liga,Liga Portugal
277022,Jan-Carlo Simić,id,Al Ittihad,RSC Anderlecht,Pro League,1A Pro League
233780,Alexis Maldonado,id,Belgrano de Córdoba,Banfield,Liga Profesional de Fútbol,LPF
226170,Emiliano Amor,id,Colo-Colo,,Primera Division,Libertadores
223064,Fabián Noguera,id,Newell's Old Boys,Newell's,Liga Profesional de Fútbol,LPF
240926,Nat Phillips,id,West Bromwich Albion,West Brom,Championship,EFL Championship
268067,Christiaan Ravych,id,Cercle Brugge KSV,Cercle Brugge,Pro League,1A Pro League
239998,Petko Hristov,id,Spezia,,Serie B,Serie BKT
246157,Ewoud Pletinckx,id,Oud-Heverlee Leuven,OH Leuven,Pro League,1A Pro League
266554,Matías Di Benedetto,id,Universitario de Deportes,,Liga 1,Libertadores
261143,Marko Bulat,id,Raków Częstochowa,Raków,Ekstraklasa,PKO BP Ekstraklasa
226677,Juninho Bacuna,id,Gaziantep FK,Gaziantep,Süper Lig,Trendyol Süper Lig
239732,Szymon Żurkowski,id,Spezia,,Serie B,Serie BKT
211177,Arnór Ingvi Traustason,id,IFK Norrköping,,Allsvenskan,Allsvenskan
215074,Horacio Orzán,id,FBC Melgar,,Liga 1,Sudamericana
244836,Jacopo Segre,id,Palermo FC,Palermo,Serie B,Serie BKT
206653,Brad Potts,id,Preston North End,Preston,Championship,EFL Championship
260521,Jordan Bos,id,Feyenoord,,Eredivisie,Eredivisie
219414,Israel Alba,id,Atlético Bucaramanga,,Categoría Primera A,Libertadores
217714,Paul Arriola,id,Seattle Sounders FC,Sounders FC,Major League Soccer,MLS
242531,Joshua Kitolano,id,Sparta Rotterdam,,Eredivisie,Eredivisie
263571,Festy Ebosele,id,Medipol Başakşehir FK,Başakşehir,Süper Lig,Trendyol Süper Lig
240685,Tom van de Looi,id,Famalicão,FC Famalicão,Primeira Liga,Liga Portugal
247881,Juan Escobar,id,Godoy Cruz,,Liga Profesional de Fútbol,LPF
254899,Erick Otieno,id,Raków Częstochowa,Raków,Ekstraklasa,PKO BP Ekstraklasa
260282,Takahiro Akimoto,id,Oud-Heverlee Leuven,OH Leuven,Pro League,1A Pro League
167435,Oscar Ustari,id,Inter Miami,Inter Miami CF,Major League Soccer,MLS
224461,Walter Montoya,id,Godoy Cruz,,Liga Profesional de Fútbol,LPF
251841,Juan Manuel Zapata,id,Atlético Nacional,Atl. Nacional,Categoría Primera A,Libertadores
270863,Andrei Borza,id,Rapid Bucuresti,FC Rapid 1923,Liga I,SUPERLIGA
274024,Eden Karzev,id,Shenzhen Peng City,SZ Peng City,Super League,CSL
207733,Filipe Augusto,id,Qingdao Hainiu FC,Qingdao Hainiu,Super League,CSL
238009,Martin Frese,id,Hellas Verona FC,Hellas Verona,Serie A,Serie A Enilive
213928,Eduard Sobol,id,RC Strasbourg Alsace,Strasbourg,Ligue 1,Ligue 1 McDonald's
220847,Mathieu Maertens,id,Oud-Heverlee Leuven,OH Leuven,Pro League,1A Pro League
229155,Thomas Ouwejan,id,NEC Nijmegen,,Eredivisie,Eredivisie
238320,Matías Sepúlveda,id,Universidad de Chile,,Primera Division,Libertadores
241568,Cristian Ferreira,id,Argentinos Juniors,Argentinos Jrs.,Liga Profesional de Fútbol,LPF
234710,Didier Lamkel Zé,id,Qingdao Hainiu FC,Qingdao Hainiu,Super League,CSL
261312,Louis Patris,id,Union Saint-Gilloise,R. Union St.-G.,Pro League,1A Pro League
243887,Tobias Mohr,id,Standard de Liège,Standard Liège,Pro League,1A Pro League
246918,Jaume Grau,id,AVS Futebol SAD,,Primeira Liga,Liga Portugal
253867,Leonardo Flores,id,Atlético Bucaramanga,,Categoría Primera A,Libertadores
270926,Niccolò Pierozzi,id,Palermo FC,Palermo,Serie B,Serie BKT
71451,Ondřej Zmrzlý,id,SK Slavia Praha,Slavia Praha,První liga,Česká Liga
231353,Emmanuel Iyoha,id,Fortuna Düsseldorf,Düsseldorf,2. Bundesliga,Bundesliga 2
262501,Aldasoro,id,Racing Santander,R. Racing Club,La Liga 2,LALIGA HYPERMOTION
228120,Kenneth Paal,id,Antalyaspor,,Süper Lig,Trendyol Süper Lig
245491,Pietro Beruatto,id,Spezia,,Serie B,Serie BKT
270403,Marius Wörl,id,DSC Arminia Bielefeld,Arminia Bielefeld,2. Bundesliga,Bundesliga 2
235618,Kane Wilson,id,Milton Keynes Dons,MK Dons,League Two,EFL League Two
238336,Joe Rankin-Costello,id,Charlton Athletic,Charlton Ath,Championship,EFL Championship
241927,Juan Ignacio Méndez,id,Instituto Atlético Central Córdoba,Instituto,Liga Profesional de Fútbol,LPF
253472,Eric Kahl,id,Aarhus Gymnastikforening,AGF,Superliga,3F Superliga
253537,Byron Castillo,id,Barcelona de Guayaquil,,Serie A,Libertadores
259331,Manolo Portanova,id,Reggiana,,Serie B,Serie BKT
74774,Ugo Raghouber,id,Lille OSC,LOSC Lille,Ligue 1,Ligue 1 McDonald's
201884,Robbie Brady,id,Preston North End,Preston,Championship,EFL Championship
231307,Morgan Poaty,id,FC Lausanne-Sport,Lausanne-Sport,Super League,Brack Super League
239458,Bozhidar Kraev,id,Western Sydney Wanderers,WS Wanderers,A-League Men,A-League
247582,Frankie Amaya,id,Los Angeles FC,LAFC,Major League Soccer,MLS
253574,Carlos Melgar,id,Bolívar,,División de Fútbol Profesional,Libertadores
255879,Martín Fernández,id,Newell's Old Boys,Newell's,Liga Profesional de Fútbol,LPF
263432,Mortadha Ben Ouanes,id,Kasımpaşa SK,Kasımpaşa,Süper Lig,Trendyol Süper Lig
267446,Denso Kasius,id,AZ Alkmaar,,Eredivisie,Eredivisie
267573,Luciano Sánchez,id,Argentinos Juniors,Argentinos Jrs.,Liga Profesional de Fútbol,LPF
212048,Alexandru Chipciu,id,Universitatea Cluj,FC Univ. Cluj,Liga I,SUPERLIGA
235717,Berkay Özcan,id,Fatih Karagümrük,,Süper Lig,Trendyol Süper Lig
265741,Zico Buurmeester,id,PEC Zwolle,,Eredivisie,Eredivisie
268630,Isaac Price,id,West Bromwich Albion,West Brom,Championship,EFL Championship
178363,Johny Placide,id,Sporting Club Bastia,,Ligue 2,Ligue 2 BKT
246155,Sam McCallum,id,Sheffield United,Sheffield Utd,Championship,EFL Championship
255098,José Carabalí,id,Universitario de Deportes,,Liga 1,Libertadores
261004,Amankwah Forson,id,Norwich City,Norwich,Championship,EFL Championship
262025,Alonzo Engwanda,id,FC Utrecht,,Eredivisie,Eredivisie
265518,Oscar Luigi Fraulo,id,Borussia Mönchengladbach,M'gladbach,Bundesliga,Bundesliga
190778,Jeroen Zoet,id,AZ Alkmaar,,Eredivisie,Eredivisie
216380,Daley Sinkgraven,id,Fortuna Sittard,,Eredivisie,Eredivisie
234867,Daniel Arzani,id,Ferencvárosi Torna Club,Ferencvárosi TC,Nemzeti Bajnokság I,Magyar Liga
244725,Evert Linthorst,id,Go Ahead Eagles,,Eredivisie,Eredivisie
245715,Jamie Shackleton,id,Sheffield United,Sheffield Utd,Championship,EFL Championship
252599,Sam Sanna,id,Stade Lavallois Mayenne FC,Laval MFC,Ligue 2,Ligue 2 BKT
252873,Andrés Andrade,id,LASK Linz,LASK,Bundesliga,Ö. Bundesliga
203843,Damián Suárez,id,Peñarol,,Primera División,Libertadores
214660,Lucas Rodríguez,id,Instituto Atlético Central Córdoba,Instituto,Liga Profesional de Fútbol,LPF
221664,Wilder Cartagena,id,Orlando City SC,Orlando City,Major League Soccer,MLS
231150,Jamiro Monteiro,id,PEC Zwolle,,Eredivisie,Eredivisie
244800,Kim Moon Hwan,id,Daejeon Citizen,Daejeon Hana,K League 1,K League 1
245762,Ahmed Kutucu,id,Galatasaray SK,Galatasaray,Süper Lig,Trendyol Süper Lig
246013,Horacio Calcaterra,id,Universitario de Deportes,,Liga 1,Libertadores
253953,Gastón González,id,Club Atlético Sarmiento,Sarmiento,Liga Profesional de Fútbol,LPF
260056,Telasco Segovia,id,Inter Miami,Inter Miami CF,Major League Soccer,MLS
236466,Clément Michelin,id,Racing Santander,R. Racing Club,La Liga 2,LALIGA HYPERMOTION
243661,Albert Vallci,id,FC St.Gallen 1879,FC St. Gallen,Super League,Brack Super League
252859,Leon Flach,id,Jagiellonia Białystok,Jagiellonia,Ekstraklasa,PKO BP Ekstraklasa
256885,Gaspar Campos,id,Real Sporting de Gijón,R. Sporting,La Liga 2,LALIGA HYPERMOTION
258505,Matthias Braunöder,id,SSC Bari,,Serie B,Serie BKT
72916,Simone Zanon,id,Carrarese,Carrarese Calcio,Serie B,Serie BKT
177373,Lasse Ladegaard Nielsen,id,Vejle Boldklub,,Superliga,3F Superliga
232439,Luca Vignali,id,Spezia,,Serie B,Serie BKT
243756,Fran Gámez,id,Albacete Balompié,Albacete BP,La Liga 2,LALIGA HYPERMOTION
245247,Fabricio Domínguez,id,Cerro Porteño,,División Profesional,Libertadores
267627,Franco Díaz,id,Instituto Atlético Central Córdoba,Instituto,Liga Profesional de Fútbol,LPF
268895,Kang Sang Yoon,id,Jeonbuk Hyundai Motors,Jeonbuk Hyundai,K League 1,K League 1
275462,Catriel Cabellos,id,Sporting Cristal,,Liga 1,Libertadores
275867,Stije Resink,id,FC Groningen,,Eredivisie,Eredivisie
198006,Jens Toornstra,id,Sparta Rotterdam,,Eredivisie,Eredivisie
242628,George Bello,id,LASK Linz,LASK,Bundesliga,Ö. Bundesliga
255760,Bartłomiej Wdowik,id,Jagiellonia Białystok,Jagiellonia,Ekstraklasa,PKO BP Ekstraklasa
266170,Dawhan,id,Beijing Guoan,Beijing FC,Super League,CSL
199904,Jesse Joronen,id,Palermo FC,Palermo,Serie B,Serie BKT
229637,Gökhan Akkan,id,Gençlerbirliği SK,Gençlerbirliği,Süper Lig,Trendyol Süper Lig
234717,Sebastián Pérez,id,CD Palestino,,Primera Division,Sudamericana
243870,Oskar Repka,id,Raków Częstochowa,Raków,Ekstraklasa,PKO BP Ekstraklasa
264842,Calebe,id,Deportivo Alavés,D. Alavés,La Liga,LALIGA EA SPORTS
210006,Thomas Dähne,id,TSV 1860 München,,3. Liga,3. Liga
214421,Fredy Hinestroza,id,Atlético Bucaramanga,,Categoría Primera A,Libertadores
237257,Jackson Yueill,id,New England Revolution,New England,Major League Soccer,MLS
246263,Marcelo Weigandt,id,Inter Miami,Inter Miami CF,Major League Soccer,MLS
250952,Karlo Muhar,id,CFR Cluj,CFR 1907 Cluj,Liga I,SUPERLIGA
254258,Nilton Varela,id,Estrela da Amadora,Estrela Amadora,Primeira Liga,Liga Portugal
254585,Julián Palacios,id,Club Atlético Unión,Unión,Liga Profesional de Fútbol,LPF
263808,Gökhan Sazdağı,id,Beşiktaş JK,,Süper Lig,Trendyol Süper Lig
269739,Andrés Meli,id,Godoy Cruz,,Liga Profesional de Fútbol,LPF
279857,Richard Kone,id,Queens Park Rangers,QPR,Championship,EFL Championship
199101,Raúl Lizoain,id,Albacete Balompié,Albacete BP,La Liga 2,LALIGA HYPERMOTION
215049,Damián Pérez,id,Defensa y Justicia,Defensa,Liga Profesional de Fútbol,LPF
219452,Julián Fernández,id,CD Palestino,,Primera Division,Sudamericana
219736,Ethan Horvath,id,Sheffield Wednesday,Sheffield Wed,Championship,EFL Championship
251236,Andrei Cordea,id,CFR Cluj,CFR 1907 Cluj,Liga I,SUPERLIGA
263787,Victor Bobsin,id,Daejeon Citizen,Daejeon Hana,K League 1,K League 1
273998,André Gomes,id,Alverca,FC Alverca,Primeira Liga,Liga Portugal
277878,Santi García,id,Gil Vicente FC,Gil Vicente,Primeira Liga,Liga Portugal
278902,Amadou Koné,id,NEOM SC,Neom,Pro League,ROSHN Saudi League
142962,Enrique Bologna,id,Defensa y Justicia,Defensa,Liga Profesional de Fútbol,LPF
189153,Mauro Díaz,id,Universidad Católica del Ecuador,,Serie A,Sudamericana
197860,Ivo Pinto,id,Fortuna Sittard,,Eredivisie,Eredivisie
215123,Alan Aguerre,id,Central Cordoba SdE,Central Córdoba,Liga Profesional de Fútbol,LPF
216334,Pieter Gerkens,id,Cercle Brugge KSV,Cercle Brugge,Pro League,1A Pro League
242850,Simon Asta,id,1. FC Kaiserslautern,Kaiserslautern,2. Bundesliga,Bundesliga 2
246284,Óscar Gil,id,Oud-Heverlee Leuven,OH Leuven,Pro League,1A Pro League
262551,Stefán Teitur Þórðarson,id,Preston North End,Preston,Championship,EFL Championship
78423,Jeppe Erenbjerg,id,SV Zulte Waregem,Zulte Waregem,Pro League,1A Pro League
191173,Alejandro Bedoya,id,Philadelphia Union,Philadelphia,Major League Soccer,MLS
237993,Jonás Acevedo,id,Instituto Atlético Central Córdoba,Instituto,Liga Profesional de Fútbol,LPF
244464,Eryc Castillo,id,Alianza Lima,,Liga 1,Libertadores
245357,Lisandro Alzugaray,id,LDU Quito,,Serie A,Libertadores
247844,Lee Jae Won,id,Suwon FC,,K League 1,K League 1
256526,Facundo Agustín Cáseres,id,Gil Vicente FC,Gil Vicente,Primeira Liga,Liga Portugal
256602,Sebastián Navarro,id,América de Cali,,Categoría Primera A,Sudamericana
70650,Tommaso Fumagalli,id,Virtus Entella,Entella,Serie B,Serie BKT
231706,Kevin Londoño,id,Atlético Bucaramanga,,Categoría Primera A,Libertadores
243886,Tobias Mølgaard,id,Aarhus Gymnastikforening,AGF,Superliga,3F Superliga
250839,Jesús Pretell,id,Sporting Cristal,,Liga 1,Libertadores
253114,Kwasi Sibo,id,Real Oviedo,R. Oviedo,La Liga,LALIGA EA SPORTS
73502,Rahim Alhassane,id,Real Oviedo,R. Oviedo,La Liga,LALIGA EA SPORTS
229209,Jonathan Benítez,id,CD Palestino,,Primera Division,Sudamericana
233465,Melih Kabasakal,id,Gaziantep FK,Gaziantep,Süper Lig,Trendyol Süper Lig
242640,Tobias Christensen,id,Rapid Bucuresti,FC Rapid 1923,Liga I,SUPERLIGA
251002,Sirlord Conteh,id,1. FC Heidenheim 1846,Heidenheim,Bundesliga,Bundesliga
258041,Hugo Novoa,id,CD Mirandés,,La Liga 2,LALIGA HYPERMOTION
265627,José Rivera,id,Universitario de Deportes,,Liga 1,Libertadores
278172,Ethan Mbappé,id,Lille OSC,LOSC Lille,Ligue 1,Ligue 1 McDonald's
203733,José Ángel,id,RC Deportivo de La Coruña,RC Deportivo,La Liga 2,LALIGA HYPERMOTION
220944,Joe Wildsmith,id,West Bromwich Albion,West Brom,Championship,EFL Championship
233023,Faber Gil,id,Atlético Bucaramanga,,Categoría Primera A,Libertadores
72360,Samed Baždar,id,Real Zaragoza,,La Liga 2,LALIGA HYPERMOTION
201976,Alfred Gomis,id,Palermo FC,Palermo,Serie B,Serie BKT
202558,Pablo Ceppelini,id,Alianza Lima,,Liga 1,Libertadores
205897,Nathaniel Chalobah,id,Sheffield Wednesday,Sheffield Wed,Championship,EFL Championship
209532,Daniel Bachmann,id,RC Deportivo de La Coruña,RC Deportivo,La Liga 2,LALIGA HYPERMOTION
228145,Fabián Hormazábal,id,Universidad de Chile,,Primera Division,Libertadores
235817,Aldair Gutiérrez,id,Atlético Bucaramanga,,Categoría Primera A,Libertadores
237024,Luca Itter,id,SpVgg Greuther Fürth,Fürth,2. Bundesliga,Bundesliga 2
240982,Júnior Moreno,id,Gimnasia y Esgrima La Plata,Gimnasia,Liga Profesional de Fútbol,LPF
263701,Obed Vargas,id,Seattle Sounders FC,Sounders FC,Major League Soccer,MLS
266310,Cristian Zabala,id,Independiente del Valle,,Serie A,Libertadores
272329,Gustavo González,id,Carabobo FC,,Primera Division,Libertadores
199386,Bryan Linssen,id,NEC Nijmegen,,Eredivisie,Eredivisie
226765,Lucas Gamba,id,Club Atlético Unión,Unión,Liga Profesional de Fútbol,LPF
253251,Jorge Morel,id,Cerro Porteño,,División Profesional,Libertadores
254062,Kevin Minda,id,LDU Quito,,Serie A,Libertadores
259070,Pau Víctor,id,Sporting Clube de Braga,SC Braga,Primeira Liga,Liga Portugal
190120,Karl-Johan Johnsson,id,RC Strasbourg Alsace,Strasbourg,Ligue 1,Ligue 1 McDonald's
212232,Jamie Maclaren,id,Mohun Bagan Super Giant,Mohun Bagan SG,Super League,ISL
222355,Luca Valzania,id,Pescara,,Serie B,Serie BKT
227667,Isaac Mbenza,id,Royal Charleroi Sporting Club,Sp. Charleroi,Pro League,1A Pro League
230638,Jhon Vásquez,id,Atlético Bucaramanga,,Categoría Primera A,Libertadores
232817,Ignacio Chicco,id,Belgrano de Córdoba,Belgrano,Liga Profesional de Fútbol,LPF
237895,Vito van Crooij,id,NEC Nijmegen,,Eredivisie,Eredivisie
245392,Giannis Botos,id,SK Slavia Praha,Slavia Praha,První liga,Česká Liga
264507,Facundo Altamira,id,Godoy Cruz,,Liga Profesional de Fútbol,LPF
271816,Andre Brooks,id,Sheffield United,Sheffield Utd,Championship,EFL Championship
70768,Rabby Nzingoula,id,RC Strasbourg Alsace,Strasbourg,Ligue 1,Ligue 1 McDonald's
72721,Simão Rocha,id,CFR Cluj,CFR 1907 Cluj,Liga I,SUPERLIGA
210386,Kristoffer Peterson,id,Fortuna Sittard,,Eredivisie,Eredivisie
233425,Elhan Kastrati,id,Eintracht Braunschweig,Braunschweig,2. Bundesliga,Bundesliga 2
234856,Houboulang Mendes,id,Fortuna Sittard,,Eredivisie,Eredivisie
241412,Ayrton Preciado,id,CA Aldosivi,Aldosivi,Liga Profesional de Fútbol,LPF
241588,Toni Moya,id,Real Zaragoza,,La Liga 2,LALIGA HYPERMOTION
257692,Alban Ajdini,id,FC Lausanne-Sport,Lausanne-Sport,Super League,Brack Super League
258137,Sebastián Prieto,id,Argentinos Juniors,Argentinos Jrs.,Liga Profesional de Fútbol,LPF
262754,Julian Niehues,id,1. FC Heidenheim 1846,Heidenheim,Bundesliga,Bundesliga
270834,Abderrahman Rebbach,id,Deportivo Alavés,D. Alavés,La Liga,LALIGA EA SPORTS
277598,Djibril Soumaré,id,Sheffield United,Sheffield Utd,Championship,EFL Championship
232437,Federico Ricca,id,Belgrano de Córdoba,Belgrano,Liga Profesional de Fútbol,LPF
243392,Rabbi Matondo,id,Rangers FC,Rangers,Premiership,Scottish Prem
244825,Bastián Yáñez,id,Godoy Cruz,,Liga Profesional de Fútbol,LPF
253629,Renato Solís,id,Sporting Cristal,,Liga 1,Libertadores
263029,Ros,id,Tianjin Jinmen Tiger,Tianjin JMT FC,Super League,CSL
268083,Abiel Osorio,id,Defensa y Justicia,Defensa,Liga Profesional de Fútbol,LPF
228716,Kevin,id,Real Sporting de Gijón,R. Sporting,La Liga 2,LALIGA HYPERMOTION
267994,Sławomir Abramowicz,id,Jagiellonia Białystok,Jagiellonia,Ekstraklasa,PKO BP Ekstraklasa
73864,Juan,id,Göztepe SK,Göztepe,Süper Lig,Trendyol Süper Lig
198653,Martín Silva,id,Libertad,,División Profesional,Libertadores
206561,Christian Walton,id,Ipswich Town,Ipswich,Championship,EFL Championship
239443,Danny McNamara,id,Millwall FC,Millwall,Championship,EFL Championship
246827,Mohammed Kamara,id,CFR Cluj,CFR 1907 Cluj,Liga I,SUPERLIGA
251028,Kwame Poku,id,Queens Park Rangers,QPR,Championship,EFL Championship
256149,Hugo Martínez,id,Libertad,,División Profesional,Libertadores
256658,Jessic Ngankam,id,Eintracht Frankfurt,Frankfurt,Bundesliga,Bundesliga
258766,Pablo García,id,Real Sporting de Gijón,R. Sporting,La Liga 2,LALIGA HYPERMOTION
275988,Kellen Fisher,id,Norwich City,Norwich,Championship,EFL Championship
276022,Amine Boutrah,id,Sporting Club Bastia,,Ligue 2,Ligue 2 BKT
70679,Tobías Ramirez Cardozo,id,Argentinos Juniors,Argentinos Jrs.,Liga Profesional de Fútbol,LPF
132740,Jesper Hansen,id,Aarhus Gymnastikforening,AGF,Superliga,3F Superliga
221750,André Geraldes,id,Casa Pia,Casa Pia AC,Primeira Liga,Liga Portugal
222156,James Bree,id,Charlton Athletic,Charlton Ath,Championship,EFL Championship
224518,Tolcay Ciğerci,id,FC Energie Cottbus,Energie Cottbus,3. Liga,3. Liga
244417,Julian Krahl,id,1. FC Kaiserslautern,Kaiserslautern,2. Bundesliga,Bundesliga 2
253463,Bünyamin Balcı,id,Antalyaspor,,Süper Lig,Trendyol Süper Lig
259627,Julian Hettwer,id,Fortuna Düsseldorf,Düsseldorf,2. Bundesliga,Bundesliga 2
260388,Nahuel Ulariaga,id,Godoy Cruz,,Liga Profesional de Fútbol,LPF
74049,Zakaria Ariss,id,Sporting Club Bastia,,Ligue 2,Ligue 2 BKT
211899,Florian Niederlechner,id,TSV 1860 München,,3. Liga,3. Liga
220915,Gabriele Moncini,id,SSC Bari,,Serie B,Serie BKT
241157,Théo Sainte-Luce,id,Montpellier HSC,Montpellier,Ligue 2,Ligue 2 BKT
253822,Sebastián Assís,id,Cerro Largo,,Primera División,Sudamericana
254198,Ángelo Campos,id,Alianza Lima,,Liga 1,Libertadores
258526,Simon Elisor,id,Famalicão,FC Famalicão,Primeira Liga,Liga Portugal
259423,Iván Azón,id,Ipswich Town,Ipswich,Championship,EFL Championship
268738,Marius Broholm,id,Lille OSC,LOSC Lille,Ligue 1,Ligue 1 McDonald's
72374,Yanis Zouaoui,id,Le Havre AC,Havre AC,Ligue 1,Ligue 1 McDonald's
78426,Joseph Opoku,id,SV Zulte Waregem,Zulte Waregem,Pro League,1A Pro League
245149,Jan Hurtado,id,Gimnasia y Esgrima La Plata,Gimnasia,Liga Profesional de Fútbol,LPF
251411,Karol Struski,id,Raków Częstochowa,Raków,Ekstraklasa,PKO BP Ekstraklasa
252183,Hugo Vandermersch,id,FC St.Gallen 1879,FC St. Gallen,Super League,Brack Super League
252700,Kai Trewin,id,Melbourne City FC,Melbourne City,A-League Men,A-League
255579,Youssef El Kachati,id,NEC Nijmegen,,Eredivisie,Eredivisie
256705,Jan Elvedi,id,1. FC Kaiserslautern,Kaiserslautern,2. Bundesliga,Bundesliga 2
258771,Aleksandar Ćirković,id,Lechia Gdańsk,,Ekstraklasa,PKO BP Ekstraklasa
258817,Juan Manuel Gutiérrez,id,Defensa y Justicia,Defensa,Liga Profesional de Fútbol,LPF
276372,Ilyas Ansah,id,1. FC Union Berlin,Union Berlin,Bundesliga,Bundesliga
230991,Fafà Picault,id,Inter Miami,Inter Miami CF,Major League Soccer,MLS
235824,Tomás Alarcón,id,Colo-Colo,,Primera Division,Libertadores
251781,Raul Opruț,id,Dinamo Bucureşti,FC Dinamo 1948,Liga I,SUPERLIGA
252084,Marcos André,id,Real Valladolid CF,R. Valladolid CF,La Liga 2,LALIGA HYPERMOTION
255293,Umut Güneş,id,Medipol Başakşehir FK,Başakşehir,Süper Lig,Trendyol Süper Lig
257112,Rafiki Saïd,id,Standard de Liège,Standard Liège,Pro League,1A Pro League
259825,Arón Rodríguez,id,Independiente del Valle,,Serie A,Libertadores
262586,Ivan Brnić,id,Medipol Başakşehir FK,Başakşehir,Süper Lig,Trendyol Süper Lig
269562,Sayfallah Ltaief,id,Sparta Rotterdam,,Eredivisie,Eredivisie
240271,Dimitris Limnios,id,Fortuna Sittard,,Eredivisie,Eredivisie
246237,Ezequiel Bullaude,id,Feyenoord,,Eredivisie,Eredivisie
248054,Laurențiu Popescu,id,Universitatea Craiova,Univ. Craiova,Liga I,SUPERLIGA
260645,Albion Ademi,id,Tianjin Jinmen Tiger,Tianjin JMT FC,Super League,CSL
264188,Taichi Fukui,id,FC Arouca,Arouca,Primeira Liga,Liga Portugal
272328,Miguel Ángel Pernía,id,Carabobo FC,,Primera Division,Libertadores
277322,Rodrigo Pinheiro,id,Famalicão,FC Famalicão,Primeira Liga,Liga Portugal
278782,Marcos Mina,id,América de Cali,,Categoría Primera A,Sudamericana
235991,Nicolás Cordero,id,Instituto Atlético Central Córdoba,Instituto,Liga Profesional de Fútbol,LPF
236800,Iván Angulo,id,Orlando City SC,Orlando City,Major League Soccer,MLS
243538,Karlo Letica,id,FC Lausanne-Sport,Lausanne-Sport,Super League,Brack Super League
248710,Paulino,id,Real Zaragoza,,La Liga 2,LALIGA HYPERMOTION
251995,João Gonçalves,id,AVS Futebol SAD,,Primeira Liga,Liga Portugal
252164,Jesús Ramírez,id,CD Nacional,Nacional,Primeira Liga,Liga Portugal
259673,Max Bruns,id,FC Twente,,Eredivisie,Eredivisie
259883,Mauro Méndez,id,CA Banfield,Banfield,Liga Profesional de Fútbol,LPF
175254,Felipe Caicedo,id,Barcelona de Guayaquil,,Serie A,Libertadores
248869,Hugo Fernández,id,Libertad,,División Profesional,Libertadores
259874,César Araújo,id,Orlando City SC,Orlando City,Major League Soccer,MLS
262800,Mahir Emreli,id,1. FC Kaiserslautern,Kaiserslautern,2. Bundesliga,Bundesliga 2
191269,Salman Al Faraj,id,NEOM SC,Neom,Pro League,ROSHN Saudi League
219774,Sebas Moyano,id,Real Zaragoza,,La Liga 2,LALIGA HYPERMOTION
232067,Neri Bandiera,id,Atlético Grau,,Liga 1,Sudamericana
240317,Žan Celar,id,Fortuna Düsseldorf,Düsseldorf,2. Bundesliga,Bundesliga 2
271525,Deabeas Owusu-Sekyere,id,Zhejiang FC,Zhejiang Pro,Super League,CSL
74344,Marvin Young,id,Sparta Rotterdam,,Eredivisie,Eredivisie
183966,Facundo Roncaglia,id,Club Atlético Sarmiento,Sarmiento,Liga Profesional de Fútbol,LPF
194879,Sergi Enrich,id,SD Huesca,,La Liga 2,LALIGA HYPERMOTION
245231,Billy Arce,id,Atlético Nacional,Atl. Nacional,Categoría Primera A,Libertadores
259131,Jacob Trenskow,id,SC Heerenveen,,Eredivisie,Eredivisie
260982,Chris Brady,id,Chicago Fire,Chicago Fire FC,Major League Soccer,MLS
263020,Semih Güler,id,Gaziantep FK,Gaziantep,Süper Lig,Trendyol Süper Lig
277552,Tyler Bindon,id,Sheffield United,Sheffield Utd,Championship,EFL Championship
233045,Iké Ugbo,id,Sheffield Wednesday,Sheffield Wed,Championship,EFL Championship
264290,Pablo Felipe,id,Gil Vicente FC,Gil Vicente,Primeira Liga,Liga Portugal
265786,Diego Enríquez,id,Sporting Cristal,,Liga 1,Libertadores
204451,Koray Günter,id,Al Akhdoud Saudi Club,,Pro League,ROSHN Saudi League
234037,Robert Piris da Motta,id,Cerro Porteño,,División Profesional,Libertadores
248586,Ottó Hindrich,id,CFR Cluj,CFR 1907 Cluj,Liga I,SUPERLIGA
253861,Martín Ferreira,id,Racing Club de Montevideo,,Primera División,Sudamericana
255580,Giacomo Quagliata,id,RC Deportivo de La Coruña,RC Deportivo,La Liga 2,LALIGA HYPERMOTION
255607,Jherson Mosquera,id,Newell's Old Boys,Newell's,Liga Profesional de Fútbol,LPF
263208,Michael Ameyaw,id,Raków Częstochowa,Raków,Ekstraklasa,PKO BP Ekstraklasa
272990,Braian Oyola,id,Barcelona de Guayaquil,,Serie A,Libertadores
206601,Mario Sampirisi,id,Reggiana,,Serie B,Serie BKT
240801,Luis Amarilla,id,Cerro Porteño,,División Profesional,Libertadores
248434,Daniel Hanslik,id,1. FC Kaiserslautern,Kaiserslautern,2. Bundesliga,Bundesliga 2
235141,Phillip Menzel,id,1. FC Saarbrücken,Saarbrücken,3. Liga,3. Liga
255866,Diego Fernández,id,Guaraní,,División Profesional,Sudamericana
267485,Lewin Blum,id,Royal Charleroi Sporting Club,Sp. Charleroi,Pro League,1A Pro League
231864,Mitchell van Bergen,id,Sparta Rotterdam,,Eredivisie,Eredivisie
243373,Lukas Jensen,id,Millwall FC,Millwall,Championship,EFL Championship
253034,Di'Shon Bernard,id,Sheffield Wednesday,Sheffield Wed,Championship,EFL Championship
263107,Nordine Kandil,id,Amiens SC,,Ligue 2,Ligue 2 BKT
274569,Tomás Avilés,id,Inter Miami,Inter Miami CF,Major League Soccer,MLS
240226,Magomed-Shapi Suleymanov,id,Sporting Kansas City,Sporting KC,Major League Soccer,MLS
250841,Patricio Álvarez,id,Atlético Grau,,Liga 1,Sudamericana
251325,Marco Meyerhöfer,id,SC Preußen Münster,Preußen Münster,2. Bundesliga,Bundesliga 2
253146,Kaique Rocha,id,Casa Pia,Casa Pia AC,Primeira Liga,Liga Portugal
262573,Stavros Gavriel,id,SV Zulte Waregem,Zulte Waregem,Pro League,1A Pro League
268927,Ibrahim Cissoko,id,Bolton Wanderers,Bolton,League One,EFL League One
186143,Oliver Norwood,id,Stockport County,Stockport,League One,EFL League One
233225,Shogo Taniguchi,id,Sint-Truidense VV,STVV,Pro League,1A Pro League
259054,Tiago Morais,id,Casa Pia,Casa Pia AC,Primeira Liga,Liga Portugal
261771,Moïse Sahi,id,FCV Dender EH,,Pro League,1A Pro League
271917,Jorne Spileers,id,Club Brugge KV,Club Brugge,Pro League,1A Pro League
219787,Andrés Mosquera,id,América de Cali,,Categoría Primera A,Sudamericana
222065,Jairo Vélez,id,Universitario de Deportes,,Liga 1,Libertadores
244413,Manuel Pfeifer,id,TSV 1860 München,,3. Liga,3. Liga
274231,Óscar Perea,id,AVS Futebol SAD,,Primeira Liga,Liga Portugal
202170,Michael Boxall,id,Minnesota United FC,Minnesota United,Major League Soccer,MLS
74865,Mihailo Ivanović,id,Millwall FC,Millwall,Championship,EFL Championship
210556,Lucas João,id,CD Nacional,Nacional,Primeira Liga,Liga Portugal
214835,Ronnie Fernández,id,CD Palestino,,Primera Division,Sudamericana
265556,Orlando Barreto,id,Club Olimpia,,División Profesional,Libertadores
72755,Elias Bethke,id,FC Energie Cottbus,Energie Cottbus,3. Liga,3. Liga
221271,Théo Pellenard,id,Stade Lavallois Mayenne FC,Laval MFC,Ligue 2,Ligue 2 BKT
229702,Joshua Mees,id,SC Preußen Münster,Preußen Münster,2. Bundesliga,Bundesliga 2
237809,Josh Bowler,id,Blackpool FC,Blackpool,League One,EFL League One
267905,Bertuğ Yıldırım,id,Medipol Başakşehir FK,Stade Rennais FC,Süper Lig,Ligue 1 McDonald's
269288,Bryan Goncalves,id,FCV Dender EH,,Pro League,1A Pro League
223746,Greg Stewart,id,Mohun Bagan Super Giant,Mohun Bagan SG,Super League,ISL
240944,Michael Estrada,id,LDU Quito,,Serie A,Libertadores
243977,Jonathan Herrera,id,Deportivo Riestra,Dep. Riestra,Liga Profesional de Fútbol,LPF
255969,Assad Al Hamlawi,id,Universitatea Craiova,Univ. Craiova,Liga I,SUPERLIGA
260896,German Onugkha,id,Kayserispor,F.C. København,Süper Lig,3F Superliga
262339,Gonzalo Luján,id,Inter Miami,Inter Miami CF,Major League Soccer,MLS
276305,Rein Van Helden,id,Sint-Truidense VV,STVV,Pro League,1A Pro League
276377,Lucas Høgsberg,id,RC Strasbourg Alsace,Strasbourg,Ligue 1,Ligue 1 McDonald's
228729,Bruno Valdez,id,Cerro Porteño,,División Profesional,Libertadores
231555,Johannes Reichert,id,SSV Ulm 1846,,3. Liga,3. Liga
271395,Ivan Prtajin,id,1. FC Kaiserslautern,Kaiserslautern,2. Bundesliga,Bundesliga 2
254703,Néstor Giménez,id,Libertad,,División Profesional,Libertadores
260030,Junior Marabel,id,CD Palestino,,Primera Division,Sudamericana
263245,Tomasz Pieńko,id,Raków Częstochowa,Raków,Ekstraklasa,PKO BP Ekstraklasa
70333,Gonzalo Petit,id,CD Mirandés,,La Liga 2,LALIGA HYPERMOTION
209816,Buatu,id,Gil Vicente FC,Gil Vicente,Primeira Liga,Liga Portugal
239378,Kaj Sierhuis,id,Fortuna Sittard,,Eredivisie,Eredivisie
266895,Nicolò Tresoldi,id,Club Brugge KV,Club Brugge,Pro League,1A Pro League
259559,Tim Breithaupt,id,Fortuna Düsseldorf,Düsseldorf,2. Bundesliga,Bundesliga 2
75087,Ayden Heaven,id,Manchester United,Man Utd,Premier League,Premier League
190583,Michael Smith,id,Preston North End,Preston,Championship,EFL Championship
237807,Dylan Vente,id,SC Heerenveen,,Eredivisie,Eredivisie
241070,Nikola Maraš,id,Deportivo Alavés,D. Alavés,La Liga,LALIGA EA SPORTS
224142,Carlos Henao,id,Atlético Bucaramanga,,Categoría Primera A,Libertadores
229879,Dave Romney,id,San Jose Earthquakes,SJ Earthquakes,Major League Soccer,MLS
241007,Enzo Ebosse,id,Hellas Verona FC,Hellas Verona,Serie A,Serie A Enilive
245566,Alessandro Vogliacco,id,PAOK,PAOK FC,Super League,Hellas Liga
247887,Davide Merola,id,Pescara,,Serie B,Serie BKT
255169,Jorge Recalde,id,Libertad,,División Profesional,Libertadores
275644,Gábor Szalai,id,Ferencvárosi Torna Club,Ferencvárosi TC,Nemzeti Bajnokság I,Magyar Liga
223335,Lucas Diarte,id,Club Atlético San Martín,,Liga Profesional de Fútbol,LPF
269619,Marcelo Estigarribia,id,Club Atlético Unión,Unión,Liga Profesional de Fútbol,LPF
274442,Antoine Joujou,id,Famalicão,FC Famalicão,Primeira Liga,Liga Portugal
242958,Paul Jaeckel,id,SC Preußen Münster,Preußen Münster,2. Bundesliga,Bundesliga 2
273767,Nicolas Meriano,id,CA Banfield,Banfield,Liga Profesional de Fútbol,LPF
212208,Leonel Galeano,id,Cienciano,,Liga 1,Sudamericana
263178,Oier Luengo,id,Real Oviedo,R. Oviedo,La Liga,LALIGA EA SPORTS
273628,Tobias Slotsager,id,Hellas Verona FC,Hellas Verona,Serie A,Serie A Enilive
220385,Iván Márquez,id,Fortuna Sittard,,Eredivisie,Eredivisie
246406,Xavier Arreaga,id,Barcelona de Guayaquil,,Serie A,Libertadores
277561,Samuel Amo-Ameyaw,id,RC Strasbourg Alsace,Strasbourg,Ligue 1,Ligue 1 McDonald's
238446,Tachi,id,Real Zaragoza,,La Liga 2,LALIGA HYPERMOTION
278087,Matei Ilie,id,CFR Cluj,CFR 1907 Cluj,Liga I,SUPERLIGA
252753,Arda Kızıldağ,id,Gaziantep FK,Gaziantep,Süper Lig,Trendyol Süper Lig
240496,Lewis Gibson,id,Preston North End,Preston,Championship,EFL Championship
261160,Bruno Sepúlveda,id,CA Banfield,Banfield,Liga Profesional de Fútbol,LPF
73949,Luka Kulenović,id,Heracles Almelo,,Eredivisie,Eredivisie
270700,Ibe Hautekiet,id,Standard de Liège,Standard Liège,Pro League,1A Pro League
279919,Dylan Nandín,id,FC Arouca,Arouca,Primeira Liga,Liga Portugal
205584,Michael Ihiekwe,id,Blackpool FC,Blackpool,League One,EFL League One
240133,Malik Tchokounté,id,Stade Lavallois Mayenne FC,Laval MFC,Ligue 2,Ligue 2 BKT
75409,Luis Ramos,id,América de Cali,,Categoría Primera A,Sudamericana
237979,Matías Marín,id,Unión Española,,Primera Division,Sudamericana
243449,Lucas Perrin,id,Real Sporting de Gijón,R. Sporting,La Liga 2,LALIGA HYPERMOTION
255416,Daniel González,id,Universidad Católica,Uni. Católica,Primera Division,Liga Chile
262404,Felix Bacher,id,GD Estoril Praia,Estoril Praia,Primeira Liga,Liga Portugal
215301,Lloyd Jones,id,Charlton Athletic,Charlton Ath,Championship,EFL Championship
79505,Bernardo Schappo,id,Estrela da Amadora,Estrela Amadora,Primeira Liga,Liga Portugal
207431,Insua,id,Real Zaragoza,,La Liga 2,LALIGA HYPERMOTION
211166,Jack Whatmough,id,Huddersfield Town,Huddersfield,League One,EFL League One
233435,Manuel Maranda,id,Blau-Weiß Linz,Blau-Weiss Linz,Bundesliga,Ö. Bundesliga
25798,Roque Santa Cruz,id,Libertad,,División Profesional,Libertadores
248133,César Haydar,id,Atlético Nacional,Atl. Nacional,Categoría Primera A,Libertadores
250813,Leo Greiml,id,NAC Breda,,Eredivisie,Eredivisie
73044,Ulisses Wilson,id,CD Nacional,Nacional,Primeira Liga,Liga Portugal
193091,Bram Nuytinck,id,NEC Nijmegen,,Eredivisie,Eredivisie
233292,Miguel Barbieri,id,Deportivo Riestra,Dep. Riestra,Liga Profesional de Fútbol,LPF
259053,Cristian Devenish,id,AVS Futebol SAD,,Primeira Liga,Liga Portugal
235729,David Bates,id,Standard de Liège,Standard Liège,Pro League,1A Pro League
236924,Bruno Wilson,id,San Jose Earthquakes,SJ Earthquakes,Major League Soccer,MLS
223818,João Afonso,id,CD Tondela,,Primeira Liga,Liga Portugal
266564,Nikola Stevanović,id,Universitatea Craiova,Univ. Craiova,Liga I,SUPERLIGA
258457,Kévin Boma,id,GD Estoril Praia,Estoril Praia,Primeira Liga,Liga Portugal
244135,Aleksandar Radovanović,id,Real Zaragoza,,La Liga 2,LALIGA HYPERMOTION
272407,Check Keita,id,Royal Charleroi Sporting Club,Sp. Charleroi,Pro League,1A Pro League
237040,Dimitrios Nikolaou,id,SSC Bari,,Serie B,Serie BKT
190602,Riccardo Brosco,id,Pescara,,Serie B,Serie BKT
207956,Pelly-Ruddock Mpanzu,id,Cambridge United,Cambridge Utd,League Two,EFL League Two
192451,Graham Carey,id,Livingston FC,Livingston,Premiership,Scottish Prem
241428,Harvey Knibbs,id,Charlton Athletic,Charlton Ath,Championship,EFL Championship
229910,Svante Ingelsson,id,Sheffield Wednesday,Sheffield Wed,Championship,EFL Championship
273917,Giuseppe Aurelio,id,Spezia,,Serie B,Serie BKT
223017,Ömer Ali Şahiner,id,Medipol Başakşehir FK,Başakşehir,Süper Lig,Trendyol Süper Lig
239119,Luke Leahy,id,Wycombe Wanderers,Wycombe,League One,EFL League One
231247,Braian Cufré,id,Central Cordoba SdE,Central Córdoba,Liga Profesional de Fútbol,LPF
222528,Lynden Gooch,id,Huddersfield Town,Huddersfield,League One,EFL League One
231897,Mael Corboz,id,DSC Arminia Bielefeld,Arminia Bielefeld,2. Bundesliga,Bundesliga 2
252567,Sotiris Alexandropoulos,id,Fortuna Düsseldorf,Düsseldorf,2. Bundesliga,Bundesliga 2
73617,Chris-Kévin Nadje,id,Excelsior,,Eredivisie,Eredivisie
256746,Tobias Bech,id,Aarhus Gymnastikforening,AGF,Superliga,3F Superliga
261141,Malik Sellouki,id,Stade Lavallois Mayenne FC,Laval MFC,Ligue 2,Ligue 2 BKT
253135,Gabriel Florentín,id,Argentinos Juniors,Argentinos Jrs.,Liga Profesional de Fútbol,LPF
212366,Josh Sheehan,id,Bolton Wanderers,Bolton,League One,EFL League One
233938,David Kasumu,id,Huddersfield Town,Huddersfield,League One,EFL League One
247150,Alex Vigo,id,Club Atlético Sarmiento,Sarmiento,Liga Profesional de Fútbol,LPF
248112,Ionuț Vînă,id,FCV Farul Constanța,Farul Constanța,Liga I,SUPERLIGA
189146,Dávid Gróf,id,Ferencvárosi Torna Club,Ferencvárosi TC,Nemzeti Bajnokság I,Magyar Liga
205939,Onur Bulut,id,Medipol Başakşehir FK,Başakşehir,Süper Lig,Trendyol Süper Lig
212454,Callum O'Dowda,id,Ferencvárosi Torna Club,Ferencvárosi TC,Nemzeti Bajnokság I,Magyar Liga
224504,Israel Poblete,id,Universidad de Chile,,Primera Division,Libertadores
251213,Cristian Vega,id,Central Cordoba SdE,Central Córdoba,Liga Profesional de Fútbol,LPF
276412,Hevertton,id,Gil Vicente FC,Gil Vicente,Primeira Liga,Liga Portugal
229091,Bailey Peacock-Farrell,id,Blackpool FC,Blackpool,League One,EFL League One
245261,Bruno Lamas,id,Daegu FC,,K League 1,K League 1
252706,Elías López,id,Belgrano de Córdoba,Belgrano,Liga Profesional de Fútbol,LPF
255684,Leonai,id,Barcelona de Guayaquil,,Serie A,Libertadores
241861,Nathaniel Atkinson,id,Melbourne City FC,Melbourne City,A-League Men,A-League
247400,Carlos Villalba,id,Club Atlético Sarmiento,Sarmiento,Liga Profesional de Fútbol,LPF
272604,Ali Ahmed,id,Vancouver Whitecaps FC,Whitecaps FC,Major League Soccer,MLS
72850,Emanuele Adamo,id,Cesena FC,Cesena,Serie B,Serie BKT
220028,Sam Adekugbe,id,Vancouver Whitecaps FC,Whitecaps FC,Major League Soccer,MLS
241875,Will Ferry,id,Dundee United FC,Dundee United,Premiership,Scottish Prem
254039,Jordy Alcívar,id,Independiente del Valle,,Serie A,Libertadores
254905,Indiana Vassilev,id,Philadelphia Union,Philadelphia,Major League Soccer,MLS
269899,Novatus Miroshi,id,Göztepe SK,Göztepe,Süper Lig,Trendyol Süper Lig
219605,Cristian Cuevas,id,Universidad Católica,Uni. Católica,Primera Division,Liga Chile
229073,Josh Dacres-Cogley,id,Bolton Wanderers,Bolton,League One,EFL League One
253902,Nelson Cabanillas,id,FBC Melgar,,Liga 1,Sudamericana
276988,Alaa Bellaarouch,id,Sporting Clube de Braga,SC Braga,Primeira Liga,Liga Portugal
210724,Callum Paterson,id,Milton Keynes Dons,MK Dons,League Two,EFL League Two
217845,Andrew Hjulsager,id,Vejle Boldklub,,Superliga,3F Superliga
230136,Jordan Thompson,id,Preston North End,Preston,Championship,EFL Championship
239116,Cristian Ganea,id,FCV Farul Constanța,Farul Constanța,Liga I,SUPERLIGA
257406,Fodé Doucouré,id,Le Havre AC,Havre AC,Ligue 1,Ligue 1 McDonald's
72889,Ogün Bayrak,id,Göztepe SK,Göztepe,Süper Lig,Trendyol Süper Lig
215129,Misael Dávila,id,Deportes Iquique,,Primera Division,Sudamericana
218623,Cafú,id,Kasımpaşa SK,Kasımpaşa,Süper Lig,Trendyol Süper Lig
235166,Mohanad Jeahze,id,Sarpsborg 08 FF,Sarpsborg 08,Eliteserien,Eliteserien
186395,Matt Ritchie,id,Reading FC,Reading,League One,EFL League One
191783,Valon Berisha,id,LASK Linz,LASK,Bundesliga,Ö. Bundesliga
205983,Damjan Đoković,id,CFR Cluj,CFR 1907 Cluj,Liga I,SUPERLIGA
210484,Andreas Kuen,id,Melbourne City FC,Melbourne City,A-League Men,A-League
240095,Leo Štulac,id,Reggiana,,Serie B,Serie BKT
250854,Rasmus Carstensen,id,Aarhus Gymnastikforening,AGF,Superliga,3F Superliga
251201,Kristian Arnstad,id,Aarhus Gymnastikforening,AGF,Superliga,3F Superliga
251497,Ousmane Diakité,id,West Bromwich Albion,West Brom,Championship,EFL Championship
269248,Derry John Murkin,id,FC Utrecht,,Eredivisie,Eredivisie
219595,Déinner Quiñones,id,Once Caldas,,Categoría Primera A,Sudamericana
231446,Marcus McGuane,id,Huddersfield Town,Huddersfield,League One,EFL League One
262137,Habib Keïta,id,Kocaelispor,Clermont Foot 63,Süper Lig,Ligue 2 BKT
263099,Mees de Wit,id,AZ Alkmaar,,Eredivisie,Eredivisie
266668,Layan Loor,id,Independiente del Valle,,Serie A,Libertadores
269604,Robin Heußer,id,Eintracht Braunschweig,Braunschweig,2. Bundesliga,Bundesliga 2
271378,Nermin Karić,id,Virtus Entella,Entella,Serie B,Serie BKT
277483,Gjivai Zechiël,id,FC Utrecht,,Eredivisie,Eredivisie
277941,Lukas Kačavenda,id,LASK Linz,LASK,Bundesliga,Ö. Bundesliga
72817,Carlos Mora,id,Universitatea Craiova,Univ. Craiova,Liga I,SUPERLIGA
248111,Andrei Artean,id,Universitatea Cluj,FC Univ. Cluj,Liga I,SUPERLIGA
273905,Alan Sosa,id,Gimnasia y Esgrima La Plata,Gimnasia,Liga Profesional de Fútbol,LPF
182091,Kosta Barbarouses,id,Western Sydney Wanderers,WS Wanderers,A-League Men,A-League
198145,Sergio Araujo,id,Cerro Porteño,,División Profesional,Libertadores
201887,Daniel Johnson,id,Fatih Karagümrük,,Süper Lig,Trendyol Süper Lig
231280,Iván Alejo,id,Real Valladolid CF,R. Valladolid CF,La Liga 2,LALIGA HYPERMOTION
241244,Ryan Strain,id,Dundee United FC,Dundee United,Premiership,Scottish Prem
243001,Alexandru Cicâldău,id,Universitatea Craiova,Univ. Craiova,Liga I,SUPERLIGA
246099,Kenzo Goudmijn,id,Go Ahead Eagles,,Eredivisie,Eredivisie
254204,Paolo Reyna,id,Universitario de Deportes,,Liga 1,Libertadores
276625,Cristian Mihai,id,Dinamo Bucureşti,FC Dinamo 1948,Liga I,SUPERLIGA
212710,Joel Pereira,id,Reading FC,Reading,League One,EFL League One
232162,Steven Ugarković,id,Western Sydney Wanderers,WS Wanderers,A-League Men,A-League
254628,Nicolás Rodríguez,id,Club Nacional de Football,,Primera División,Libertadores
255339,Jayden Nelson,id,Vancouver Whitecaps FC,Whitecaps FC,Major League Soccer,MLS
260149,Markus Solbakken,id,Aarhus Gymnastikforening,AGF,Superliga,3F Superliga
273827,Gustavo Puerta,id,Racing Santander,R. Racing Club,La Liga 2,LALIGA HYPERMOTION
275290,Markus Karlsson,id,Hammarby Fotboll,Hammarby IF,Allsvenskan,Allsvenskan
210985,Ben Osborn,id,Stockport County,Stockport,League One,EFL League One
228782,João Gamboa,id,Jeonbuk Hyundai Motors,Jeonbuk Hyundai,K League 1,K League 1
239397,Braydon Manu,id,PEC Zwolle,,Eredivisie,Eredivisie
246137,Kayne Ramsay,id,Charlton Athletic,Charlton Ath,Championship,EFL Championship
251560,Billy Mitchell,id,Millwall FC,Millwall,Championship,EFL Championship
204370,Sander van de Streek,id,Antalyaspor,,Süper Lig,Trendyol Süper Lig
214354,Dairon Asprilla,id,Atlético Nacional,Atl. Nacional,Categoría Primera A,Libertadores
222411,Jérôme Prior,id,Livingston FC,Livingston,Premiership,Scottish Prem
224488,Furkan Soyalp,id,Kayserispor,,Süper Lig,Trendyol Süper Lig
225509,Aaron Collins,id,Milton Keynes Dons,MK Dons,League Two,EFL League Two
226720,Witi,id,CD Nacional,Nacional,Primeira Liga,Liga Portugal
248057,Ovidiu Bic,id,Universitatea Cluj,FC Univ. Cluj,Liga I,SUPERLIGA
253122,Amadou Dante,id,FC Arouca,Arouca,Primeira Liga,Liga Portugal
264828,Kortajarena,id,SD Huesca,,La Liga 2,LALIGA HYPERMOTION
267931,César Pérez,id,Defensa y Justicia,Defensa,Liga Profesional de Fútbol,LPF
273663,Pedro Santos,id,FC Arouca,Arouca,Primeira Liga,Liga Portugal
275054,Edier Ocampo,id,Vancouver Whitecaps FC,Whitecaps FC,Major League Soccer,MLS
74939,Igor Jesus,id,Los Angeles FC,LAFC,Major League Soccer,MLS
239838,Mirko Antonucci,id,SSC Bari,,Serie B,Serie BKT
252861,Stefano Russo,id,DSC Arminia Bielefeld,Arminia Bielefeld,2. Bundesliga,Bundesliga 2
255963,Ángel Cardozo Lucena,id,Libertad,,División Profesional,Libertadores
264733,Manuel García,id,Club Atlético Sarmiento,Sarmiento,Liga Profesional de Fútbol,LPF
70786,Josh King,id,Fulham FC,Fulham,Premier League,Premier League
75074,Santino Andino,id,Godoy Cruz,,Liga Profesional de Fútbol,LPF
200294,Edu García,id,Shenzhen Peng City,SZ Peng City,Super League,CSL
216072,Gaetano Letizia,id,Pescara,,Serie B,Serie BKT
224330,Nicolás Stefanelli,id,Defensa y Justicia,Defensa,Liga Profesional de Fútbol,LPF
224599,Yan Junling,id,Shanghai Port,Shanghai Port FC,Super League,CSL
239379,Victor Jensen,id,FC Utrecht,,Eredivisie,Eredivisie
251521,Niall Huggins,id,Wycombe Wanderers,Wycombe,League One,EFL League One
255817,Eddy Mejía,id,Universidad Católica del Ecuador,,Serie A,Sudamericana
259569,Marco John,id,SpVgg Greuther Fürth,Fürth,2. Bundesliga,Bundesliga 2
265788,Zidane Iqbal,id,FC Utrecht,,Eredivisie,Eredivisie
70958,Tommy Jyry,id,Asociația Clubul Sportiv Petrolul 52,FC Petrolul,Liga I,SUPERLIGA
205291,Herman Stengel,id,Strømsgodset IF,,Eliteserien,Eliteserien
239571,Tim Handwerker,id,DSC Arminia Bielefeld,Arminia Bielefeld,2. Bundesliga,Bundesliga 2
242350,Rifet Kapić,id,Lechia Gdańsk,,Ekstraklasa,PKO BP Ekstraklasa
262148,Nicolás Garayalde,id,Gimnasia y Esgrima La Plata,Gimnasia,Liga Profesional de Fútbol,LPF
224846,Konstantinos Kotsaris,id,Panathinaikos FC,Panathinaikos,Super League,Hellas Liga
236633,Juan Bauza,id,Atlético Nacional,Atl. Nacional,Categoría Primera A,Libertadores
237091,Kim Hyeon Ug,id,Daejeon Citizen,Daejeon Hana,K League 1,K League 1
240814,Joel Grodowski,id,DSC Arminia Bielefeld,Arminia Bielefeld,2. Bundesliga,Bundesliga 2
252096,Nelson Hernández,id,Deportivo Táchira,,Primera Division,Libertadores
253771,Pablo Lavandeira,id,Alianza Lima,,Liga 1,Libertadores
256620,Liam Gibbs,id,Norwich City,Norwich,Championship,EFL Championship
260099,Shurandy Sambo,id,Sparta Rotterdam,,Eredivisie,Eredivisie
261249,Édouard Michut,id,Fortuna Sittard,,Eredivisie,Eredivisie
265609,Guillermo Enrique,id,Alianza Lima,,Liga 1,Libertadores
274448,Mathijs Tielemans,id,Excelsior,,Eredivisie,Eredivisie
276712,Camiel Neghli,id,Millwall FC,Millwall,Championship,EFL Championship
78793,Mark Grosse,id,SV Ried,SV Oberbank Ried,Bundesliga,Ö. Bundesliga
200122,Marvin Peersman,id,FC Groningen,,Eredivisie,Eredivisie
211021,Per Kristian Bråtveit,id,Strømsgodset IF,,Eliteserien,Eliteserien
224185,Clint Leemans,id,NAC Breda,,Eredivisie,Eredivisie
242294,Jeronimo Cacciabue,id,Universidad Católica del Ecuador,,Serie A,Sudamericana
259185,Thelo Aasgaard,id,Rangers FC,Rangers,Premiership,Scottish Prem
278359,Clement Bischoff,id,FC Red Bull Salzburg,RB Salzburg,Bundesliga,Ö. Bundesliga
74992,Soumaïla Diabaté,id,FC Red Bull Salzburg,RB Salzburg,Bundesliga,Ö. Bundesliga
192679,Escudero,id,RC Deportivo de La Coruña,RC Deportivo,La Liga 2,LALIGA HYPERMOTION
199493,Diego Mariño,id,Albacete Balompié,Albacete BP,La Liga 2,LALIGA HYPERMOTION
232065,Kim Dong Joon,id,Jeju United FC,Jeju United,K League 1,K League 1
236943,Aníbal Chalá,id,Barcelona de Guayaquil,,Serie A,Libertadores
273577,Joaquín Valiente,id,Barcelona de Guayaquil,,Serie A,Libertadores
276365,Max Brandt,id,SSV Ulm 1846,,3. Liga,3. Liga
226656,Edvinas Gertmonas,id,Universitatea Cluj,FC Univ. Cluj,Liga I,SUPERLIGA
238593,Moritz Heyer,id,Fortuna Düsseldorf,Düsseldorf,2. Bundesliga,Bundesliga 2
238759,Alex Pinto,id,FC Arouca,Arouca,Primeira Liga,Liga Portugal
242548,Agustín Manzur,id,Guaraní,,División Profesional,Sudamericana
257985,Lautaro Amadé,id,Racing Club de Montevideo,,Primera División,Sudamericana
263034,Anton Krivotsyuk,id,Daejeon Citizen,Daejeon Hana,K League 1,K League 1
263389,Metehan Mimaroğlu,id,Gençlerbirliği SK,Gençlerbirliği,Süper Lig,Trendyol Süper Lig
266641,Frank Feller,id,1. FC Heidenheim 1846,Heidenheim,Bundesliga,Bundesliga
277832,Chukwubuikem Ikwuemesi,id,Oud-Heverlee Leuven,OH Leuven,Pro League,1A Pro League
70298,João Lameira,id,Oțelul Galați,SC Oțelul Galați,Liga I,SUPERLIGA
74411,Matteo Dams,id,Al Ahli SFC,Al Ahli,Pro League,ROSHN Saudi League
205878,Stefanos Kapino,id,FC Winterthur,,Super League,Brack Super League
220019,Marcus Harness,id,Huddersfield Town,Huddersfield,League One,EFL League One
230118,Matías Fernández,id,Independiente del Valle,,Serie A,Libertadores
235989,Norberto Briasco,id,Gimnasia y Esgrima La Plata,Gimnasia,Liga Profesional de Fútbol,LPF
238375,José Sagredo,id,Bolívar,,División de Fútbol Profesional,Libertadores
238882,Dani Ojeda,id,SD Huesca,,La Liga 2,LALIGA HYPERMOTION
242753,Alexis Trouillet,id,Rodez Aveyron Football,Rodez AF,Ligue 2,Ligue 2 BKT
245428,Chima Okoroji,id,FC St.Gallen 1879,FC St. Gallen,Super League,Brack Super League
248107,Radu Boboc,id,Bruk-Bet Termalica Nieciecza,,Ekstraklasa,PKO BP Ekstraklasa
253549,Kevin Quevedo,id,Alianza Lima,,Liga 1,Libertadores
257713,Gianluca Frabotta,id,Cesena FC,Cesena,Serie B,Serie BKT
267632,Lóránd Pászka,id,Csíkszereda Miercurea Ciuc,FK Csíkszereda,Liga I,SUPERLIGA
277672,Oliver Braude,id,SC Heerenveen,,Eredivisie,Eredivisie
277811,Mathias de Amorim,id,Famalicão,FC Famalicão,Primeira Liga,Liga Portugal
70569,Marcus Linday,id,SC Heerenveen,,Eredivisie,Eredivisie
70670,Thiago Santamaría,id,Independiente del Valle,,Serie A,Libertadores
73348,Yacine Titraoui,id,Royal Charleroi Sporting Club,Sp. Charleroi,Pro League,1A Pro League
229636,Gastón Pereiro,id,SSC Bari,,Serie B,Serie BKT
253579,Edson Tortolero,id,Carabobo FC,,Primera Division,Libertadores
255144,Renzo Orihuela,id,Club Atlético Sarmiento,Sarmiento,Liga Profesional de Fútbol,LPF
271741,Patrik Mercado,id,Independiente del Valle,,Serie A,Libertadores
274570,Daniel Barrea,id,Godoy Cruz,,Liga Profesional de Fútbol,LPF
279918,José Varela,id,Racing Club de Montevideo,,Primera División,Sudamericana
226652,Park Yong Woo,id,Al Ain,Al Ain FC,Pro League,United Emirates League
231930,Leandro Sosa,id,Sporting Cristal,,Liga 1,Libertadores
234143,Massimiliano Mangraviti,id,Cesena FC,Cesena,Serie B,Serie BKT
241245,Apostolos Stamatelopoulos,id,Motherwell FC,Motherwell,Premiership,Scottish Prem
241835,Jizz Hornkamp,id,Heracles Almelo,,Eredivisie,Eredivisie
246840,Erick Wiemberg,id,Colo-Colo,,Primera Division,Libertadores
259718,Felix Gebhardt,id,SSV Jahn Regensburg,Jahn Regensburg,3. Liga,3. Liga
268484,Brian Mansilla,id,FC Arouca,Arouca,Primeira Liga,Liga Portugal
269434,Stijn van Gassel,id,Excelsior,,Eredivisie,Eredivisie
271010,Jocelyn Janneh,id,Sporting Club Bastia,,Ligue 2,Ligue 2 BKT
271805,Diego Sánchez,id,Real Sporting de Gijón,R. Sporting,La Liga 2,LALIGA HYPERMOTION
201041,Lionel Carole,id,Kayserispor,,Süper Lig,Trendyol Süper Lig
214333,Dilan Zúñiga,id,CD Palestino,,Primera Division,Sudamericana
219715,Raffaele Di Gennaro,id,Inter,Lombardia FC,Serie A,Serie A Enilive
263228,Lenny Lobato,id,Defensa y Justicia,Defensa,Liga Profesional de Fútbol,LPF
263465,Jules Gaudin,id,Royal Charleroi Sporting Club,Sp. Charleroi,Pro League,1A Pro League
264196,Femi Seriki,id,Sheffield United,Sheffield Utd,Championship,EFL Championship
264838,Nacho Martín,id,Real Sporting de Gijón,R. Sporting,La Liga 2,LALIGA HYPERMOTION
276819,Tobías Rubio,id,Defensa y Justicia,Defensa,Liga Profesional de Fútbol,LPF
276831,Agustín Palavecino,id,CA Aldosivi,Aldosivi,Liga Profesional de Fútbol,LPF
70922,Stefan Mitrović,id,Excelsior,,Eredivisie,Eredivisie
72972,Ryan Fosso,id,Fortuna Sittard,,Eredivisie,Eredivisie
222263,Nordin Jackers,id,Club Brugge KV,Club Brugge,Pro League,1A Pro League
240131,Gabrielzinho,id,Shanghai Port,Shanghai Port FC,Super League,CSL
244843,William Balikwisha,id,Oud-Heverlee Leuven,OH Leuven,Pro League,1A Pro League
252574,Diego Živulić,id,Oțelul Galați,SC Oțelul Galați,Liga I,SUPERLIGA
255776,Jakub Kałuziński,id,Medipol Başakşehir FK,,Süper Lig,Trendyol Süper Lig
76098,David Moses,id,SK Slavia Praha,Slavia Praha,První liga,Česká Liga
76740,Ángel Ortiz,id,Real Betis Balompié,Real Betis,La Liga,LALIGA EA SPORTS
200715,Adam Davies,id,Sheffield United,Sheffield Utd,Championship,EFL Championship
203423,Lawrence Thomas,id,Western Sydney Wanderers,WS Wanderers,A-League Men,A-League
236454,Souleyman Doumbia,id,Standard de Liège,Standard Liège,Pro League,1A Pro League
238093,Matias Tagliamonte,id,Club Atlético Unión,Unión,Liga Profesional de Fútbol,LPF
241075,Paul Smyth,id,Queens Park Rangers,QPR,Championship,EFL Championship
261993,Álex Cardero,id,CD Mirandés,,La Liga 2,LALIGA HYPERMOTION
272417,Santiago Silva,id,América de Cali,,Categoría Primera A,Sudamericana
276259,Andrej Fábry,id,Universitatea Cluj,FC Univ. Cluj,Liga I,SUPERLIGA
218658,Dominic Iorfa,id,Sheffield Wednesday,Sheffield Wed,Championship,EFL Championship
233476,Blás Riveros,id,Cerro Porteño,,División Profesional,Libertadores
266011,Tim Rossmann,id,Fortuna Düsseldorf,Düsseldorf,2. Bundesliga,Bundesliga 2
267409,Rodrigo Saravia,id,Belgrano de Córdoba,Belgrano,Liga Profesional de Fútbol,LPF
272947,Mauro Peinipil,id,Independiente Rivadavia,Ind. Rivadavia,Liga Profesional de Fútbol,LPF
279565,Diogo Pinto,id,Estrela da Amadora,Estrela Amadora,Primeira Liga,Liga Portugal
176920,Miguel Ángel Torrén,id,Bolívar,,División de Fútbol Profesional,Libertadores
203751,Conor Townsend,id,Ipswich Town,Ipswich,Championship,EFL Championship
244256,Daniel Bielica,id,NAC Breda,,Eredivisie,Eredivisie
259612,Jesús Castillo,id,Universitario de Deportes,,Liga 1,Libertadores
270741,Noah Wail Jacob Sadaoui,id,Kerala Blasters FC,Kerala Blasters,Super League,ISL
69963,Agustín Alaniz,id,CA Banfield,Banfield,Liga Profesional de Fútbol,LPF
226804,Joaquín Papaleo,id,Instituto Atlético Central Córdoba,Instituto,Liga Profesional de Fútbol,LPF
235133,Mattia Finotto,id,Carrarese,Carrarese Calcio,Serie B,Serie BKT
262728,Daniel Paraschiv,id,Cultural Leonesa,,La Liga 2,LALIGA HYPERMOTION
267625,David Zalazar,id,Central Cordoba SdE,Central Córdoba,Liga Profesional de Fútbol,LPF
268758,Matteo Rover,id,Reggiana,,Serie B,Serie BKT
271673,Lázaro,id,Al-Najma SC,UD Almería,Pro League,LALIGA HYPERMOTION
275163,Reda Belahyane,id,Lazio,Latium,Serie A,Serie A Enilive
275411,Tygo Land,id,FC Groningen,,Eredivisie,Eredivisie
163600,John Ruddy,id,Newcastle United,Newcastle Utd,Premier League,Premier League
238220,Jesús Bernal,id,Real Sporting de Gijón,R. Sporting,La Liga 2,LALIGA HYPERMOTION
239981,Jann-Fiete Arp,id,Odense Boldklub,Odense BK,Superliga,3F Superliga
243235,Olivier Mbaizo,id,Philadelphia Union,Philadelphia,Major League Soccer,MLS
246604,Charlie Kelman,id,Charlton Athletic,Charlton Ath,Championship,EFL Championship
259834,Gabriel Villamíl,id,LDU Quito,,Serie A,Libertadores
264488,José Gomes,id,CD Nacional,Nacional,Primeira Liga,Liga Portugal
215601,Aurelian Chitu,id,FC Hermannstadt,,Liga I,SUPERLIGA
218212,Andries Noppert,id,SC Heerenveen,,Eredivisie,Eredivisie
231720,Quentin Braat,id,Rodez Aveyron Football,Rodez AF,Ligue 2,Ligue 2 BKT
232646,Claudio Bravo,id,Argentinos Juniors,Argentinos Jrs.,Liga Profesional de Fútbol,LPF
236608,Lucas Bruera,id,Carabobo FC,,Primera Division,Libertadores
243023,Vladimir Screciu,id,Universitatea Craiova,Univ. Craiova,Liga I,SUPERLIGA
248868,Hernesto Caballero,id,Libertad,,División Profesional,Libertadores
254238,Bryan Carabalí,id,Barcelona de Guayaquil,,Serie A,Libertadores
254787,Pepe Sánchez,id,Albacete Balompié,Albacete BP,La Liga 2,LALIGA HYPERMOTION
258360,Júlio Romão,id,Ferencvárosi Torna Club,Ferencvárosi TC,Nemzeti Bajnokság I,Magyar Liga
258700,Matías Godoy,id,Central Cordoba SdE,Central Córdoba,Liga Profesional de Fútbol,LPF
259166,Etienne Green,id,Fredericia,,Superliga,3F Superliga
262568,Tristan Crama,id,Millwall FC,Millwall,Championship,EFL Championship
264437,Amadou Mbengue,id,Queens Park Rangers,QPR,Championship,EFL Championship
267993,Narek Grigoryan,id,FCV Farul Constanța,Farul Constanța,Liga I,SUPERLIGA
273681,Alejandro Piedrahita,id,Gimnasia y Esgrima La Plata,Gimnasia,Liga Profesional de Fútbol,LPF
277119,Moussa Yeo,id,FC Red Bull Salzburg,RB Salzburg,Bundesliga,Ö. Bundesliga
219712,Sebastián Cristóforo,id,Central Cordoba SdE,Central Córdoba,Liga Profesional de Fútbol,LPF
222221,Alexandru Buzbuchi,id,FCV Farul Constanța,Farul Constanța,Liga I,SUPERLIGA
255361,Camilo Mena,id,Lechia Gdańsk,,Ekstraklasa,PKO BP Ekstraklasa
262081,Álex Cantero,id,Jagiellonia Białystok,Jagiellonia,Ekstraklasa,PKO BP Ekstraklasa
262709,Malcom Bokele,id,Göztepe SK,Göztepe,Süper Lig,Trendyol Süper Lig
264440,Guille Bueno,id,Real Valladolid CF,R. Valladolid CF,La Liga 2,LALIGA HYPERMOTION
265447,Claudio Torrejón,id,Cienciano,,Liga 1,Sudamericana
271511,Derensili Sanches Fernandes,id,Excelsior,,Eredivisie,Eredivisie
276443,Davide Veroli,id,Palermo FC,Palermo,Serie B,Serie BKT
185172,Vincenzo Fiorillo,id,Carrarese,Carrarese Calcio,Serie B,Serie BKT
214922,Álvaro Ramos,id,Deportes Iquique,,Primera Division,Sudamericana
240773,Rhys Norrington-Davies,id,Queens Park Rangers,QPR,Championship,EFL Championship
253442,Fabian de Keijzer,id,Heracles Almelo,,Eredivisie,Eredivisie
254774,Javier Domínguez,id,Club Olimpia,,División Profesional,Libertadores
273599,Harry Amass,id,Sheffield Wednesday,Sheffield Wed,Championship,EFL Championship
278049,Ante Crnac,id,Norwich City,Norwich,Championship,EFL Championship
70725,Sami Ouaissa,id,NEC Nijmegen,,Eredivisie,Eredivisie
71727,Hampus Skoglund,id,Hammarby Fotboll,Hammarby IF,Allsvenskan,Allsvenskan
188968,Gonzalo Marinelli,id,Independiente Rivadavia,Ind. Rivadavia,Liga Profesional de Fútbol,LPF
230718,Endre Botka,id,Ferencvárosi Torna Club,Ferencvárosi TC,Nemzeti Bajnokság I,Magyar Liga
233656,Andrew Brody,id,Sporting Kansas City,Sporting KC,Major League Soccer,MLS
243810,Luis Ingolotti,id,Gimnasia y Esgrima La Plata,Gimnasia,Liga Profesional de Fútbol,LPF
247976,Cătălin Căbuz,id,FC Hermannstadt,,Liga I,SUPERLIGA
252284,Simão Bertelli,id,AVS Futebol SAD,,Primeira Liga,Liga Portugal
259130,Lirim Qamili,id,Sønderjyske Fodbold,Sønderjyske,Superliga,3F Superliga
268286,Rodrigo Henrique,id,Meizhou Hakka,Meizhou Hakka FC,Super League,CSL
277973,Juan Daniel Pérez,id,Guaraní,,División Profesional,Sudamericana
70701,Tobias Ostchega,id,Belgrano de Córdoba,Belgrano,Liga Profesional de Fútbol,LPF
72884,Konstantinos Thymianis,id,PAOK,PAOK FC,Super League,Hellas Liga
208776,Florian Stritzel,id,SV Wehen Wiesbaden,Wehen Wiesbaden,3. Liga,3. Liga
224271,Thomas Goiginger,id,Blau-Weiß Linz,Blau-Weiss Linz,Bundesliga,Ö. Bundesliga
227909,John McCarthy,id,New York Red Bulls,Red Bulls,Major League Soccer,MLS
252864,Bermejo,id,Gil Vicente FC,Gil Vicente,Primeira Liga,Liga Portugal
253349,Alejandro Cabeza,id,LDU Quito,,Serie A,Libertadores
257314,Bruny Nsimba,id,FCV Dender EH,,Pro League,1A Pro League
262903,Jannis Heuer,id,SC Preußen Münster,Preußen Münster,2. Bundesliga,Bundesliga 2
74067,Matheus Dias,id,CD Nacional,Nacional,Primeira Liga,Liga Portugal
224324,Oskar Zawada,id,FC Groningen,,Eredivisie,Eredivisie
229631,Lazo,id,Albacete Balompié,Albacete BP,La Liga 2,LALIGA HYPERMOTION
248547,Ariel Uribe,id,Unión Española,,Primera Division,Sudamericana
254525,Pape Habib Gueye,id,Kasımpaşa SK,Kasımpaşa,Süper Lig,Trendyol Süper Lig
257273,Jan Olschowsky,id,Alemannia Aachen,Aleman. Aachen,3. Liga,3. Liga
258468,Rémy Vita,id,CD Tondela,,Primeira Liga,Liga Portugal
263922,Mohamed Koné,id,Royal Charleroi Sporting Club,Sp. Charleroi,Pro League,1A Pro League
276083,Toni Abad,id,SD Huesca,,La Liga 2,LALIGA HYPERMOTION
72892,Mathis Suray,id,Go Ahead Eagles,,Eredivisie,Eredivisie
237778,Ahn Joon Soo,id,Suwon FC,,K League 1,K League 1
243545,José Fajardo,id,Universidad Católica del Ecuador,,Serie A,Sudamericana
270636,Etienne Camara,id,Royal Charleroi Sporting Club,Sp. Charleroi,Pro League,1A Pro League
70195,Anzor Mekvabishvili,id,Universitatea Craiova,Univ. Craiova,Liga I,SUPERLIGA
215995,Emiliano Méndez,id,Club Atlético Sarmiento,Sarmiento,Liga Profesional de Fútbol,LPF
231125,Liberto Beltrán,id,SD Huesca,,La Liga 2,LALIGA HYPERMOTION
235980,Iván Morales,id,Club Atlético Sarmiento,Sarmiento,Liga Profesional de Fútbol,LPF
240725,Ismaël Aaneba,id,Ferencvárosi Torna Club,Ferencvárosi TC,Nemzeti Bajnokság I,Magyar Liga
247089,Julio Alonso,id,SD Huesca,,La Liga 2,LALIGA HYPERMOTION
253071,Frank Tsadjout,id,Pescara,,Serie B,Serie BKT
71110,Sindre Walle Egeli,id,Ipswich Town,Ipswich,Championship,EFL Championship
203902,Adrián Luna,id,Kerala Blasters FC,Kerala Blasters,Super League,ISL
237630,Alexandru Paşcanu,id,Rapid Bucuresti,FC Rapid 1923,Liga I,SUPERLIGA
241929,Elías Pereyra,id,Instituto Atlético Central Córdoba,Instituto,Liga Profesional de Fútbol,LPF
245165,Subhasish Bose,id,Mohun Bagan Super Giant,Mohun Bagan SG,Super League,ISL
246112,Näis Djouahra,id,FC Arouca,Arouca,Primeira Liga,Liga Portugal
251260,Blaž Kramer,id,Al Akhdoud Saudi Club,,Pro League,ROSHN Saudi League
251773,Luis Romero,id,Academia Puerto Cabello,,Primera Division,Sudamericana
260984,Brian Gutiérrez,id,Chicago Fire,Chicago Fire FC,Major League Soccer,MLS
262398,Zakaria Eddahchouri,id,RC Deportivo de La Coruña,RC Deportivo,La Liga 2,LALIGA HYPERMOTION
212424,Wil Trapp,id,Minnesota United FC,Minnesota United,Major League Soccer,MLS
220829,Ernesto Torregrossa,id,Carrarese,Carrarese Calcio,Serie B,Serie BKT
253886,Juan Acosta,id,Boston River,,Primera División,Sudamericana
256282,Kasim Rabihic,id,1. FC Saarbrücken,Saarbrücken,3. Liga,3. Liga
257638,Luca Philipp,id,TSG 1899 Hoffenheim,TSG Hoffenheim,Bundesliga,Bundesliga
261989,Emiliano Ancheta,id,Club Nacional de Football,,Primera División,Libertadores
262652,Lenny Joseph,id,Ferencvárosi Torna Club,Ferencvárosi TC,Nemzeti Bajnokság I,Magyar Liga
262889,Anselmo García MacNulty,id,PEC Zwolle,,Eredivisie,Eredivisie
274896,Gerardo Padrón,id,Academia Puerto Cabello,,Primera Division,Sudamericana
275246,Tom Watson,id,Brighton & Hove Albion,Brighton,Premier League,Premier League
275487,Babatunde Akinsola,id,AVS Futebol SAD,,Primeira Liga,Liga Portugal
277070,Tidjany Touré,id,Gil Vicente FC,Gil Vicente,Primeira Liga,Liga Portugal
75964,Misael Sosa,id,Godoy Cruz,,Liga Profesional de Fútbol,LPF
196848,Írven Ávila,id,Sporting Cristal,,Liga 1,Libertadores
215546,Michael Brouwer,id,FC Utrecht,,Eredivisie,Eredivisie
225811,Marlos Moreno,id,Atlético Nacional,Atl. Nacional,Categoría Primera A,Libertadores
234129,Doğukan Sinik,id,Antalyaspor,,Süper Lig,Trendyol Süper Lig
246018,Alejandro García,id,Once Caldas,,Categoría Primera A,Sudamericana
266161,Gonzalo Ríos,id,CA Banfield,Banfield,Liga Profesional de Fútbol,LPF
200588,Hong Jeong Ho,id,Jeonbuk Hyundai Motors,Jeonbuk Hyundai,K League 1,K League 1
245856,Malik Batmaz,id,SC Preußen Münster,Preußen Münster,2. Bundesliga,Bundesliga 2
257957,Marco Rente,id,FC Groningen,,Eredivisie,Eredivisie
259606,Diego Romero,id,CA Banfield,Banfield,Liga Profesional de Fútbol,LPF
259781,Luis Benítes,id,Cienciano,,Liga 1,Sudamericana
77051,Nicolás Retamar,id,Independiente Rivadavia,Ind. Rivadavia,Liga Profesional de Fútbol,LPF
77146,Maxloren Castro,id,Sporting Cristal,,Liga 1,Libertadores
243155,Manu Hernando,id,Racing Santander,R. Racing Club,La Liga 2,LALIGA HYPERMOTION
248021,Iulian Cristea,id,Universitatea Cluj,FC Univ. Cluj,Liga I,SUPERLIGA
255824,George Campbell,id,West Bromwich Albion,West Brom,Championship,EFL Championship
279808,Shunsuke Mito,id,Sparta Rotterdam,,Eredivisie,Eredivisie
70946,Indrit Tuci,id,Kayserispor,,Süper Lig,Trendyol Süper Lig
193945,Necip Uysal,id,Beşiktaş JK,Beşiktaş,Süper Lig,Trendyol Süper Lig
209409,Manuel Marras,id,Reggiana,,Serie B,Serie BKT
228838,Eric Remedi,id,Peñarol,,Primera División,Libertadores
242690,Simon Graves,id,PEC Zwolle,,Eredivisie,Eredivisie
244601,Sydney van Hooijdonk,id,NAC Breda,,Eredivisie,Eredivisie
245264,Mikkel Kaufmann,id,1. FC Heidenheim 1846,Heidenheim,Bundesliga,Bundesliga
253441,Aune Selland Heggebø,id,West Bromwich Albion,West Brom,Championship,EFL Championship
262335,Elayis Tavşan,id,Reggiana,,Serie B,Serie BKT
264304,Kobamelo Kodisang,id,AVS Futebol SAD,,Primeira Liga,Liga Portugal
279713,Robin Rasch,id,KFUM-Kameratene Oslo,KFUM-Kameratene,Eliteserien,Eliteserien
221014,Carlos Fernández,id,CD Mirandés,,La Liga 2,LALIGA HYPERMOTION
226793,Matt Polster,id,New England Revolution,New England,Major League Soccer,MLS
233373,Stéphane Diarra,id,Alverca,FC Alverca,Primeira Liga,Liga Portugal
257752,Federico Del Frate,id,Virtus Entella,Entella,Serie B,Serie BKT
262142,Nicolás Romero,id,Minnesota United FC,Minnesota United,Major League Soccer,MLS
70198,Luciano Herrera,id,Newell's Old Boys,Newell's,Liga Profesional de Fútbol,LPF
71003,Yannick Bright,id,Inter Miami,Inter Miami CF,Major League Soccer,MLS
72708,José Córdoba,id,Norwich City,Norwich,Championship,EFL Championship
77445,Dennys Quintero,id,Mushuc Runa,,Serie A,Sudamericana
244024,Oliver Batista Meier,id,SC Preußen Münster,Preußen Münster,2. Bundesliga,Bundesliga 2
247209,Dylan Mbayo,id,PEC Zwolle,,Eredivisie,Eredivisie
252846,Erencan Yardımcı,id,Eintracht Braunschweig,Braunschweig,2. Bundesliga,Bundesliga 2
275978,Petar Ratkov,id,FC Red Bull Salzburg,RB Salzburg,Bundesliga,Ö. Bundesliga
247264,Ayumu Seko,id,Le Havre AC,Havre AC,Ligue 1,Ligue 1 McDonald's
258227,Clemente Montes,id,Universidad Católica,Uni. Católica,Primera Division,Liga Chile
266567,Visar Musliu,id,Sint-Truidense VV,STVV,Pro League,1A Pro League
269132,Gabriel Díaz Núñez,id,Club Atlético Sarmiento,Sarmiento,Liga Profesional de Fútbol,LPF
187157,Matt Godden,id,Charlton Athletic,Charlton Ath,Championship,EFL Championship
239681,Omar Bertel,id,América de Cali,,Categoría Primera A,Sudamericana
250855,Sebastian Jørgensen,id,Aarhus Gymnastikforening,AGF,Superliga,3F Superliga
262298,Marcel Lotka,id,Fortuna Düsseldorf,Düsseldorf,2. Bundesliga,Bundesliga 2
270698,Yellu Santiago,id,Hellas Verona FC,Hellas Verona,Serie A,Serie A Enilive
222636,Grejohn Kyei,id,Standard de Liège,Standard Liège,Pro League,1A Pro League
231413,Michael Verrips,id,FCV Dender EH,,Pro League,1A Pro League
233472,Noah Joel Sarenren Bazee,id,DSC Arminia Bielefeld,Arminia Bielefeld,2. Bundesliga,Bundesliga 2
275372,Papa Amadou Diallo,id,Norwich City,Norwich,Championship,EFL Championship
201335,Federico Santander,id,Sportivo Luqueño,,División Profesional,Sudamericana
215026,Pablo Magnín,id,Club Atlético Sarmiento,Sarmiento,Liga Profesional de Fútbol,LPF
215892,Uroš Spajić,id,Beijing Guoan,Beijing FC,Super League,CSL
244490,Jozo Stanić,id,FC St.Gallen 1879,FC St. Gallen,Super League,Brack Super League
254826,Leonardo Aponte,id,Carabobo FC,,Primera Division,Libertadores
255573,Stephen Welsh,id,Motherwell FC,Motherwell,Premiership,Scottish Prem
75117,Sheyko Studer,id,Independiente Rivadavia,Ind. Rivadavia,Liga Profesional de Fútbol,LPF
240168,Junior Arias,id,CD Palestino,,Primera Division,Sudamericana
254173,Richard Mina,id,LDU Quito,,Serie A,Libertadores
255010,Naci Ünüvar,id,FC Twente,,Eredivisie,Eredivisie
259570,Franco Orozco,id,Newell's Old Boys,Newell's,Liga Profesional de Fútbol,LPF
259579,Salomón Rodríguez,id,Colo-Colo,,Primera Division,Libertadores
224524,Esteban Burgos,id,Club Atlético San Martín,,Liga Profesional de Fútbol,LPF
265560,Daniel Queipo,id,Real Sporting de Gijón,R. Sporting,La Liga 2,LALIGA HYPERMOTION
275493,Luis Chacón,id,Cultural Leonesa,,La Liga 2,LALIGA HYPERMOTION
205887,Cauley Woodrow,id,Wycombe Wanderers,Wycombe,League One,EFL League One
239936,Nicolás Guerra,id,Universidad de Chile,,Primera Division,Libertadores
242236,Ferro,id,GD Estoril Praia,Estoril Praia,Primeira Liga,Liga Portugal
247931,Alec Van Hoorenbeeck,id,Heracles Almelo,,Eredivisie,Eredivisie
260562,Lucas Besozzi,id,Central Cordoba SdE,Central Córdoba,Liga Profesional de Fútbol,LPF
267987,Ignacio Maestro Puch,id,Club Atlético San Martín,,Liga Profesional de Fútbol,LPF
270519,William Osula,id,Newcastle United,Newcastle Utd,Premier League,Premier League
274729,Maksym Dyachuk,id,Lechia Gdańsk,,Ekstraklasa,PKO BP Ekstraklasa
274927,Kristian Hlynsson,id,FC Twente,,Eredivisie,Eredivisie
275207,Fedde Leysen,id,Union Saint-Gilloise,R. Union St.-G.,Pro League,1A Pro League
203002,Kim Kee Hee,id,Seattle Sounders FC,Sounders FC,Major League Soccer,MLS
247539,Aurélien Scheidler,id,Royal Charleroi Sporting Club,Sp. Charleroi,Pro League,1A Pro League
270957,Andrezinho,id,Oțelul Galați,SC Oțelul Galați,Liga I,SUPERLIGA
272540,Jerome Ngom Mbekeli,id,Meizhou Hakka,Meizhou Hakka FC,Super League,CSL
278086,Lucas Masoero,id,Bruk-Bet Termalica Nieciecza,,Ekstraklasa,PKO BP Ekstraklasa
70697,Santiago Flores,id,Independiente Rivadavia,Ind. Rivadavia,Liga Profesional de Fútbol,LPF
76416,Christian Kofane,id,Bayer 04 Leverkusen,Leverkusen,Bundesliga,Bundesliga
224186,Jordy de Wijs,id,Fortuna Düsseldorf,Düsseldorf,2. Bundesliga,Bundesliga 2
233775,Nicolás Benegas,id,Deportivo Riestra,Dep. Riestra,Liga Profesional de Fútbol,LPF
263685,Caleb Taylor,id,Millwall FC,Millwall,Championship,EFL Championship
271267,Chuki,id,Real Valladolid CF,R. Valladolid CF,La Liga 2,LALIGA HYPERMOTION
276600,Lee Hyun Ju,id,FC Arouca,Arouca,Primeira Liga,Liga Portugal
227537,Henk Veerman,id,FC Volendam,,Eredivisie,Eredivisie
242919,Tayyip Sanuç,id,Gaziantep FK,Gaziantep,Süper Lig,Trendyol Süper Lig
199051,Yohan Tavares,id,Stade Lavallois Mayenne FC,Laval MFC,Ligue 2,Ligue 2 BKT
259763,Valdemar Lund,id,Vejle Boldklub,,Superliga,3F Superliga
278206,Muhannad Al Saad,id,FC Lausanne-Sport,Lausanne-Sport,Super League,Brack Super League
223998,Jon García,id,Albacete Balompié,Albacete BP,La Liga 2,LALIGA HYPERMOTION
239078,Stefan Schimmer,id,1. FC Heidenheim 1846,Heidenheim,Bundesliga,Bundesliga
264763,Fabio Chiarodia,id,Borussia Mönchengladbach,M'gladbach,Bundesliga,Bundesliga
232066,Walter González,id,Sportivo Luqueño,,División Profesional,Sudamericana
232189,Nicolás Ramírez,id,Universidad de Chile,,Primera Division,Libertadores
223099,Diego Churín,id,Universitario de Deportes,,Liga 1,Libertadores
263784,Rodrigues,id,San Jose Earthquakes,SJ Earthquakes,Major League Soccer,MLS
270702,Matisse Didden,id,FC Utrecht,,Eredivisie,Eredivisie
277447,Stav Lemkin,id,FC Twente,,Eredivisie,Eredivisie
72337,Gustavo Varela,id,Gil Vicente FC,Gil Vicente,Primeira Liga,Liga Portugal
222582,Kim Young Bin,id,Jeonbuk Hyundai Motors,Jeonbuk Hyundai,K League 1,K League 1
232829,Koki Ogawa,id,NEC Nijmegen,,Eredivisie,Eredivisie
72887,Héliton,id,Göztepe SK,Göztepe,Süper Lig,Trendyol Süper Lig
79427,Oleksandr Romanchuk,id,Universitatea Craiova,Univ. Craiova,Liga I,SUPERLIGA
189558,Bartosz Salamon,id,Carrarese,Carrarese Calcio,Serie B,Serie BKT
219461,Erik Palmer-Brown,id,Panathinaikos FC,Panathinaikos,Super League,Hellas Liga
230940,Cedric Diomandè Gondo,id,Reggiana,,Serie B,Serie BKT
252252,Paul Koller,id,SC Rheindorf Altach,SCR Altach,Bundesliga,Ö. Bundesliga
254172,Gustavo Vallecilla,id,Barcelona de Guayaquil,,Serie A,Libertadores
219469,Stipe Perica,id,Dinamo Bucureşti,FC Dinamo 1948,Liga I,SUPERLIGA
251149,Aníbal Leguizamón,id,Belgrano de Córdoba,Belgrano,Liga Profesional de Fútbol,LPF
251451,Frederik Jäkel,id,Eintracht Braunschweig,Braunschweig,2. Bundesliga,Bundesliga 2
257339,Ariel Mosór,id,Raków Częstochowa,Raków,Ekstraklasa,PKO BP Ekstraklasa
268010,Brayan Medina,id,CD Tondela,,Primeira Liga,Liga Portugal
237245,Eddie Segura,id,Los Angeles FC,LAFC,Major League Soccer,MLS
242527,Stephan Ambrosius,id,FC St.Gallen 1879,FC St. Gallen,Super League,Brack Super League
254125,Juan Bautista Miritello,id,Defensa y Justicia,Defensa,Liga Profesional de Fútbol,LPF
255956,Joel Waterman,id,Chicago Fire,Chicago Fire FC,Major League Soccer,MLS
208024,Murray Wallace,id,Huddersfield Town,Huddersfield,League One,EFL League One
254361,Iván Villalba,id,Independiente Rivadavia,Ind. Rivadavia,Liga Profesional de Fútbol,LPF
207622,Martin Bjørnbak,id,FK Haugesund,,Eliteserien,Eliteserien
70908,André Lacximicant,id,GD Estoril Praia,Estoril Praia,Primeira Liga,Liga Portugal
277806,Jonathan Cissé,id,Universitatea Cluj,FC Univ. Cluj,Liga I,SUPERLIGA
244576,Julián Illanes,id,Carrarese,Carrarese Calcio,Serie B,Serie BKT
245532,Hugo Silveira,id,Racing Club de Montevideo,,Primera División,Sudamericana
250810,Marvin Ekpiteta,id,Milton Keynes Dons,MK Dons,League Two,EFL League Two
273603,Mateo Antoni,id,Argentinos Juniors,Argentinos Jrs.,Liga Profesional de Fútbol,LPF
256892,Casper Widell,id,Excelsior,,Eredivisie,Eredivisie
234749,Song Ju Hun,id,Jeju United FC,Jeju United,K League 1,K League 1
276960,Brayan Ceballos,id,New England Revolution,New England,Major League Soccer,MLS
199550,Bruno Martins Indi,id,Sparta Rotterdam,,Eredivisie,Eredivisie
238779,Jesper Verlaat,id,TSV 1860 München,,3. Liga,3. Liga
70752,Anrie Chase,id,FC Red Bull Salzburg,RB Salzburg,Bundesliga,Ö. Bundesliga
233785,Robin Bormuth,id,1. FC Saarbrücken,Saarbrücken,3. Liga,3. Liga
243549,Majid Hosseini,id,Kayserispor,,Süper Lig,Trendyol Süper Lig
274841,Duncan McGuire,id,Orlando City SC,Orlando City,Major League Soccer,MLS
256252,Park Chan Yong,id,Gimcheon Sangmu FC,Gimcheon Sangmu,K League 1,K League 1
255333,Matías Pérez,id,Cerro Porteño,,División Profesional,Libertadores
74548,Adrián Pica,id,CD Mirandés,,La Liga 2,LALIGA HYPERMOTION
275297,Liam Morrison,id,Queens Park Rangers,QPR,Championship,EFL Championship
220230,Paweł Bochniewicz,id,SC Heerenveen,,Eredivisie,Eredivisie
263434,Facundo Mansilla,id,Central Cordoba SdE,Central Córdoba,Liga Profesional de Fútbol,LPF
212225,Enzo Roco,id,Fatih Karagümrük,,Süper Lig,Trendyol Süper Lig
238354,Ha Chang Rae,id,Daejeon Citizen,Daejeon Hana,K League 1,K League 1
214356,Jerson Malagón,id,Once Caldas,,Categoría Primera A,Sudamericana
266699,Luis Zárate,id,Independiente del Valle,,Serie A,Libertadores
247407,Kevin Mouanga,id,FC Lausanne-Sport,Lausanne-Sport,Super League,Brack Super League
271632,Juan Arias,id,Atlético Nacional,Atl. Nacional,Categoría Primera A,Libertadores
240352,Jeider Riquett,id,Once Caldas,,Categoría Primera A,Sudamericana
271222,Mamadou Mbaye,id,Academia Puerto Cabello,,Primera Division,Sudamericana
241692,Kobe Cools,id,FCV Dender EH,,Pro League,1A Pro League
259542,Matías Lazo,id,FBC Melgar,,Liga 1,Sudamericana
278001,Dani Barcia,id,RC Deportivo de La Coruña,RC Deportivo,La Liga 2,LALIGA HYPERMOTION
278319,Luca Marianucci,id,Napoli,SSC Napoli,Serie A,Serie A Enilive
231479,Leonel Mosevich,id,Instituto Atlético Central Córdoba,Instituto,Liga Profesional de Fútbol,LPF
247978,Ionuț Stoica,id,FC Hermannstadt,,Liga I,SUPERLIGA
215433,Francesco Vicari,id,SSC Bari,,Serie B,Serie BKT
276451,Aljoša Vasić,id,Palermo FC,Palermo,Serie B,Serie BKT
247041,Anderson,id,Blau-Weiß Linz,Blau-Weiss Linz,Bundesliga,Ö. Bundesliga
252967,Nicky Beloko,id,FC Lausanne-Sport,Lausanne-Sport,Super League,Brack Super League
278137,Georgios Nikas,id,Panathinaikos FC,Panathinaikos,Super League,Hellas Liga
235799,Abdoulaye Sissako,id,Sint-Truidense VV,STVV,Pro League,1A Pro League
224466,Ba Dun,id,Tianjin Jinmen Tiger,Tianjin JMT FC,Super League,CSL
227788,Ahn Hyun Beom,id,Suwon FC,,K League 1,K League 1
246946,Ismaila Coulibaly,id,LASK Linz,LASK,Bundesliga,Ö. Bundesliga
246617,Javi Mier,id,SD Huesca,,La Liga 2,LALIGA HYPERMOTION
205551,Álvaro Lemos,id,Real Oviedo,R. Oviedo,La Liga,LALIGA EA SPORTS
216260,Fabio Kaufmann,id,Eintracht Braunschweig,Braunschweig,2. Bundesliga,Bundesliga 2
270014,Tunay Deniz,id,TSV 1860 München,,3. Liga,3. Liga
238098,Lee Soon Min,id,Daejeon Citizen,Daejeon Hana,K League 1,K League 1
189930,İsmail Köybaşı,id,Göztepe SK,Göztepe,Süper Lig,Trendyol Süper Lig
202157,Aziz Behich,id,Melbourne City FC,Melbourne City,A-League Men,A-League
239394,Florian Flecker,id,LASK Linz,LASK,Bundesliga,Ö. Bundesliga
244565,Ethan Erhahon,id,Bolton Wanderers,Bolton,League One,EFL League One
250918,Saïd Bakari,id,Sparta Rotterdam,,Eredivisie,Eredivisie
252240,Alan Soñora,id,Cerro Porteño,,División Profesional,Libertadores
252807,Soner Dikmen,id,Antalyaspor,,Süper Lig,Trendyol Süper Lig
264353,Baltasar Barcia,id,Boston River,,Primera División,Sudamericana
264421,Thierry Small,id,Preston North End,Preston,Championship,EFL Championship
202518,Christopher Wernitznig,id,SV Ried,SV Oberbank Ried,Bundesliga,Ö. Bundesliga
213813,Alexander Fransson,id,IFK Norrköping,,Allsvenskan,Allsvenskan
217794,Brayan Véjar,id,Unión Española,,Primera Division,Sudamericana
223498,Emanuel Cecchini,id,San Lorenzo de Almagro,San Lorenzo,Liga Profesional de Fútbol,LPF
227881,Shaun McWilliams,id,Rotherham United,Rotherham Utd,League One,EFL League One
240628,Dario Šarić,id,Antalyaspor,,Süper Lig,Trendyol Süper Lig
258984,Davy van den Berg,id,FC Utrecht,,Eredivisie,Eredivisie
230561,Jay-Roy Grot,id,Odense Boldklub,Odense BK,Superliga,3F Superliga
242322,Mickel Miller,id,Huddersfield Town,Huddersfield,League One,EFL League One
243355,Lenny Vallier,id,CD Nacional,Nacional,Primeira Liga,Liga Portugal
250991,Leon Bell Bell,id,Eintracht Braunschweig,Braunschweig,2. Bundesliga,Bundesliga 2
256890,Can Bozdoğan,id,FC Utrecht,,Eredivisie,Eredivisie
262397,Luuk Brouwers,id,SC Heerenveen,,Eredivisie,Eredivisie
72561,Aarón Martín,id,CD Mirandés,,La Liga 2,LALIGA HYPERMOTION
219392,Alex Rufer,id,Wellington Phoenix,Well. Phoenix,A-League Men,A-League
221197,Fred Onyedinma,id,Wycombe Wanderers,Wycombe,League One,EFL League One
254680,Yassin Oukili,id,Casa Pia,Casa Pia AC,Primeira Liga,Liga Portugal
223926,Samuel Bastien,id,Fortuna Sittard,,Eredivisie,Eredivisie
238637,Sebastian Vasiliadis,id,1. FC Saarbrücken,Saarbrücken,3. Liga,3. Liga
239023,Ben Wiles,id,Huddersfield Town,Huddersfield,League One,EFL League One
236037,Pelle Clement,id,Sparta Rotterdam,,Eredivisie,Eredivisie
255205,Sebastian Berhalter,id,Vancouver Whitecaps FC,Whitecaps FC,Major League Soccer,MLS
266792,Victor Dican,id,FCV Farul Constanța,Farul Constanța,Liga I,SUPERLIGA
229217,Yaw Yeboah,id,Los Angeles FC,LAFC,Major League Soccer,MLS
236836,Orji Okwonkwo,id,Pescara,,Serie B,Serie BKT
198377,Liam Palmer,id,Sheffield Wednesday,Sheffield Wed,Championship,EFL Championship
238587,Ahmed Ildız,id,Göztepe SK,Göztepe,Süper Lig,Trendyol Süper Lig
244853,Kamal Sowah,id,NAC Breda,,Eredivisie,Eredivisie
254210,Gregori Anangonó,id,Universidad Católica del Ecuador,,Serie A,Sudamericana
223756,Marvin Schulz,id,SC Preußen Münster,Preußen Münster,2. Bundesliga,Bundesliga 2
236750,Sondre Sørli,id,Sarpsborg 08 FF,Sarpsborg 08,Eliteserien,Eliteserien
236997,Cris Salvador,id,Tianjin Jinmen Tiger,Tianjin JMT FC,Super League,CSL
262788,Maxime Sivis,id,Dinamo Bucureşti,FC Dinamo 1948,Liga I,SUPERLIGA
200601,Yoon Bit Garam,id,Suwon FC,,K League 1,K League 1
232865,Ahn Tae Hyun,id,Jeju United FC,Jeju United,K League 1,K League 1
252139,Filipe Soares,id,CD Nacional,Nacional,Primeira Liga,Liga Portugal
262361,Lyall Cameron,id,Rangers FC,Rangers,Premiership,Scottish Prem
193144,Nam Tae Hee,id,Jeju United FC,Jeju United,K League 1,K League 1
204684,Mats Seuntjens,id,FC Groningen,,Eredivisie,Eredivisie
213105,Lee Evans,id,Blackpool FC,Blackpool,League One,EFL League One
255210,Anis Slimane,id,Norwich City,Norwich,Championship,EFL Championship
261351,Yair Arismendi,id,Club Atlético Sarmiento,Sarmiento,Liga Profesional de Fútbol,LPF
271668,Xavier Simons,id,Bolton Wanderers,Bolton,League One,EFL League One
199231,Kim Tae Hwan,id,Jeonbuk Hyundai Motors,Jeonbuk Hyundai,K League 1,K League 1
204017,Christian Sørensen,id,Vejle Boldklub,,Superliga,3F Superliga
233309,Simón Ramírez,id,Unión Española,,Primera Division,Sudamericana
262383,Christopher Cvetko,id,Blau-Weiß Linz,Blau-Weiss Linz,Bundesliga,Ö. Bundesliga
269293,Julien Maggiotti,id,Stade Lavallois Mayenne FC,Laval MFC,Ligue 2,Ligue 2 BKT
194964,Nathaniel Méndez-Laing,id,Milton Keynes Dons,MK Dons,League Two,EFL League Two
205015,Jack Grimmer,id,Wycombe Wanderers,Wycombe,League One,EFL League One
232857,Yu In Soo,id,Jeju United FC,Jeju United,K League 1,K League 1
241809,Turki Al Ammar,id,Al Qadsiah FC,Al Qadsiah,Pro League,ROSHN Saudi League
247086,Louka Prip,id,Jagiellonia Białystok,Jagiellonia,Ekstraklasa,PKO BP Ekstraklasa
248587,Alin Fică,id,CFR Cluj,CFR 1907 Cluj,Liga I,SUPERLIGA
253694,Charalambos Makridis,id,SC Preußen Münster,Preußen Münster,2. Bundesliga,Bundesliga 2
264200,Cameron Humphreys,id,Ipswich Town,Ipswich,Championship,EFL Championship
271495,Mario Dorgeles,id,Sporting Clube de Braga,SC Braga,Primeira Liga,Liga Portugal
242744,Afeez Aremu,id,1. FC Kaiserslautern,Kaiserslautern,2. Bundesliga,Bundesliga 2
245761,Albie Morgan,id,Blackpool FC,Blackpool,League One,EFL League One
247278,Andrew Gutman,id,Chicago Fire,Chicago Fire FC,Major League Soccer,MLS
247974,Antoni Ivanov,id,FC Hermannstadt,,Liga I,SUPERLIGA
256167,Ezequiel Cañete,id,Club Atlético Unión,Unión,Liga Profesional de Fútbol,LPF
211395,Abdullah Al Salem,id,Al Qadsiah FC,Al Qadsiah,Pro League,ROSHN Saudi League
215113,Nicolás Bertocchi,id,Cerro Largo,,Primera División,Sudamericana
222836,Ryan Ledson,id,Huddersfield Town,Huddersfield,League One,EFL League One
229894,Lucas Ahijado,id,Real Oviedo,R. Oviedo,La Liga,LALIGA EA SPORTS
238793,Thore Jacobsen,id,TSV 1860 München,,3. Liga,3. Liga
251104,Tidiane Keita,id,CFR Cluj,CFR 1907 Cluj,Liga I,SUPERLIGA
260547,Quinn Sullivan,id,Philadelphia Union,Philadelphia,Major League Soccer,MLS
274264,Jona Niemiec,id,Odense Boldklub,Odense BK,Superliga,3F Superliga
279548,César Olmedo,id,Club Olimpia,,División Profesional,Libertadores
72622,Christ Afalna,id,Unirea Slobozia,,Liga I,SUPERLIGA
239175,Julius Eskesen,id,Dundee United FC,Dundee United,Premiership,Scottish Prem
240863,Conor Coventry,id,Charlton Athletic,Charlton Ath,Championship,EFL Championship
243283,Magnus Westergaard,id,Wycombe Wanderers,Wycombe,League One,EFL League One
243527,Fabrizio Caligara,id,Pescara,,Serie B,Serie BKT
253810,Rafael Guarderas,id,Atlético Grau,,Liga 1,Sudamericana
259797,Adalid Terrazas,id,San Antonio Bulo Bulo,,División de Fútbol Profesional,Libertadores
263761,Victor Lind,id,IF Brommapojkarna,Brommapojkarna,Allsvenskan,Allsvenskan
265789,Charlie Savage,id,Reading FC,Reading,League One,EFL League One
269155,Matheus Índio,id,Qingdao West Coast FC,Qingdao W. Coast,Super League,CSL
272699,Juan Camilo Pérez,id,Carabobo FC,,Primera Division,Libertadores
226167,Jannik Dehm,id,SpVgg Greuther Fürth,Fürth,2. Bundesliga,Bundesliga 2
226686,Max Christiansen,id,TSV 1860 München,,3. Liga,3. Liga
231301,Erwin Saavedra,id,Bolívar,,División de Fútbol Profesional,Libertadores
232000,Lee Seung Woo,id,Jeonbuk Hyundai Motors,Jeonbuk Hyundai,K League 1,K League 1
238660,Nazim Sangaré,id,Gaziantep FK,Gaziantep,Süper Lig,Trendyol Süper Lig
238922,Mark-Anthony Kaye,id,San Jose Earthquakes,SJ Earthquakes,Major League Soccer,MLS
254347,Alfredo Ramúa,id,Cienciano,,Liga 1,Sudamericana
277693,Andrei Mărginean,id,Dinamo Bucureşti,FC Dinamo 1948,Liga I,SUPERLIGA
72315,Taylan Bulut,id,Beşiktaş JK,Beşiktaş,Süper Lig,Trendyol Süper Lig
183339,Jo Inge Berget,id,Sarpsborg 08 FF,Sarpsborg 08,Eliteserien,Eliteserien
201967,Gustav Mendonça Wikheim,id,Strømsgodset IF,,Eliteserien,Eliteserien
206551,Tommaso Arrigoni,id,Cesena FC,Cesena,Serie B,Serie BKT
214838,Óscar Opazo,id,Colo-Colo,,Primera Division,Libertadores
222081,Niklas Sandberg,id,Sarpsborg 08 FF,Sarpsborg 08,Eliteserien,Eliteserien
227916,Deybi Flores,id,Al-Najma SC,,Pro League,ROSHN Saudi League
236390,Pol Valentín,id,Preston North End,Preston,Championship,EFL Championship
254200,Ángel Gracia,id,Mushuc Runa,,Serie A,Sudamericana
261386,Max Balard,id,NAC Breda,,Eredivisie,Eredivisie
275639,Simon Seidl,id,Blau-Weiß Linz,Blau-Weiss Linz,Bundesliga,Ö. Bundesliga
73964,Shiloh t Zand,id,Feyenoord,,Eredivisie,Eredivisie
198628,Michael Hoyos,id,Independiente del Valle,,Serie A,Libertadores
229171,Kenny Prince Redondo,id,1. FC Kaiserslautern,Kaiserslautern,2. Bundesliga,Bundesliga 2
241793,Ali Karimi,id,Kayserispor,,Süper Lig,Trendyol Süper Lig
244467,Ondřej Kolář,id,SK Slavia Praha,Slavia Praha,První liga,Česká Liga
247330,Niklas Vesterlund,id,FC Utrecht,,Eredivisie,Eredivisie
251281,Sven Köhler,id,Eintracht Braunschweig,Braunschweig,2. Bundesliga,Bundesliga 2
254075,Leandro Suhr,id,Club Atlético Sarmiento,Sarmiento,Liga Profesional de Fútbol,LPF
254211,Jhon Espinoza,id,Kasımpaşa SK,Kasımpaşa,Süper Lig,Trendyol Süper Lig
74413,Harrison Armstrong,id,Preston North End,Preston,Championship,EFL Championship
193141,Iván Pillud,id,Central Cordoba SdE,Central Córdoba,Liga Profesional de Fútbol,LPF
221986,Jeff Hardeveld,id,Telstar,,Eredivisie,Eredivisie
236246,Ovie Ejaria,id,Real Oviedo,R. Oviedo,La Liga,LALIGA EA SPORTS
238643,Marcel Bär,id,FC Erzgebirge Aue,,3. Liga,3. Liga
255738,Wilitty Younoussa,id,Rodez Aveyron Football,Rodez AF,Ligue 2,Ligue 2 BKT
261552,Ronald Briones,id,Independiente del Valle,,Serie A,Libertadores
263583,Onur Ergün,id,Medipol Başakşehir FK,Başakşehir,Süper Lig,Trendyol Süper Lig
276452,Teles,id,Universitatea Craiova,Univ. Craiova,Liga I,SUPERLIGA
70996,Jacob Wright,id,Norwich City,Norwich,Championship,EFL Championship
202050,Thomas Bruns,id,Heracles Almelo,,Eredivisie,Eredivisie
224115,Ricardinho,id,Asociația Clubul Sportiv Petrolul 52,FC Petrolul,Liga I,SUPERLIGA
224947,Daniel Grimshaw,id,Norwich City,Norwich,Championship,EFL Championship
233591,Pomares,id,Real Zaragoza,,La Liga 2,LALIGA HYPERMOTION
236038,Kyle Duncan,id,New York Red Bulls,Red Bulls,Major League Soccer,MLS
237490,Patrick Sontheimer,id,1. FC Saarbrücken,Saarbrücken,3. Liga,3. Liga
243061,Lee Dong Jun,id,Gimcheon Sangmu FC,Gimcheon Sangmu,K League 1,K League 1
254951,Lautaro Ríos,id,CA Banfield,Banfield,Liga Profesional de Fútbol,LPF
255637,Alfred Canales,id,Universidad Católica,Uni. Católica,Primera Division,Liga Chile
258604,Norbert Wojtuszek,id,Jagiellonia Białystok,Jagiellonia,Ekstraklasa,PKO BP Ekstraklasa
200904,Davide Bariti,id,Virtus Entella,Entella,Serie B,Serie BKT
203138,Josh Scowen,id,Wycombe Wanderers,Wycombe,League One,EFL League One
205691,Raffaele Pucino,id,SSC Bari,,Serie B,Serie BKT
211398,Marc-Aurèle Caillard,id,Lille OSC,LOSC Lille,Ligue 1,Ligue 1 McDonald's
224491,Christian Ortag,id,SSV Ulm 1846,,3. Liga,3. Liga
228231,Alfredo Aguilar,id,Sportivo Luqueño,,División Profesional,Sudamericana
237647,Ajdin Hrustić,id,Heracles Almelo,,Eredivisie,Eredivisie
253366,Gustavo Cortéz,id,Independiente del Valle,,Serie A,Libertadores
261374,Lewis Bate,id,Stockport County,Stockport,League One,EFL League One
262216,Noah Persson,id,Hammarby Fotboll,Hammarby IF,Allsvenskan,Allsvenskan
272916,Nikola Vasić,id,Hammarby Fotboll,Hammarby IF,Allsvenskan,Allsvenskan
77233,Lindon Emërllahu,id,CFR Cluj,CFR 1907 Cluj,Liga I,SUPERLIGA
194781,Renan Ribeiro,id,Estrela da Amadora,Estrela Amadora,Primeira Liga,Liga Portugal
215107,Héctor Villalba,id,Peñarol,,Primera División,Libertadores
247203,Matěj Hanousek,id,Gençlerbirliği SK,Gençlerbirliği,Süper Lig,Trendyol Süper Lig
252125,Jomaine Consbruch,id,SpVgg Greuther Fürth,Fürth,2. Bundesliga,Bundesliga 2
254672,Marcel Guaramato,id,Carabobo FC,,Primera Division,Libertadores
262071,Nathan Ngoy,id,Lille OSC,LOSC Lille,Ligue 1,Ligue 1 McDonald's
263837,Miguel Puche,id,FC Arouca,Arouca,Primeira Liga,Liga Portugal
264157,Joseph Rosales,id,Minnesota United FC,Minnesota United,Major League Soccer,MLS
272968,Filip Ottosson,id,Sandefjord Fotball,Sandefjord,Eliteserien,Eliteserien
277704,Tommaso Corazza,id,Pescara,,Serie B,Serie BKT
279109,Víctor Parada,id,Deportivo Alavés,D. Alavés,La Liga,LALIGA EA SPORTS
163264,Tom Heaton,id,Manchester United,Man Utd,Premier League,Premier League
205548,Nicola Bellomo,id,SSC Bari,,Serie B,Serie BKT
215020,Juan Ignacio Cavallaro,id,Club Atlético San Martín,,Liga Profesional de Fútbol,LPF
218887,Olivier Custodio,id,FC Lausanne-Sport,Lausanne-Sport,Super League,Brack Super League
220532,Nikita Contini,id,Napoli,SSC Napoli,Serie A,Serie A Enilive
221791,Rafał Kurzawa,id,Bruk-Bet Termalica Nieciecza,,Ekstraklasa,PKO BP Ekstraklasa
223082,Will Norris,id,Wycombe Wanderers,Wycombe,League One,EFL League One
235742,Sam Nombe,id,Rotherham United,Rotherham Utd,League One,EFL League One
252974,Reno Piscopo,id,Melbourne Victory,Melb. Victory,A-League Men,A-League
254188,Walter Tandazo,id,FBC Melgar,,Liga 1,Sudamericana
276829,Fabricio Iacovich,id,Estudiantes de La Plata,Estudiantes,Liga Profesional de Fútbol,LPF
278430,Lautaro Vargas,id,Club Atlético Unión,Unión,Liga Profesional de Fútbol,LPF
182520,Martin Männel,id,FC Erzgebirge Aue,,3. Liga,3. Liga
216230,Mawouna Amevor,id,FC Volendam,,Eredivisie,Eredivisie
223150,Lionel Mpasi,id,Le Havre AC,Havre AC,Ligue 1,Ligue 1 McDonald's
223379,Oscar Johansson Schellhas,id,Hammarby Fotboll,Hammarby IF,Allsvenskan,Allsvenskan
235269,Silviu Balaure,id,FC Hermannstadt,,Liga I,SUPERLIGA
271932,Thom van Bergen,id,FC Groningen,,Eredivisie,Eredivisie
272726,Giuseppe Ambrosino,id,Napoli,SSC Napoli,Serie A,Serie A Enilive
167663,Facundo Martínez,id,Universidad Católica del Ecuador,,Serie A,Sudamericana
210452,Diego Tonetto,id,Independiente Rivadavia,Ind. Rivadavia,Liga Profesional de Fútbol,LPF
212485,Danny Bakker,id,Telstar,,Eredivisie,Eredivisie
259272,Niklas May,id,SV Wehen Wiesbaden,Wehen Wiesbaden,3. Liga,3. Liga
218208,César Fuentes,id,Deportes Iquique,,Primera Division,Sudamericana
220584,Viljar Myhra,id,Odense Boldklub,Odense BK,Superliga,3F Superliga
241131,Leonel Justiniano,id,Bolívar,,División de Fútbol Profesional,Libertadores
243672,Kim Tae Hyun,id,Jeonbuk Hyundai Motors,Jeonbuk Hyundai,K League 1,K League 1
244147,Adrian Păun,id,CFR Cluj,CFR 1907 Cluj,Liga I,SUPERLIGA
251030,Alexis Cuello,id,San Lorenzo de Almagro,San Lorenzo,Liga Profesional de Fútbol,LPF
263182,Ziyad Al Johani,id,Al Ahli SFC,Al Ahli,Pro League,ROSHN Saudi League
230984,Federico Gino,id,CA Aldosivi,Aldosivi,Liga Profesional de Fútbol,LPF
232535,Guillermo Benítez,id,Cerro Porteño,,División Profesional,Libertadores
256741,Jakob Bonde,id,Odense Boldklub,Odense BK,Superliga,3F Superliga
261294,Calvin Raatsie,id,Excelsior,,Eredivisie,Eredivisie
268342,Park Cheol Woo,id,Gimcheon Sangmu FC,Gimcheon Sangmu,K League 1,K League 1
279820,Marco Iacobellis,id,Club Atlético San Martín,,Liga Profesional de Fútbol,LPF
210940,Simone Perilli,id,Hellas Verona FC,Hellas Verona,Serie A,Serie A Enilive
214874,Marcos Bolados,id,Colo-Colo,,Primera Division,Libertadores
238464,Jan Mlakar,id,Amiens SC,,Ligue 2,Ligue 2 BKT
240123,Luca Plogmann,id,Go Ahead Eagles,,Eredivisie,Eredivisie
244234,Aaron Opoku,id,Kayserispor,,Süper Lig,Trendyol Süper Lig
244680,Mathieu Choinière,id,Los Angeles FC,LAFC,Major League Soccer,MLS
248040,Adrian Rus,id,Universitatea Craiova,Univ. Craiova,Liga I,SUPERLIGA
253461,Luke Cundle,id,Millwall FC,Millwall,Championship,EFL Championship
255451,Juan José Franco,id,Instituto Atlético Central Córdoba,Instituto,Liga Profesional de Fútbol,LPF
256271,Alexandru Crețu,id,Universitatea Craiova,Univ. Craiova,Liga I,SUPERLIGA
257332,Marvin Rittmüller,id,TSV 1860 München,,3. Liga,3. Liga
264137,Owen Gene,id,Minnesota United FC,Minnesota United,Major League Soccer,MLS
268860,Patryk Peda,id,Palermo FC,Palermo,Serie B,Serie BKT
269116,Krisztián Lisztes,id,Ferencvárosi Torna Club,Ferencvárosi TC,Nemzeti Bajnokság I,Magyar Liga
269823,Esmir Bajraktarević,id,PSV,,Eredivisie,Eredivisie
275347,Macaulay Langstaff,id,Millwall FC,Millwall,Championship,EFL Championship
276632,Anouar El Azzouzi,id,Fortuna Düsseldorf,Düsseldorf,2. Bundesliga,Bundesliga 2
72586,Ivan Zhelizko,id,Lechia Gdańsk,,Ekstraklasa,PKO BP Ekstraklasa
224440,Julian Pollersbeck,id,SSV Jahn Regensburg,Jahn Regensburg,3. Liga,3. Liga
225682,Mario Pineida,id,Barcelona de Guayaquil,,Serie A,Libertadores
228666,Brandley Kuwas,id,FC Volendam,,Eredivisie,Eredivisie
229536,Horacio Tijanovich,id,Club Atlético San Martín,,Liga Profesional de Fútbol,LPF
234464,Victorio Ramis,id,Independiente Rivadavia,Ind. Rivadavia,Liga Profesional de Fútbol,LPF
236568,Brandon Austin,id,Tottenham Hotspur,Spurs,Premier League,Premier League
241900,Marcel Benger,id,SC Preußen Münster,Preußen Münster,2. Bundesliga,Bundesliga 2
256308,Andrea Papetti,id,Reggiana,,Serie B,Serie BKT
266653,Brayann Pereira,id,NEC Nijmegen,,Eredivisie,Eredivisie
274834,Mats Rots,id,FC Twente,,Eredivisie,Eredivisie
74436,Mohammed Abu Al Shamat,id,Al Qadsiah FC,Al Qadsiah,Pro League,ROSHN Saudi League
212267,Ivan Cavaleiro,id,CD Tondela,,Primeira Liga,Liga Portugal
225203,Liam Kelly,id,Rangers FC,Rangers,Premiership,Scottish Prem
228375,Matías Vera,id,Central Cordoba SdE,Central Córdoba,Liga Profesional de Fútbol,LPF
228416,Germán Ferreyra,id,Melbourne City FC,Melbourne City,A-League Men,A-League
232653,Rodrigo Tapia,id,Atlético Grau,,Liga 1,Sudamericana
241079,Charalampos Kyriakou,id,Dinamo Bucureşti,FC Dinamo 1948,Liga I,SUPERLIGA
246958,Aljaž Ivačič,id,New England Revolution,New England,Major League Soccer,MLS
248604,Arthur Zagré,id,Excelsior,,Eredivisie,Eredivisie
258209,Ignacio Suárez,id,Club Nacional de Football,,Primera División,Libertadores
258284,Tomás Pozzo,id,Godoy Cruz,,Liga Profesional de Fútbol,LPF
261614,Joaquín Gho,id,Argentinos Juniors,Argentinos Jrs.,Liga Profesional de Fútbol,LPF
262091,Ebrima Darboe,id,SSC Bari,,Serie B,Serie BKT
264248,Djevencio van der Kust,id,Heracles Almelo,,Eredivisie,Eredivisie
269471,Julian Baas,id,Sparta Rotterdam,,Eredivisie,Eredivisie
274011,Jesus Castillo,id,Alianza Lima,,Liga 1,Libertadores
238086,Yusuf Maart,id,SV Ried,SV Oberbank Ried,Bundesliga,Ö. Bundesliga
243602,Salem M'Bakata,id,Gaziantep FK,Gaziantep,Süper Lig,Trendyol Süper Lig
257914,Jonas Kersken,id,DSC Arminia Bielefeld,Arminia Bielefeld,2. Bundesliga,Bundesliga 2
276901,Afonso Moreira,id,Olympique Lyonnais,OL,Ligue 1,Ligue 1 McDonald's
220851,Franco Leys,id,América de Cali,,Categoría Primera A,Sudamericana
240057,Cyril Mandouki,id,Stade Lavallois Mayenne FC,Laval MFC,Ligue 2,Ligue 2 BKT
240785,Michele Cerofolini,id,SSC Bari,,Serie B,Serie BKT
241239,Lin Liangming,id,Beijing Guoan,Beijing FC,Super League,CSL
246108,Alexander Díaz,id,Deportivo Riestra,Dep. Riestra,Liga Profesional de Fútbol,LPF
252710,Richmond Tachie,id,1. FC Kaiserslautern,Kaiserslautern,2. Bundesliga,Bundesliga 2
258875,Walter Rodríguez,id,Sportivo Luqueño,,División Profesional,Sudamericana
262620,Serginho,id,Fatih Karagümrük,,Süper Lig,Trendyol Süper Lig
279076,César Inga,id,Universitario de Deportes,,Liga 1,Libertadores
72893,Levi Smans,id,SC Heerenveen,,Eredivisie,Eredivisie
231841,Maxence Prévot,id,Oud-Heverlee Leuven,OH Leuven,Pro League,1A Pro League
233034,Juan Andrada,id,Club Atlético Sarmiento,Sarmiento,Liga Profesional de Fútbol,LPF
236767,Edoardo Soleri,id,Spezia,,Serie B,Serie BKT
238763,Yuri,id,Jeju United FC,Jeju United,K League 1,K League 1
241076,Steven Benda,id,Millwall FC,Millwall,Championship,EFL Championship
244191,Joseph Anang,id,St Patrick's Athletic FC,St. Pats,Premier Division,SSE Airtricity PD
251036,Marian Aioani,id,Rapid Bucuresti,FC Rapid 1923,Liga I,SUPERLIGA
252456,Carl Klaus,id,1. FC Union Berlin,Union Berlin,Bundesliga,Bundesliga
253010,Aimar Sher,id,Sarpsborg 08 FF,Sarpsborg 08,Eliteserien,Eliteserien
262585,Stipe Biuk,id,Real Valladolid CF,R. Valladolid CF,La Liga 2,LALIGA HYPERMOTION
264039,Lewis Dobbin,id,Preston North End,Preston,Championship,EFL Championship
275858,Lance Duijvestijn,id,Sparta Rotterdam,,Eredivisie,Eredivisie
73355,Başar Önal,id,NEC Nijmegen,,Eredivisie,Eredivisie
228456,Juan Pérez,id,SD Huesca,,La Liga 2,LALIGA HYPERMOTION
254289,Tiberiu Căpuşă,id,FC Hermannstadt,,Liga I,SUPERLIGA
255015,Maxence Rivera,id,SC Heerenveen,,Eredivisie,Eredivisie
259453,Christopher Lannert,id,DSC Arminia Bielefeld,Arminia Bielefeld,2. Bundesliga,Bundesliga 2
264390,Jake Davis,id,Sporting Kansas City,Sporting KC,Major League Soccer,MLS
273866,Franco Alfonso,id,Central Cordoba SdE,Central Córdoba,Liga Profesional de Fútbol,LPF
72954,David Hrncar,id,FCV Dender EH,,Pro League,1A Pro League
223957,Lucas Pirard,id,Standard de Liège,Standard Liège,Pro League,1A Pro League
240468,Lautaro Guzmán,id,FBC Melgar,,Liga 1,Sudamericana
262024,Nayel Mehssatou,id,Standard de Liège,Standard Liège,Pro League,1A Pro League
262100,Radinio Balker,id,Huddersfield Town,Huddersfield,League One,EFL League One
266794,Taha Altıkardeş,id,Göztepe SK,Göztepe,Süper Lig,Trendyol Süper Lig
269874,Gonçalo Costa,id,GD Estoril Praia,Estoril Praia,Primeira Liga,Liga Portugal
74063,Jefferson Díaz,id,Minnesota United FC,Minnesota United,Major League Soccer,MLS
75318,Abdoul Ouattara,id,RC Strasbourg Alsace,Strasbourg,Ligue 1,Ligue 1 McDonald's
189430,Simone Colombi,id,Virtus Entella,Entella,Serie B,Serie BKT
199000,Trent Sainsbury,id,Central Coast Mariners,Central Coast,A-League Men,A-League
223751,Gideon Jung,id,Kayserispor,,Süper Lig,Trendyol Süper Lig
260264,Noah Ohio,id,FC Utrecht,,Eredivisie,Eredivisie
267900,Martín Luciano,id,Newell's Old Boys,Newell's,Liga Profesional de Fútbol,LPF
273731,Rodrigo Formento,id,Mushuc Runa,,Serie A,Sudamericana
203026,Petar Filipović,id,Grazer AK 1902,Grazer AK,Bundesliga,Ö. Bundesliga
245164,Vishal Kaith,id,Mohun Bagan Super Giant,Mohun Bagan SG,Super League,ISL
250850,Anders Hagelskjær,id,Wycombe Wanderers,Wycombe,League One,EFL League One
254005,Íñigo Sainz-Maza,id,Racing Santander,R. Racing Club,La Liga 2,LALIGA HYPERMOTION
258271,Miguel Baeza,id,CD Nacional,Nacional,Primeira Liga,Liga Portugal
260383,Valgeir Lunddal,id,Fortuna Düsseldorf,Düsseldorf,2. Bundesliga,Bundesliga 2
262295,Igor Vekić,id,Vejle Boldklub,,Superliga,3F Superliga
271919,Stefano Moreyra,id,Instituto Atlético Central Córdoba,Instituto,Liga Profesional de Fútbol,LPF
273893,Fredrik Dahl,id,Strømsgodset IF,,Eliteserien,Eliteserien
274449,Mohamed Nassoh,id,NAC Breda,,Eredivisie,Eredivisie
70904,Tiago Pereira Cardoso,id,Borussia Mönchengladbach,M'gladbach,Bundesliga,Bundesliga
73470,Vicko Ševelj,id,Dundee United FC,Dundee United,Premiership,Scottish Prem
225152,Robert Mühren,id,FC Volendam,,Eredivisie,Eredivisie
242714,Chris Mueller,id,Chicago Fire,Chicago Fire FC,Major League Soccer,MLS
214238,Pablo Parra,id,CD Palestino,,Primera Division,Sudamericana
246987,Conor Kearns,id,Shelbourne FC,Shelbourne,Premier Division,SSE Airtricity PD
264588,Luis Miguel Marquínez,id,Atlético Nacional,Atl. Nacional,Categoría Primera A,Libertadores
272490,Leonard Costa,id,Independiente Rivadavia,Ind. Rivadavia,Liga Profesional de Fútbol,LPF
273978,Jakob Maslø Dunsby,id,Sandefjord Fotball,Sandefjord,Eliteserien,Eliteserien
276337,Aaron Keller,id,SpVgg Greuther Fürth,Fürth,2. Bundesliga,Bundesliga 2
278097,George Earthy,id,West Ham United,West Ham,Premier League,Premier League
71682,Franco Rami,id,CA Aldosivi,Aldosivi,Liga Profesional de Fútbol,LPF
216255,Marvin Stefaniak,id,FC Erzgebirge Aue,,3. Liga,3. Liga
239742,Jonathan Klinsmann,id,Cesena FC,Cesena,Serie B,Serie BKT
246015,Luis Mago,id,Caracas FC,,Primera Division,Sudamericana
247120,Richonell Margaret,id,Go Ahead Eagles,,Eredivisie,Eredivisie
253932,Jonathan Dos Santos,id,Mushuc Runa,,Serie A,Sudamericana
264141,Odel Offiah,id,Preston North End,Preston,Championship,EFL Championship
267426,Daniel Karlsbakk,id,Sarpsborg 08 FF,Sarpsborg 08,Eliteserien,Eliteserien
267825,Tiago Orobó,id,Jeonbuk Hyundai Motors,Jeonbuk Hyundai,K League 1,K League 1
278630,Carrillo,id,SD Huesca,,La Liga 2,LALIGA HYPERMOTION
279948,Koen Kostons,id,PEC Zwolle,,Eredivisie,Eredivisie
220380,Ramy Rabia,id,Al Ain,Al Ain FC,Pro League,United Emirates League
221793,Patrick Twumasi,id,Jeonbuk Hyundai Motors,Jeonbuk Hyundai,K League 1,K League 1
256326,Paulos Abraham,id,Hammarby Fotboll,Hammarby IF,Allsvenskan,Allsvenskan
258149,Alan Cantero,id,Alianza Lima,,Liga 1,Libertadores
260477,Nathan Harriel,id,Philadelphia Union,Philadelphia,Major League Soccer,MLS
264409,Faride Alidou,id,1. FC Kaiserslautern,Kaiserslautern,2. Bundesliga,Bundesliga 2
272569,Kevin Rodríguez,id,Union Saint-Gilloise,R. Union St.-G.,Pro League,1A Pro League
272912,Damián Puebla,id,Instituto Atlético Central Córdoba,Instituto,Liga Profesional de Fútbol,LPF
71297,Lars Gindorf,id,Alemannia Aachen,Aleman. Aachen,3. Liga,3. Liga
72802,Alexandru Roșca,id,Dinamo Bucureşti,FC Dinamo 1948,Liga I,SUPERLIGA
231167,Rodrigo Saracho,id,San Antonio Bulo Bulo,,División de Fútbol Profesional,Libertadores
244871,Joel Randall,id,Bolton Wanderers,Bolton,League One,EFL League One
259941,Jorge Murrugarra,id,Universitario de Deportes,,Liga 1,Libertadores
260814,Edgar Sevikyan,id,Ferencvárosi Torna Club,Ferencvárosi TC,Nemzeti Bajnokság I,Magyar Liga
264711,Fabio Ferraro,id,FCV Dender EH,,Pro League,1A Pro League
270812,Jandro Orellana,id,GD Estoril Praia,Estoril Praia,Primeira Liga,Liga Portugal
274397,Mihnea Rădulescu,id,Universitatea Craiova,Univ. Craiova,Liga I,SUPERLIGA
225976,Sultan Mandash,id,Al Taawoun FC,Al Taawoun,Pro League,ROSHN Saudi League
239097,Dennis Srbeny,id,SpVgg Greuther Fürth,Fürth,2. Bundesliga,Bundesliga 2
243293,Yannick Leliendal,id,FC Volendam,,Eredivisie,Eredivisie
260436,Syb van Ottele,id,Fortuna Sittard,,Eredivisie,Eredivisie
266123,Oliver Provstgaard,id,Lazio,Latium,Serie A,Serie A Enilive
266692,Alexander Oroz,id,Colo-Colo,,Primera Division,Libertadores
275418,Younes Taha,id,FC Groningen,,Eredivisie,Eredivisie
277627,Dal Varešanović,id,Gençlerbirliği SK,Çaykur Rizespor,Süper Lig,Trendyol Süper Lig
75519,Ro-Zangelo Daal,id,AZ Alkmaar,,Eredivisie,Eredivisie
244110,Jesús Jiménez,id,Bruk-Bet Termalica Nieciecza,,Ekstraklasa,PKO BP Ekstraklasa
244902,Facundo Castro,id,CD Palestino,,Primera Division,Sudamericana
245364,Nabil Alioui,id,Damac FC,,Pro League,ROSHN Saudi League
263089,Florian Kleinhansl,id,1. FC Kaiserslautern,Kaiserslautern,2. Bundesliga,Bundesliga 2
270207,Franco Frías,id,Club Atlético Sarmiento,Sarmiento,Liga Profesional de Fútbol,LPF
274080,Mario García,id,Racing Santander,R. Racing Club,La Liga 2,LALIGA HYPERMOTION
237524,Sory Kaba,id,Oud-Heverlee Leuven,OH Leuven,Pro League,1A Pro League
244859,Jonas David,id,SSV Ulm 1846,,3. Liga,3. Liga
261531,Nazinho,id,Cercle Brugge KSV,Cercle Brugge,Pro League,1A Pro League
204211,Paul Papp,id,Asociația Clubul Sportiv Petrolul 52,FC Petrolul,Liga I,SUPERLIGA
218656,Sascha Mockenhaupt,id,SV Wehen Wiesbaden,Wehen Wiesbaden,3. Liga,3. Liga
242264,Marco Imperiale,id,Carrarese,Carrarese Calcio,Serie B,Serie BKT
244827,Alejandro Duarte,id,Sporting Cristal,,Liga 1,Libertadores
245894,Rober,id,NEC Nijmegen,,Eredivisie,Eredivisie
276287,Jano ter Horst,id,SC Preußen Münster,Preußen Münster,2. Bundesliga,Bundesliga 2
70801,Sondre Ørjasæter,id,FC Twente,,Eredivisie,Eredivisie
215168,Juan Garro,id,Atlético Grau,,Liga 1,Sudamericana
243386,Diego Valencia,id,Universidad Católica,Uni. Católica,Primera Division,Liga Chile
247423,Gabriel Costa,id,Universitario de Deportes,,Liga 1,Libertadores
255140,Pablo Gozálbez,id,FC Arouca,Arouca,Primeira Liga,Liga Portugal
262150,Renzo Giampaoli,id,Gimnasia y Esgrima La Plata,Gimnasia,Liga Profesional de Fútbol,LPF
207740,Issa Kallon,id,Chengdu Rongcheng,Chengdu FC,Super League,CSL
212248,Felix Lohkemper,id,SV Waldhof Mannheim,SV Waldhof,3. Liga,3. Liga
252799,Tarık Çetin,id,Fenerbahçe SK,Fenerbahçe,Süper Lig,Trendyol Süper Lig
256544,Melayro Bogarde,id,LASK Linz,LASK,Bundesliga,Ö. Bundesliga
259896,Bohdan Viunnyk,id,Lechia Gdańsk,,Ekstraklasa,PKO BP Ekstraklasa
260204,Alejandro Ramos,id,FBC Melgar,,Liga 1,Sudamericana
268275,Miguel Sousa,id,Casa Pia,Casa Pia AC,Primeira Liga,Liga Portugal
275016,Gustavo Marins,id,FCV Farul Constanța,Farul Constanța,Liga I,SUPERLIGA
215750,William Mendieta,id,Guaraní,,División Profesional,Sudamericana
219948,Jason Cummings,id,Mohun Bagan Super Giant,Mohun Bagan SG,Super League,ISL
231570,Stiven Tapiero,id,Mushuc Runa,,Serie A,Sudamericana
256024,Nkosi Tafari,id,Los Angeles FC,LAFC,Major League Soccer,MLS
269120,Nikolai Hopland,id,SC Heerenveen,,Eredivisie,Eredivisie
270098,Fabio Abiuso,id,Carrarese,Carrarese Calcio,Serie B,Serie BKT
273610,Andrés Ferrari,id,Sint-Truidense VV,STVV,Pro League,1A Pro League
276272,Noah Ganaus,id,Odense Boldklub,Odense BK,Superliga,3F Superliga
73071,Danny Schmidt,id,Fortuna Düsseldorf,Düsseldorf,2. Bundesliga,Bundesliga 2
73307,Bruninho,id,Cercle Brugge KSV,Cercle Brugge,Pro League,1A Pro League
240912,George Johnston,id,Bolton Wanderers,Bolton,League One,EFL League One
246740,Guillaume Dietsch,id,FCV Dender EH,,Pro League,1A Pro League
258081,Luca Martínez Dupuy,id,Godoy Cruz,,Liga Profesional de Fútbol,LPF
217021,Sandro Lima,id,Alverca,FC Alverca,Primeira Liga,Liga Portugal
243244,Hüseyin Türkmen,id,Antalyaspor,,Süper Lig,Trendyol Süper Lig
257959,David Min,id,FC Utrecht,,Eredivisie,Eredivisie
261105,Jeon Byung Kwan,id,Gimcheon Sangmu FC,Gimcheon Sangmu,K League 1,K League 1
239595,Nathan Rôdes,id,FCV Dender EH,,Pro League,1A Pro League
254234,Dixon Arroyo,id,Barcelona de Guayaquil,,Serie A,Libertadores
257340,Szymon Włodarczyk,id,Excelsior,,Eredivisie,Eredivisie
262102,Ruben Kluivert,id,Olympique Lyonnais,OL,Ligue 1,Ligue 1 McDonald's
263984,Mohamed Berte,id,FCV Dender EH,,Pro League,1A Pro League
277698,Ísak Andri Sigurgeirsson,id,IFK Norrköping,,Allsvenskan,Allsvenskan
208504,Juan Cazares,id,Independiente del Valle,,Serie A,Libertadores
241328,Wei Zhen,id,Shanghai Port,Shanghai Port FC,Super League,CSL
270456,Lucas Souto,id,Defensa y Justicia,Defensa,Liga Profesional de Fútbol,LPF
73146,Théo Golliard,id,FC Winterthur,,Super League,Brack Super League
223426,Benedikt Zech,id,SC Rheindorf Altach,SCR Altach,Bundesliga,Ö. Bundesliga
251289,Thomas Keller,id,1. FC Heidenheim 1846,Heidenheim,Bundesliga,Bundesliga
255341,Pablo García,id,Club Atlético San Martín,,Liga Profesional de Fútbol,LPF
257264,Oscar Vilhelmsson,id,SC Preußen Münster,Preußen Münster,2. Bundesliga,Bundesliga 2
266725,Flabián Londoño,id,Carabobo FC,,Primera Division,Libertadores
232329,Kubilay Kanatsızkuş,id,Kasımpaşa SK,Kasımpaşa,Süper Lig,Trendyol Süper Lig
256222,Magnus Jensen,id,Sønderjyske Fodbold,Sønderjyske,Superliga,3F Superliga
72845,Andrea Ciofi,id,Cesena FC,Cesena,Serie B,Serie BKT
251873,Yusuf Demir,id,Galatasaray SK,Galatasaray,Süper Lig,Trendyol Süper Lig
262665,Kenneth Schmidt,id,Fortuna Düsseldorf,Düsseldorf,2. Bundesliga,Bundesliga 2
76917,Agustín Auzmendi,id,Godoy Cruz,,Liga Profesional de Fútbol,LPF
80603,Janderson,id,Göztepe SK,Göztepe,Süper Lig,Trendyol Süper Lig
228534,Yu Kang Hyun,id,Daejeon Citizen,Daejeon Hana,K League 1,K League 1
245022,Nicholas Opoku,id,Kasımpaşa SK,Kasımpaşa,Süper Lig,Trendyol Süper Lig
258194,Diego Duarte,id,AVS Futebol SAD,,Primeira Liga,Liga Portugal
71224,Fredy Martínez,id,Boston River,,Primera División,Sudamericana
208188,Jon Guthrie,id,Northampton Town,Northampton,League One,EFL League One
239011,Josué Homawoo,id,Standard de Liège,Standard Liège,Pro League,1A Pro League
220429,Gastón Campi,id,Barcelona de Guayaquil,,Serie A,Libertadores
236528,Sam Dalby,id,Bolton Wanderers,Bolton,League One,EFL League One
259192,Mohamed Badamosi,id,CFR Cluj,CFR 1907 Cluj,Liga I,SUPERLIGA
266000,Tom Gaal,id,FC St.Gallen 1879,FC St. Gallen,Super League,Brack Super League
71291,Fabrício Garcia,id,GD Estoril Praia,Estoril Praia,Primeira Liga,Liga Portugal
273855,Dušan Stojinović,id,Jagiellonia Białystok,Jagiellonia,Ekstraklasa,PKO BP Ekstraklasa
260001,Noah Eile,id,New York Red Bulls,Red Bulls,Major League Soccer,MLS
276288,Lukas Frenkert,id,Eintracht Braunschweig,Braunschweig,2. Bundesliga,Bundesliga 2
76486,Tomas Rossi,id,Godoy Cruz,,Liga Profesional de Fútbol,LPF
225270,Ignacio Jeraldino,id,Unión Española,,Primera Division,Sudamericana
239813,Jakob Kiilerich,id,SV Zulte Waregem,Zulte Waregem,Pro League,1A Pro League
255461,Barbero,id,FC Arouca,Arouca,Primeira Liga,Liga Portugal
262220,Thijmen Blokzijl,id,FC Groningen,,Eredivisie,Eredivisie
194077,Veysel Sarı,id,Antalyaspor,,Süper Lig,Trendyol Süper Lig
213864,Bjørn Inge Utvik,id,Sarpsborg 08 FF,Sarpsborg 08,Eliteserien,Eliteserien
214192,Jefferson Mena,id,Atlético Bucaramanga,,Categoría Primera A,Libertadores
226803,Tim Parker,id,New York Red Bulls,Red Bulls,Major League Soccer,MLS
266343,Facundo Suárez,id,Instituto Atlético Central Córdoba,Instituto,Liga Profesional de Fútbol,LPF
251405,Kevin Ehlers,id,Eintracht Braunschweig,Braunschweig,2. Bundesliga,Bundesliga 2
261377,Rafael Lutiger,id,Sporting Cristal,,Liga 1,Libertadores
193716,Danny Wilson,id,Livingston FC,Livingston,Premiership,Scottish Prem
228058,Lukas Gugganig,id,SC Rheindorf Altach,SCR Altach,Bundesliga,Ö. Bundesliga
238450,Sean Raggett,id,Rotherham United,Rotherham Utd,League One,EFL League One
245215,Steffan Pino,id,Deportes Iquique,,Primera Division,Sudamericana
271256,Steve Ngoura,id,Cercle Brugge KSV,Cercle Brugge,Pro League,1A Pro League
260396,Park Sang Hyuk,id,Gimcheon Sangmu FC,Gimcheon Sangmu,K League 1,K League 1
261040,Bogdan Racovițan,id,Raków Częstochowa,Raków,Ekstraklasa,PKO BP Ekstraklasa
230677,Fraser Horsfall,id,Blackpool FC,Blackpool,League One,EFL League One
236670,Nicolás Zalazar,id,Instituto Atlético Central Córdoba,Instituto,Liga Profesional de Fútbol,LPF
268106,Maxim Dekker,id,AZ Alkmaar,,Eredivisie,Eredivisie
276866,Iñigo Piña,id,SD Huesca,,La Liga 2,LALIGA HYPERMOTION
71243,Alex Rangel,id,Barcelona de Guayaquil,,Serie A,Libertadores
73444,Nikola Radmanovac,id,Qingdao Hainiu FC,Qingdao Hainiu,Super League,CSL
223814,Damon Mirani,id,Heracles Almelo,,Eredivisie,Eredivisie
258687,Boris Popović,id,FC Arouca,Arouca,Primeira Liga,Liga Portugal
262917,Maximilian Dietz,id,SpVgg Greuther Fürth,Fürth,2. Bundesliga,Bundesliga 2
264743,Issiar Dramé,id,Estrela da Amadora,Estrela Amadora,Primeira Liga,Liga Portugal
258747,Guillem Molina,id,AVS Futebol SAD,,Primeira Liga,Liga Portugal
272317,David Martínez,id,Los Angeles FC,LAFC,Major League Soccer,MLS
279542,Max Moerstedt,id,TSG 1899 Hoffenheim,TSG Hoffenheim,Bundesliga,Bundesliga
228874,Remo Arnold,id,FC Winterthur,,Super League,Brack Super League
73068,Gustave Akueson,id,Sporting Club Bastia,,Ligue 2,Ligue 2 BKT
203363,Gustav Valsvik,id,Strømsgodset IF,,Eliteserien,Eliteserien
255400,Anton Tanghe,id,SV Zulte Waregem,Zulte Waregem,Pro League,1A Pro League
262465,Cristian Ignat,id,Rapid Bucuresti,FC Rapid 1923,Liga I,SUPERLIGA
225910,Mario López Quintana,id,Guaraní,,División Profesional,Sudamericana
237470,Dan Casey,id,Wycombe Wanderers,Wycombe,League One,EFL League One
241411,Tom Holmes,id,Rotherham United,Rotherham Utd,League One,EFL League One
251920,Andrea Meroni,id,SSC Bari,,Serie B,Serie BKT
251895,Shawn Adewoye,id,Fortuna Sittard,,Eredivisie,Eredivisie
239540,Eoin Toal,id,Bolton Wanderers,Bolton,League One,EFL League One
247031,Donovan Pines,id,Grazer AK 1902,Grazer AK,Bundesliga,Ö. Bundesliga
254176,Alec Deneumostier,id,FBC Melgar,,Liga 1,Sudamericana
257003,Jonathan Villagra,id,Colo-Colo,,Primera Division,Libertadores
247350,Olly Casey,id,Blackpool FC,Blackpool,League One,EFL League One
268558,Tomás Palacios,id,Inter,Lombardia FC,Serie A,Serie A Enilive
270879,David Torres,id,Real Valladolid CF,R. Valladolid CF,La Liga 2,LALIGA HYPERMOTION
231093,Juan Patiño,id,Guaraní,,División Profesional,Sudamericana
242362,Luciano Recalde,id,Club Atlético San Martín,,Liga Profesional de Fútbol,LPF
263968,Karim Sow,id,FC Lausanne-Sport,Lausanne-Sport,Super League,Brack Super League
273020,Joe Low,id,Huddersfield Town,Huddersfield,League One,EFL League One
193143,Roderick Miranda,id,Melbourne Victory,Melb. Victory,A-League Men,A-League
274949,Nahuel Herrera,id,Peñarol,,Primera División,Libertadores
204816,Menno Koch,id,Sarpsborg 08 FF,Sarpsborg 08,Eliteserien,Eliteserien
221990,Yonathan Cabral,id,CA Aldosivi,Aldosivi,Liga Profesional de Fútbol,LPF
244919,Martín Pascual,id,CD Mirandés,,La Liga 2,LALIGA HYPERMOTION
237885,Cristian Tovar,id,América de Cali,,Categoría Primera A,Sudamericana
73386,Filippo Oliana,id,Carrarese,Carrarese Calcio,Serie B,Serie BKT
243465,Carlos Romaña,id,Atlético Bucaramanga,,Categoría Primera A,Libertadores
266438,Niko Koulis,id,SC Preußen Münster,Preußen Münster,2. Bundesliga,Bundesliga 2
226447,Santiago Echeverría,id,Bolívar,,División de Fútbol Profesional,Libertadores
238986,Felix Luckeneder,id,SV Wehen Wiesbaden,Wehen Wiesbaden,3. Liga,3. Liga
279805,Norman Rodríguez,id,Carabobo FC,,Primera Division,Libertadores
214404,Valber Huerta,id,Universidad Católica,Uni. Católica,Primera Division,Liga Chile
251629,Justin Lonwijk,id,Fortuna Sittard,,Eredivisie,Eredivisie
253223,Jhonny Quiñónez,id,Barcelona de Guayaquil,,Serie A,Libertadores
208297,Kent-Are Antonsen,id,IFK Värnamo,,Allsvenskan,Allsvenskan
228153,Joe Powell,id,Rotherham United,Rotherham Utd,League One,EFL League One
229925,Erik Wekesser,id,1. FC Kaiserslautern,Kaiserslautern,2. Bundesliga,Bundesliga 2
229477,Mike-Steven Bähre,id,SC Rheindorf Altach,SCR Altach,Bundesliga,Ö. Bundesliga
237989,Sergiu Hanca,id,Asociația Clubul Sportiv Petrolul 52,FC Petrolul,Liga I,SUPERLIGA
276342,Tarik Gözüsirin,id,SV Wehen Wiesbaden,Wehen Wiesbaden,3. Liga,3. Liga
234918,Michał Nalepa,id,Gençlerbirliği SK,Gençlerbirliği,Süper Lig,Trendyol Süper Lig
211739,Erdoğan Yeşilyurt,id,Antalyaspor,,Süper Lig,Trendyol Süper Lig
236993,Nick Lima,id,San Jose Earthquakes,SJ Earthquakes,Major League Soccer,MLS
243894,Basil Stillhart,id,FC Winterthur,,Super League,Brack Super League
253193,Jefferson Encada,id,Estrela da Amadora,Estrela Amadora,Primeira Liga,Liga Portugal
269156,Owen Moxon,id,Stockport County,Stockport,League One,EFL League One
75214,Mauricio Cardillo,id,Independiente Rivadavia,Ind. Rivadavia,Liga Profesional de Fútbol,LPF
256545,Ante Bajić,id,SV Ried,SV Oberbank Ried,Bundesliga,Ö. Bundesliga
258043,Mihailo Stevanović,id,FC St.Gallen 1879,FC St. Gallen,Super League,Brack Super League
224842,Greg Docherty,id,Charlton Athletic,Charlton Ath,Championship,EFL Championship
233442,Jordi Osei-Tutu,id,Bolton Wanderers,Bolton,League One,EFL League One
235807,Aaron Morley,id,Bolton Wanderers,Bolton,League One,EFL League One
256902,Victor Lobry,id,Amiens SC,,Ligue 2,Ligue 2 BKT
261446,Mehmet Can Aydın,id,Eintracht Braunschweig,Braunschweig,2. Bundesliga,Bundesliga 2
225734,CJ Hamilton,id,Blackpool FC,Blackpool,League One,EFL League One
228007,Lee Yeong Jae,id,Jeonbuk Hyundai Motors,Jeonbuk Hyundai,K League 1,K League 1
255730,Tiago Galletto,id,AVS Futebol SAD,,Primeira Liga,Liga Portugal
269256,Walid Ould-Chikh,id,Heracles Almelo,,Eredivisie,Eredivisie
203328,Sam Hoskins,id,Northampton Town,Northampton,League One,EFL League One
234927,Raheem Edwards,id,New York Red Bulls,Red Bulls,Major League Soccer,MLS
247640,Bryan Teixeira,id,LASK Linz,LASK,Bundesliga,Ö. Bundesliga
271767,Marcelo Esponda,id,CA Aldosivi,Aldosivi,Liga Profesional de Fútbol,LPF
276314,Rafik Belghali,id,Hellas Verona FC,Hellas Verona,Serie A,Serie A Enilive
229163,Callum Slattery,id,Motherwell FC,Motherwell,Premiership,Scottish Prem
232311,Leeroy Owusu,id,Odense Boldklub,Odense BK,Superliga,3F Superliga
253833,Agustín González,id,Cienciano,,Liga 1,Sudamericana
258407,Brandon Soppy,id,FC Lausanne-Sport,Lausanne-Sport,Super League,Brack Super League
270587,Rafael Brito,id,Casa Pia,Casa Pia AC,Primeira Liga,Liga Portugal
73301,Sefer Emini,id,Sønderjyske Fodbold,Sønderjyske,Superliga,3F Superliga
202819,Chris Forrester,id,St Patrick's Athletic FC,St. Pats,Premier Division,SSE Airtricity PD
234279,Calogero Rizzuto,id,1. FC Saarbrücken,Saarbrücken,3. Liga,3. Liga
273582,Jovan Lukiċ,id,Philadelphia Union,Philadelphia,Major League Soccer,MLS
216741,Yang Mingyang,id,Chengdu Rongcheng,Chengdu FC,Super League,CSL
234276,Jeong Jae Hee,id,Daejeon Citizen,Daejeon Hana,K League 1,K League 1
240611,Dru Yearwood,id,Rotherham United,Rotherham Utd,League One,EFL League One
247471,Masatoshi Ishida,id,Daejeon Citizen,Daejeon Hana,K League 1,K League 1
226395,Michael Covea,id,Caracas FC,,Primera Division,Sudamericana
240605,Archie Collins,id,Peterborough United,Peterborough,League One,EFL League One
262607,Kazımcan Karataş,id,Galatasaray SK,Galatasaray,Süper Lig,Trendyol Süper Lig
263049,Philipp Pomer,id,SV Ried,SV Oberbank Ried,Bundesliga,Ö. Bundesliga
265446,José Bolívar,id,Atlético Grau,,Liga 1,Sudamericana
243801,Dennis Dressel,id,SSV Ulm 1846,,3. Liga,3. Liga
269412,Valentin Țicu,id,Asociația Clubul Sportiv Petrolul 52,FC Petrolul,Liga I,SUPERLIGA
186998,William Yarbrough,id,Inter Miami,Inter Miami CF,Major League Soccer,MLS
205630,Luciano Abecasis,id,Independiente Rivadavia,Ind. Rivadavia,Liga Profesional de Fútbol,LPF
216376,Marco Sangalli,id,Racing Santander,R. Racing Club,La Liga 2,LALIGA HYPERMOTION
193884,Sam Clucas,id,Shrewsbury Town,Shrewsbury,League Two,EFL League Two
225600,Abdullah Al Ammar,id,Al Ahli SFC,Al Ahli,Pro League,ROSHN Saudi League
228283,Ramazan Civelek,id,Kayserispor,,Süper Lig,Trendyol Süper Lig
243539,Kevin Yakob,id,Aarhus Gymnastikforening,AGF,Superliga,3F Superliga
245249,Manuel Insaurralde,id,San Lorenzo de Almagro,San Lorenzo,Liga Profesional de Fútbol,LPF
245270,Kolbeinn Finnsson,id,FC Utrecht,,Eredivisie,Eredivisie
252810,Lim Dug Keun,id,Gimcheon Sangmu FC,Gimcheon Sangmu,K League 1,K League 1
270215,Ezequiel Cannavó,id,Defensa y Justicia,Defensa,Liga Profesional de Fútbol,LPF
273008,Jorg Schreuders,id,FC Groningen,,Eredivisie,Eredivisie
276668,Enrique Lofolomo,id,SV Zulte Waregem,Zulte Waregem,Pro League,1A Pro League
199830,Samuel Galindo,id,Gualberto Villarroel SJ,,División de Fútbol Profesional,Sudamericana
223085,Luke Berry,id,Charlton Athletic,Charlton Ath,Championship,EFL Championship
247476,Hassani Dotson,id,Minnesota United FC,Minnesota United,Major League Soccer,MLS
248041,Florin Ștefan,id,Universitatea Craiova,Univ. Craiova,Liga I,SUPERLIGA
275861,Jochem van de Kamp,id,Telstar,,Eredivisie,Eredivisie
71959,Juan Luis Alfaro,id,CA Banfield,Banfield,Liga Profesional de Fútbol,LPF
189221,João Aurélio,id,CD Nacional,Nacional,Primeira Liga,Liga Portugal
220039,Dion Charles,id,Huddersfield Town,Huddersfield,League One,EFL League One
224305,Iván Calero,id,Cultural Leonesa,,La Liga 2,LALIGA HYPERMOTION
224662,Maurice Multhaup,id,1. FC Saarbrücken,Saarbrücken,3. Liga,3. Liga
229354,Arianit Ferati,id,SV Waldhof Mannheim,SV Waldhof,3. Liga,3. Liga
263131,Marvin Martins,id,FC Winterthur,,Super League,Brack Super League
264272,Ogün Özçiçek,id,Gaziantep FK,Gaziantep,Süper Lig,Trendyol Süper Lig
278168,Eyüp Aydın,id,Samsunspor,Galatasaray,Süper Lig,Trendyol Süper Lig
199572,Ciprian Deac,id,CFR Cluj,CFR 1907 Cluj,Liga I,SUPERLIGA
202208,Dimitri Petratos,id,Mohun Bagan Super Giant,Mohun Bagan SG,Super League,ISL
205995,Jetro Willems,id,NEC Nijmegen,,Eredivisie,Eredivisie
233098,Sherel Floranus,id,PEC Zwolle,,Eredivisie,Eredivisie
236247,Herbie Kane,id,Huddersfield Town,Huddersfield,League One,EFL League One
242712,Adam Sørensen,id,Odense Boldklub,Odense BK,Superliga,3F Superliga
248548,Daniel Aguilar,id,Caracas FC,,Primera Division,Sudamericana
257484,Thijs Oosting,id,PEC Zwolle,,Eredivisie,Eredivisie
260235,Mamady Diambou,id,FC Red Bull Salzburg,RB Salzburg,Bundesliga,Ö. Bundesliga
264775,Vicente Rodríguez,id,Caracas FC,,Primera Division,Sudamericana
266050,Jesper Ceesay,id,Antalyaspor,,Süper Lig,Trendyol Süper Lig
268618,Lynnt Audoor,id,Club Brugge KV,Club Brugge,Pro League,1A Pro League
270037,Randy Schneider,id,FC Winterthur,,Super League,Brack Super League
194431,Mikkel Kirkeskov,id,SC Preußen Münster,Preußen Münster,2. Bundesliga,Bundesliga 2
212592,Andrew Farrell,id,New England Revolution,New England,Major League Soccer,MLS
224424,Richard Neudecker,id,1. FC Saarbrücken,Saarbrücken,3. Liga,3. Liga
225931,Mikkel Duelund,id,Vejle Boldklub,,Superliga,3F Superliga
232710,Andrigo,id,Suwon FC,,K League 1,K League 1
243041,Julian Guttau,id,FC Erzgebirge Aue,,3. Liga,3. Liga
246777,Oscar Pettersson,id,Go Ahead Eagles,,Eredivisie,Eredivisie
256119,Emanuele Zuelli,id,Carrarese,Carrarese Calcio,Serie B,Serie BKT
79242,Philip Brittijn,id,Fortuna Sittard,,Eredivisie,Eredivisie
210004,Benedikt Saller,id,SSV Jahn Regensburg,Jahn Regensburg,3. Liga,3. Liga
264683,Riccardo Ciervo,id,Cesena FC,Cesena,Serie B,Serie BKT
271000,Justin Omoregie,id,FC Red Bull Salzburg,RB Salzburg,Bundesliga,Ö. Bundesliga
72654,Gustavo,id,AVS Futebol SAD,,Primeira Liga,Liga Portugal
74406,Tommaso Berti,id,Cesena FC,Cesena,Serie B,Serie BKT
206243,Christophe Vincent,id,Sporting Club Bastia,,Ligue 2,Ligue 2 BKT
214088,Cameron Dawson,id,Rotherham United,Rotherham Utd,League One,EFL League One
214661,Gaspar Iñiguez,id,Newell's Old Boys,Newell's,Liga Profesional de Fútbol,LPF
229713,José Bizama,id,CD Palestino,,Primera Division,Sudamericana
231580,Antony Evans,id,Huddersfield Town,Huddersfield,League One,EFL League One
235915,Luke Molyneux,id,Doncaster Rovers,Doncaster,League One,EFL League One
255886,Francisco Gerometta,id,Club Atlético Unión,Unión,Liga Profesional de Fútbol,LPF
258823,Jasper Dahlhaus,id,Fortuna Sittard,,Eredivisie,Eredivisie
260267,Diego Hoyos,id,Nacional Potosí,,División de Fútbol Profesional,Sudamericana
260340,Svensson,id,Casa Pia,Casa Pia AC,Primeira Liga,Liga Portugal
277864,Dave Kwakman,id,AZ Alkmaar,,Eredivisie,Eredivisie
75093,Kieran Morgan,id,Queens Park Rangers,QPR,Championship,EFL Championship
177475,Tobias Sippel,id,Borussia Mönchengladbach,M'gladbach,Bundesliga,Bundesliga
230801,Ali Hazazi,id,Al Qadsiah FC,Al Qadsiah,Pro League,ROSHN Saudi League
236675,Kilian Jakob,id,TSV 1860 München,,3. Liga,3. Liga
243100,Li Shuai,id,Shanghai Port,Shanghai Port FC,Super League,CSL
251001,Caolán Boyd-Munce,id,Wycombe Wanderers,Wycombe,League One,EFL League One
262260,Sergio Guerrero,id,Bruk-Bet Termalica Nieciecza,,Ekstraklasa,PKO BP Ekstraklasa
71944,Tomas Guiacobini,id,Club Atlético Sarmiento,Sarmiento,Liga Profesional de Fútbol,LPF
209423,Mathieu Michel,id,Montpellier HSC,Montpellier,Ligue 2,Ligue 2 BKT
210603,Yasser Al Shahrani,id,Al Qadsiah FC,Al Qadsiah,Pro League,ROSHN Saudi League
223229,Cristian Manea,id,Rapid Bucuresti,FC Rapid 1923,Liga I,SUPERLIGA
247782,Kasper Jørgensen,id,LASK Linz,LASK,Bundesliga,Ö. Bundesliga
252268,Ruben Roosken,id,Huddersfield Town,Huddersfield,League One,EFL League One
254368,Luis Arce,id,Mushuc Runa,,Serie A,Sudamericana
262848,Sonny Carey,id,Charlton Athletic,Charlton Ath,Championship,EFL Championship
266831,Ilias Sebaoui,id,Sint-Truidense VV,STVV,Pro League,1A Pro League
75211,Mateo Flores,id,FC Arouca,Arouca,Primeira Liga,Liga Portugal
201240,Tom Barkhuizen,id,Barrow,,League Two,EFL League Two
213498,Serge-Junior Martinsson Ngouali,id,IF Brommapojkarna,Brommapojkarna,Allsvenskan,Allsvenskan
220763,Ryan Thomas,id,PEC Zwolle,,Eredivisie,Eredivisie
228834,Eirik Wichne,id,Sarpsborg 08 FF,Sarpsborg 08,Eliteserien,Eliteserien
234177,Niall Ennis,id,Blackpool FC,Blackpool,League One,EFL League One
176094,Przemysław Tytoń,id,FC Twente,,Eredivisie,Eredivisie
226220,Memo Rodríguez,id,Sporting Kansas City,Sporting KC,Major League Soccer,MLS
226514,Daniel Harvie,id,Wycombe Wanderers,Wycombe,League One,EFL League One
237732,Odysseus Velanas,id,PEC Zwolle,,Eredivisie,Eredivisie
246609,Juan Requena,id,Deportivo Táchira,,Primera Division,Libertadores
250993,Maxwell Gyamfi,id,1. FC Kaiserslautern,Kaiserslautern,2. Bundesliga,Bundesliga 2
252927,Massimo Bertagnoli,id,Reggiana,,Serie B,Serie BKT
254276,Ennio van der Gouw,id,SV Zulte Waregem,Zulte Waregem,Pro League,1A Pro League
256556,Ben Chrisene,id,Norwich City,Norwich,Championship,EFL Championship
261000,Rubén Darío Ríos,id,Sportivo Luqueño,,División Profesional,Sudamericana
273863,Felipe Espinoza,id,Unión Española,,Primera Division,Sudamericana
277786,Fabrizio Peralta,id,Cerro Porteño,,División Profesional,Libertadores
197831,Jason Davidson,id,Melbourne Victory,Melb. Victory,A-League Men,A-League
203128,Thomas Monconduit,id,Amiens SC,,Ligue 2,Ligue 2 BKT
203398,Derrick Williams,id,Reading FC,Reading,League One,EFL League One
214308,Ariel Martínez,id,CD Palestino,,Primera Division,Sudamericana
228464,Kim Jin Hyuk,id,Daegu FC,,K League 1,K League 1
238636,Rico Preißinger,id,SC Preußen Münster,Preußen Münster,2. Bundesliga,Bundesliga 2
239909,Dominik Pelivan,id,FC Energie Cottbus,Energie Cottbus,3. Liga,3. Liga
245601,Christian Joel Sánchez,id,Real Sporting de Gijón,R. Sporting,La Liga 2,LALIGA HYPERMOTION
255449,Ivan Mesík,id,Heracles Almelo,,Eredivisie,Eredivisie
256426,Cameron Harper,id,New York Red Bulls,Red Bulls,Major League Soccer,MLS
260144,Patiño,id,RC Deportivo de La Coruña,RC Deportivo,La Liga 2,LALIGA HYPERMOTION
261019,Roberto Bochi,id,CA Aldosivi,Aldosivi,Liga Profesional de Fútbol,LPF
263153,Johan Arath Gómez,id,Eintracht Braunschweig,Braunschweig,2. Bundesliga,Bundesliga 2
265431,Eduard Radaslavescu,id,FCV Farul Constanța,Farul Constanța,Liga I,SUPERLIGA
269258,Calvin Twigt,id,Go Ahead Eagles,,Eredivisie,Eredivisie
275549,Abdulelah Al Khaibari,id,Al Ahli SFC,Al Ahli,Pro League,ROSHN Saudi League
275634,Alexander Briedl,id,Blau-Weiß Linz,Blau-Weiss Linz,Bundesliga,Ö. Bundesliga
73300,David Maftei,id,FCV Farul Constanța,Farul Constanța,Liga I,SUPERLIGA
204034,Alexis Sauvage,id,Amiens SC,,Ligue 2,Ligue 2 BKT
233571,Alexis Arias,id,FBC Melgar,,Liga 1,Sudamericana
233707,Sigurd Haugen,id,TSV 1860 München,,3. Liga,3. Liga
239672,Harald Nilsen Tangen,id,Sarpsborg 08 FF,Sarpsborg 08,Eliteserien,Eliteserien
240117,Maren Haile-Selassie,id,Chicago Fire,Chicago Fire FC,Major League Soccer,MLS
247721,Tobias Raschl,id,1. FC Kaiserslautern,Kaiserslautern,2. Bundesliga,Bundesliga 2
250763,Erik Engelhardt,id,FC Energie Cottbus,Energie Cottbus,3. Liga,3. Liga
278101,Callum Marshall,id,West Ham United,West Ham,Premier League,Premier League
278391,Unai Hernández,id,Al Shabab,Al Ittihad,Pro League,ROSHN Saudi League
74163,Javi Villar,id,Albacete Balompié,Albacete BP,La Liga 2,LALIGA HYPERMOTION
210538,Luca Zuffi,id,FC Winterthur,,Super League,Brack Super League
213644,Andreas Geipl,id,SSV Jahn Regensburg,Jahn Regensburg,3. Liga,3. Liga
226510,Daníel Leó Grétarsson,id,Sønderjyske Fodbold,Sønderjyske,Superliga,3F Superliga
229397,Miguel Vargas,id,Universitario de Deportes,,Liga 1,Libertadores
230055,Niko Hämäläinen,id,FK Haugesund,,Eliteserien,Eliteserien
251339,Giuliano Cerato,id,CA Aldosivi,Aldosivi,Liga Profesional de Fútbol,LPF
263464,Christoph Lang,id,LASK Linz,LASK,Bundesliga,Ö. Bundesliga
265680,Jesús Yendis,id,Caracas FC,,Primera Division,Sudamericana
269866,Tim Danhof,id,TSV 1860 München,,3. Liga,3. Liga
274195,Andrés Torrico,id,Nacional Potosí,,División de Fútbol Profesional,Sudamericana
275595,Alex Franco,id,Club Olimpia,,División Profesional,Libertadores
224430,Dennis Chessa,id,SSV Ulm 1846,,3. Liga,3. Liga
232381,Wesley,id,Shenzhen Peng City,SZ Peng City,Super League,CSL
233512,Alin Toșca,id,Universitatea Cluj,FC Univ. Cluj,Liga I,SUPERLIGA
240829,Etienne Amenyido,id,SC Preußen Münster,Preußen Münster,2. Bundesliga,Bundesliga 2
256047,Christopher Lungoyi,id,Gaziantep FK,Gaziantep,Süper Lig,Trendyol Süper Lig
257917,Sander Christiansen,id,Sarpsborg 08 FF,Sarpsborg 08,Eliteserien,Eliteserien
268506,Jacob Andersen,id,Aarhus Gymnastikforening,AGF,Superliga,3F Superliga
269691,Joe Taylor,id,Huddersfield Town,Huddersfield,League One,EFL League One
211514,Reece James,id,Rotherham United,Rotherham Utd,League One,EFL League One
221956,Simon Pirkl,id,Blau-Weiß Linz,Blau-Weiss Linz,Bundesliga,Ö. Bundesliga
238684,Jeremias Lorch,id,Alemannia Aachen,Aleman. Aachen,3. Liga,3. Liga
239042,Hussain Al Qahtani,id,Al Qadsiah FC,Al Qadsiah,Pro League,ROSHN Saudi League
243019,Tudor Băluță,id,Universitatea Craiova,Univ. Craiova,Liga I,SUPERLIGA
246872,Mohamad Sylla,id,Livingston FC,Livingston,Premiership,Scottish Prem
248300,Manvir Singh,id,Mohun Bagan Super Giant,Mohun Bagan SG,Super League,ISL
251143,Christopher Cheng,id,Sandefjord Fotball,Sandefjord,Eliteserien,Eliteserien
260638,Bartuğ Elmaz,id,Fenerbahçe SK,Fenerbahçe,Süper Lig,Trendyol Süper Lig
76339,Mateo Castillo,id,América de Cali,,Categoría Primera A,Sudamericana
197391,Lars Vilsvik,id,Strømsgodset IF,,Eliteserien,Eliteserien
211042,Georgi Milanov,id,Dinamo Bucureşti,FC Dinamo 1948,Liga I,SUPERLIGA
228744,Jhojan Valencia,id,Universidad Católica,Uni. Católica,Primera Division,Liga Chile
228860,Hidde Jurjus,id,FC Groningen,,Eredivisie,Eredivisie
229251,Vasile Mogoș,id,Universitatea Craiova,Univ. Craiova,Liga I,SUPERLIGA
245286,Jan Žambůrek,id,Heracles Almelo,,Eredivisie,Eredivisie
253910,Robert Burbano,id,Mushuc Runa,,Serie A,Sudamericana
259361,Fernando Román,id,CA Aldosivi,Aldosivi,Liga Profesional de Fútbol,LPF
265799,Mathias Olesen,id,SpVgg Greuther Fürth,Fürth,2. Bundesliga,Bundesliga 2
267831,Bryan Bentaberry,id,Mushuc Runa,,Serie A,Sudamericana
271576,Zé Carlos,id,Gil Vicente FC,Gil Vicente,Primeira Liga,Liga Portugal
272568,Ibrahim Diakité,id,Cercle Brugge KSV,Cercle Brugge,Pro League,1A Pro League
76739,Pablo García,id,Real Betis Balompié,Real Betis,La Liga,LALIGA EA SPORTS
177569,Jonathan de Guzmán,id,Sparta Rotterdam,,Eredivisie,Eredivisie
217085,Víctor García,id,Cultural Leonesa,,La Liga 2,LALIGA HYPERMOTION
221336,Lyes Houri,id,Universitatea Craiova,Univ. Craiova,Liga I,SUPERLIGA
228017,Zhang Yuning,id,Beijing Guoan,Beijing FC,Super League,CSL
238368,John McAtee,id,Bolton Wanderers,Bolton,League One,EFL League One
243959,Leon Schneider,id,DSC Arminia Bielefeld,Arminia Bielefeld,2. Bundesliga,Bundesliga 2
246396,Luis Sánchez,id,Once Caldas,,Categoría Primera A,Sudamericana
252123,Alejandro Araque,id,Deportivo Táchira,,Primera Division,Libertadores
259134,Mads Enggård,id,Vejle Boldklub,,Superliga,3F Superliga
259847,Francisco La Mantía,id,Caracas FC,,Primera Division,Sudamericana
260739,Máximo Alonso,id,San Antonio Bulo Bulo,,División de Fútbol Profesional,Libertadores
261970,Diego Soto,id,Atlético Grau,,Liga 1,Sudamericana
274553,Agustín Anello,id,Boston River,,Primera División,Sudamericana
276692,Andrei Gheorghiță,id,Universitatea Cluj,FC Univ. Cluj,Liga I,SUPERLIGA
72589,Tomáš Bobček,id,Lechia Gdańsk,,Ekstraklasa,PKO BP Ekstraklasa
214177,Luis Paz,id,América de Cali,,Categoría Primera A,Sudamericana
223370,Mario Engels,id,Heracles Almelo,,Eredivisie,Eredivisie
239682,Nicolás Fernández,id,Universidad de Chile,,Primera Division,Libertadores
241976,Tiago Sá,id,Sporting Clube de Braga,SC Braga,Primeira Liga,Liga Portugal
255314,Peter Kioso,id,Peterborough United,Peterborough,League One,EFL League One
262222,Tika de Jonge,id,FC Groningen,,Eredivisie,Eredivisie
266084,Glendys Mina,id,Mushuc Runa,,Serie A,Sudamericana
272808,Florian Bohnert,id,Sporting Club Bastia,,Ligue 2,Ligue 2 BKT
73256,Rafa Rodrigues,id,Al Ain,Al Ain FC,Pro League,United Emirates League
237152,Daleho Irandust,id,IF Brommapojkarna,Brommapojkarna,Allsvenskan,Allsvenskan
239661,Isaiah Young,id,DSC Arminia Bielefeld,Arminia Bielefeld,2. Bundesliga,Bundesliga 2
242485,Yonatan Goitia,id,Deportivo Riestra,Dep. Riestra,Liga Profesional de Fútbol,LPF
259500,Brian Calderara,id,Newell's Old Boys,Newell's,Liga Profesional de Fútbol,LPF
69987,Raul Paula,id,NAC Breda,,Eredivisie,Eredivisie
71084,Loris Mettler,id,Sandefjord Fotball,Sandefjord,Eliteserien,Eliteserien
199568,Konstantinos Lamprou,id,NAC Breda,,Eredivisie,Eredivisie
210304,Hendrick Zuck,id,1. FC Kaiserslautern,Kaiserslautern,2. Bundesliga,Bundesliga 2
235288,Sam Schreck,id,DSC Arminia Bielefeld,Arminia Bielefeld,2. Bundesliga,Bundesliga 2
239476,Sandro Ingolitsch,id,SC Rheindorf Altach,SCR Altach,Bundesliga,Ö. Bundesliga
252999,Vasilios Zagaritis,id,SC Heerenveen,,Eredivisie,Eredivisie
254136,Elijah Just,id,Motherwell FC,Motherwell,Premiership,Scottish Prem
262057,Fernando Ovelar,id,Unión Española,,Primera Division,Sudamericana
264696,Kader Keïta,id,Rapid Bucuresti,FC Rapid 1923,Liga I,SUPERLIGA
276252,Marko Farji,id,Strømsgodset IF,,Eliteserien,Eliteserien
277976,Miguel Silva,id,Universitatea Cluj,FC Univ. Cluj,Liga I,SUPERLIGA
70694,Thomas Claes,id,SV Zulte Waregem,Zulte Waregem,Pro League,1A Pro League
191528,Hou Sen,id,Beijing Guoan,Beijing FC,Super League,CSL
214924,Jordan McGhee,id,Motherwell FC,Motherwell,Premiership,Scottish Prem
220306,Assan Ceesay,id,Damac FC,,Pro League,ROSHN Saudi League
227509,Elías Már Ómarsson,id,Meizhou Hakka,Meizhou Hakka FC,Super League,CSL
231574,Erwin Junior Sánchez,id,San Antonio Bulo Bulo,,División de Fútbol Profesional,Libertadores
259507,Rob Apter,id,Charlton Athletic,Charlton Ath,Championship,EFL Championship
263259,Ilias Bronkhorst,id,Excelsior,,Eredivisie,Eredivisie
264009,Yahav Gurfinkel,id,Chengdu Rongcheng,Chengdu FC,Super League,CSL
264347,Medrano,id,CD Mirandés,,La Liga 2,LALIGA HYPERMOTION
279667,Robert-Jan Vanwesemael,id,Sint-Truidense VV,STVV,Pro League,1A Pro League
76524,Jan Lucumí,id,América de Cali,,Categoría Primera A,Sudamericana
77036,Beni Mpanzu,id,Cercle Brugge KSV,Cercle Brugge,Pro League,1A Pro League
198285,Lee Nicholls,id,Huddersfield Town,Huddersfield,League One,EFL League One
210029,Joe Rafferty,id,Rotherham United,Rotherham Utd,League One,EFL League One
252082,Charles-Andreas Brym,id,NAC Breda,,Eredivisie,Eredivisie
255033,Dylan Nealis,id,New York Red Bulls,Red Bulls,Major League Soccer,MLS
259776,Ricardo Lagos,id,Alianza Lima,,Liga 1,Libertadores
79098,Barnabás Nagy,id,Ferencvárosi Torna Club,Ferencvárosi TC,Nemzeti Bajnokság I,Magyar Liga
210366,Niklas Lomb,id,Bayer 04 Leverkusen,Leverkusen,Bundesliga,Bundesliga
222356,Luis Vásquez,id,Atlético Bucaramanga,,Categoría Primera A,Libertadores
238563,Danilo Wiebe,id,Alemannia Aachen,Aleman. Aachen,3. Liga,3. Liga
253418,Lukas Schleimer,id,SV Wehen Wiesbaden,Wehen Wiesbaden,3. Liga,3. Liga
266334,Samuel Rogers,id,Chicago Fire,Chicago Fire FC,Major League Soccer,MLS
270461,Fabio Di Michele Sanchez,id,Eintracht Braunschweig,Braunschweig,2. Bundesliga,Bundesliga 2
270864,Nachon Nsingi,id,Oud-Heverlee Leuven,OH Leuven,Pro League,1A Pro League
271693,Tawanda Maswanhise,id,Motherwell FC,Motherwell,Premiership,Scottish Prem
271931,Agustín Nadruz,id,Unión Española,,Primera Division,Sudamericana
272982,Christian Rasmussen,id,Fortuna Düsseldorf,Düsseldorf,2. Bundesliga,Bundesliga 2
273560,Matías Rocha,id,FC Arouca,Arouca,Primeira Liga,Liga Portugal
275856,Nordin Bakker,id,SC Heerenveen,,Eredivisie,Eredivisie
276917,Alessandro Arena,id,Carrarese,Carrarese Calcio,Serie B,Serie BKT
71242,Cristhian Solano,id,Barcelona de Guayaquil,,Serie A,Libertadores
243838,Nishan Burkart,id,FC Winterthur,,Super League,Brack Super League
245501,Isaac Olaofe,id,Charlton Athletic,Charlton Ath,Championship,EFL Championship
251247,Kamiel Van de Perre,id,Union Saint-Gilloise,R. Union St.-G.,Pro League,1A Pro League
265731,Suleiman Camara,id,Racing Santander,R. Racing Club,La Liga 2,LALIGA HYPERMOTION
271150,Kayne van Oevelen,id,FC Volendam,,Eredivisie,Eredivisie
276256,Mamadou Diakhon,id,Club Brugge KV,Club Brugge,Pro League,1A Pro League
72426,Javi Rueda,id,RC Celta,Celta,La Liga,LALIGA EA SPORTS
223054,Cristian Penilla,id,Mushuc Runa,,Serie A,Sudamericana
223157,Andrija Novakovich,id,Reggiana,,Serie B,Serie BKT
233820,Sheriff Sinyan,id,CFR Cluj,CFR 1907 Cluj,Liga I,SUPERLIGA
239269,Logan Ndenbe,id,Sporting Kansas City,Sporting KC,Major League Soccer,MLS
239573,Marco Bleve,id,Carrarese,Carrarese Calcio,Serie B,Serie BKT
261444,Aliou Baldé,id,FC St.Gallen 1879,FC St. Gallen,Super League,Brack Super League
271333,Thimothée Lo-Tutala,id,Doncaster Rovers,Doncaster,League One,EFL League One
70022,Rayan Lutin,id,Amiens SC,,Ligue 2,Ligue 2 BKT
72711,Cherrion Valerius,id,NAC Breda,,Eredivisie,Eredivisie
74044,Simón García,id,Atlético Nacional,Atl. Nacional,Categoría Primera A,Libertadores
74877,Dominik Javorček,id,SK Slavia Praha,Slavia Praha,První liga,Česká Liga
211004,Han Kook Young,id,Jeonbuk Hyundai Motors,Jeonbuk Hyundai,K League 1,K League 1
219937,Nils Körber,id,SpVgg Greuther Fürth,Fürth,2. Bundesliga,Bundesliga 2
228369,Jack Walton,id,Preston North End,Preston,Championship,EFL Championship
246911,Fredrik Sjølstad,id,Hamarkameratene,HamKam Fotball,Eliteserien,Eliteserien
253911,Daniel Saggiomo,id,Deportivo Táchira,,Primera Division,Libertadores
273652,Tio Cipot,id,Grazer AK 1902,Grazer AK,Bundesliga,Ö. Bundesliga
275739,Omar El Sawy,id,Universitatea Cluj,FC Univ. Cluj,Liga I,SUPERLIGA
203485,Terence Kongolo,id,NAC Breda,,Eredivisie,Eredivisie
230807,Hayden Coulson,id,Blackpool FC,Blackpool,League One,EFL League One
243866,Thomas Gundelund,id,Vejle Boldklub,,Superliga,3F Superliga
255151,Simon Ngapandouetnbu,id,Montpellier HSC,Montpellier,Ligue 2,Ligue 2 BKT
256065,Mamoudou Karamoko,id,Dinamo Bucureşti,FC Dinamo 1948,Liga I,SUPERLIGA
258489,Casper Terho,id,Oud-Heverlee Leuven,OH Leuven,Pro League,1A Pro League
261779,Gino Santilli,id,Cerro Largo,,Primera División,Sudamericana
273683,Derlis Rodríguez,id,Guaraní,,División Profesional,Sudamericana
276744,Răzvan Tănasă,id,FCV Farul Constanța,Farul Constanța,Liga I,SUPERLIGA
278999,Mustafa Erhan Hekimoğlu,id,Beşiktaş JK,Beşiktaş,Süper Lig,Trendyol Süper Lig
279016,Jérémy Sebas,id,Sporting Club Bastia,,Ligue 2,Ligue 2 BKT
70550,Darick Kobie Morris,id,Meizhou Hakka,Meizhou Hakka FC,Super League,CSL
189155,Samuel Souprayen,id,Melbourne City FC,Melbourne City,A-League Men,A-League
216582,Daniel Maderner,id,Grazer AK 1902,Grazer AK,Bundesliga,Ö. Bundesliga
228225,Wes Harding,id,Millwall FC,Millwall,Championship,EFL Championship
232225,Janni Serra,id,Aarhus Gymnastikforening,AGF,Superliga,3F Superliga
238167,Pelle Boevink,id,SpVgg Greuther Fürth,Fürth,2. Bundesliga,Bundesliga 2
242821,Kim Seung Sub,id,Gimcheon Sangmu FC,Gimcheon Sangmu,K League 1,K League 1
251610,Manu Justo,id,Cultural Leonesa,,La Liga 2,LALIGA HYPERMOTION
251812,Boy Kemper,id,NAC Breda,,Eredivisie,Eredivisie
253556,Erik López,id,Club Olimpia,,División Profesional,Libertadores
272860,Pedro Souto,id,Independiente Rivadavia,Ind. Rivadavia,Liga Profesional de Fútbol,LPF
275648,Alexandru Pop,id,Dinamo Bucureşti,FC Dinamo 1948,Liga I,SUPERLIGA
235932,Ataberk Dadakdeniz,id,Antalyaspor,,Süper Lig,Trendyol Süper Lig
236897,Matías Moya,id,Deportes Iquique,,Primera Division,Sudamericana
240941,Lenny Pintor,id,LASK Linz,LASK,Bundesliga,Ö. Bundesliga
244460,Dominique Guidi,id,Sporting Club Bastia,,Ligue 2,Ligue 2 BKT
262738,Mamadou Camara,id,Stade Lavallois Mayenne FC,Laval MFC,Ligue 2,Ligue 2 BKT
263147,Alexandru Musi,id,Dinamo Bucureşti,FC Dinamo 1948,Liga I,SUPERLIGA
268075,Lucas Correa,id,Cerro Largo,,Primera División,Sudamericana
269915,Lautaro Pastrán,id,LDU Quito,,Serie A,Libertadores
274196,Matias Fonseca,id,Instituto Atlético Central Córdoba,Instituto,Liga Profesional de Fútbol,LPF
279922,Tomás Verón,id,Grasshopper Club Zürich,GC Zürich,Super League,Brack Super League
246881,João Valido,id,FC Arouca,Arouca,Primeira Liga,Liga Portugal
251754,Sam Kersten,id,SC Heerenveen,,Eredivisie,Eredivisie
251977,Virgiliu Postolachi,id,Universitatea Cluj,FC Univ. Cluj,Liga I,SUPERLIGA
270529,Aceves,id,Real Valladolid CF,R. Valladolid CF,La Liga 2,LALIGA HYPERMOTION
272351,Alan Di Pippa,id,Cerro Largo,,Primera División,Sudamericana
222154,Bryan Carvallo,id,Unión Española,,Primera Division,Sudamericana
242291,Kai Brünker,id,1. FC Saarbrücken,Saarbrücken,3. Liga,3. Liga
245021,Mamadou Loum,id,Real Sporting de Gijón,R. Sporting,La Liga 2,LALIGA HYPERMOTION
247519,Félix Mambimbi,id,Le Havre AC,Havre AC,Ligue 1,Ligue 1 McDonald's
247882,Rubén Cordano,id,Bolívar,,División de Fútbol Profesional,Libertadores
266462,Fortune Bassey,id,Ferencvárosi Torna Club,Ferencvárosi TC,Nemzeti Bajnokság I,Magyar Liga
263790,Léo Chú,id,Alverca,FC Alverca,Primeira Liga,Liga Portugal
274145,Maximiliano Zalazar,id,Gimnasia y Esgrima La Plata,Gimnasia,Liga Profesional de Fútbol,LPF
275019,Edan Diop,id,Cercle Brugge KSV,Cercle Brugge,Pro League,1A Pro League
192660,Sebastian Polter,id,Eintracht Braunschweig,Braunschweig,2. Bundesliga,Bundesliga 2
224962,Mohammed Al Kuwaykibi,id,Al Taawoun FC,Al Taawoun,Pro League,ROSHN Saudi League
225735,Dominic Baumann,id,1. FC Saarbrücken,Saarbrücken,3. Liga,3. Liga
240955,Tomás Durso,id,Club Atlético Unión,Unión,Liga Profesional de Fútbol,LPF
245749,Antoine Baroan,id,Rapid Bucuresti,FC Rapid 1923,Liga I,SUPERLIGA
248576,Florian Flick,id,Eintracht Braunschweig,Braunschweig,2. Bundesliga,Bundesliga 2
248765,Christian Conteh,id,Eintracht Braunschweig,Braunschweig,2. Bundesliga,Bundesliga 2
248812,Yaw Ackah,id,Kayserispor,,Süper Lig,Trendyol Süper Lig
253907,Tomás Fernández,id,Club Atlético San Martín,,Liga Profesional de Fútbol,LPF
268508,Jordy Caicedo,id,Real Sporting de Gijón,R. Sporting,La Liga 2,LALIGA HYPERMOTION
272660,Thaddäus-Monju Momuluh,id,DSC Arminia Bielefeld,Arminia Bielefeld,2. Bundesliga,Bundesliga 2
273962,Moussa Soumano,id,NAC Breda,,Eredivisie,Eredivisie
278318,Aleksandar Stanković,id,Club Brugge KV,Club Brugge,Pro League,1A Pro League
191153,Marcus Sandberg,id,Hamarkameratene,HamKam Fotball,Eliteserien,Eliteserien
197689,Andrea Seculin,id,Reggiana,,Serie B,Serie BKT
257676,Ivo Mammini,id,Gimnasia y Esgrima La Plata,Gimnasia,Liga Profesional de Fútbol,LPF
270203,Yago Cariello,id,Zhejiang FC,Zhejiang Pro,Super League,CSL
274081,Gregorio Rodríguez,id,FBC Melgar,,Liga 1,Sudamericana
276171,Shkelqim Vladi,id,FC St.Gallen 1879,FC St. Gallen,Super League,Brack Super League
228366,Macaulay Gillesphey,id,Charlton Athletic,Charlton Ath,Championship,EFL Championship
229173,Gökhan Gül,id,Al Akhdoud Saudi Club,,Pro League,ROSHN Saudi League
240922,Dani Escriche,id,Albacete Balompié,Albacete BP,La Liga 2,LALIGA HYPERMOTION
242841,Arvin Appiah,id,Amiens SC,,Ligue 2,Ligue 2 BKT
248860,Saidt Mustafá,id,Nacional Potosí,,División de Fútbol Profesional,Sudamericana
258288,Williams Barlasina,id,Newell's Old Boys,Newell's,Liga Profesional de Fútbol,LPF
261670,Jonas Jensen-Abbew,id,Aarhus Gymnastikforening,AGF,Superliga,3F Superliga
70524,Franz Stolz,id,Rapid Bucuresti,FC Rapid 1923,Liga I,SUPERLIGA
71115,Agustín Pereira,id,Racing Club de Montevideo,,Primera División,Sudamericana
74879,Kento Shiogai,id,NEC Nijmegen,,Eredivisie,Eredivisie
190180,Ryan McGowan,id,Livingston FC,Livingston,Premiership,Scottish Prem
259093,Facundo Bonifazi,id,Cerro Largo,,Primera División,Sudamericana
264749,Montader Madjed,id,Hammarby Fotboll,Hammarby IF,Allsvenskan,Allsvenskan
70176,Óscar Quiñónez,id,Independiente del Valle,,Serie A,Libertadores
211732,Timmy Thiele,id,FC Energie Cottbus,Energie Cottbus,3. Liga,3. Liga
212994,Rhys Healey,id,Barrow,,League Two,EFL League Two
242312,Abdulfatah Adam,id,Al Taawoun FC,Al Taawoun,Pro League,ROSHN Saudi League
246296,Kion Etete,id,Rotherham United,Rotherham Utd,League One,EFL League One
253074,Godson Kyeremeh,id,Le Havre AC,Havre AC,Ligue 1,Ligue 1 McDonald's
254556,Kélian Nsona,id,Casa Pia,Casa Pia AC,Primeira Liga,Liga Portugal
259926,Sam Bell,id,Wycombe Wanderers,Wycombe,League One,EFL League One
276544,Amin Cherni,id,Göztepe SK,Göztepe,Süper Lig,Trendyol Süper Lig
74140,Dies Janse,id,FC Groningen,,Eredivisie,Eredivisie
74483,Honest Ahanor,id,Atalanta,Bergamo Calcio,Serie A,Serie A Enilive
77730,Afonso Patrão,id,Sporting Clube de Braga,SC Braga,Primeira Liga,Liga Portugal
236449,Kevin Csoboth,id,Gençlerbirliği SK,FC St. Gallen,Süper Lig,Brack Super League
238051,Rasmus Vinderslev,id,Sønderjyske Fodbold,Sønderjyske,Superliga,3F Superliga
253479,Liston Colaço,id,Mohun Bagan Super Giant,Mohun Bagan SG,Super League,ISL
268820,Milan Smit,id,Go Ahead Eagles,,Eredivisie,Eredivisie
277373,Yusuf Kabadayi,id,Gaziantep FK,FC Augsburg,Süper Lig,Bundesliga
76995,Ignacio Abraham,id,CA Banfield,Banfield,Liga Profesional de Fútbol,LPF
79276,Yevgeniy Kucherenko,id,Dundee United FC,Dundee United,Premiership,Scottish Prem
199282,Amir Abrashi,id,Grasshopper Club Zürich,GC Zürich,Super League,Brack Super League
206408,Terrence Boyd,id,SV Waldhof Mannheim,SV Waldhof,3. Liga,3. Liga
225809,Edisson Restrepo,id,Nacional Potosí,,División de Fútbol Profesional,Sudamericana
252697,Jordan Attah Kadiri,id,FCV Dender EH,,Pro League,1A Pro League
257190,Dickson Abiama,id,1. FC Kaiserslautern,Kaiserslautern,2. Bundesliga,Bundesliga 2
260336,Raudy Guerrero,id,Academia Puerto Cabello,,Primera Division,Sudamericana
267410,Juan Pablo Pignani,id,Central Cordoba SdE,Central Córdoba,Liga Profesional de Fútbol,LPF
268082,Lucas Noubi,id,RC Deportivo de La Coruña,RC Deportivo,La Liga 2,LALIGA HYPERMOTION
275209,Lucas Assadi,id,Universidad de Chile,,Primera Division,Libertadores
72071,Jaden Slory,id,Feyenoord,,Eredivisie,Eredivisie
186449,Liam Kelly,id,Rotherham United,Rotherham Utd,League One,EFL League One
251034,Iustin Popescu,id,Oțelul Galați,SC Oțelul Galați,Liga I,SUPERLIGA
253522,Luis Pavia,id,Nacional Potosí,,División de Fútbol Profesional,Sudamericana
268727,Miliano Jonathans,id,FC Utrecht,,Eredivisie,Eredivisie
70168,Matías Valenti,id,Independiente Rivadavia,Ind. Rivadavia,Liga Profesional de Fútbol,LPF
74699,Jehad Thekri,id,Al Qadsiah FC,Al Qadsiah,Pro League,ROSHN Saudi League
198538,Bjørn Paulsen,id,Odense Boldklub,Odense BK,Superliga,3F Superliga
234059,Jhon Chancellor,id,Universidad Católica del Ecuador,,Serie A,Sudamericana
269099,Emmanuel Maviram,id,CD Tondela,,Primeira Liga,Liga Portugal
274472,Nathan Lowe,id,Stockport County,Stockport,League One,EFL League One
71231,Dylan Escobar,id,Universidad Católica,Uni. Católica,Primera Division,Liga Chile
77572,Branimir Jočić,id,Meizhou Hakka,Meizhou Hakka FC,Super League,CSL
253901,Paulo de la Cruz,id,Atlético Grau,,Liga 1,Sudamericana
257779,Maximilian Großer,id,DSC Arminia Bielefeld,Arminia Bielefeld,2. Bundesliga,Bundesliga 2
259862,Marcelo Morales,id,New York Red Bulls,Red Bulls,Major League Soccer,MLS
259971,Natanael Guzmán,id,CA Aldosivi,Aldosivi,Liga Profesional de Fútbol,LPF
265701,Václav Sejk,id,SC Heerenveen,,Eredivisie,Eredivisie
278982,Jordi Martín,id,SD Huesca,,La Liga 2,LALIGA HYPERMOTION
220074,Runar Espejord,id,FK Haugesund,,Eliteserien,Eliteserien
256214,Giuseppe Di Serio,id,Spezia,,Serie B,Serie BKT
271368,Metehan Baltacı,id,Galatasaray SK,Galatasaray,Süper Lig,Trendyol Süper Lig
73598,Zsombor Gruber,id,Ferencvárosi Torna Club,Ferencvárosi TC,Nemzeti Bajnokság I,Magyar Liga
179947,Edgar,id,Daegu FC,,K League 1,K League 1
242389,Rafael Barbosa,id,AVS Futebol SAD,,Primeira Liga,Liga Portugal
269150,Ethan Pye,id,Stockport County,Stockport,League One,EFL League One
271743,Amario Cozier-Duberry,id,Bolton Wanderers,Bolton,League One,EFL League One
278893,Moritz Flotho,id,SV Wehen Wiesbaden,Wehen Wiesbaden,3. Liga,3. Liga
80004,Viktor Damjanić,id,Oud-Heverlee Leuven,OH Leuven,Pro League,1A Pro League
243513,Gabriele Corbo,id,Pescara,,Serie B,Serie BKT
263077,Louis Breunig,id,Eintracht Braunschweig,Braunschweig,2. Bundesliga,Bundesliga 2
265425,Martin Moormann,id,Blau-Weiß Linz,Blau-Weiss Linz,Bundesliga,Ö. Bundesliga
73928,Alessandro Debenedetti,id,Virtus Entella,Entella,Serie B,Serie BKT
239478,Ivan Marconi,id,Virtus Entella,Entella,Serie B,Serie BKT
255211,Stefan Velkov,id,Vejle Boldklub,,Superliga,3F Superliga
255773,Nicolás Sosa Sánchez,id,Racing Club de Montevideo,,Primera División,Sudamericana
73599,Juho Talvitie,id,NAC Breda,,Eredivisie,Eredivisie
74924,Vanja Vlahović,id,Spezia,,Serie B,Serie BKT
76646,Duarte Moreira,id,Bryne FK,,Eliteserien,Eliteserien
208014,Matty Pearson,id,Doncaster Rovers,Doncaster,League One,EFL League One
237635,Florian Pick,id,1. FC Saarbrücken,Saarbrücken,3. Liga,3. Liga
262940,Apostolos Konstantopoulos,id,Raków Częstochowa,Raków,Ekstraklasa,PKO BP Ekstraklasa
263310,Anssi Suhonen,id,Östers IF,,Allsvenskan,Allsvenskan
74449,Ibrahim Mbaye,id,Paris Saint-Germain,Paris SG,Ligue 1,Ligue 1 McDonald's
78086,Joshuan Berríos,id,Carabobo FC,,Primera Division,Libertadores
271540,Žan Žužek,id,Gençlerbirliği SK,Gençlerbirliği,Süper Lig,Trendyol Süper Lig
232699,Lautaro Comas,id,Sportivo Luqueño,,División Profesional,Sudamericana
260135,Wilder Viera,id,Cerro Porteño,,División Profesional,Libertadores
261490,Lee Young Jun,id,Grasshopper Club Zürich,GC Zürich,Super League,Brack Super League
266125,Arttu Hoskonen,id,Stockport County,Stockport,League One,EFL League One
270732,Espigares,id,Gil Vicente FC,Gil Vicente,Primeira Liga,Liga Portugal
278186,Julian Kania,id,DSC Arminia Bielefeld,Arminia Bielefeld,2. Bundesliga,Bundesliga 2
239506,Sam Hughes,id,Peterborough United,Peterborough,League One,EFL League One
241993,Oliver Steurer,id,SV Ried,SV Oberbank Ried,Bundesliga,Ö. Bundesliga
215376,Elio Capradossi,id,Universitatea Cluj,FC Univ. Cluj,Liga I,SUPERLIGA
271683,Marko Milovanović,id,Alverca,FC Alverca,Primeira Liga,Liga Portugal
275333,Alberto Marí,id,CD Mirandés,,La Liga 2,LALIGA HYPERMOTION
73914,Stefán Ingi Sigurðarson,id,Sandefjord Fotball,Sandefjord,Eliteserien,Eliteserien
259779,Osnar Noronha,id,Cienciano,,Liga 1,Sudamericana
276735,Imad Rondić,id,Raków Częstochowa,Raków,Ekstraklasa,PKO BP Ekstraklasa
243599,Peter Ouaneh,id,Stade Lavallois Mayenne FC,Laval MFC,Ligue 2,Ligue 2 BKT
245779,Danilo Quaranta,id,Reggiana,,Serie B,Serie BKT
261432,Josh Coburn,id,Millwall FC,Millwall,Championship,EFL Championship
262268,Guilherme Soares,id,Asociația Clubul Sportiv Petrolul 52,FC Petrolul,Liga I,SUPERLIGA
266659,Jesper Taaje,id,Strømsgodset IF,,Eliteserien,Eliteserien
214639,Postigo,id,CD Mirandés,,La Liga 2,LALIGA HYPERMOTION
268074,Martín Gianoli,id,Cerro Largo,,Primera División,Sudamericana
71350,Joane Gadou,id,FC Red Bull Salzburg,RB Salzburg,Bundesliga,Ö. Bundesliga
263923,Daniel Gutiérrez,id,Colo-Colo,,Primera Division,Libertadores
244731,Nazariy Rusyn,id,Arka Gdynia,,Ekstraklasa,PKO BP Ekstraklasa
275974,Nathan Ordaz,id,Los Angeles FC,LAFC,Major League Soccer,MLS
276558,Paul Riveros,id,Guaraní,,División Profesional,Sudamericana
245331,Jordi Escobar,id,AVS Futebol SAD,,Primeira Liga,Liga Portugal
252962,Miguel Jacquet,id,Libertad,,División Profesional,Libertadores
256449,Christian Marques,id,CD Tondela,,Primeira Liga,Liga Portugal
251456,Siemen Voet,id,TSV 1860 München,,3. Liga,3. Liga
279928,Thalisson Kelven,id,Gençlerbirliği SK,Gençlerbirliği,Süper Lig,Trendyol Süper Lig
76746,Hristiyan Petrov,id,SC Heerenveen,,Eredivisie,Eredivisie
259659,Elsar Rodas,id,Atlético Grau,,Liga 1,Sudamericana
276675,Joel Bichsel,id,1. FC Saarbrücken,Saarbrücken,3. Liga,3. Liga
241862,Awon Al Bishi,id,NEOM SC,Al Taawoun,Pro League,ROSHN Saudi League
244240,Chris Forino,id,Bolton Wanderers,Bolton,League One,EFL League One
269197,Mantilla,id,Racing Santander,R. Racing Club,La Liga 2,LALIGA HYPERMOTION
241812,Lars Kramer,id,Rapid Bucuresti,FC Rapid 1923,Liga I,SUPERLIGA
263018,David Sousa,id,Casa Pia,Casa Pia AC,Primeira Liga,Liga Portugal
238634,Torge Paetow,id,SC Preußen Münster,Preußen Münster,2. Bundesliga,Bundesliga 2
244963,Ivanildo Fernandes,id,CD Nacional,Nacional,Primeira Liga,Liga Portugal
279845,Valentín Fascendini,id,Club Atlético Unión,Unión,Liga Profesional de Fútbol,LPF
270335,Arnau Solà,id,FC Arouca,Arouca,Primeira Liga,Liga Portugal
235258,Carlos Rodríguez,id,Deportes Iquique,,Primera Division,Sudamericana
190962,Tom Aldred,id,Mohun Bagan Super Giant,Mohun Bagan SG,Super League,ISL
268620,Joaquín Pombo,id,CA Banfield,Banfield,Liga Profesional de Fútbol,LPF
214698,Luis Casanova,id,Deportes Iquique,,Primera Division,Sudamericana
274382,Lucas Abascia,id,Central Cordoba SdE,Central Córdoba,Liga Profesional de Fútbol,LPF
226855,Daniel Franco,id,Atlético Grau,,Liga 1,Sudamericana
277597,Facundo González,id,Racing Santander,R. Racing Club,La Liga 2,LALIGA HYPERMOTION
239750,Jimmy Valoyes,id,Cienciano,,Liga 1,Sudamericana
72254,Yaël Mouanga,id,Montpellier HSC,Montpellier,Ligue 2,Ligue 2 BKT
228106,Paudie O'Connor,id,Reading FC,Reading,League One,EFL League One
237644,Edwin Peraza,id,Academia Puerto Cabello,,Primera Division,Sudamericana
251658,Nikki Havenaar,id,SV Ried,SV Oberbank Ried,Bundesliga,Ö. Bundesliga
186101,Even Hovland,id,IF Brommapojkarna,Brommapojkarna,Allsvenskan,Allsvenskan
224426,Nicolas Bürgy,id,Odense Boldklub,Odense BK,Superliga,3F Superliga
228210,Lachlan Jackson,id,Melbourne Victory,Melb. Victory,A-League Men,A-League
70332,Ramiro Brazionis,id,Racing Club de Montevideo,,Primera División,Sudamericana
78087,Ezequiel Neira,id,Carabobo FC,,Primera Division,Libertadores
261885,Juan Cruz Guasone,id,Estudiantes de La Plata,Estudiantes,Liga Profesional de Fútbol,LPF
208302,Alex Gilbey,id,Milton Keynes Dons,MK Dons,League Two,EFL League Two
240331,Panutche Camará,id,Dundee United FC,Dundee United,Premiership,Scottish Prem
266897,Junior Olaitan,id,Göztepe SK,Göztepe,Süper Lig,Trendyol Süper Lig
210688,Anders Trondsen,id,Sarpsborg 08 FF,Sarpsborg 08,Eliteserien,Eliteserien
267920,Alex Freeman,id,Orlando City SC,Orlando City,Major League Soccer,MLS
201965,Simon Thern,id,IFK Värnamo,,Allsvenskan,Allsvenskan
256819,Ishaq Abdulrazak,id,IFK Värnamo,,Allsvenskan,Allsvenskan
262840,Lukas Kunze,id,DSC Arminia Bielefeld,Arminia Bielefeld,2. Bundesliga,Bundesliga 2
228047,Cao Yongjing,id,Beijing Guoan,Beijing FC,Super League,CSL
255700,Alex Timossi Andersson,id,IF Brommapojkarna,Brommapojkarna,Allsvenskan,Allsvenskan
212075,Andrew Nabbout,id,Melbourne City FC,Melbourne City,A-League Men,A-League
234242,Corey O'Keeffe,id,Stockport County,Stockport,League One,EFL League One
241379,Odin Bailey,id,Stockport County,Stockport,League One,EFL League One
221705,Kyle Dempsey,id,Bolton Wanderers,Bolton,League One,EFL League One
261032,Joe Hodge,id,CD Tondela,,Primeira Liga,Liga Portugal
262443,Dragoș Albu,id,FC Hermannstadt,,Liga I,SUPERLIGA
215970,Boli Bolingoli,id,Standard de Liège,Standard Liège,Pro League,1A Pro League
203575,Dawid Abramowicz,id,Arka Gdynia,,Ekstraklasa,PKO BP Ekstraklasa
245543,Christian Kühlwetter,id,SSV Jahn Regensburg,Jahn Regensburg,3. Liga,3. Liga
257068,Pablo Bonilla,id,Carabobo FC,,Primera Division,Libertadores
228781,Will Collar,id,Milton Keynes Dons,MK Dons,League Two,EFL League Two
260577,Cisse Sandra,id,Club Brugge KV,Club Brugge,Pro League,1A Pro League
205598,André Sousa,id,CD Nacional,Nacional,Primeira Liga,Liga Portugal
255049,Abraham Odoh,id,Peterborough United,Peterborough,League One,EFL League One
261244,Keegan Jelacic,id,Melbourne Victory,Melb. Victory,A-League Men,A-League
72775,Saša Strujić,id,Alemannia Aachen,Aleman. Aachen,3. Liga,3. Liga
224661,Axel Borgmann,id,FC Energie Cottbus,Energie Cottbus,3. Liga,3. Liga
232655,Simen Juklerød,id,Sint-Truidense VV,STVV,Pro League,1A Pro League
264877,Moritz Oswald,id,SC Rheindorf Altach,SCR Altach,Bundesliga,Ö. Bundesliga
255329,Kim In Kyun,id,Gimcheon Sangmu FC,Gimcheon Sangmu,K League 1,K League 1
74862,George Abbott,id,Wycombe Wanderers,Wycombe,League One,EFL League One
261637,Franco Catarozzi,id,Club Nacional de Football,,Primera División,Libertadores
272776,Léandre Kuavita,id,Standard de Liège,Standard Liège,Pro League,1A Pro League
77450,Jean Arroyo,id,Independiente del Valle,,Serie A,Libertadores
213969,Mitch Pinnock,id,Bromley,Bromley FC,League Two,EFL League Two
225237,Jacob Ouro Ortmark,id,Hammarby Fotboll,Hammarby IF,Allsvenskan,Allsvenskan
238195,Viðar Ari Jónsson,id,Hamarkameratene,HamKam Fotball,Eliteserien,Eliteserien
266110,Tomasz Neugebauer,id,Lechia Gdańsk,,Ekstraklasa,PKO BP Ekstraklasa
271118,Noah Naujoks,id,Excelsior,,Eredivisie,Eredivisie
275446,Jonas Mayer,id,SV Ried,SV Oberbank Ried,Bundesliga,Ö. Bundesliga
208052,Andy Yiadom,id,Reading FC,Reading,League One,EFL League One
227706,Jakub Hromada,id,Rapid Bucuresti,FC Rapid 1923,Liga I,SUPERLIGA
233880,Gino Fechner,id,SV Wehen Wiesbaden,Wehen Wiesbaden,3. Liga,3. Liga
237385,Ian Harkes,id,San Jose Earthquakes,SJ Earthquakes,Major League Soccer,MLS
244134,Burak Kapacak,id,Kayserispor,,Süper Lig,Trendyol Süper Lig
253076,Răzvan Onea,id,Rapid Bucuresti,FC Rapid 1923,Liga I,SUPERLIGA
260014,Tim Civeja,id,1. FC Saarbrücken,Saarbrücken,3. Liga,3. Liga
236319,Thomas O'Connor,id,Peterborough United,Peterborough,League One,EFL League One
244824,Ignacio Núñez,id,Unión Española,,Primera Division,Sudamericana
247336,Alfie McCalmont,id,Central Coast Mariners,Central Coast,A-League Men,A-League
248360,Tobias Klysner,id,Sønderjyske Fodbold,Sønderjyske,Superliga,3F Superliga
252254,Leonardo Lukačević,id,SC Rheindorf Altach,SCR Altach,Bundesliga,Ö. Bundesliga
279710,Simen Hestnes,id,KFUM-Kameratene Oslo,KFUM-Kameratene,Eliteserien,Eliteserien
221826,Li Tixiang,id,Zhejiang FC,Zhejiang Pro,Super League,CSL
239084,Kevin Ackermann,id,IF Brommapojkarna,Brommapojkarna,Allsvenskan,Allsvenskan
244783,Tobias Koch,id,Grazer AK 1902,Grazer AK,Bundesliga,Ö. Bundesliga
277464,Sacha Bansé,id,SpVgg Greuther Fürth,Fürth,2. Bundesliga,Bundesliga 2
223355,Alexandru Mateiu,id,Asociația Clubul Sportiv Petrolul 52,FC Petrolul,Liga I,SUPERLIGA
234148,Wolke Janssens,id,Sint-Truidense VV,STVV,Pro League,1A Pro League
247950,Gabriel Simion,id,Universitatea Cluj,FC Univ. Cluj,Liga I,SUPERLIGA
266386,Junior Cedeño,id,Academia Puerto Cabello,,Primera Division,Sudamericana
231942,Han Chan Hee,id,Suwon FC,,K League 1,K League 1
236877,Bruno Leite,id,FK Haugesund,,Eliteserien,Eliteserien
241982,Elliot Watt,id,Motherwell FC,Motherwell,Premiership,Scottish Prem
242041,Mohamed Dräger,id,Eintracht Braunschweig,Braunschweig,2. Bundesliga,Bundesliga 2
246910,Agustín Obando,id,CA Banfield,Banfield,Liga Profesional de Fútbol,LPF
251439,Titouan Thomas,id,Stade Lavallois Mayenne FC,Laval MFC,Ligue 2,Ligue 2 BKT
264179,Yayo,id,Cultural Leonesa,,La Liga 2,LALIGA HYPERMOTION
265412,Harvey Vale,id,Queens Park Rangers,QPR,Championship,EFL Championship
268450,Sem Scheperman,id,Heracles Almelo,,Eredivisie,Eredivisie
270538,Frank Junior Adjei,id,Hammarby Fotboll,Hammarby IF,Allsvenskan,Allsvenskan
277885,Alvis Jaunzems,id,Lechia Gdańsk,,Ekstraklasa,PKO BP Ekstraklasa
208812,Mal Benning,id,Shrewsbury Town,Shrewsbury,League Two,EFL League Two
224447,Gethin Jones,id,Milton Keynes Dons,MK Dons,League Two,EFL League Two
243064,Park Tae Joon,id,Gimcheon Sangmu FC,Gimcheon Sangmu,K League 1,K League 1
244869,Gabriel Compagnucci,id,Belgrano de Córdoba,Belgrano,Liga Profesional de Fútbol,LPF
246185,Thibault Vlietinck,longname+dob,Oud-Heverlee Leuven,OH Leuven,Pro League,1A Pro League
247195,Liu Yun,id,Meizhou Hakka,Meizhou Hakka FC,Super League,CSL
266033,Daniel Edelman,id,New York Red Bulls,Red Bulls,Major League Soccer,MLS
279832,Gard Simenstad,id,Hamarkameratene,HamKam Fotball,Eliteserien,Eliteserien
224648,Li Lei,id,Beijing Guoan,Beijing FC,Super League,CSL
229487,Lukas Klünter,id,SV Waldhof Mannheim,SV Waldhof,3. Liga,3. Liga
237772,Matthias Verreth,id,SSC Bari,,Serie B,Serie BKT
251440,Lukas Scepanik,id,Alemannia Aachen,Aleman. Aachen,3. Liga,3. Liga
255386,Tomás Escalante,id,Club Atlético San Martín,,Liga Profesional de Fútbol,LPF
257293,Sphephelo Sithole,id,CD Tondela,,Primeira Liga,Liga Portugal
263353,Eric Uhlmann,id,FC Erzgebirge Aue,,3. Liga,3. Liga
263703,Henry Lawrence,id,Standard de Liège,Standard Liège,Pro League,1A Pro League
265643,Elijah Krahn,id,1. FC Saarbrücken,Saarbrücken,3. Liga,3. Liga
274259,Robson Matheus,id,Bolívar,,División de Fútbol Profesional,Libertadores
72909,Josh Edwards,id,Charlton Athletic,Charlton Ath,Championship,EFL Championship
224057,Agustín Farías,id,Universidad Católica,Uni. Católica,Primera Division,Liga Chile
256216,Emmanuel Longelo,id,Motherwell FC,Motherwell,Premiership,Scottish Prem
229605,Callum Connolly,id,Stockport County,Stockport,League One,EFL League One
241543,Andy Lyons,id,Blackpool FC,Blackpool,League One,EFL League One
248863,Hernán Rodríguez,id,San Antonio Bulo Bulo,,División de Fútbol Profesional,Libertadores
254513,Carljohan Eriksson,id,Sandefjord Fotball,Sandefjord,Eliteserien,Eliteserien
255360,Matthew Garbett,id,Peterborough United,Peterborough,League One,EFL League One
261563,Marco Huamán,id,Alianza Lima,,Liga 1,Libertadores
261765,Mario García,id,Cerro Largo,,Primera División,Sudamericana
266686,Noel Buck,id,San Jose Earthquakes,SJ Earthquakes,Major League Soccer,MLS
228642,James Tilley,id,Wycombe Wanderers,Wycombe,League One,EFL League One
241397,George Nurse,id,Shrewsbury Town,Shrewsbury,League Two,EFL League Two
243173,Kim Jun Bum,id,Daejeon Citizen,Daejeon Hana,K League 1,K League 1
244522,Murat Şatin,id,Grazer AK 1902,Grazer AK,Bundesliga,Ö. Bundesliga
247821,Kreshnik Krasniqi,id,Strømsgodset IF,,Eliteserien,Eliteserien
254804,Tobias Reinhart,id,Reggiana,,Serie B,Serie BKT
259978,Jesús Bueno,id,Philadelphia Union,Philadelphia,Major League Soccer,MLS
278030,Luca Stephenson,id,Dundee United FC,Dundee United,Premiership,Scottish Prem
279543,Kealey Adamson,id,Queens Park Rangers,QPR,Championship,EFL Championship
70723,Tom Meynadier,id,Sporting Club Bastia,,Ligue 2,Ligue 2 BKT
78418,Benoit Nyssen,id,SV Zulte Waregem,Zulte Waregem,Pro League,1A Pro League
239393,Dominik Frieser,id,Grazer AK 1902,Grazer AK,Bundesliga,Ö. Bundesliga
239642,Romal Palmer,id,St Patrick's Athletic FC,St. Pats,Premier Division,SSE Airtricity PD
262026,Nils De Wilde,id,Cercle Brugge KSV,Cercle Brugge,Pro League,1A Pro League
264485,Oğulcan Ülgün,id,Gençlerbirliği SK,Gençlerbirliği,Süper Lig,Trendyol Süper Lig
269137,Bruno Poveda,id,Gualberto Villarroel SJ,,División de Fútbol Profesional,Sudamericana
200696,Hobie Verhulst,id,AZ Alkmaar,,Eredivisie,Eredivisie
211345,Pedro Azogue,id,Nacional Potosí,,División de Fútbol Profesional,Sudamericana
213724,Bicho,id,Cultural Leonesa,,La Liga 2,LALIGA HYPERMOTION
224956,Daniel Crowley,id,Milton Keynes Dons,MK Dons,League Two,EFL League Two
233770,Kang Yoon Seong,id,Daejeon Citizen,Daejeon Hana,K League 1,K League 1
259615,Percy Liza,id,FBC Melgar,,Liga 1,Sudamericana
263841,Philip Fahrner,id,1. FC Saarbrücken,Saarbrücken,3. Liga,3. Liga
263949,Sadik Fofana,id,Grazer AK 1902,Grazer AK,Bundesliga,Ö. Bundesliga
264823,Abdulmalek Al Ayeri,id,NEOM SC,Neom,Pro League,ROSHN Saudi League
267872,Noah Allen,id,Inter Miami,Inter Miami CF,Major League Soccer,MLS
270923,Rihito Yamamoto,id,Sint-Truidense VV,STVV,Pro League,1A Pro League
276363,Kay Tejan,id,Telstar,,Eredivisie,Eredivisie
76488,Maximiliano Amarfil,id,Independiente Rivadavia,Ind. Rivadavia,Liga Profesional de Fútbol,LPF
248168,Dagur Dan Þór­halls­son,id,Orlando City SC,Orlando City,Major League Soccer,MLS
253713,Leonardo Rivas,id,AVS Futebol SAD,,Primeira Liga,Liga Portugal
277030,Kleis Bozhanaj,id,Carrarese,Carrarese Calcio,Serie B,Serie BKT
79934,Yann Massombo,id,SC Rheindorf Altach,SCR Altach,Bundesliga,Ö. Bundesliga
238953,Maximilian Wolfram,id,TSV 1860 München,,3. Liga,3. Liga
253551,Fernando Pacheco,id,Sporting Cristal,,Liga 1,Libertadores
264644,Paddy Lane,id,Reading FC,Reading,League One,EFL League One
277897,Ben Elliott,id,Reading FC,Reading,League One,EFL League One
200577,Lee Yong,id,Suwon FC,,K League 1,K League 1
206566,Max Crocombe,id,Millwall FC,Millwall,Championship,EFL Championship
221633,Bent Sørmo,id,Strømsgodset IF,,Eliteserien,Eliteserien
228130,Oh Seung Hoon,id,Daegu FC,,K League 1,K League 1
252434,Moses Mawa,id,Hamarkameratene,HamKam Fotball,Eliteserien,Eliteserien
253895,Robert Hernández,id,Carabobo FC,,Primera Division,Libertadores
262039,Nishan Velupillay,id,Melbourne Victory,Melb. Victory,A-League Men,A-League
263718,Federico Paradela,id,Club Atlético Sarmiento,Sarmiento,Liga Profesional de Fútbol,LPF
205596,James Husband,id,Blackpool FC,Blackpool,League One,EFL League One
208894,Filip Bednarek,id,Sparta Rotterdam,,Eredivisie,Eredivisie
230839,Zak Jules,id,Rotherham United,Rotherham Utd,League One,EFL League One
234783,Andrija Vukčević,id,Preston North End,Preston,Championship,EFL Championship
242352,Abdulquddus Attiah,id,Al Taawoun FC,Al Taawoun,Pro League,ROSHN Saudi League
244653,Takumu Kawamura,id,FC Red Bull Salzburg,RB Salzburg,Bundesliga,Ö. Bundesliga
263312,Zidan Sertdemir,id,SC Preußen Münster,Preußen Münster,2. Bundesliga,Bundesliga 2
265626,Mathías Llontop,id,FBC Melgar,,Liga 1,Sudamericana
267942,Tyreece Campbell,id,Charlton Athletic,Charlton Ath,Championship,EFL Championship
273614,Claus Niyukuri,id,FK Haugesund,,Eliteserien,Eliteserien
72672,Mamour Ndiaye,id,Sarpsborg 08 FF,Sarpsborg 08,Eliteserien,Eliteserien
75187,Juan Segundo Morán,id,Godoy Cruz,,Liga Profesional de Fútbol,LPF
78085,Matías Núñez,id,Carabobo FC,,Primera Division,Libertadores
79607,Rafael Luís,id,RC Strasbourg Alsace,Strasbourg,Ligue 1,Ligue 1 McDonald's
229923,Sebastian Stolze,id,SSV Jahn Regensburg,Jahn Regensburg,3. Liga,3. Liga
230741,Emil Ødegaard,id,KFUM-Kameratene Oslo,KFUM-Kameratene,Eliteserien,Eliteserien
247027,Ruan,id,Göztepe SK,Göztepe,Süper Lig,Trendyol Süper Lig
256162,Alexis Villalba,id,Sportivo Luqueño,,División Profesional,Sudamericana
266667,Mauricio Alonso,id,Universidad Católica del Ecuador,,Serie A,Sudamericana
268267,Daniel Kyerewaa,id,Reading FC,Reading,League One,EFL League One
273548,Peter Stroud,id,New York Red Bulls,Red Bulls,Major League Soccer,MLS
216467,Jack Payne,id,Colchester United,Colchester,League Two,EFL League Two
227966,Mouhamadou Sarr,id,Spezia,,Serie B,Serie BKT
247197,Ming Tian,id,Shanghai Port,Shanghai Port FC,Super League,CSL
255772,Ryan Raposo,id,Los Angeles FC,LAFC,Major League Soccer,MLS
257080,Marlon Suliman Mustapha,id,SC Rheindorf Altach,SCR Altach,Bundesliga,Ö. Bundesliga
261360,Noah Mbamba,id,FCV Dender EH,,Pro League,1A Pro League
268128,Dan Sîrbu,id,FCV Farul Constanța,Farul Constanța,Liga I,SUPERLIGA
191058,Camora,id,CFR Cluj,CFR 1907 Cluj,Liga I,SUPERLIGA
210548,Leonardo Capezzi,id,Carrarese,Carrarese Calcio,Serie B,Serie BKT
214854,Rubén Farfán,id,Deportes Iquique,,Primera Division,Sudamericana
229114,Liam Bossin,id,Feyenoord,,Eredivisie,Eredivisie
229657,Dino Mikanović,id,Universitatea Cluj,FC Univ. Cluj,Liga I,SUPERLIGA
251024,Ismet Lushaku,id,IFK Norrköping,,Allsvenskan,Allsvenskan
254131,Matías Miranda,id,Defensa y Justicia,Defensa,Liga Profesional de Fútbol,LPF
254941,Luis Casiani,id,Academia Puerto Cabello,,Primera Division,Sudamericana
264450,Abraham Marcus,id,Estrela da Amadora,Estrela Amadora,Primeira Liga,Liga Portugal
277664,Espen van Ee,id,FC Arouca,Arouca,Primeira Liga,Liga Portugal
204280,Cristian Herrera,id,RC Deportivo de La Coruña,RC Deportivo,La Liga 2,LALIGA HYPERMOTION
242513,Florin Purece,id,Unirea Slobozia,,Liga I,SUPERLIGA
243514,Jonathan Meier,id,SSV Ulm 1846,,3. Liga,3. Liga
248110,Paul Iacob,id,Oțelul Galați,SC Oțelul Galați,Liga I,SUPERLIGA
266173,Victor Larsson,id,IFK Värnamo,,Allsvenskan,Allsvenskan
271053,Anthony Markanich Jr,id,Minnesota United FC,Minnesota United,Major League Soccer,MLS
276591,Antonis Tsiftsis,id,PAOK,PAOK FC,Super League,Hellas Liga
276747,Achraf Laâziri,id,Olympique Lyonnais,OL,Ligue 1,Ligue 1 McDonald's
70249,Borisav Burmaz,id,Rapid Bucuresti,FC Rapid 1923,Liga I,SUPERLIGA
72542,Christian Lichtenberger,id,Grazer AK 1902,Grazer AK,Bundesliga,Ö. Bundesliga
193870,Pedro Trigueira,id,AVS Futebol SAD,,Primeira Liga,Liga Portugal
202087,Johannes Geis,id,1. FC Schweinfurt 05,,3. Liga,3. Liga
214779,Bruno Vides,id,Gualberto Villarroel SJ,,División de Fútbol Profesional,Sudamericana
242547,Jonathan Scherzer,id,SV Ried,SV Oberbank Ried,Bundesliga,Ö. Bundesliga
252466,Devid Eugene Bouah,id,Carrarese,Carrarese Calcio,Serie B,Serie BKT
257570,Jannes Wieckhoff,id,Heracles Almelo,,Eredivisie,Eredivisie
258547,Lars Lokotsch,id,SC Preußen Münster,Preußen Münster,2. Bundesliga,Bundesliga 2
260133,Julio Báez,id,Sportivo Luqueño,,División Profesional,Sudamericana
276289,Yassine Bouchama,id,SC Preußen Münster,Preußen Münster,2. Bundesliga,Bundesliga 2
276316,Henok Teklab,id,Oud-Heverlee Leuven,OH Leuven,Pro League,1A Pro League
278105,Malik Mothersille,id,Stockport County,Stockport,League One,EFL League One
231681,Will Mannion,id,Charlton Athletic,Charlton Ath,Championship,EFL Championship
243613,Owen Bailey,id,Doncaster Rovers,Doncaster,League One,EFL League One
256998,Cleiton Silva,id,East Bengal FC,East Bengal,Super League,ISL
257374,Cosmin Dur-Bozoancă,id,Oțelul Galați,SC Oțelul Galați,Liga I,SUPERLIGA
262584,Ivan Dolček,id,Dundee United FC,Dundee United,Premiership,Scottish Prem
262713,Liam Bennett,id,Cambridge United,Cambridge Utd,League Two,EFL League Two
263696,Gabriel Vega,id,CA Banfield,Banfield,Liga Profesional de Fútbol,LPF
267853,Maximiliano González,id,Godoy Cruz,,Liga Profesional de Fútbol,LPF
269903,Oscar Schwartau,id,Norwich City,Norwich,Championship,EFL Championship
274254,Dorny Romero,id,Bolívar,,División de Fútbol Profesional,Libertadores
275706,Brian Beyer,id,FC Winterthur,,Super League,Brack Super League
206522,Satrústegui,id,Cultural Leonesa,,La Liga 2,LALIGA HYPERMOTION
212643,Paweł Cibicki,id,IFK Värnamo,,Allsvenskan,Allsvenskan
220906,Devis Epassy,id,Dinamo Bucureşti,FC Dinamo 1948,Liga I,SUPERLIGA
229327,Hélder Tavares,id,CD Tondela,,Primeira Liga,Liga Portugal
239779,Dawid Kurminowski,id,Lechia Gdańsk,,Ekstraklasa,PKO BP Ekstraklasa
243476,Matías Borgogno,id,Club Atlético San Martín,,Liga Profesional de Fútbol,LPF
243618,Lukas Fadinger,id,Motherwell FC,Motherwell,Premiership,Scottish Prem
253712,Lalengmawia Ralte,id,Mohun Bagan Super Giant,Mohun Bagan SG,Super League,ISL
255572,Meléndez,id,Albacete Balompié,Albacete BP,La Liga 2,LALIGA HYPERMOTION
257508,Sean Roughan,id,Huddersfield Town,Huddersfield,League One,EFL League One
258050,Jordan Brown,id,Blackpool FC,Blackpool,League One,EFL League One
259923,Adam Carlén,id,Excelsior,,Eredivisie,Eredivisie
260657,Paul Rothrock,id,Seattle Sounders FC,Sounders FC,Major League Soccer,MLS
276798,Nikola Sekulov,id,Carrarese,Carrarese Calcio,Serie B,Serie BKT
276806,Owen Goodman,id,Huddersfield Town,Huddersfield,League One,EFL League One
70163,Luis Hasa,id,Carrarese,Carrarese Calcio,Serie B,Serie BKT
233011,Jeong Chi In,id,Daegu FC,,K League 1,K League 1
251580,Seo Jin Su,id,Daejeon Citizen,Daejeon Hana,K League 1,K League 1
253270,Gustavo Viera,id,Boston River,,Primera División,Sudamericana
267599,Patrick Beach,id,Melbourne City FC,Melbourne City,A-League Men,A-League
275248,Thiago Helguera,id,CD Mirandés,,La Liga 2,LALIGA HYPERMOTION
277943,Nick Fichtinger,id,PEC Zwolle,,Eredivisie,Eredivisie
240481,Vesel Demaku,id,SC Rheindorf Altach,SCR Altach,Bundesliga,Ö. Bundesliga
251979,Leonardo Marchi,id,Central Cordoba SdE,Central Córdoba,Liga Profesional de Fútbol,LPF
253651,Daniel Mancilla,id,Nacional Potosí,,División de Fútbol Profesional,Sudamericana
256768,Jonathan Mutombo,id,Gil Vicente FC,Gil Vicente,Primeira Liga,Liga Portugal
279736,Obilor Denzel Okeke,id,Hammarby Fotboll,Hammarby IF,Allsvenskan,Allsvenskan
71292,Luc Mares,id,Hamarkameratene,HamKam Fotball,Eliteserien,Eliteserien
213949,Kwasi Okyere Wriedt,id,Alemannia Aachen,Aleman. Aachen,3. Liga,3. Liga
238965,Orestis Kiomourtzoglou,id,SV Wehen Wiesbaden,Wehen Wiesbaden,3. Liga,3. Liga
256474,Jacob Chapman,id,Huddersfield Town,Huddersfield,League One,EFL League One
256616,Thomas Ortega,id,Independiente Rivadavia,Ind. Rivadavia,Liga Profesional de Fútbol,LPF
265476,Jeremy Rostaing,id,Atlético Grau,,Liga 1,Sudamericana
269257,Alex Plat,id,FC Volendam,,Eredivisie,Eredivisie
272980,Olivier Aertssen,id,PEC Zwolle,,Eredivisie,Eredivisie
198811,Fredrik Oldrup Jensen,id,NAC Breda,,Eredivisie,Eredivisie
202457,Luuk Koopmans,id,Fortuna Sittard,,Eredivisie,Eredivisie
221798,Fang Jingqi,id,Tianjin Jinmen Tiger,Tianjin JMT FC,Super League,CSL
239197,Santiago Moyano,id,Central Cordoba SdE,Central Córdoba,Liga Profesional de Fútbol,LPF
242528,Thomas Buitink,id,PEC Zwolle,,Eredivisie,Eredivisie
243925,Morten Behrens,id,SC Preußen Münster,Preußen Münster,2. Bundesliga,Bundesliga 2
245122,Tim Prica,id,IFK Norrköping,,Allsvenskan,Allsvenskan
248692,Matty Jacob,id,Reading FC,Reading,League One,EFL League One
260910,Shola Shoretire,id,PEC Zwolle,,Eredivisie,Eredivisie
272861,Nicolás Watson,id,Club Atlético San Martín,,Liga Profesional de Fútbol,LPF
276706,Antonio Vergara,id,Napoli,SSC Napoli,Serie A,Serie A Enilive
72246,Jonathan Asp-Jensen,id,Grasshopper Club Zürich,GC Zürich,Super League,Brack Super League
220862,Jordan Hugill,id,Rotherham United,Rotherham Utd,League One,EFL League One
254831,Bryan Limbombe,id,Heracles Almelo,,Eredivisie,Eredivisie
262286,Martín Rodríguez,id,Guaraní,,División Profesional,Sudamericana
273839,Pierce Charles,id,Sheffield Wednesday,Sheffield Wed,Championship,EFL Championship
276905,Natan Girma,id,Reggiana,,Serie B,Serie BKT
277419,Jaime Vázquez,id,RC Celta,Celta,La Liga,LALIGA EA SPORTS
221448,Raffaele Celia,id,Cesena FC,Cesena,Serie B,Serie BKT
226786,Alex Bono,id,New England Revolution,New England,Major League Soccer,MLS
250805,Dirk Abels,id,Grasshopper Club Zürich,GC Zürich,Super League,Brack Super League
258125,Agustín Baldi,id,Belgrano de Córdoba,Belgrano,Liga Profesional de Fútbol,LPF
261098,Oliver Zandén,id,IF Brommapojkarna,Brommapojkarna,Allsvenskan,Allsvenskan
261772,Taïryk Arconte,id,Rodez Aveyron Football,Rodez AF,Ligue 2,Ligue 2 BKT
262267,Ragnar Oratmangoen,id,FCV Dender EH,,Pro League,1A Pro League
264825,Iyad Mohamed,id,Casa Pia,Casa Pia AC,Primeira Liga,Liga Portugal
73257,Vince Osuji,id,Club Brugge KV,Club Brugge,Pro League,1A Pro League
208214,Théo Defourny,id,Royal Charleroi Sporting Club,Sp. Charleroi,Pro League,1A Pro League
225867,Victor Adeboyejo,id,Bolton Wanderers,Bolton,League One,EFL League One
243158,Leopold Wahlstedt,id,Aarhus Gymnastikforening,AGF,Superliga,3F Superliga
276188,Mohamed Ouédraogo,id,SC Rheindorf Altach,SCR Altach,Bundesliga,Ö. Bundesliga
73447,Amin Chiakha,id,Vejle Boldklub,,Superliga,3F Superliga
75736,Axel Tape,id,Bayer 04 Leverkusen,Leverkusen,Bundesliga,Bundesliga
220786,Moussa Njie,id,KFUM-Kameratene Oslo,KFUM-Kameratene,Eliteserien,Eliteserien
244277,Kelland Watts,id,Cambridge United,Cambridge Utd,League Two,EFL League Two
252320,Park Kyu Hyun,id,Daejeon Citizen,Daejeon Hana,K League 1,K League 1
261122,Kim Ryun Seong,id,Jeju United FC,Jeju United,K League 1,K League 1
271026,Tobías Cervera,id,CA Aldosivi,Aldosivi,Liga Profesional de Fútbol,LPF
75285,Exequiel Mereles,id,Club Nacional de Football,,Primera División,Libertadores
200425,Mike te Wierik,id,Heracles Almelo,,Eredivisie,Eredivisie
245865,Stefan Bajic,id,RC Strasbourg Alsace,Strasbourg,Ligue 1,Ligue 1 McDonald's
254849,Youssouph Badji,id,Aarhus Gymnastikforening,AGF,Superliga,3F Superliga
257532,Niko Bretschneider,id,1. FC Saarbrücken,Saarbrücken,3. Liga,3. Liga
264746,Harry Leonard,id,Peterborough United,Peterborough,League One,EFL League One
266117,Javi Moreno,id,Albacete Balompié,Albacete BP,La Liga 2,LALIGA HYPERMOTION
266873,Finley Burns,id,Reading FC,Reading,League One,EFL League One
275153,Malcolm Jeng,id,Feyenoord,,Eredivisie,Eredivisie
202910,David Mitov Nilsson,id,IFK Norrköping,,Allsvenskan,Allsvenskan
204193,Tom Trybull,id,Odense Boldklub,Odense BK,Superliga,3F Superliga
219705,Damian Węglarz,id,Arka Gdynia,,Ekstraklasa,PKO BP Ekstraklasa
225001,Kyle Wootton,id,Stockport County,Stockport,League One,EFL League One
240788,Marco Olivieri,id,Cesena FC,Cesena,Serie B,Serie BKT
244720,Brent Gabriël,id,SV Zulte Waregem,Zulte Waregem,Pro League,1A Pro League
245784,Alessandro Tripaldelli,id,Reggiana,,Serie B,Serie BKT
250998,Søren Tengstedt,id,Go Ahead Eagles,,Eredivisie,Eredivisie
251911,Mardochee Nzita,id,Royal Charleroi Sporting Club,Sp. Charleroi,Pro League,1A Pro League
252773,Josh Griffiths,id,West Bromwich Albion,West Brom,Championship,EFL Championship
256555,Jeriel Dorsett,id,Reading FC,Reading,League One,EFL League One
256855,James Gomez,id,Odense Boldklub,Odense BK,Superliga,3F Superliga
261457,Brynjólfur Willumsson,id,FC Groningen,,Eredivisie,Eredivisie
262227,Daniel Jebbison,id,Preston North End,Preston,Championship,EFL Championship
266448,Amourricho van Axel Dongen,id,SC Heerenveen,,Eredivisie,Eredivisie
269414,Sory Ibrahim Diarra,id,FK Haugesund,,Eliteserien,Eliteserien
275296,Nolan Galves,id,Rodez Aveyron Football,Rodez AF,Ligue 2,Ligue 2 BKT
276940,Erdis Kraja,id,Pescara,,Serie B,Serie BKT
279782,Zachary Athekame,id,AC Milan,Milano FC,Serie A,Serie A Enilive
70959,Raul Balbarau,id,Asociația Clubul Sportiv Petrolul 52,FC Petrolul,Liga I,SUPERLIGA
72382,Juan Martín Velázquez,id,Belgrano de Córdoba,Belgrano,Liga Profesional de Fútbol,LPF
213699,Ashley Fletcher,id,Blackpool FC,Blackpool,League One,EFL League One
231335,Jorge Enrique Flores,id,San Antonio Bulo Bulo,,División de Fútbol Profesional,Libertadores
235942,Francesco Cassata,id,Spezia,,Serie B,Serie BKT
236237,Juan Cruz Bolado,id,Cienciano,,Liga 1,Sudamericana
238990,Shayne Lavery,id,Cambridge United,Cambridge Utd,League Two,EFL League Two
266756,Alex Lowry,id,Wycombe Wanderers,Wycombe,League One,EFL League One
275042,Andrés Salazar,id,Atlético Nacional,Atl. Nacional,Categoría Primera A,Libertadores
279702,Samir El Mourabet,id,RC Strasbourg Alsace,Strasbourg,Ligue 1,Ligue 1 McDonald's
71730,Agustín Albarracín,id,Boston River,,Primera División,Sudamericana
73050,Adriano Amorim,id,Raków Częstochowa,Raków,Ekstraklasa,PKO BP Ekstraklasa
237382,Filippo Melegoni,id,Carrarese,Carrarese Calcio,Serie B,Serie BKT
254028,Franklin Guerra,id,Barcelona de Guayaquil,,Serie A,Libertadores
256220,Martín Parra,id,Unión Española,,Primera Division,Sudamericana
269497,Lovro Zvonarek,id,Grasshopper Club Zürich,GC Zürich,Super League,Brack Super League
72940,Luis Paradela,id,Universitatea Craiova,Univ. Craiova,Liga I,SUPERLIGA
226486,César González,id,Deportes Iquique,,Primera Division,Sudamericana
237651,Edgardo Rito,id,Caracas FC,,Primera Division,Sudamericana
241969,Dominik Martinović,id,SSV Ulm 1846,,3. Liga,3. Liga
245337,Marcos Arturia,id,CA Banfield,Banfield,Liga Profesional de Fútbol,LPF
252494,Filip Szymczak,id,Royal Charleroi Sporting Club,Sp. Charleroi,Pro League,1A Pro League
254297,Zafer Görgen,id,Gaziantep FK,Gaziantep,Süper Lig,Trendyol Süper Lig
258763,Maxime Delanghe,id,Cercle Brugge KSV,Cercle Brugge,Pro League,1A Pro League
259544,Yimy Gamero,id,Cienciano,,Liga 1,Sudamericana
265700,Max Conway,id,Bolton Wanderers,Bolton,League One,EFL League One
266010,Gyan de Regt,id,Excelsior,,Eredivisie,Eredivisie
268396,Damián Pizarro,id,Le Havre AC,Havre AC,Ligue 1,Ligue 1 McDonald's
269501,Francisco Perruzzi,id,San Lorenzo de Almagro,San Lorenzo,Liga Profesional de Fútbol,LPF
251851,Bradley Fink,id,Wycombe Wanderers,Wycombe,League One,EFL League One
264506,Justin Smith,id,Real Sporting de Gijón,R. Sporting,La Liga 2,LALIGA HYPERMOTION
269637,Collado,id,Cultural Leonesa,,La Liga 2,LALIGA HYPERMOTION
269744,Rui Mendes,id,FC Groningen,,Eredivisie,Eredivisie
270460,Abdulaziz Noor,id,NEOM SC,Neom,Pro League,ROSHN Saudi League
271066,Miles Leaburn,id,Charlton Athletic,Charlton Ath,Championship,EFL Championship
272530,Déron Payne,id,FC Volendam,,Eredivisie,Eredivisie
277310,Otso Liimatta,id,IFK Värnamo,,Allsvenskan,Allsvenskan
277599,Filippo Distefano,id,Carrarese,Carrarese Calcio,Serie B,Serie BKT
203368,Eirik Ulland Andersen,id,Strømsgodset IF,,Eliteserien,Eliteserien
204922,Andreas Leitner,id,SV Ried,SV Oberbank Ried,Bundesliga,Ö. Bundesliga
233215,Corey Addai,id,Stockport County,Stockport,League One,EFL League One
243220,Yuki Kobayashi,id,Jagiellonia Białystok,Jagiellonia,Ekstraklasa,PKO BP Ekstraklasa
244014,Elias Löder,id,SSV Ulm 1846,,3. Liga,3. Liga
259568,Carlos Harvey,id,Minnesota United FC,Minnesota United,Major League Soccer,MLS
264863,Heriberto Jurado,id,Cercle Brugge KSV,Cercle Brugge,Pro League,1A Pro League
79373,Ramiz Harakaté,id,Grazer AK 1902,Grazer AK,Bundesliga,Ö. Bundesliga
222396,Dominic Ball,id,Cambridge United,Cambridge Utd,League Two,EFL League Two
233101,Roy Kortsmit,id,NAC Breda,,Eredivisie,Eredivisie
233109,Finn Stokkers,id,Go Ahead Eagles,,Eredivisie,Eredivisie
255002,Patriot Sejdiu,id,Östers IF,,Allsvenskan,Allsvenskan
260564,Jeredy Hilterman,id,DSC Arminia Bielefeld,Arminia Bielefeld,2. Bundesliga,Bundesliga 2
261822,Carlos Medina,id,Universidad Católica del Ecuador,,Serie A,Sudamericana
277658,Rayan Kolli,id,Queens Park Rangers,QPR,Championship,EFL Championship
72694,Luka Gojković,id,Rapid Bucuresti,FC Rapid 1923,Liga I,SUPERLIGA
73333,Lorenzo Sgarbi,id,Pescara,,Serie B,Serie BKT
77354,Chido Obi,id,Manchester United,Man Utd,Premier League,Premier League
222540,Nikolaos Vergos,id,Melbourne Victory,Melb. Victory,A-League Men,A-League
224604,Wang Shenchao,id,Shanghai Port,Shanghai Port FC,Super League,CSL
261025,Dane Scarlett,id,Tottenham Hotspur,Spurs,Premier League,Premier League
263110,Ibrahima Baldé,id,Rodez Aveyron Football,Rodez AF,Ligue 2,Ligue 2 BKT
203754,Manuel Zeitz,id,1. FC Saarbrücken,Saarbrücken,3. Liga,3. Liga
237553,Abdullah Yiğiter,id,Antalyaspor,,Süper Lig,Trendyol Süper Lig
240338,Facundo Rodríguez,id,Boston River,,Primera División,Sudamericana
248071,Denis Rusu,id,Unirea Slobozia,,Liga I,SUPERLIGA
264501,Ilyes Hamache,id,Amiens SC,,Ligue 2,Ligue 2 BKT
271746,Adrian Blake,id,FC Utrecht,,Eredivisie,Eredivisie
76638,Eirik Saunes,id,Bryne FK,,Eliteserien,Eliteserien
77170,Shandre Campbell,id,Club Brugge KV,Club Brugge,Pro League,1A Pro League
79804,Georgios Kyriopoulos,id,Panathinaikos FC,Panathinaikos,Super League,Hellas Liga
214876,Jack Marriott,id,Reading FC,Reading,League One,EFL League One
250887,Rafa Tresaco,id,Cultural Leonesa,,La Liga 2,LALIGA HYPERMOTION
255258,Óscar Clemente,id,Grasshopper Club Zürich,GC Zürich,Super League,Brack Super League
256306,Ömer Beyaz,id,Medipol Başakşehir FK,Başakşehir,Süper Lig,Trendyol Süper Lig
257144,Patrick Hobsch,id,TSV 1860 München,,3. Liga,3. Liga
258080,Matías González,id,CA Banfield,Banfield,Liga Profesional de Fútbol,LPF
273633,Lee Jung Taek,id,Gimcheon Sangmu FC,Gimcheon Sangmu,K League 1,K League 1
247356,Kyle Smith,id,Orlando City SC,Orlando City,Major League Soccer,MLS
255949,Ángel Benítez,id,Sportivo Luqueño,,División Profesional,Sudamericana
271080,Aske Adelgaard,id,Go Ahead Eagles,,Eredivisie,Eredivisie
277771,Stian Kristiansen,id,Sandefjord Fotball,Sandefjord,Eliteserien,Eliteserien
254943,Juan Montenegro,id,San Antonio Bulo Bulo,,División de Fútbol Profesional,Libertadores
271172,Rareș Pop,id,Rapid Bucuresti,FC Rapid 1923,Liga I,SUPERLIGA
273522,Samuel Ntamack,id,SD Huesca,,La Liga 2,LALIGA HYPERMOTION
277121,Nökkvi Þórisson,id,Sparta Rotterdam,,Eredivisie,Eredivisie
214701,Tomás Asta-Buruaga,id,Universidad Católica,Uni. Católica,Primera Division,Liga Chile
233012,Hong Jung Un,id,Daegu FC,,K League 1,K League 1
254446,Cristian Souza,id,Cienciano,,Liga 1,Sudamericana
257091,Toon Raemaekers,id,Ferencvárosi Torna Club,Ferencvárosi TC,Nemzeti Bajnokság I,Magyar Liga
239181,Marcel Seegert,id,SSV Ulm 1846,,3. Liga,3. Liga
242253,Mason Toye,id,Sporting Kansas City,Sporting KC,Major League Soccer,MLS
268527,Gustavo Aguilar,id,Libertad,,División Profesional,Libertadores
212439,Lim Chai Min,id,Jeju United FC,Jeju United,K League 1,K League 1
233892,Tomás Sandoval,id,Atlético Grau,,Liga 1,Sudamericana
241864,Joseph Olowu,id,Stockport County,Stockport,League One,EFL League One
267628,Kevin Pereira,id,Sportivo Luqueño,,División Profesional,Sudamericana
271543,Anton Tsarenko,id,Lechia Gdańsk,,Ekstraklasa,PKO BP Ekstraklasa
74742,Youssoupha Sanyang,id,SK Slavia Praha,Slavia Praha,První liga,Česká Liga
247883,Saúl Torres,id,Nacional Potosí,,División de Fútbol Profesional,Sudamericana
266417,Damian van der Haar,id,PEC Zwolle,,Eredivisie,Eredivisie
277944,Omar Fayed,id,FC Arouca,Arouca,Primeira Liga,Liga Portugal
246170,Luis Felipe Gómez,id,Once Caldas,,Categoría Primera A,Sudamericana
73404,Adi Chică-Roșă,id,Asociația Clubul Sportiv Petrolul 52,FC Petrolul,Liga I,SUPERLIGA
230703,Andreas Karo,id,FC Hermannstadt,,Liga I,SUPERLIGA
254739,Brahian Ayala,id,Sportivo Luqueño,,División Profesional,Sudamericana
207624,Kenneth Omeruo,id,CFR Cluj,CFR 1907 Cluj,Liga I,SUPERLIGA
229349,Jordan Thorniley,id,Northampton Town,Northampton,League One,EFL League One
232831,Choi Kyu Baek,id,Suwon FC,,K League 1,K League 1
242494,Elvir Koljić,id,Rapid Bucuresti,FC Rapid 1923,Liga I,SUPERLIGA
254961,Widen Saucedo,id,San Antonio Bulo Bulo,,División de Fútbol Profesional,Libertadores
262539,Ibrahim Said,id,Motherwell FC,Motherwell,Premiership,Scottish Prem
269233,Tyler Fredricson,id,Manchester United,Man Utd,Premier League,Premier League
246455,Pablo Ramón,id,Racing Santander,R. Racing Club,La Liga 2,LALIGA HYPERMOTION
250896,Kim Min Duk,id,Daejeon Citizen,Daejeon Hana,K League 1,K League 1
263658,Brynjar Ingi Bjarnason,id,SpVgg Greuther Fürth,Fürth,2. Bundesliga,Bundesliga 2
74995,Dramane Koumare,id,Al Ain,Al Ain FC,Pro League,United Emirates League
252878,Richard Taylor,id,Bolton Wanderers,Bolton,League One,EFL League One
272613,Né Lopes,id,Oțelul Galați,SC Oțelul Galați,Liga I,SUPERLIGA
276001,Lorenzo Libutti,id,Reggiana,,Serie B,Serie BKT
73286,David Odogu,id,AC Milan,Milano FC,Serie A,Serie A Enilive
193569,Tom Lees,id,Peterborough United,Peterborough,League One,EFL League One
257147,Ryan Malone,id,FC Erzgebirge Aue,,3. Liga,3. Liga
262534,Jakob Lewald,id,SV Wehen Wiesbaden,Wehen Wiesbaden,3. Liga,3. Liga
72556,Sebastián Kóša,id,Real Zaragoza,,La Liga 2,LALIGA HYPERMOTION
73007,Levente Szabó,id,Eintracht Braunschweig,Braunschweig,2. Bundesliga,Bundesliga 2
74093,Pedro Santos,id,Famalicão,FC Famalicão,Primeira Liga,Liga Portugal
242562,Jasper van der Werff,id,Universitatea Cluj,FC Univ. Cluj,Liga I,SUPERLIGA
247557,Felix Charrupí,id,Atlético Bucaramanga,,Categoría Primera A,Libertadores
255135,Rubén Rojas,id,Academia Puerto Cabello,,Primera Division,Sudamericana
255798,Jesús Sagredo,id,Bolívar,,División de Fútbol Profesional,Libertadores
264000,Furkan Bayır,id,Göztepe SK,Göztepe,Süper Lig,Trendyol Süper Lig
243284,Frederik Winther,id,Hammarby Fotboll,Hammarby IF,Allsvenskan,Allsvenskan
255273,Mauricio Pineda,id,Chicago Fire,Chicago Fire FC,Major League Soccer,MLS
270116,Raphael Schifferl,id,TSV 1860 München,,3. Liga,3. Liga
231510,Max Watson,id,IFK Norrköping,,Allsvenskan,Allsvenskan
233492,Joel Felix,id,DSC Arminia Bielefeld,Arminia Bielefeld,2. Bundesliga,Bundesliga 2
256604,Daniel Luna,id,SD Huesca,,La Liga 2,LALIGA HYPERMOTION
273649,Fredrik Berglie,id,KFUM-Kameratene Oslo,KFUM-Kameratene,Eliteserien,Eliteserien
262856,Marius Antoche,id,Unirea Slobozia,,Liga I,SUPERLIGA
73423,Gabriele Artistico,id,Spezia,,Serie B,Serie BKT
260380,Elias Olsson,id,Lechia Gdańsk,,Ekstraklasa,PKO BP Ekstraklasa
273922,Walter Jhonnier Chalá,id,Mushuc Runa,,Serie A,Sudamericana
73086,Loni Laurent,id,Rodez Aveyron Football,Rodez AF,Ligue 2,Ligue 2 BKT
271257,Élysée Logbo,id,Le Havre AC,Havre AC,Ligue 1,Ligue 1 McDonald's
73012,Teo Quintero,id,Sparta Rotterdam,,Eredivisie,Eredivisie
273803,Juraj Badelj,id,Universitatea Craiova,Univ. Craiova,Liga I,SUPERLIGA
260586,Daan Dierckx,id,Standard de Liège,Standard Liège,Pro League,1A Pro League
262731,Connor Taylor,id,Wycombe Wanderers,Wycombe,League One,EFL League One
265535,Rick Meissen,id,Excelsior,,Eredivisie,Eredivisie
211874,Simon Scherder,id,SC Preußen Münster,Preußen Münster,2. Bundesliga,Bundesliga 2
256967,Martin Kreuzriegler,id,Grazer AK 1902,Grazer AK,Bundesliga,Ö. Bundesliga
208942,Paolo Rozzio,id,Reggiana,,Serie B,Serie BKT
235184,Daniel Ríos,id,Vancouver Whitecaps FC,Whitecaps FC,Major League Soccer,MLS
259443,Tijs Velthuis,id,Sparta Rotterdam,,Eredivisie,Eredivisie
268533,Mika Hanraths,id,Alemannia Aachen,Aleman. Aachen,3. Liga,3. Liga
277930,Mohamed Jaouab,id,Real Valladolid CF,R. Valladolid CF,La Liga 2,LALIGA HYPERMOTION
80029,Rio Hillen,id,NAC Breda,,Eredivisie,Eredivisie
191915,Lim Jong Eun,id,Daejeon Citizen,Daejeon Hana,K League 1,K League 1
276122,Alem Pašić,id,Blau-Weiß Linz,Blau-Weiss Linz,Bundesliga,Ö. Bundesliga
76626,Valentín Vidal,id,Unión Española,,Primera Division,Sudamericana
259518,Bastián Roco,id,Unión Española,,Primera Division,Sudamericana
275001,Richard Torales,id,Guaraní,,División Profesional,Sudamericana
226411,Cristian Paz,id,Deportivo Riestra,Dep. Riestra,Liga Profesional de Fútbol,LPF
248836,Waleed Al Ahmed,id,Al Taawoun FC,Al Taawoun,Pro League,ROSHN Saudi League
276680,Jan Ziółkowski,id,Roma,AS Roma,Serie A,Serie A Enilive
199218,Brendan Hamill,id,Melbourne Victory,Melb. Victory,A-League Men,A-League
250847,Sven Sonnenberg,id,1. FC Saarbrücken,Saarbrücken,3. Liga,3. Liga
251915,Aboubacar Lô,id,Amiens SC,,Ligue 2,Ligue 2 BKT
236018,Nicolás Caro Torres,id,Deportivo Riestra,Dep. Riestra,Liga Profesional de Fútbol,LPF
236618,Laurent Lemoine,id,SV Zulte Waregem,Zulte Waregem,Pro League,1A Pro League
259730,Mehtab Singh,id,Mohun Bagan Super Giant,Mohun Bagan SG,Super League,ISL
237875,Rodrigo Schlegel,id,Orlando City SC,Orlando City,Major League Soccer,MLS
277877,Leopold Wurm,id,SSV Jahn Regensburg,Jahn Regensburg,3. Liga,3. Liga
220754,Danilo Ortiz,id,Cienciano,,Liga 1,Sudamericana
222889,Lucas Acevedo,id,Deportivo Táchira,,Primera Division,Libertadores
259873,Gastón Bueno,id,Racing Club de Montevideo,,Primera División,Sudamericana
240333,Bahadır Öztürk,id,Antalyaspor,,Süper Lig,Trendyol Süper Lig
263141,Antonio Ceza,id,CD Palestino,,Primera Division,Sudamericana
70214,Yeison Murillo,id,Deportivo Riestra,Dep. Riestra,Liga Profesional de Fútbol,LPF
264581,Jayden Fevrier,id,Stockport County,Stockport,League One,EFL League One
256711,Louis Appéré,id,Cambridge United,Cambridge Utd,League Two,EFL League Two
248680,Constantin Grameni,id,Rapid Bucuresti,FC Rapid 1923,Liga I,SUPERLIGA
257286,Henry Rorig,id,FC Energie Cottbus,Energie Cottbus,3. Liga,3. Liga
248328,Taylor Allen,id,Wycombe Wanderers,Wycombe,League One,EFL League One
222256,Ted Bishop,id,Colchester United,Colchester,League Two,EFL League Two
189186,Andrew Shinnie,id,Livingston FC,Livingston,Premiership,Scottish Prem
247985,Lucian Dumitriu,id,Asociația Clubul Sportiv Petrolul 52,FC Petrolul,Liga I,SUPERLIGA
72419,Justin Lerma,id,Independiente del Valle,,Serie A,Libertadores
275763,Kian Spence,id,Rotherham United,Rotherham Utd,League One,EFL League One
234991,Moses Opondo,id,Fredericia,,Superliga,3F Superliga
275703,Tobias Lauritsen,id,Vejle Boldklub,,Superliga,3F Superliga
238647,Morris Schröter,id,TSV 1860 München,,3. Liga,3. Liga
242764,Hideki Ishige,id,Wellington Phoenix,Well. Phoenix,A-League Men,A-League
245867,Jean-Claude Ngando,id,Vancouver Whitecaps FC,Whitecaps FC,Major League Soccer,MLS
248443,Ovidiu Perianu,id,CFR Cluj,CFR 1907 Cluj,Liga I,SUPERLIGA
254315,Liam Shaw,id,Northampton Town,Northampton,League One,EFL League One
260183,Jair,id,FC Hermannstadt,,Liga I,SUPERLIGA
199088,Wang Gang,id,Beijing Guoan,Beijing FC,Super League,CSL
207886,Andreas Oggesen,id,Sønderjyske Fodbold,Sønderjyske,Superliga,3F Superliga
209361,Tim Payne,id,Wellington Phoenix,Well. Phoenix,A-League Men,A-League
213670,Isak Ssewankambo,id,IF Brommapojkarna,Brommapojkarna,Allsvenskan,Allsvenskan
257490,Lucas Mauragis,id,Central Coast Mariners,Central Coast,A-League Men,A-League
264416,Mimeirhel Benita,id,Heracles Almelo,,Eredivisie,Eredivisie
74240,Rodrigo Sayavedra,id,Deportivo Riestra,Dep. Riestra,Liga Profesional de Fútbol,LPF
230014,Ellis Iandolo,id,Colchester United,Colchester,League Two,EFL League Two
240813,Jordan Gibson,id,Doncaster Rovers,Doncaster,League One,EFL League One
276743,Rachid Kouda,id,Spezia,,Serie B,Serie BKT
277630,Everson Junior,id,Montpellier HSC,Montpellier,Ligue 2,Ligue 2 BKT
70185,David Hickson,id,KFUM-Kameratene Oslo,KFUM-Kameratene,Eliteserien,Eliteserien
74142,Diego León,id,Manchester United,Man Utd,Premier League,Premier League
224395,Bentley Baxter Bahn,id,Alemannia Aachen,Aleman. Aachen,3. Liga,3. Liga
212682,Bryn Morris,id,Harrogate Town,,League Two,EFL League Two
231954,Xu Xin,id,Shanghai Port,Shanghai Port FC,Super League,CSL
239960,Tore André Sørås,id,Hamarkameratene,HamKam Fotball,Eliteserien,Eliteserien
263275,Bryang Kayo,id,Oud-Heverlee Leuven,OH Leuven,Pro League,1A Pro League
205481,Mason Bennett,id,Harrogate Town,,League Two,EFL League Two
251818,Leandro Requena,id,Deportes Iquique,,Primera Division,Sudamericana
277614,Agustín Valverde,id,Godoy Cruz,,Liga Profesional de Fútbol,LPF
225134,Alex Bass,id,Peterborough United,Peterborough,League One,EFL League One
235815,Silvan Sidler,id,FC Winterthur,,Super League,Brack Super League
245769,Erik Majetschak,id,FC Erzgebirge Aue,,3. Liga,3. Liga
251634,Eduard Florescu,id,Unirea Slobozia,,Liga I,SUPERLIGA
252031,Florian Heister,id,Alemannia Aachen,Aleman. Aachen,3. Liga,3. Liga
256398,Parfait Bizoza,id,FK Haugesund,,Eliteserien,Eliteserien
262752,Carlos Calzadilla,id,Deportivo Táchira,,Primera Division,Libertadores
268098,Péter Baráth,id,Raków Częstochowa,Raków,Ekstraklasa,PKO BP Ekstraklasa
207762,Jota,id,CD Nacional,Nacional,Primeira Liga,Liga Portugal
234061,Carlos Suárez,id,San Antonio Bulo Bulo,,División de Fútbol Profesional,Libertadores
244027,Kristian Böhnlein,id,1. FC Schweinfurt 05,,3. Liga,3. Liga
246860,Odin Thiago Holm,id,Los Angeles FC,LAFC,Major League Soccer,MLS
74478,Issiaga Camara,id,IF Brommapojkarna,Brommapojkarna,Allsvenskan,Allsvenskan
77021,Matías Gallardo,id,Instituto Atlético Central Córdoba,Instituto,Liga Profesional de Fútbol,LPF
202316,Timmy Chandler,id,Eintracht Frankfurt,Frankfurt,Bundesliga,Bundesliga
206147,Marcus Antonsson,id,IFK Värnamo,,Allsvenskan,Allsvenskan
222440,Cheng Jin,id,Zhejiang FC,Zhejiang Pro,Super League,CSL
255222,Diomar Díaz,id,Deportivo Táchira,,Primera Division,Libertadores
269952,Yvandro Borges Sanches,id,Heracles Almelo,,Eredivisie,Eredivisie
270877,Rodney Elongo-Yombo,id,1. FC Saarbrücken,Saarbrücken,3. Liga,3. Liga
71681,Gerónimo Heredia,id,Belgrano de Córdoba,Belgrano,Liga Profesional de Fútbol,LPF
71910,Gustavo Albarracín,id,SD Huesca,,La Liga 2,LALIGA HYPERMOTION
74314,Chiheb Labidi,id,CD Nacional,Nacional,Primeira Liga,Liga Portugal
188621,Aaron Meijers,id,FC Volendam,,Eredivisie,Eredivisie
229249,Jake Mulraney,id,St Patrick's Athletic FC,St. Pats,Premier Division,SSE Airtricity PD
229378,Tayo Edun,id,Stockport County,Stockport,League One,EFL League One
235315,Valentin Gheorghe,id,Asociația Clubul Sportiv Petrolul 52,FC Petrolul,Liga I,SUPERLIGA
244188,Samuel Abifade,id,SV Waldhof Mannheim,SV Waldhof,3. Liga,3. Liga
266218,Saulo Guerra,id,Nacional Potosí,,División de Fútbol Profesional,Sudamericana
278530,Cuenca,id,Real Zaragoza,,La Liga 2,LALIGA HYPERMOTION
229819,Martin Rasner,id,SV Ried,SV Oberbank Ried,Bundesliga,Ö. Bundesliga
245039,Duan Liuyu,id,Qingdao West Coast FC,Qingdao W. Coast,Super League,CSL
247677,Yan Dinghao,id,Chengdu Rongcheng,Chengdu FC,Super League,CSL
257051,Oscar Schönfelder,id,SSV Jahn Regensburg,Jahn Regensburg,3. Liga,3. Liga
259920,Axel Lindahl,id,Östers IF,,Allsvenskan,Allsvenskan
189619,Korey Smith,id,Cambridge United,Cambridge Utd,League Two,EFL League Two
199215,Alexander Gorgon,id,SC Rheindorf Altach,SCR Altach,Bundesliga,Ö. Bundesliga
211707,Paul McGinn,id,Motherwell FC,Motherwell,Premiership,Scottish Prem
222273,Jiang Zhipeng,id,Shenzhen Peng City,SZ Peng City,Super League,CSL
228368,Jamie Sterry,id,Doncaster Rovers,Doncaster,League One,EFL League One
243398,Christopher Braun,id,Rapid Bucuresti,FC Rapid 1923,Liga I,SUPERLIGA
261177,Leandro Mamut,id,Gimnasia y Esgrima La Plata,Gimnasia,Liga Profesional de Fútbol,LPF
276191,Philipp Maier,id,TSV 1860 München,,3. Liga,3. Liga
70166,Victor Emanuel Halvorsen,id,Sarpsborg 08 FF,Sarpsborg 08,Eliteserien,Eliteserien
79039,Nordin Bukala,id,FC Volendam,,Eredivisie,Eredivisie
214836,João Ortiz,id,Cienciano,,Liga 1,Sudamericana
244280,Adrian Fein,id,SSV Jahn Regensburg,Jahn Regensburg,3. Liga,3. Liga
264221,Ar'jany Martha,id,Rotherham United,Rotherham Utd,League One,EFL League One
270591,Tornike Gaprindashvili,id,Arka Gdynia,,Ekstraklasa,PKO BP Ekstraklasa
270738,Thiago Ezequiel Ojeda,id,Cultural Leonesa,,La Liga 2,LALIGA HYPERMOTION
79147,Ramalho,id,FCV Farul Constanța,Farul Constanța,Liga I,SUPERLIGA
231600,Marc Navarro,id,Arka Gdynia,,Ekstraklasa,PKO BP Ekstraklasa
240826,Lasse Sørensen,id,Huddersfield Town,Huddersfield,League One,EFL League One
266848,Oumar Ngom,id,Estrela da Amadora,Estrela Amadora,Primeira Liga,Liga Portugal
274522,Franner López,id,Carabobo FC,,Primera Division,Libertadores
70264,Rupérez,id,Real Sociedad de Fútbol B,Real Sociedad B,La Liga 2,LALIGA HYPERMOTION
219684,Sam Nicholson,id,Motherwell FC,Motherwell,Premiership,Scottish Prem
251688,Fabian Greilinger,id,SV Wehen Wiesbaden,Wehen Wiesbaden,3. Liga,3. Liga
253338,Adonnis Pabón,id,Mushuc Runa,,Serie A,Sudamericana
258039,Dušan Lagator,id,Kerala Blasters FC,Kerala Blasters,Super League,ISL
261502,Gian Franco Cabezas,id,Alverca,FC Alverca,Primeira Liga,Liga Portugal
264022,Gonçalo Esteves,id,Alverca,FC Alverca,Primeira Liga,Liga Portugal
270129,Olaf Kobacki,id,Sheffield Wednesday,Sheffield Wed,Championship,EFL Championship
271156,Kristall Máni Ingason,id,Sønderjyske Fodbold,Sønderjyske,Superliga,3F Superliga
277601,Emran Soglo,id,SV Zulte Waregem,Zulte Waregem,Pro League,1A Pro League
279739,Sverre Hakami Sandal,id,KFUM-Kameratene Oslo,KFUM-Kameratene,Eliteserien,Eliteserien
70450,Fahem Benaissa-Yahia,id,Casa Pia,Casa Pia AC,Primeira Liga,Liga Portugal
247180,Abdu Conté,id,Casa Pia,Casa Pia AC,Primeira Liga,Liga Portugal
251052,Cristian Negut,id,FC Hermannstadt,,Liga I,SUPERLIGA
258925,Clau Mendes,id,Casa Pia,Casa Pia AC,Primeira Liga,Liga Portugal
263244,Bartłomiej Kłudka,id,Lechia Gdańsk,,Ekstraklasa,PKO BP Ekstraklasa
269644,Pacheco,id,Albacete Balompié,Albacete BP,La Liga 2,LALIGA HYPERMOTION
77028,Elian Gimenez,id,Club Atlético Sarmiento,Sarmiento,Liga Profesional de Fútbol,LPF
211262,Manuel Vicentini,id,Belgrano de Córdoba,Belgrano,Liga Profesional de Fútbol,LPF
221463,Ernesto Hernández,id,Boston River,,Primera División,Sudamericana
243918,Diogo Mendes,id,Rapid Bucuresti,FC Rapid 1923,Liga I,SUPERLIGA
248123,Félix Tomi,id,Sporting Club Bastia,,Ligue 2,Ligue 2 BKT
252088,Saúl Crespo,id,East Bengal FC,East Bengal,Super League,ISL
262981,Lewis Fiorini,id,Stockport County,Stockport,League One,EFL League One
263906,Zac Ashworth,id,Blackpool FC,Blackpool,League One,EFL League One
268732,Mateo Seoane,id,Gimnasia y Esgrima La Plata,Gimnasia,Liga Profesional de Fútbol,LPF
184040,Martin Hansen,id,Odense Boldklub,Odense BK,Superliga,3F Superliga
192126,Nabil Bahoui,id,IF Brommapojkarna,Brommapojkarna,Allsvenskan,Allsvenskan
243016,Alberto Soro,id,Dinamo Bucureşti,FC Dinamo 1948,Liga I,SUPERLIGA
246788,Fernando Arismendi,id,Gualberto Villarroel SJ,,División de Fútbol Profesional,Sudamericana
263271,Aidomo Emakhu,id,Millwall FC,Millwall,Championship,EFL Championship
263637,Lennard Hartjes,id,Excelsior,,Eredivisie,Eredivisie
274342,Ronald Bustos,id,Gualberto Villarroel SJ,,División de Fútbol Profesional,Sudamericana
275253,David Ruiz,id,Inter Miami,Inter Miami CF,Major League Soccer,MLS
70745,Kazu,id,Oțelul Galați,SC Oțelul Galați,Liga I,SUPERLIGA
214231,Marcelo Jorquera,id,Deportes Iquique,,Primera Division,Sudamericana
233424,Joao Rojas,id,Barcelona de Guayaquil,,Serie A,Libertadores
253538,Luis Demiquel,id,Nacional Potosí,,División de Fútbol Profesional,Sudamericana
260772,Wikelman Carmona,id,New York Red Bulls,Red Bulls,Major League Soccer,MLS
275003,Abel Paredes,id,Club Olimpia,,División Profesional,Libertadores
277377,Claudiu Micovschi,id,Rapid Bucuresti,FC Rapid 1923,Liga I,SUPERLIGA
77103,Otar Mamageishvili,id,Famalicão,FC Famalicão,Primeira Liga,Liga Portugal
209166,Mustafa Malaeka,id,NEOM SC,Neom,Pro League,ROSHN Saudi League
221279,Liam Kelly,id,Milton Keynes Dons,MK Dons,League Two,EFL League Two
223861,Svenn Crone,id,Fredericia,,Superliga,3F Superliga
224297,Alex Gersbach,id,Western Sydney Wanderers,WS Wanderers,A-League Men,A-League
238184,Braian Guille,id,Deportivo Riestra,Dep. Riestra,Liga Profesional de Fútbol,LPF
250786,Ben Jackson,id,Barrow,,League Two,EFL League Two
255789,Simon Stehle,id,SV Wehen Wiesbaden,Wehen Wiesbaden,3. Liga,3. Liga
260456,Giacomo Olzer,id,Pescara,,Serie B,Serie BKT
262056,Theo Sander,id,Odense Boldklub,Odense BK,Superliga,3F Superliga
265645,Kelvin Abrefa,id,Reading FC,Reading,League One,EFL League One
274564,Luis Gilberto Martínez,id,Guaraní,,División Profesional,Sudamericana
279735,Remi-André Svindland,id,Bryne FK,,Eliteserien,Eliteserien
71981,Diogo Spencer,id,AVS Futebol SAD,,Primeira Liga,Liga Portugal
225766,Hugo Keto,id,IFK Värnamo,,Allsvenskan,Allsvenskan
233444,Marcus Johansen Mehnert,id,Strømsgodset IF,,Eliteserien,Eliteserien
240704,Guo Quanbo,id,Meizhou Hakka,Meizhou Hakka FC,Super League,CSL
252225,Krzysztof Kubica,id,Bruk-Bet Termalica Nieciecza,,Ekstraklasa,PKO BP Ekstraklasa
253636,Pedro Galindo,id,Nacional Potosí,,División de Fútbol Profesional,Sudamericana
259908,Willian Vargas,id,Barcelona de Guayaquil,,Serie A,Libertadores
262944,Lukas Jungwirth,id,LASK Linz,LASK,Bundesliga,Ö. Bundesliga
73370,Mika Clausen,id,FC Erzgebirge Aue,,3. Liga,3. Liga
213407,Matt Macey,id,Colchester United,Colchester,League Two,EFL League Two
220482,Bogdan Sarnavskyi,id,Lechia Gdańsk,,Ekstraklasa,PKO BP Ekstraklasa
225751,Aston Oxborough,id,Motherwell FC,Motherwell,Premiership,Scottish Prem
241005,Joaquín Ardaiz,id,Club Atlético Sarmiento,Sarmiento,Liga Profesional de Fútbol,LPF
252547,Rio Adebisi,id,Peterborough United,Peterborough,League One,EFL League One
256298,Kevin Fery,id,1. FC Schweinfurt 05,,3. Liga,3. Liga
265617,Bagner Delgado,id,Mushuc Runa,,Serie A,Sudamericana
275351,Lucien Mahovo,id,Norwich City,Norwich,Championship,EFL Championship
279519,Tawanda Chirewa,id,Wolverhampton Wanderers,Wolves,Premier League,Premier League
76717,Tomas Bottari,id,Independiente Rivadavia,Ind. Rivadavia,Liga Profesional de Fútbol,LPF
169798,Ben Hinchliffe,id,Stockport County,Stockport,League One,EFL League One
183513,Jens Grahl,id,Eintracht Frankfurt,Frankfurt,Bundesliga,Bundesliga
210394,Jordan Ikoko,id,Dinamo Bucureşti,FC Dinamo 1948,Liga I,SUPERLIGA
213994,Niccoló Belloni,id,Carrarese,Carrarese Calcio,Serie B,Serie BKT
241452,Jack Diamond,id,Stockport County,Stockport,League One,EFL League One
243210,Aly Abeid,id,CFR Cluj,CFR 1907 Cluj,Liga I,SUPERLIGA
270535,Ajdin Zeljković,id,IFK Värnamo,,Allsvenskan,Allsvenskan
278499,Alejandro Granados,id,Club Brugge KV,Club Brugge,Pro League,1A Pro League
278957,Jayden Meghoma,id,Rangers FC,Rangers,Premiership,Scottish Prem
75516,Elijah Dijkstra,id,AZ Alkmaar,,Eredivisie,Eredivisie
240532,Fabian Rohner,id,FC Winterthur,,Super League,Brack Super League
243125,Simon Strand,id,Hammarby Fotboll,Hammarby IF,Allsvenskan,Allsvenskan
254754,Fernando Benítez,id,Sportivo Luqueño,,División Profesional,Sudamericana
260732,Ian Fray,id,Inter Miami,Inter Miami CF,Major League Soccer,MLS
263101,Kelvin Ehibhatiomhan,id,Reading FC,Reading,League One,EFL League One
276693,Carlos Jatobá,id,Daegu FC,,K League 1,K League 1
71400,Román Gómez,id,Estudiantes de La Plata,Estudiantes,Liga Profesional de Fútbol,LPF
76240,Diego Rodrigues,id,Sporting Clube de Braga,SC Braga,Primeira Liga,Liga Portugal
243345,Julian Rieckmann,id,SV Waldhof Mannheim,SV Waldhof,3. Liga,3. Liga
248568,Patryk Makuch,id,Raków Częstochowa,Raków,Ekstraklasa,PKO BP Ekstraklasa
254064,Julio Herrera,id,San Antonio Bulo Bulo,,División de Fútbol Profesional,Libertadores
267397,José Manuel Hernández,id,Caracas FC,,Primera Division,Sudamericana
74784,Elías Báez,id,San Lorenzo de Almagro,San Lorenzo,Liga Profesional de Fútbol,LPF
74938,Felix Hagmann,id,DSC Arminia Bielefeld,Arminia Bielefeld,2. Bundesliga,Bundesliga 2
75541,Mohammed Sofo,id,New York Red Bulls,Red Bulls,Major League Soccer,MLS
212453,Germán Parreño,id,RC Deportivo de La Coruña,RC Deportivo,La Liga 2,LALIGA HYPERMOTION
227148,Federico Bonansea,id,Club Atlético San Martín,,Liga Profesional de Fútbol,LPF
231956,Liao Junjian,id,Meizhou Hakka,Meizhou Hakka FC,Super League,CSL
237205,Ashley Maynard-Brewer,id,Charlton Athletic,Charlton Ath,Championship,EFL Championship
238461,Luis Perea,id,Arka Gdynia,,Ekstraklasa,PKO BP Ekstraklasa
242230,Jamie Lennon,id,St Patrick's Athletic FC,St. Pats,Premier Division,SSE Airtricity PD
253704,Asish Rai,id,Mohun Bagan Super Giant,Mohun Bagan SG,Super League,ISL
261504,Daniel Rivillo,id,Caracas FC,,Primera Division,Sudamericana
70956,Gabriel Aguayo,id,Cerro Porteño,,División Profesional,Libertadores
71108,Mathías Suárez,id,Sportivo Luqueño,,División Profesional,Sudamericana
241693,Boyd Lucassen,id,NAC Breda,,Eredivisie,Eredivisie
254244,Nabil Touaizi,id,Alverca,FC Alverca,Primeira Liga,Liga Portugal
258511,Emre Bilgin,id,Beşiktaş JK,Beşiktaş,Süper Lig,Trendyol Süper Lig
258805,Harrison Ashby,id,Newcastle United,Newcastle Utd,Premier League,Premier League
271252,Simon Ebonog,id,Le Havre AC,Havre AC,Ligue 1,Ligue 1 McDonald's
274503,Hugo Ancajima,id,Universitario de Deportes,,Liga 1,Libertadores
276117,Vicente Reyes,id,Peterborough United,Peterborough,League One,EFL League One
71546,Alcides Benítez,id,Guaraní,,División Profesional,Sudamericana
74881,Maguette Gueye,id,Racing Santander,R. Racing Club,La Liga 2,LALIGA HYPERMOTION
79814,Tyrique Mercera,id,FC Groningen,,Eredivisie,Eredivisie
223678,Dennis Slamar,id,FC Energie Cottbus,Energie Cottbus,3. Liga,3. Liga
239731,Maciej Ambrosiewicz,id,Bruk-Bet Termalica Nieciecza,,Ekstraklasa,PKO BP Ekstraklasa
241695,Jonathan Amon,id,Vejle Boldklub,,Superliga,3F Superliga
252970,Armando Quitirna,id,Wycombe Wanderers,Wycombe,League One,EFL League One
264431,Felipe Salomoni,id,Universidad de Chile,,Primera Division,Libertadores
269259,Lequincio Zeefuik,id,AZ Alkmaar,,Eredivisie,Eredivisie
269475,Zac Sapsford,id,Dundee United FC,Dundee United,Premiership,Scottish Prem
74856,Maximiliano Porcel,id,Godoy Cruz,,Liga Profesional de Fútbol,LPF
77144,Juan Cabrera,id,SpVgg Greuther Fürth,Fürth,2. Bundesliga,Bundesliga 2
201847,Louis Bostyn,id,SV Zulte Waregem,Zulte Waregem,Pro League,1A Pro League
210544,Willyan,id,Suwon FC,,K League 1,K League 1
211953,René Vollath,id,TSV 1860 München,,3. Liga,3. Liga
229678,Snorre Strand Nilsen,id,Hamarkameratene,HamKam Fotball,Eliteserien,Eliteserien
251828,Elias Hoff Melkersen,id,Strømsgodset IF,,Eliteserien,Eliteserien
264297,Vetle Walle Egeli,id,Sandefjord Fotball,Sandefjord,Eliteserien,Eliteserien
264313,Till Schumacher,id,1. FC Saarbrücken,Saarbrücken,3. Liga,3. Liga
72898,Leslie Heráldez,id,Caracas FC,,Primera Division,Sudamericana
74416,Sidi Bane,id,AVS Futebol SAD,,Primeira Liga,Liga Portugal
76304,Enzo Hoyos,id,Deportes Iquique,,Primera Division,Sudamericana
211105,Nicolai Flø,id,Sønderjyske Fodbold,Sønderjyske,Superliga,3F Superliga
233214,Vladislavs Gutkovskis,id,Daejeon Citizen,Daejeon Hana,K League 1,K League 1
251349,Thibo Baeten,id,Go Ahead Eagles,,Eredivisie,Eredivisie
258821,Luca Kronberger,id,SC Rheindorf Altach,SCR Altach,Bundesliga,Ö. Bundesliga
262718,Franco Ravizzoli,id,Blackpool FC,Blackpool,League One,EFL League One
268912,Martin Turk,id,GD Estoril Praia,Estoril Praia,Primeira Liga,Liga Portugal
269251,Frankarlos Benítez,id,Caracas FC,,Primera Division,Sudamericana
274010,Maximiliano Añasco,id,Cerro Largo,,Primera División,Sudamericana
279627,Saïmon Bouabré,id,NEOM SC,Neom,Pro League,ROSHN Saudi League
71553,Nils Zätterström,id,Sheffield United,Sheffield Utd,Championship,EFL Championship
76116,Aaron Bouwman,id,Ajax,,Eredivisie,Eredivisie
76888,Nicolas Pays,id,Montpellier HSC,Montpellier,Ligue 2,Ligue 2 BKT
227866,Pål Alexander Kirkevold,id,Hamarkameratene,HamKam Fotball,Eliteserien,Eliteserien
254503,Anthony Descotte,id,FC Volendam,,Eredivisie,Eredivisie
258725,Atakan Çankaya,id,Fatih Karagümrük,,Süper Lig,Trendyol Süper Lig
262175,Mohammed Abbas,id,Al Ain,Al Ain FC,Pro League,United Emirates League
263081,Morgan Faßbender,id,Bruk-Bet Termalica Nieciecza,,Ekstraklasa,PKO BP Ekstraklasa
75825,Christian Zawieschitzky,id,FC Red Bull Salzburg,RB Salzburg,Bundesliga,Ö. Bundesliga
258874,Ibrahima Breze Fofana,id,Hammarby Fotboll,Hammarby IF,Allsvenskan,Allsvenskan
259930,Diego Méndez,id,Bolívar,,División de Fútbol Profesional,Libertadores
261732,Tom Bloxham,id,Blackpool FC,Blackpool,League One,EFL League One
262094,Aziel Jackson,id,Jagiellonia Białystok,Jagiellonia,Ekstraklasa,PKO BP Ekstraklasa
263028,Bryan Okoh,id,FC Lausanne-Sport,Lausanne-Sport,Super League,Brack Super League
270617,Alex Murphy,id,Newcastle United,Newcastle Utd,Premier League,Premier League
272862,Mark O'Mahony,id,Reading FC,Reading,League One,EFL League One
72978,Timotej Jambor,id,Rapid Bucuresti,FC Rapid 1923,Liga I,SUPERLIGA
73471,Kristijan Trapanovski,id,Dundee United FC,Dundee United,Premiership,Scottish Prem
202925,Christian Kouakou,id,Östers IF,,Allsvenskan,Allsvenskan
224925,Gianluca Gaudino,id,Alemannia Aachen,Aleman. Aachen,3. Liga,3. Liga
253216,Adrián,id,Real Zaragoza,,La Liga 2,LALIGA HYPERMOTION
259403,Joel Ideho,id,FC Volendam,,Eredivisie,Eredivisie
73882,Pedro Carvalho,id,GD Estoril Praia,Estoril Praia,Primeira Liga,Liga Portugal
78778,Drilon Hazrollaj,id,Rapid Bucuresti,FC Rapid 1923,Liga I,SUPERLIGA
80045,Radoslaw Zelezny,id,Roma,AS Roma,Serie A,Serie A Enilive
80146,Joeri Heerkens,id,Ajax,,Eredivisie,Eredivisie
192765,Pablo Camacho,id,Deportivo Táchira,,Primera Division,Libertadores
201413,Maestre,id,Cultural Leonesa,,La Liga 2,LALIGA HYPERMOTION
232519,Glenn Middleton,id,Doncaster Rovers,Doncaster,League One,EFL League One
244252,Yohan Roche,id,Asociația Clubul Sportiv Petrolul 52,FC Petrolul,Liga I,SUPERLIGA
251417,Eric Hottmann,id,SSV Jahn Regensburg,Jahn Regensburg,3. Liga,3. Liga
263763,Szymon Weirauch,id,Lechia Gdańsk,,Ekstraklasa,PKO BP Ekstraklasa
269317,Sascha Voelcke,id,SV Waldhof Mannheim,SV Waldhof,3. Liga,3. Liga
77093,Lassine Diarra,id,Olympique Lyonnais,OL,Ligue 1,Ligue 1 McDonald's
212249,Sebastian Kerk,id,Arka Gdynia,,Ekstraklasa,PKO BP Ekstraklasa
223813,Damian van Bruggen,id,Vejle Boldklub,,Superliga,3F Superliga
231509,Anton Cajtoft,id,Bryne FK,,Eliteserien,Eliteserien
253558,Christopher Olivares,id,Atlético Grau,,Liga 1,Sudamericana
257722,Daniel Șerbănică,id,Unirea Slobozia,,Liga I,SUPERLIGA
271211,Jankat Yılmaz,id,Eyüpspor,Galatasaray,Süper Lig,Trendyol Süper Lig
278045,Fraga,id,Real Sociedad de Fútbol B,Real Sociedad B,La Liga 2,LALIGA HYPERMOTION
70253,Arda Ünyay,id,Galatasaray SK,Galatasaray,Süper Lig,Trendyol Süper Lig
76153,Siren Diao,id,Cesena FC,Cesena,Serie B,Serie BKT
80067,Khalis Merah,id,Olympique Lyonnais,OL,Ligue 1,Ligue 1 McDonald's
190179,David Cornell,id,Preston North End,Preston,Championship,EFL Championship
204297,Anthony O'Connor,id,Harrogate Town,,League Two,EFL League Two
243735,Avdo Spahić,id,1. FC Kaiserslautern,Kaiserslautern,2. Bundesliga,Bundesliga 2
254237,Carlos Orejuela,id,Mushuc Runa,,Serie A,Sudamericana
256058,Pablo Pérez,id,CD Mirandés,,La Liga 2,LALIGA HYPERMOTION
257666,Damian Hilbrycht,id,Bruk-Bet Termalica Nieciecza,,Ekstraklasa,PKO BP Ekstraklasa
258844,Nicolás Sansotre,id,Deportivo Riestra,Dep. Riestra,Liga Profesional de Fútbol,LPF
261114,Benjamin Kikanović,id,San Jose Earthquakes,SJ Earthquakes,Major League Soccer,MLS
269832,Tomás Muro,id,Independiente Rivadavia,Ind. Rivadavia,Liga Profesional de Fútbol,LPF
275224,Christ Kouadio,id,Metaloglobus București,,Liga I,SUPERLIGA
277470,Srdjan Hrstić,id,SC Rheindorf Altach,SCR Altach,Bundesliga,Ö. Bundesliga
72534,Jakob Meierhofer,id,Grazer AK 1902,Grazer AK,Bundesliga,Ö. Bundesliga
76202,Ștefan Lefter,id,Universitatea Cluj,FC Univ. Cluj,Liga I,SUPERLIGA
239012,Ozan Kökçü,id,FC Volendam,,Eredivisie,Eredivisie
245528,Edu Espiau,id,Arka Gdynia,,Ekstraklasa,PKO BP Ekstraklasa
263970,Robin Kalem,id,SV Wehen Wiesbaden,Wehen Wiesbaden,3. Liga,3. Liga
264092,Alan Godoy,id,Estrela da Amadora,Estrela Amadora,Primeira Liga,Liga Portugal
265777,Mason Burstow,id,Bolton Wanderers,Bolton,League One,EFL League One
273882,Bernt Klaverboer,id,SC Heerenveen,,Eredivisie,Eredivisie
227427,Alibek Aliev,id,Östers IF,,Allsvenskan,Allsvenskan
242182,Kim Hyun Woo,id,Gimcheon Sangmu FC,Gimcheon Sangmu,K League 1,K League 1
255241,Antoine Colassin,id,Royal Charleroi Sporting Club,Sp. Charleroi,Pro League,1A Pro League
261202,Nassim Chadli,id,Al Ain,Al Ain FC,Pro League,United Emirates League
275134,Jordi Valadon,id,Melbourne Victory,Melb. Victory,A-League Men,A-League
276436,Brad Hills,id,Stockport County,Stockport,League One,EFL League One
71972,Bauza,id,CD Mirandés,,La Liga 2,LALIGA HYPERMOTION
235100,Miłosz Kałahur,id,Lechia Gdańsk,,Ekstraklasa,PKO BP Ekstraklasa
237232,Batuhan Şen,id,Galatasaray SK,Galatasaray,Süper Lig,Trendyol Süper Lig
250897,Mustafa Burak Bozan,id,Gaziantep FK,Gaziantep,Süper Lig,Trendyol Süper Lig
256406,Tomás Lecanda,id,Club Atlético San Martín,,Liga Profesional de Fútbol,LPF
269617,Juan José Mina,id,New York Red Bulls,Red Bulls,Major League Soccer,MLS
276899,Zinedin Smajlović,id,Sandefjord Fotball,Sandefjord,Eliteserien,Eliteserien
74883,Enzo Molebe,id,Olympique Lyonnais,OL,Ligue 1,Ligue 1 McDonald's
234901,Nicklas Shipnoski,id,SV Waldhof Mannheim,SV Waldhof,3. Liga,3. Liga
240710,Gabriel Cléùr,id,Western Sydney Wanderers,WS Wanderers,A-League Men,A-League
264104,Will Goodwin,id,Colchester United,Colchester,League Two,EFL League Two
269731,Steven Nsimba,id,Universitatea Craiova,Univ. Craiova,Liga I,SUPERLIGA
278728,Philipp Müller,id,SSV Jahn Regensburg,Jahn Regensburg,3. Liga,3. Liga
242643,Liam Fraser,id,Reading FC,Reading,League One,EFL League One
247533,Julien Boyer,id,US Boulogne Cote d'Opale,US Boulogne,Ligue 2,Ligue 2 BKT
248539,Brahima Doukansy,id,Asociația Clubul Sportiv Petrolul 52,FC Petrolul,Liga I,SUPERLIGA
256053,John Pulskamp,id,Sporting Kansas City,Sporting KC,Major League Soccer,MLS
258870,Casper Staring,id,NAC Breda,,Eredivisie,Eredivisie
259621,Yusuf Barası,id,Kasımpaşa SK,Kasımpaşa,Süper Lig,Trendyol Süper Lig
262838,Felix Higl,id,SpVgg Greuther Fürth,Fürth,2. Bundesliga,Bundesliga 2
269472,Nikolas Agrafiotis,id,SV Wehen Wiesbaden,Wehen Wiesbaden,3. Liga,3. Liga
271937,Dawid Drachal,id,Jagiellonia Białystok,Jagiellonia,Ekstraklasa,PKO BP Ekstraklasa
278745,Julián Contrera,id,Club Atlético Sarmiento,Sarmiento,Liga Profesional de Fútbol,LPF
79514,Matúš Vojtko,id,Lechia Gdańsk,,Ekstraklasa,PKO BP Ekstraklasa
269572,Bailey Cadamarteri,id,Sheffield Wednesday,Sheffield Wed,Championship,EFL Championship
272906,Dhari Al Enazi,id,Damac FC,,Pro League,ROSHN Saudi League
70295,Hlynur Freyr Karlsson,id,IF Brommapojkarna,Brommapojkarna,Allsvenskan,Allsvenskan
73298,Mads Agger,id,Sønderjyske Fodbold,Sønderjyske,Superliga,3F Superliga
73746,Luka Tunjić,id,Fortuna Sittard,,Eredivisie,Eredivisie
231916,Franjo Prce,id,Asociația Clubul Sportiv Petrolul 52,FC Petrolul,Liga I,SUPERLIGA
244762,Lamine Diaby Fadiga,id,Raków Częstochowa,Raków,Ekstraklasa,PKO BP Ekstraklasa
260010,Saad Balobaid,id,Al Shabab,Al Ahli,Pro League,ROSHN Saudi League
260914,Issouf Macalou,id,Universitatea Cluj,FC Univ. Cluj,Liga I,SUPERLIGA
262962,Anosike Ementa,id,SV Zulte Waregem,Zulte Waregem,Pro League,1A Pro League
278734,Roberto León,id,Defensa y Justicia,Defensa,Liga Profesional de Fútbol,LPF
70756,Miguel Vegas,id,Caracas FC,,Primera Division,Sudamericana
70860,Tammer Bany,id,West Bromwich Albion,West Brom,Championship,EFL Championship
71101,Alejo Sarco,id,Bayer 04 Leverkusen,Leverkusen,Bundesliga,Bundesliga
227847,Manjrekar James,id,Wellington Phoenix,Well. Phoenix,A-League Men,A-League
244078,Ivan Franjić,id,SV Wehen Wiesbaden,Wehen Wiesbaden,3. Liga,3. Liga
247107,Alfred Scriven,id,Bryne FK,,Eliteserien,Eliteserien
254725,Fernando Romero,id,Independiente Rivadavia,Ind. Rivadavia,Liga Profesional de Fútbol,LPF
254890,Hugo Rojas,id,Nacional Potosí,,División de Fútbol Profesional,Sudamericana
262926,Tim Sechelmann,id,SV Waldhof Mannheim,SV Waldhof,3. Liga,3. Liga
72299,Wouter Prins,id,FC Groningen,,Eredivisie,Eredivisie
79002,Marko Gjorgjievski,id,FC Hermannstadt,,Liga I,SUPERLIGA
231965,Beto da Silva,id,Cienciano,,Liga 1,Sudamericana
258926,Justin Hubner,id,Fortuna Sittard,,Eredivisie,Eredivisie
274378,Marcelo Fernández,id,Libertad,,División Profesional,Libertadores
70698,Rodrigo Borzone,id,Estudiantes de La Plata,Estudiantes,Liga Profesional de Fútbol,LPF
238103,Liu Junshuai,id,Qingdao Hainiu FC,Qingdao Hainiu,Super League,CSL
241932,Alejandro Molina,id,Club Atlético San Martín,,Liga Profesional de Fútbol,LPF
248493,Gustav Grubbe,id,Odense Boldklub,Odense BK,Superliga,3F Superliga
255072,Sebastian Müller,id,1. FC Schweinfurt 05,,3. Liga,3. Liga
269536,Zhao Bo,id,Zhejiang FC,Zhejiang Pro,Super League,CSL
276142,Milen Zhelev,id,Oțelul Galați,SC Oțelul Galați,Liga I,SUPERLIGA
70685,Matías Perelló,id,Central Cordoba SdE,Central Córdoba,Liga Profesional de Fútbol,LPF
72457,Michael Cheek,id,Bromley,Bromley FC,League Two,EFL League Two
223174,Onurcan Piri,id,Kayserispor,,Süper Lig,Trendyol Süper Lig
248281,Dylan Borrero,id,América de Cali,,Categoría Primera A,Sudamericana
257399,Wahid Faghir,id,Vejle Boldklub,,Superliga,3F Superliga
263307,Nils Piwernetz,id,1. FC Schweinfurt 05,,3. Liga,3. Liga
270994,Pascal Fallmann,id,FC Erzgebirge Aue,,3. Liga,3. Liga
278008,Iván Garriel,id,Real Valladolid CF,R. Valladolid CF,La Liga 2,LALIGA HYPERMOTION
278230,Mathis Lambourde,id,Reggiana,,Serie B,Serie BKT
75535,Aymen Sliti,id,Feyenoord,,Eredivisie,Eredivisie
270860,Jones El-Abdellaoui,id,RC Celta,Celta,La Liga,LALIGA EA SPORTS
278856,Allen Obando,id,Inter Miami,Inter Miami CF,Major League Soccer,MLS
238957,Florian Dietz,id,SSV Jahn Regensburg,Jahn Regensburg,3. Liga,3. Liga
248392,Teodor Berg Haltvik,id,KFUM-Kameratene Oslo,KFUM-Kameratene,Eliteserien,Eliteserien
253110,Jan de Boer,id,Bryne FK,,Eliteserien,Eliteserien
256232,Lamar Yarbrough,id,Alemannia Aachen,Aleman. Aachen,3. Liga,3. Liga
266176,Oscar Wallin,id,Peterborough United,Peterborough,League One,EFL League One
278261,Ousmane Touré,id,Lille OSC,LOSC Lille,Ligue 1,Ligue 1 McDonald's
198011,Tom Eaves,id,Northampton Town,Northampton,League One,EFL League One
233960,Lukas Mühl,id,FC Winterthur,,Super League,Brack Super League
234704,Michał Marcjanik,id,Arka Gdynia,,Ekstraklasa,PKO BP Ekstraklasa
259855,Erik Shuranov,id,1. FC Schweinfurt 05,,3. Liga,3. Liga
266118,Jonathan Germán Gómez,id,Albacete Balompié,Albacete BP,La Liga 2,LALIGA HYPERMOTION
73136,Leon Robinson,id,1. FC Kaiserslautern,Kaiserslautern,2. Bundesliga,Bundesliga 2
243738,Malte Karbstein,id,SV Waldhof Mannheim,SV Waldhof,3. Liga,3. Liga
245212,Roberts Uldriķis,id,DSC Arminia Bielefeld,Arminia Bielefeld,2. Bundesliga,Bundesliga 2
260643,Matías Succar,id,Alianza Lima,,Liga 1,Libertadores
271596,Ian Glavinovich,id,Philadelphia Union,Philadelphia,Major League Soccer,MLS
277181,Rafael Profini,id,Club Atlético Unión,Unión,Liga Profesional de Fútbol,LPF
76809,Franco Toloza,id,Club Atlético San Martín,,Liga Profesional de Fútbol,LPF
243883,Joshua Endres,id,1. FC Schweinfurt 05,,3. Liga,3. Liga
253919,Jeriel De Santis,id,Caracas FC,,Primera Division,Sudamericana
255519,Lee Geon Hee,id,Gimcheon Sangmu FC,Gimcheon Sangmu,K League 1,K League 1
262342,Anthony Roncaglia,id,Sporting Club Bastia,,Ligue 2,Ligue 2 BKT
276787,Ayanda Sishuba,id,Montpellier HSC,Montpellier,Ligue 2,Ligue 2 BKT
201081,Bartosz Kopacz,id,Bruk-Bet Termalica Nieciecza,,Ekstraklasa,PKO BP Ekstraklasa
233725,Thijmen Nijhuis,id,SV Waldhof Mannheim,SV Waldhof,3. Liga,3. Liga
259916,Gustav Granath,id,Hamarkameratene,HamKam Fotball,Eliteserien,Eliteserien
74785,Iker Córdoba,id,CD Mirandés,,La Liga 2,LALIGA HYPERMOTION
75209,Jovo Lukić,id,Universitatea Cluj,FC Univ. Cluj,Liga I,SUPERLIGA
237341,Sam Stubbs,id,Shrewsbury Town,Shrewsbury,League Two,EFL League Two
273529,Alex Bonetig,id,Western Sydney Wanderers,WS Wanderers,A-League Men,A-League
274099,Paulinho,id,Oțelul Galați,SC Oțelul Galați,Liga I,SUPERLIGA
70462,Hamza Güreler,id,Medipol Başakşehir FK,Başakşehir,Süper Lig,Trendyol Süper Lig
76645,Sanel Bojadžić,id,Bryne FK,,Eliteserien,Eliteserien
247689,Lee Ji Sol,id,Suwon FC,,K League 1,K League 1
259682,Emanuel Beltrán,id,Instituto Atlético Central Córdoba,Instituto,Liga Profesional de Fútbol,LPF
268936,Matteo Piacentini,id,Cesena FC,Cesena,Serie B,Serie BKT
269963,Belal Halbouni,id,Vancouver Whitecaps FC,Whitecaps FC,Major League Soccer,MLS
79231,Leandro Umpiérrez,id,Peñarol,,Primera División,Libertadores
272941,Emin Grozdanić,id,IFK Värnamo,,Allsvenskan,Allsvenskan
70577,Kingsley Gyamfi,id,Östers IF,,Allsvenskan,Allsvenskan
245438,Ahmed Abdu,id,NEOM SC,Neom,Pro League,ROSHN Saudi League
261183,Gonzalo Álvez,id,Independiente Rivadavia,Ind. Rivadavia,Liga Profesional de Fútbol,LPF
262590,Frederik Carstensen,id,Sarpsborg 08 FF,Sarpsborg 08,Eliteserien,Eliteserien
263304,Emmanuel Fernandez,id,Rangers FC,Rangers,Premiership,Scottish Prem
276666,Alexander Lyng,id,Sønderjyske Fodbold,Sønderjyske,Superliga,3F Superliga
223115,Paul Gladon,id,Fortuna Sittard,,Eredivisie,Eredivisie
246079,Joe Redmond,id,St Patrick's Athletic FC,St. Pats,Premier Division,SSE Airtricity PD
276172,Loïc Lüthi,id,FC Winterthur,,Super League,Brack Super League
266095,Connor O'Riordan,id,Doncaster Rovers,Doncaster,League One,EFL League One
74352,Bujar Pllana,id,Lechia Gdańsk,,Ekstraklasa,PKO BP Ekstraklasa
76133,David Mokwa,id,TSG 1899 Hoffenheim,TSG Hoffenheim,Bundesliga,Bundesliga
234861,Robin Ziegele,id,SSV Jahn Regensburg,Jahn Regensburg,3. Liga,3. Liga
241318,Yang Shuai,id,Chengdu Rongcheng,Chengdu FC,Super League,CSL
262514,Nikolas Muci,id,Grasshopper Club Zürich,GC Zürich,Super League,Brack Super League
278743,Fabrizio Sartori,id,Independiente Rivadavia,Ind. Rivadavia,Liga Profesional de Fútbol,LPF
225714,Federico Anselmo,id,Club Atlético San Martín,,Liga Profesional de Fútbol,LPF
209491,Thomas Meißner,id,1. FC Schweinfurt 05,,3. Liga,3. Liga
278823,Madiodio Dia,id,FK Haugesund,,Eliteserien,Eliteserien
74504,Flavio Russo,id,Virtus Entella,Entella,Serie B,Serie BKT
76666,Mattis Adolfsson,id,Östers IF,,Allsvenskan,Allsvenskan
78657,Michael Dellinger,id,1. FC Schweinfurt 05,,3. Liga,3. Liga
255136,Tanner Beason,id,New England Revolution,New England,Major League Soccer,MLS
261565,Jon Bell,id,Seattle Sounders FC,Sounders FC,Major League Soccer,MLS
244942,Sveinn Aron Guðjohnsen,id,Sarpsborg 08 FF,Sarpsborg 08,Eliteserien,Eliteserien
276555,Alan Pereira,id,Guaraní,,División Profesional,Sudamericana
254522,Will Forrester,id,Bolton Wanderers,Bolton,League One,EFL League One
255427,Ferddy Roca,id,Gualberto Villarroel SJ,,División de Fútbol Profesional,Sudamericana
73930,Massamba Sow,id,Royal Charleroi Sporting Club,Sp. Charleroi,Pro League,1A Pro League
260514,Óscar Baldomar,id,Nacional Potosí,,División de Fútbol Profesional,Sudamericana
79029,Guus Offerhaus,id,Telstar,,Eredivisie,Eredivisie
272896,Yannik Lührs,id,TSG 1899 Hoffenheim II,TSG Hoffenheim II,3. Liga,3. Liga
80030,Stan Henderikx,id,Excelsior,,Eredivisie,Eredivisie
236267,Darío Aimar,id,LDU Quito,,Serie A,Libertadores
259147,Ross Graham,id,Dundee United FC,Dundee United,Premiership,Scottish Prem
261606,Ivan Kričak,id,Östers IF,,Allsvenskan,Allsvenskan
70138,Frederik Rieper,id,Fredericia,,Superliga,3F Superliga
230623,Sinan Bakış,id,Real Zaragoza,,La Liga 2,LALIGA HYPERMOTION
235514,Saeed Al Rubaie,id,Al Akhdoud Saudi Club,,Pro League,ROSHN Saudi League
267491,Fernando Román,id,Guaraní,,División Profesional,Sudamericana
259269,Favio Cabral,id,Central Cordoba SdE,Central Córdoba,Liga Profesional de Fútbol,LPF
273079,Juan Ludueña,id,Club Atlético Unión,Unión,Liga Profesional de Fútbol,LPF
239118,Bogdan Țîru,id,FCV Farul Constanța,Farul Constanța,Liga I,SUPERLIGA
235546,Anton Krešić,id,CFR Cluj,CFR 1907 Cluj,Liga I,SUPERLIGA
240997,Kike Hermoso,id,Arka Gdynia,,Ekstraklasa,PKO BP Ekstraklasa
247963,Ionuț Larie,id,FCV Farul Constanța,Farul Constanța,Liga I,SUPERLIGA
244944,Rodrigo Cáseres,id,Club Atlético San Martín,,Liga Profesional de Fútbol,LPF
263114,Marvin Elimbi,id,Gil Vicente FC,Gil Vicente,Primeira Liga,Liga Portugal
190592,Michael Sollbauer,id,SV Ried,SV Oberbank Ried,Bundesliga,Ö. Bundesliga
267844,Kim Ji Soo,id,1. FC Kaiserslautern,Kaiserslautern,2. Bundesliga,Bundesliga 2
77115,Paolo Calione,id,Club Nacional de Football,,Primera División,Libertadores
224238,William Boyle,id,Shrewsbury Town,Shrewsbury,League Two,EFL League Two
78524,Lucas Zeller,id,1. FC Schweinfurt 05,,3. Liga,3. Liga
259271,Ignacio Gariglio,id,Bolívar,,División de Fútbol Profesional,Libertadores
259319,Facundo Parada,id,Cerro Largo,,Primera División,Sudamericana
239502,William Bianda,id,Stade Lavallois Mayenne FC,Laval MFC,Ligue 2,Ligue 2 BKT
241578,Hugo Andersson,id,IFK Värnamo,,Allsvenskan,Allsvenskan
267694,Halvor Rødølen Opsahl,id,Hamarkameratene,HamKam Fotball,Eliteserien,Eliteserien
234910,Vahid Selimović,id,FC Hermannstadt,,Liga I,SUPERLIGA
258893,Sava-Arangel Čestić,id,Heracles Almelo,,Eredivisie,Eredivisie
71091,Luis Barbosa,id,San Antonio Bulo Bulo,,División de Fútbol Profesional,Libertadores
202259,Magnar Ødegaard,id,Sarpsborg 08 FF,Sarpsborg 08,Eliteserien,Eliteserien
259230,Brian Ferrares,id,Cerro Largo,,Primera División,Sudamericana
238840,Enes Mahmutović,id,NAC Breda,,Eredivisie,Eredivisie
263813,Luan Patrick,id,Estrela da Amadora,Estrela Amadora,Primeira Liga,Liga Portugal
274125,Santiago Morales,id,Club Atlético Sarmiento,Sarmiento,Liga Profesional de Fútbol,LPF
232668,Liam Gordon,id,Motherwell FC,Motherwell,Premiership,Scottish Prem
273931,Elias Bakatukanda,id,Blau-Weiß Linz,Blau-Weiss Linz,Bundesliga,Ö. Bundesliga
264856,Antonio Tikvić,id,SC Preußen Münster,Preußen Münster,2. Bundesliga,Bundesliga 2
232295,Florin Bejan,id,FC Hermannstadt,,Liga I,SUPERLIGA
203590,Florian Hübner,id,SV Wehen Wiesbaden,Wehen Wiesbaden,3. Liga,3. Liga
243528,Kim Tae Han,id,Suwon FC,,K League 1,K League 1
247013,Sebastián Pereira,id,Unión Española,,Primera Division,Sudamericana
72849,Matteo Francesconi,id,Cesena FC,Cesena,Serie B,Serie BKT
230126,James Brophy,id,Cambridge United,Cambridge Utd,League Two,EFL League Two
267412,Rasmus Örqvist,id,IF Brommapojkarna,Brommapojkarna,Allsvenskan,Allsvenskan
226781,Khiry Shelton,id,Sporting Kansas City,Sporting KC,Major League Soccer,MLS
235216,Ben Fox,id,Harrogate Town,,League Two,EFL League Two
235380,Răzvan Oaidă,id,Universitatea Cluj,FC Univ. Cluj,Liga I,SUPERLIGA
228077,Wang Qiuming,id,Tianjin Jinmen Tiger,Tianjin JMT FC,Super League,CSL
206089,Cameron McGeehan,id,Northampton Town,Northampton,League One,EFL League One
211635,Jeong Woon,id,Jeju United FC,Jeju United,K League 1,K League 1
214065,Hans Salinas,id,Deportes Iquique,,Primera Division,Sudamericana
225310,Ben Thompson,id,Bromley,Bromley FC,League Two,EFL League Two
248774,Jon Mellish,id,Milton Keynes Dons,MK Dons,League Two,EFL League Two
70164,Tobias Bach,id,Vejle Boldklub,,Superliga,3F Superliga
193713,Qian Jiegei,id,Zhejiang FC,Zhejiang Pro,Super League,CSL
215065,Milton Céliz,id,Deportivo Riestra,Dep. Riestra,Liga Profesional de Fútbol,LPF
254328,Louie Moulden,id,Norwich City,Norwich,Championship,EFL Championship
73364,Lukas Björklund,id,IF Brommapojkarna,Brommapojkarna,Allsvenskan,Allsvenskan
73615,Danny Imray,id,Blackpool FC,Blackpool,League One,EFL League One
74364,Andre Garcia,id,Reading FC,Reading,League One,EFL League One
193957,Cristian Montaño,id,Livingston FC,Livingston,Premiership,Scottish Prem
199146,Andy Halliday,id,Motherwell FC,Motherwell,Premiership,Scottish Prem
243807,Craig Sibbald,id,Dundee United FC,Dundee United,Premiership,Scottish Prem
246874,Robbie Gotts,id,Doncaster Rovers,Doncaster,League One,EFL League One
262349,Felix Vrede Winther,id,Fredericia,,Superliga,3F Superliga
225075,Julian Günther-Schmidt,id,FC Erzgebirge Aue,,3. Liga,3. Liga
277540,Tim Meyer,id,Grasshopper Club Zürich,GC Zürich,Super League,Brack Super League
236818,Arthur Read,id,Colchester United,Colchester,League Two,EFL League Two
243841,Scott Pittman,id,Livingston FC,Livingston,Premiership,Scottish Prem
251420,Tyrese Fornah,id,Northampton Town,Northampton,League One,EFL League One
277346,Karoy Anderson,id,Charlton Athletic,Charlton Ath,Championship,EFL Championship
212990,Callum Camps,id,Stockport County,Stockport,League One,EFL League One
257244,Alexandre Jankewitz,id,FC Winterthur,,Super League,Brack Super League
184156,Guillaume François,id,Union Saint-Gilloise,R. Union St.-G.,Pro League,1A Pro League
240600,Ali Al Asmari,id,NEOM SC,Neom,Pro League,ROSHN Saudi League
241344,Yang Liyu,id,Beijing Guoan,Beijing FC,Super League,CSL
241552,Jacob Italiano,id,Grazer AK 1902,Grazer AK,Bundesliga,Ö. Bundesliga
248101,Ionuț Biceanu,id,FC Hermannstadt,,Liga I,SUPERLIGA
72776,Nils Winter,id,Alemannia Aachen,Aleman. Aachen,3. Liga,3. Liga
75286,Jairo Amaro,id,Club Nacional de Football,,Primera División,Libertadores
226197,Feng Jin,id,Shanghai Port,Shanghai Port FC,Super League,CSL
231801,Alaa Al Hajji,id,NEOM SC,Neom,Pro League,ROSHN Saudi League
247037,Alejo Montero,id,Newell's Old Boys,Newell's,Liga Profesional de Fútbol,LPF
259644,Andreas Pyndt,id,Fredericia,,Superliga,3F Superliga
268283,Andy Velasco,id,Independiente del Valle,,Serie A,Libertadores
221425,Kazuki Nagasawa,id,Wellington Phoenix,Well. Phoenix,A-League Men,A-League
238758,Dean Campbell,id,Northampton Town,Northampton,League One,EFL League One
252263,Niklas Kölle,id,SSV Ulm 1846,,3. Liga,3. Liga
252379,Jack Burroughs,id,Northampton Town,Northampton,League One,EFL League One
262593,Moritz Seiffert,id,FC Erzgebirge Aue,,3. Liga,3. Liga
233245,Shane McLoughlin,id,Cambridge United,Cambridge Utd,League Two,EFL League Two
261304,Adam Montgomery,id,Livingston FC,Livingston,Premiership,Scottish Prem
233871,Júnior Morais,id,Metaloglobus București,,Liga I,SUPERLIGA
242924,Ko Jae Hyeon,id,Gimcheon Sangmu FC,Gimcheon Sangmu,K League 1,K League 1
247140,Josh Benson,id,Rotherham United,Rotherham Utd,League One,EFL League One
251592,Terry Taylor,id,Northampton Town,Northampton,League One,EFL League One
251311,Klaidi Lolos,id,Peterborough United,Peterborough,League One,EFL League One
73051,Daniel Ask,id,Östers IF,,Allsvenskan,Allsvenskan
201514,Elias Kachunga,id,Cambridge United,Cambridge Utd,League Two,EFL League Two
215855,Ben Purrington,id,Cambridge United,Cambridge Utd,League Two,EFL League Two
232963,Takeshi Kanamori,id,Melbourne City FC,Melbourne City,A-League Men,A-League
239686,Anthony Barylla,id,FC Erzgebirge Aue,,3. Liga,3. Liga
255940,Sander Risan Mørk,id,Sandefjord Fotball,Sandefjord,Eliteserien,Eliteserien
277525,Oscar Priestman,id,Motherwell FC,Motherwell,Premiership,Scottish Prem
70960,Nana Antwi,id,FC Hermannstadt,,Liga I,SUPERLIGA
230897,Brandon Hanlan,id,Doncaster Rovers,Doncaster,League One,EFL League One
240715,George Lloyd,id,Shrewsbury Town,Shrewsbury,League Two,EFL League Two
264745,Ole Enersen,id,Strømsgodset IF,,Eliteserien,Eliteserien
271399,Andrea Oliveri,id,Pescara,,Serie B,Serie BKT
223977,Aaron Nemane,id,Milton Keynes Dons,MK Dons,League Two,EFL League Two
242759,Allan Arigoni,id,Grasshopper Club Zürich,GC Zürich,Super League,Brack Super League
252484,Ronaldo Deaconu,id,Unirea Slobozia,,Liga I,SUPERLIGA
278047,Zach Booth,id,Excelsior,,Eredivisie,Eredivisie
250992,Jesús Alvarez,id,SD Huesca,,La Liga 2,LALIGA HYPERMOTION
252758,Dawson Devoy,id,Bohemian FC,Bohemians,Premier Division,SSE Airtricity PD
266363,Yeo Seung Won,id,Daejeon Citizen,Daejeon Hana,K League 1,K League 1
274144,Lisandro Montenegro,id,Newell's Old Boys,Newell's,Liga Profesional de Fútbol,LPF
279716,Håkon Helland Hoseth,id,KFUM-Kameratene Oslo,KFUM-Kameratene,Eliteserien,Eliteserien
212493,Sullay Kaikai,id,Cambridge United,Cambridge Utd,League Two,EFL League Two
221953,Ben Whitfield,id,Barrow,,League Two,EFL League Two
236388,Jordon Garrick,id,St Patrick's Athletic FC,St. Pats,Premier Division,SSE Airtricity PD
248880,Nesta Guinness-Walker,id,Northampton Town,Northampton,League One,EFL League One
258635,Jonah Fabisch,id,FC Erzgebirge Aue,,3. Liga,3. Liga
263990,Ellis Taylor,id,Harrogate Town,,League Two,EFL League Two
271014,Joseph N'Duquidi,id,Amiens SC,,Ligue 2,Ligue 2 BKT
244083,Jonas Hofmann,id,FC Energie Cottbus,Energie Cottbus,3. Liga,3. Liga
246068,Alexis Ribera,id,Gualberto Villarroel SJ,,División de Fútbol Profesional,Sudamericana
259184,Rodrigo Vilca,id,Atlético Grau,,Liga 1,Sudamericana
269565,Souleymane Diaby,id,FC Winterthur,,Super League,Brack Super League
73169,Janne Sietan,id,SV Waldhof Mannheim,SV Waldhof,3. Liga,3. Liga
76911,José Cavadia,id,América de Cali,,Categoría Primera A,Sudamericana
232643,Leon Guwara,id,FC Energie Cottbus,Energie Cottbus,3. Liga,3. Liga
250970,Maciej Wolski,id,Bruk-Bet Termalica Nieciecza,,Ekstraklasa,PKO BP Ekstraklasa
251454,Ross Tierney,id,Bohemian FC,Bohemians,Premier Division,SSE Airtricity PD
254158,Kerr McInroy,id,Shelbourne FC,Shelbourne,Premier Division,SSE Airtricity PD
263619,Vic Chambaere,id,Union Saint-Gilloise,R. Union St.-G.,Pro League,1A Pro League
70053,Pablo Monje,id,Deportivo Riestra,Dep. Riestra,Liga Profesional de Fútbol,LPF
71735,Alejandro Severo,id,Racing Club de Montevideo,,Primera División,Sudamericana
206431,Roman Buess,id,FC Winterthur,,Super League,Brack Super League
266682,Will Sands,id,New England Revolution,New England,Major League Soccer,MLS
271120,Mike Kleijn,id,Sparta Rotterdam,,Eredivisie,Eredivisie
279715,Jonas Lange Hjorth,id,KFUM-Kameratene Oslo,KFUM-Kameratene,Eliteserien,Eliteserien
211389,Rodrigo Alborno,id,Sportivo Luqueño,,División Profesional,Sudamericana
221493,Woo Joo Seong,id,Daegu FC,,K League 1,K League 1
229800,Riyadh Sharahili,id,Damac FC,,Pro League,ROSHN Saudi League
257805,Cătălin Vulturar,id,Rapid Bucuresti,FC Rapid 1923,Liga I,SUPERLIGA
271526,Yue Tze-Nam,id,Meizhou Hakka,Meizhou Hakka FC,Super League,CSL
272624,Peter Reinhardsen,id,Sarpsborg 08 FF,Sarpsborg 08,Eliteserien,Eliteserien
70500,Corsin Konietzke,id,FC St.Gallen 1879,FC St. Gallen,Super League,Brack Super League
72619,Ionuţ Coadă,id,Unirea Slobozia,,Liga I,SUPERLIGA
76457,Federico Pintado,id,Cerro Largo,,Primera División,Sudamericana
228739,José Peñarrieta,id,San Antonio Bulo Bulo,,División de Fútbol Profesional,Libertadores
237863,Aidan Keena,id,St Patrick's Athletic FC,St. Pats,Premier Division,SSE Airtricity PD
242787,Elijah Dixon-Bonner,id,Queens Park Rangers,QPR,Championship,EFL Championship
246647,Lundrim Hetemi,id,Vejle Boldklub,,Superliga,3F Superliga
264505,Owen Dodgson,id,Stockport County,Stockport,League One,EFL League One
266722,Nils Rossen,id,Telstar,,Eredivisie,Eredivisie
274409,Park Se Jin,id,Gimcheon Sangmu FC,Gimcheon Sangmu,K League 1,K League 1
72541,Thorsten Schriebl,id,Grazer AK 1902,Grazer AK,Bundesliga,Ö. Bundesliga
186507,Christian Landu-Landu,id,Bryne FK,,Eliteserien,Eliteserien
199705,Maxime Hautbois,id,Stade Lavallois Mayenne FC,Laval MFC,Ligue 2,Ligue 2 BKT
223427,Lukas Jäger,id,SC Rheindorf Altach,SCR Altach,Bundesliga,Ö. Bundesliga
242658,Axel Björnström,id,IFK Värnamo,,Allsvenskan,Allsvenskan
266518,Niko Tsakiris,id,San Jose Earthquakes,SJ Earthquakes,Major League Soccer,MLS
273921,Agustín Villalobos,id,Godoy Cruz,,Liga Profesional de Fútbol,LPF
274701,Jakob Napoleon Romsaas,id,Royal Charleroi Sporting Club,Sp. Charleroi,Pro League,1A Pro League
278469,Thyago Ayala,id,Club Atlético Sarmiento,Sarmiento,Liga Profesional de Fútbol,LPF
79378,Uche Obiogumu,id,1. FC Schweinfurt 05,,3. Liga,3. Liga
79755,Erik Weinhauer,id,FC Erzgebirge Aue,,3. Liga,3. Liga
217990,Juan Pablo Gómez,id,Deportes Iquique,,Primera Division,Sudamericana
239371,Issam El Maach,id,FC Twente,,Eredivisie,Eredivisie
254945,Nicolás Dávila,id,Mushuc Runa,,Serie A,Sudamericana
262792,Felix Strauss,id,SSV Jahn Regensburg,Jahn Regensburg,3. Liga,3. Liga
269857,Martin Thomann,id,1. FC Schweinfurt 05,,3. Liga,3. Liga
279056,Moutaz Neffati,id,IFK Norrköping,,Allsvenskan,Allsvenskan
79394,Omar Sillah,id,SpVgg Greuther Fürth,Fürth,2. Bundesliga,Bundesliga 2
205892,Borys Tashchy,id,FC Erzgebirge Aue,,3. Liga,3. Liga
243932,David Philipp,id,TSV 1860 München,,3. Liga,3. Liga
254401,Ricardo Farro,id,FBC Melgar,,Liga 1,Sudamericana
276235,François Mughe,id,Olympique de Marseille,OM,Ligue 1,Ligue 1 McDonald's
73294,Pierre Nadjombe,id,Alemannia Aachen,Aleman. Aachen,3. Liga,3. Liga
225342,Jack Stevens,id,Reading FC,Reading,League One,EFL League One
235329,James Gibbons,id,Cambridge United,Cambridge Utd,League Two,EFL League Two
247241,Wu Shaocong,id,Beijing Guoan,Beijing FC,Super League,CSL
257105,Ziyad Larkeche,id,Queens Park Rangers,QPR,Championship,EFL Championship
264677,Chris Conn-Clarke,id,Peterborough United,Peterborough,League One,EFL League One
271079,Max Ejdum,id,Odense Boldklub,Odense BK,Superliga,3F Superliga
273089,Edilson Salinas,id,Godoy Cruz,,Liga Profesional de Fútbol,LPF
278006,Denis Radu,id,Asociația Clubul Sportiv Petrolul 52,FC Petrolul,Liga I,SUPERLIGA
278912,Julian Brandes,id,Pescara,,Serie B,Serie BKT
279116,Deniz Zeitler,id,TSG 1899 Hoffenheim,TSG Hoffenheim,Bundesliga,Bundesliga
76672,Daniel Ljung,id,Östers IF,,Allsvenskan,Allsvenskan
76718,Matias Fernandez,id,Independiente Rivadavia,Ind. Rivadavia,Liga Profesional de Fútbol,LPF
203175,Lee Burge,id,Northampton Town,Northampton,League One,EFL League One
211746,Rico Benatelli,id,SV Waldhof Mannheim,SV Waldhof,3. Liga,3. Liga
248856,Danny Leyva,id,Seattle Sounders FC,Sounders FC,Major League Soccer,MLS
254514,Kevin Höög Jansson,id,IFK Norrköping,,Allsvenskan,Allsvenskan
262442,Radu Negru,id,Unirea Slobozia,,Liga I,SUPERLIGA
270683,Idris Odutayo,id,Bromley,Bromley FC,League Two,EFL League Two
278750,Reno Münz,id,SpVgg Greuther Fürth,Fürth,2. Bundesliga,Bundesliga 2
218873,Tim Paterok,id,1. FC Saarbrücken,Saarbrücken,3. Liga,3. Liga
230847,Zachary Elbouzedi,id,St Patrick's Athletic FC,St. Pats,Premier Division,SSE Airtricity PD
256809,Lars Erik Sødal,id,Bryne FK,,Eliteserien,Eliteserien
260071,Alejo Tabares,id,Newell's Old Boys,Newell's,Liga Profesional de Fútbol,LPF
272373,Brayan Rodríguez,id,Caracas FC,,Primera Division,Sudamericana
71618,Tyrese Spicer,id,Orlando City SC,Orlando City,Major League Soccer,MLS
75073,Fabricio Pérez,id,Estudiantes de La Plata,Estudiantes,Liga Profesional de Fútbol,LPF
241688,Abdurrahim Dursun,id,Gençlerbirliği SK,Gençlerbirliği,Süper Lig,Trendyol Süper Lig
271002,Cem Üstündag,id,Kasımpaşa SK,Kasımpaşa,Süper Lig,Trendyol Süper Lig
274004,Kiki Silva,id,Casa Pia,Casa Pia AC,Primeira Liga,Liga Portugal
275292,Axel Atum,id,Racing Club de Montevideo,,Primera División,Sudamericana
72130,Lukas Reich,id,SpVgg Greuther Fürth,Fürth,2. Bundesliga,Bundesliga 2
77671,Kalani Kossa-Rienzi,id,Seattle Sounders FC,Sounders FC,Major League Soccer,MLS
190700,Ibrahim Koné,id,US Boulogne Cote d'Opale,US Boulogne,Ligue 2,Ligue 2 BKT
224538,Pedro Nuno,id,Oțelul Galați,SC Oțelul Galați,Liga I,SUPERLIGA
234982,Magnus Christensen,id,Östers IF,,Allsvenskan,Allsvenskan
238170,Christian Theoharous,id,Central Coast Mariners,Central Coast,A-League Men,A-League
257765,Alexandru Ișfan,id,FCV Farul Constanța,Farul Constanța,Liga I,SUPERLIGA
278071,Arnau Rafús,id,Cultural Leonesa,,La Liga 2,LALIGA HYPERMOTION
71169,Ian Wisdom,id,Sporting Cristal,,Liga 1,Libertadores
79263,Diogo Batista,id,FC Hermannstadt,,Liga I,SUPERLIGA
205603,Mike van Duinen,id,Excelsior,,Eredivisie,Eredivisie
238273,Jovan Marković,id,FCV Farul Constanța,Farul Constanța,Liga I,SUPERLIGA
238694,Lucas Röser,id,SSV Ulm 1846,,3. Liga,3. Liga
238726,Gustav Marcussen,id,Fredericia,,Superliga,3F Superliga
247125,Zorhan Bassong,id,Sporting Kansas City,Sporting KC,Major League Soccer,MLS
258627,Owura Edwards,id,Colchester United,Colchester,League Two,EFL League Two
260770,Santiago Arce,id,San Antonio Bulo Bulo,,División de Fútbol Profesional,Libertadores
269875,Sanoussy Ba,id,Eintracht Braunschweig,Braunschweig,2. Bundesliga,Bundesliga 2
270842,Rodrigo Villalba,id,Libertad,,División Profesional,Libertadores
275279,Emmanuel Iwe,id,SV Waldhof Mannheim,SV Waldhof,3. Liga,3. Liga
277905,Anders Hiim,id,Sarpsborg 08 FF,Sarpsborg 08,Eliteserien,Eliteserien
279509,Hakim Sahabo,id,Standard de Liège,Standard Liège,Pro League,1A Pro League
74392,Norbert Kaján,id,Csíkszereda Miercurea Ciuc,FK Csíkszereda,Liga I,SUPERLIGA
78529,Hide Vitalucci,id,Arka Gdynia,,Ekstraklasa,PKO BP Ekstraklasa
231946,Seo Jae Min,id,Suwon FC,,K League 1,K League 1
271533,Bjørn Martin Kristensen,id,KFUM-Kameratene Oslo,KFUM-Kameratene,Eliteserien,Eliteserien
279876,Charlys,id,Reggiana,,Serie B,Serie BKT
72624,Constantin Toma,id,Unirea Slobozia,,Liga I,SUPERLIGA
79040,Aurelio Oehlers,id,FC Volendam,,Eredivisie,Eredivisie
203095,Sean Gannon,id,Shelbourne FC,Shelbourne,Premier Division,SSE Airtricity PD
209027,Ahmed Al Kassar,id,Al Qadsiah FC,Al Qadsiah,Pro League,ROSHN Saudi League
231190,Carl Johansson,id,IFK Värnamo,,Allsvenskan,Allsvenskan
236626,John Koutroumbis,id,Motherwell FC,Motherwell,Premiership,Scottish Prem
239453,Steve Furtado,id,FCV Farul Constanța,Farul Constanța,Liga I,SUPERLIGA
255812,Johan Lara,id,Universidad Católica del Ecuador,,Serie A,Sudamericana
278413,Francisco Facello,id,Godoy Cruz,,Liga Profesional de Fútbol,LPF
74460,Ayoub Oufkir,id,Sparta Rotterdam,,Eredivisie,Eredivisie
74953,Cezary Polak,id,Jagiellonia Białystok,Jagiellonia,Ekstraklasa,PKO BP Ekstraklasa
210205,Dion Malone,id,Telstar,,Eredivisie,Eredivisie
243378,Manuel Wintzheimer,id,1. FC Schweinfurt 05,,3. Liga,3. Liga
253955,Han Jiaqi,id,Beijing Guoan,Beijing FC,Super League,CSL
255312,Scott Banks,id,Blackpool FC,Blackpool,League One,EFL League One
262933,Luis Görlich,id,SSV Ulm 1846,,3. Liga,3. Liga
263689,Agustín Lastra,id,Independiente Rivadavia,Ind. Rivadavia,Liga Profesional de Fútbol,LPF
271583,Giovanni Garofani,id,Carrarese,Carrarese Calcio,Serie B,Serie BKT
273950,Marcus Baggesen,id,IFK Norrköping,,Allsvenskan,Allsvenskan
276346,Mason Melia,id,St Patrick's Athletic FC,St. Pats,Premier Division,SSE Airtricity PD
277836,Lucas Meuli,id,Club Atlético Unión,Unión,Liga Profesional de Fútbol,LPF
73008,Max Marie,id,Eintracht Braunschweig,Braunschweig,2. Bundesliga,Bundesliga 2
74567,Isaac James,id,Alverca,FC Alverca,Primeira Liga,Liga Portugal
78528,Dawid Gojny,id,Arka Gdynia,,Ekstraklasa,PKO BP Ekstraklasa
79058,Yassine Zakir,id,Metaloglobus București,,Liga I,SUPERLIGA
79330,Phil Beckhoff,id,SSV Jahn Regensburg,Jahn Regensburg,3. Liga,3. Liga
213570,Stephen O'Donnell,id,Motherwell FC,Motherwell,Premiership,Scottish Prem
247474,Chase Gasper,id,Chicago Fire,Chicago Fire FC,Major League Soccer,MLS
252030,Betim Fazliji,id,FC St.Gallen 1879,FC St. Gallen,Super League,Brack Super League
255094,William Álvarez,id,Nacional Potosí,,División de Fútbol Profesional,Sudamericana
257523,Wang Zhen'ao,name+dob,Shanghai Port,Shanghai Port FC,Super League,CSL
70049,Kingstone Mutandwa,id,SV Ried,SV Oberbank Ried,Bundesliga,Ö. Bundesliga
228875,João Oliveira,id,Arka Gdynia,,Ekstraklasa,PKO BP Ekstraklasa
241277,Justin Steinkötter,id,TSV 1860 München,,3. Liga,3. Liga
242419,Bilal Njie,id,KFUM-Kameratene Oslo,KFUM-Kameratene,Eliteserien,Eliteserien
243639,Max Watters,id,Dundee United FC,Dundee United,Premiership,Scottish Prem
245812,Kamil Zapolnik,id,Bruk-Bet Termalica Nieciecza,,Ekstraklasa,PKO BP Ekstraklasa
255989,Jorge Cabezudo,id,FBC Melgar,,Liga 1,Sudamericana
258606,Luca Hoole,id,Shrewsbury Town,Shrewsbury,League Two,EFL League Two
264822,Christian Gammelgaard,id,Vejle Boldklub,,Superliga,3F Superliga
274035,Lee Seung Won,id,Gimcheon Sangmu FC,Gimcheon Sangmu,K League 1,K League 1
74175,Anton Ekeroth,id,Hamarkameratene,HamKam Fotball,Eliteserien,Eliteserien
76196,Ra'ees Bangura-Williams,id,Millwall FC,Millwall,Championship,EFL Championship
179543,Amin Nouri,id,KFUM-Kameratene Oslo,KFUM-Kameratene,Eliteserien,Eliteserien
206524,Jordan Willis,id,Northampton Town,Northampton,League One,EFL League One
216387,Saliou Sané,id,SV Ried,SV Oberbank Ried,Bundesliga,Ö. Bundesliga
221346,Martin Samuelsen,id,FK Haugesund,,Eliteserien,Eliteserien
234466,Fernando Juárez,id,Central Cordoba SdE,Central Córdoba,Liga Profesional de Fútbol,LPF
243643,Ewan Henderson,id,Wycombe Wanderers,Wycombe,League One,EFL League One
247409,Jan Boller,id,SSV Ulm 1846,,3. Liga,3. Liga
253112,Filip Stuparević,id,Motherwell FC,Motherwell,Premiership,Scottish Prem
257916,Mika Schroers,id,Alemannia Aachen,Aleman. Aachen,3. Liga,3. Liga
259067,André Paulo,id,Alverca,FC Alverca,Primeira Liga,Liga Portugal
268803,Tristan van Gilst,id,Heracles Almelo,,Eredivisie,Eredivisie
271218,Will Alves,id,Huddersfield Town,Huddersfield,League One,EFL League One
271411,Oliwier Zych,id,Raków Częstochowa,Raków,Ekstraklasa,PKO BP Ekstraklasa
71960,James Dornelly,id,Peterborough United,Peterborough,League One,EFL League One
214893,Szymon Sobczak,id,Arka Gdynia,,Ekstraklasa,PKO BP Ekstraklasa
227859,Jeong Hyun Cheol,id,Daegu FC,,K League 1,K League 1
252658,Baek Jong Beom,id,Gimcheon Sangmu FC,Gimcheon Sangmu,K League 1,K League 1
255337,Ryan Johansson,id,SV Wehen Wiesbaden,Wehen Wiesbaden,3. Liga,3. Liga
259406,Santiago Muñoz,id,Sporting Kansas City,Sporting KC,Major League Soccer,MLS
261755,Daan Reiziger,id,Telstar,,Eredivisie,Eredivisie
275610,Tomasz Wójtowicz,id,Lechia Gdańsk,,Ekstraklasa,PKO BP Ekstraklasa
75452,Kaye Furo,id,Club Brugge KV,Club Brugge,Pro League,1A Pro League
248118,Alexi Pitu,id,Vejle Boldklub,,Superliga,3F Superliga
259057,Leonardo Loria,id,Spezia,,Serie B,Serie BKT
263778,Kacper Sezonienko,id,Lechia Gdańsk,,Ekstraklasa,PKO BP Ekstraklasa
274022,Kim Ju Chan,id,Gimcheon Sangmu FC,Gimcheon Sangmu,K League 1,K League 1
276900,Hugo Cunha,id,Famalicão,FC Famalicão,Primeira Liga,Liga Portugal
277967,Jakub Mądrzyk,id,Raków Częstochowa,Raków,Ekstraklasa,PKO BP Ekstraklasa
72420,Benjamin Boakye,id,DSC Arminia Bielefeld,Arminia Bielefeld,2. Bundesliga,Bundesliga 2
73961,Alagie Sanyang,id,Sarpsborg 08 FF,Sarpsborg 08,Eliteserien,Eliteserien
74643,Imourane Hassane,id,Grasshopper Club Zürich,GC Zürich,Super League,Brack Super League
76410,Robinio Vaz,id,Olympique de Marseille,OM,Ligue 1,Ligue 1 McDonald's
77688,Bruno Jáuregui,id,Unión Española,,Primera Division,Sudamericana
214830,Sebastián Gonzalez,id,Club Atlético San Martín,,Liga Profesional de Fútbol,LPF
239494,Maximilian Thalhammer,id,SV Waldhof Mannheim,SV Waldhof,3. Liga,3. Liga
240068,Sumayhan Al Nabit,id,Al Ahli SFC,Al Ahli,Pro League,ROSHN Saudi League
255245,Choi Geon Ju,id,Daejeon Citizen,Daejeon Hana,K League 1,K League 1
260379,Noah Shamoun,id,IFK Värnamo,,Allsvenskan,Allsvenskan
266430,Oscar Uddenäs,id,Östers IF,,Allsvenskan,Allsvenskan
272487,Dani Pérez,id,Real Betis Balompié,Real Betis,La Liga,LALIGA EA SPORTS
277522,Nathan Paull,id,Central Coast Mariners,Central Coast,A-League Men,A-League
71205,Yoon Do Young,id,Excelsior,,Eredivisie,Eredivisie
72891,Makan Aïko,id,Fortuna Sittard,,Eredivisie,Eredivisie
243789,Agon Mucolli,id,Fredericia,,Superliga,3F Superliga
259751,Matthew Hoppe,id,Sønderjyske Fodbold,Sønderjyske,Superliga,3F Superliga
261196,DJ Taylor,id,Minnesota United FC,Minnesota United,Major League Soccer,MLS
263115,Jovon Makama,id,Norwich City,Norwich,Championship,EFL Championship
265468,Dale Taylor,id,Blackpool FC,Blackpool,League One,EFL League One
269560,Toni Stahl,id,1. FC Schweinfurt 05,,3. Liga,3. Liga
275982,Irakli Yegoian,id,Excelsior,,Eredivisie,Eredivisie
75751,Gonzalo Pastor,id,Famalicão,FC Famalicão,Primeira Liga,Liga Portugal
78127,Adriano Bregou,id,Panathinaikos FC,Panathinaikos,Super League,Hellas Liga
192695,Nathan Thompson,id,Milton Keynes Dons,MK Dons,League Two,EFL League Two
243302,Danny Musovski,id,Seattle Sounders FC,Sounders FC,Major League Soccer,MLS
251224,Paul-Philipp Besong,id,SSV Ulm 1846,,3. Liga,3. Liga
271940,Martial Godo,id,RC Strasbourg Alsace,Strasbourg,Ligue 1,Ligue 1 McDonald's
70545,Kaj de Rooij,id,PEC Zwolle,,Eredivisie,Eredivisie
76445,Ezekiel Alladoh,id,IF Brommapojkarna,Brommapojkarna,Allsvenskan,Allsvenskan
79933,Daniel Antosch,id,SC Rheindorf Altach,SCR Altach,Bundesliga,Ö. Bundesliga
258477,Yahya Kalley,id,IFK Norrköping,,Allsvenskan,Allsvenskan
262558,Anders Dahl,id,Fredericia,,Superliga,3F Superliga
263130,Muharem Husković,id,Blau-Weiß Linz,Blau-Weiss Linz,Bundesliga,Ö. Bundesliga
264817,Elias Hadaya,id,Sandefjord Fotball,Sandefjord,Eliteserien,Eliteserien
270940,Fabio Torsiello,id,Alemannia Aachen,Aleman. Aachen,3. Liga,3. Liga
279200,Buba Sangaré,id,Roma,AS Roma,Serie A,Serie A Enilive
69969,Juan Pablo Zozaya,id,Central Cordoba SdE,Central Córdoba,Liga Profesional de Fútbol,LPF
240218,Alexander Weidinger,id,SSV Jahn Regensburg,Jahn Regensburg,3. Liga,3. Liga
254294,Dominick Zator,id,Arka Gdynia,,Ekstraklasa,PKO BP Ekstraklasa
271101,Igor Strzałek,id,Bruk-Bet Termalica Nieciecza,,Ekstraklasa,PKO BP Ekstraklasa
276320,Donny Bogićević,id,SV Wehen Wiesbaden,Wehen Wiesbaden,3. Liga,3. Liga
277524,Anthony Pantazopoulos,id,Western Sydney Wanderers,WS Wanderers,A-League Men,A-League
72538,Lukas Graf,id,Grazer AK 1902,Grazer AK,Bundesliga,Ö. Bundesliga
76663,Robin Wallinder,id,Östers IF,,Allsvenskan,Allsvenskan
78704,Anderson Ceará,id,Csíkszereda Miercurea Ciuc,FK Csíkszereda,Liga I,SUPERLIGA
235274,Miłosz Mleczko,id,Bruk-Bet Termalica Nieciecza,,Ekstraklasa,PKO BP Ekstraklasa
248216,Thomas Hasal,id,Los Angeles FC,LAFC,Major League Soccer,MLS
273550,Jonathan Dean,id,Chicago Fire,Chicago Fire FC,Major League Soccer,MLS
70137,Julián Kadijevic,id,Gimnasia y Esgrima La Plata,Gimnasia,Liga Profesional de Fútbol,LPF
77524,Modou Kéba Cissé,id,LASK Linz,LASK,Bundesliga,Ö. Bundesliga
80165,Andrik Markgraf,id,1. FC Union Berlin,Union Berlin,Bundesliga,Bundesliga
205393,Jack Baldwin,id,Colchester United,Colchester,League Two,EFL League Two
223696,Mohamed Hamdaoui,id,Telstar,,Eredivisie,Eredivisie
255216,Eros Maddy,id,Stade Lavallois Mayenne FC,Laval MFC,Ligue 2,Ligue 2 BKT
256529,Vicente Bernedo,id,Universidad Católica,Uni. Católica,Primera Division,Liga Chile
259915,Jeff Gal,id,Chicago Fire,Chicago Fire FC,Major League Soccer,MLS
264289,Geovani,id,Daegu FC,,K League 1,K League 1
274377,Enso González,id,Wolverhampton Wanderers,Wolves,Premier League,Premier League
223373,Laurence Maguire,id,Milton Keynes Dons,MK Dons,League Two,EFL League Two
228148,Rushian Hepburn-Murphy,id,Milton Keynes Dons,MK Dons,League Two,EFL League Two
255952,Aldo Pérez,id,Guaraní,,División Profesional,Sudamericana
260156,Nicholas Bilokapić,id,Peterborough United,Peterborough,League One,EFL League One
272913,Amadeus Sögaard,id,IFK Norrköping,,Allsvenskan,Allsvenskan
78474,Ayoube Amaimouni,id,TSG 1899 Hoffenheim II,TSG Hoffenheim II,3. Liga,3. Liga
184143,Anders Jacobsen,id,Vejle Boldklub,,Superliga,3F Superliga
225026,Eric Björkander,id,IF Brommapojkarna,Brommapojkarna,Allsvenskan,Allsvenskan
251134,Fıratcan Üzüm,id,Gençlerbirliği SK,Gençlerbirliği,Süper Lig,Trendyol Süper Lig
269940,Xander Blomme,id,Go Ahead Eagles,,Eredivisie,Eredivisie
273022,Yeray,id,Racing Santander,R. Racing Club,La Liga 2,LALIGA HYPERMOTION
71671,Wilfred Correa,id,Caracas FC,,Primera Division,Sudamericana
73213,Miguel Narváez,id,Real Oviedo,R. Oviedo,La Liga,LALIGA EA SPORTS
202079,Davor Blažević,id,IF Brommapojkarna,Brommapojkarna,Allsvenskan,Allsvenskan
224421,Max Reinthaler,id,TSV 1860 München,,3. Liga,3. Liga
261753,Kenny Nagera,id,Rodez Aveyron Football,Rodez AF,Ligue 2,Ligue 2 BKT
268435,Charlie McNeill,id,Sheffield Wednesday,Sheffield Wed,Championship,EFL Championship
271920,Arana,id,Real Sociedad de Fútbol B,Real Sociedad B,La Liga 2,LALIGA HYPERMOTION
279641,Clinton Nsiala,id,Rangers FC,Rangers,Premiership,Scottish Prem
76865,Matias Tamminen,id,Östers IF,,Allsvenskan,Allsvenskan
234186,Yeon Je Woon,id,Jeonbuk Hyundai Motors,Jeonbuk Hyundai,K League 1,K League 1
260669,Cian Hayes,id,Peterborough United,Peterborough,League One,EFL League One
264502,Maxime Soulas,id,Sønderjyske Fodbold,Sønderjyske,Superliga,3F Superliga
272769,Niek Schiks,id,PSV,,Eredivisie,Eredivisie
277986,Thierry Gale,id,Bolton Wanderers,Bolton,League One,EFL League One
279717,Ayoub Aleesami,id,KFUM-Kameratene Oslo,KFUM-Kameratene,Eliteserien,Eliteserien
77078,Jacob Hanstad,id,Sandefjord Fotball,Sandefjord,Eliteserien,Eliteserien
79813,Giannis Bokos,id,Panathinaikos FC,Panathinaikos,Super League,Hellas Liga
80065,Joffrey Bultel,id,US Boulogne Cote d'Opale,US Boulogne,Ligue 2,Ligue 2 BKT
241828,Luke Offord,id,Milton Keynes Dons,MK Dons,League Two,EFL League Two
256730,Demba Thiam,id,US Boulogne Cote d'Opale,US Boulogne,Ligue 2,Ligue 2 BKT
272949,Manuel Brondo,id,Argentinos Juniors,Argentinos Jrs.,Liga Profesional de Fútbol,LPF
277421,Marco Esteban,id,Real Oviedo,R. Oviedo,La Liga,LALIGA EA SPORTS
279714,Momodou Lion Njie,id,Sarpsborg 08 FF,Sarpsborg 08,Eliteserien,Eliteserien
75690,Don-Angelo Konadu,id,Ajax,,Eredivisie,Eredivisie
77006,Mariano Bracamonte,id,Deportivo Riestra,Dep. Riestra,Liga Profesional de Fútbol,LPF
78356,José Luis Quiñones,id,Mushuc Runa,,Serie A,Sudamericana
79794,Amine El Farissi,id,US Boulogne Cote d'Opale,US Boulogne,Ligue 2,Ligue 2 BKT
244842,Evangelos Patoulidis,id,Sandefjord Fotball,Sandefjord,Eliteserien,Eliteserien
276358,Grant-Leon Ranos,id,Borussia Mönchengladbach,M'gladbach,Bundesliga,Bundesliga
76427,Darius Fălcușan,id,Universitatea Craiova,Univ. Craiova,Liga I,SUPERLIGA
254307,Oskar Sivertsen,id,Go Ahead Eagles,,Eredivisie,Eredivisie
258453,Benjamin Babati,id,Csíkszereda Miercurea Ciuc,FK Csíkszereda,Liga I,SUPERLIGA
194785,Tom Flanagan,id,Colchester United,Colchester,League Two,EFL League Two
196953,Toto Nsiala,id,Shrewsbury Town,Shrewsbury,League Two,EFL League Two
259514,Marcelo Pérez,id,Sportivo Luqueño,,División Profesional,Sudamericana
267881,Sota Kitano,id,FC Red Bull Salzburg,RB Salzburg,Bundesliga,Ö. Bundesliga
279897,Eric Puerto,id,RC Deportivo de La Coruña,RC Deportivo,La Liga 2,LALIGA HYPERMOTION
75754,Oskar Pietuszewski,id,Jagiellonia Białystok,Jagiellonia,Ekstraklasa,PKO BP Ekstraklasa
263418,Lucas Varaldo,id,Central Cordoba SdE,Central Córdoba,Liga Profesional de Fútbol,LPF
268498,Lukas Willen,id,SV Zulte Waregem,Zulte Waregem,Pro League,1A Pro League
228784,Qasem Lajami,id,Al Qadsiah FC,Al Qadsiah,Pro League,ROSHN Saudi League
255297,Kim Kang San,id,Gimcheon Sangmu FC,Gimcheon Sangmu,K League 1,K League 1
266375,Ousseni Bouda,id,San Jose Earthquakes,SJ Earthquakes,Major League Soccer,MLS
276324,Trévis Dago,id,Lille OSC,LOSC Lille,Ligue 1,Ligue 1 McDonald's
279489,Nader Jindaoui,id,TSG 1899 Hoffenheim II,TSG Hoffenheim II,3. Liga,3. Liga
71420,Mohammad Alsalkhadi,id,IFK Värnamo,,Allsvenskan,Allsvenskan
71861,Mame Mor Ndiaye,id,KFUM-Kameratene Oslo,KFUM-Kameratene,Eliteserien,Eliteserien
75895,Dimitrios Kottas,id,PAOK,PAOK FC,Super League,Hellas Liga
75923,Gonzalo Tapia,id,CD Palestino,,Primera Division,Sudamericana
261358,Youssuf Sylla,id,Jagiellonia Białystok,Jagiellonia,Ekstraklasa,PKO BP Ekstraklasa
262005,Dejan Galjen,id,SSV Jahn Regensburg,Jahn Regensburg,3. Liga,3. Liga
76944,Rayane Bounida,id,Ajax,,Eredivisie,Eredivisie
76784,Findlay Curtis,id,Rangers FC,Rangers,Premiership,Scottish Prem
267929,Valentín Adamo,id,Boston River,,Primera División,Sudamericana
274262,Lucas Quintana,id,Cerro Porteño,,División Profesional,Libertadores
73138,Riccardo Tonin,id,Pescara,,Serie B,Serie BKT
229771,Conor McCarthy,id,Northampton Town,Northampton,League One,EFL League One
232550,Artem Putivtsev,id,Bruk-Bet Termalica Nieciecza,,Ekstraklasa,PKO BP Ekstraklasa
78014,Dani Díaz,id,Real Sociedad de Fútbol B,Real Sociedad B,La Liga 2,LALIGA HYPERMOTION
257236,André Becker,id,SSV Ulm 1846,,3. Liga,3. Liga
244040,Patrick Schmidt,id,1. FC Saarbrücken,Saarbrücken,3. Liga,3. Liga
73080,Moïse Adilèhou,id,Stade Lavallois Mayenne FC,Laval MFC,Ligue 2,Ligue 2 BKT
279738,Mathias Tønnessen,id,KFUM-Kameratene Oslo,KFUM-Kameratene,Eliteserien,Eliteserien
79931,Alexander Hofleitner,id,Grazer AK 1902,Grazer AK,Bundesliga,Ö. Bundesliga
263702,Samuel Adeniran,id,LASK Linz,LASK,Bundesliga,Ö. Bundesliga
266736,Bert Esselink,id,Dundee United FC,Dundee United,Premiership,Scottish Prem
268483,Preston Judd,id,San Jose Earthquakes,SJ Earthquakes,Major League Soccer,MLS
231379,Niklas Hoffmann,id,SV Waldhof Mannheim,SV Waldhof,3. Liga,3. Liga
246345,Jo Jin Woo,id,Daegu FC,,K League 1,K League 1
73759,Gabriel Otegbayo,id,Sheffield Wednesday,Sheffield Wed,Championship,EFL Championship
279063,Leandro Hernández,id,Colo-Colo,,Primera Division,Libertadores
183807,Pádraig Amond,id,Waterford FC,Waterford,Premier Division,SSE Airtricity PD
247490,Jacob Haahr,id,Bryne FK,,Eliteserien,Eliteserien
271754,Arif Kocaman,id,Kayserispor,,Süper Lig,Trendyol Süper Lig
72894,Lorenzo Milani,id,Heracles Almelo,,Eredivisie,Eredivisie
79639,Mathis Magnin,id,Rodez Aveyron Football,Rodez AF,Ligue 2,Ligue 2 BKT
213323,Saulo Decarli,id,Grasshopper Club Zürich,GC Zürich,Super League,Brack Super League
229856,Javier Parraguez,id,Deportes Iquique,,Primera Division,Sudamericana
267486,Andrin Hunziker,id,FC Winterthur,,Super League,Brack Super League
70460,Jesse van de Haar,id,FC Utrecht,,Eredivisie,Eredivisie
75084,Tobias Hedl,id,SV Zulte Waregem,Zulte Waregem,Pro League,1A Pro League
271317,Rafael Fernandes,id,Lille OSC,LOSC Lille,Ligue 1,Ligue 1 McDonald's
254750,Brage Skaret,id,KFUM-Kameratene Oslo,KFUM-Kameratene,Eliteserien,Eliteserien
266015,Anton Eriksson,id,IFK Norrköping,,Allsvenskan,Allsvenskan
205139,Paddy Barrett,id,Shelbourne FC,Shelbourne,Premier Division,SSE Airtricity PD
74050,Juan José Guevara,id,Sporting Club Bastia,,Ligue 2,Ligue 2 BKT
79311,Luc Marijnissen,id,FCV Dender EH,,Pro League,1A Pro League
190560,Omar González,id,Chicago Fire,Chicago Fire FC,Major League Soccer,MLS
260798,Elkan Baggott,id,Ipswich Town,Ipswich,Championship,EFL Championship
77007,Eric Tovo,id,Deportivo Riestra,Dep. Riestra,Liga Profesional de Fútbol,LPF
236677,Ignacio Tapia,id,Universidad de Chile,,Primera Division,Libertadores
251924,Nathan Zohoré,id,US Boulogne Cote d'Opale,US Boulogne,Ligue 2,Ligue 2 BKT
256519,Jordy Gillekens,id,SV Wehen Wiesbaden,Wehen Wiesbaden,3. Liga,3. Liga
279228,Fabio Ruggeri,id,Carrarese,Carrarese Calcio,Serie B,Serie BKT
267801,Ryan Sailor,id,Inter Miami,Inter Miami CF,Major League Soccer,MLS
77148,Alejandro Pósito,id,Sporting Cristal,,Liga 1,Libertadores
221316,Matías Blázquez,id,Deportes Iquique,,Primera Division,Sudamericana
243534,Tim Campulka,id,FC Energie Cottbus,Energie Cottbus,3. Liga,3. Liga
261821,Martín González,id,Boston River,,Primera División,Sudamericana
188782,Michael Morrison,id,Cambridge United,Cambridge Utd,League Two,EFL League Two
259954,Renato Rojas,id,Atlético Grau,,Liga 1,Sudamericana
187154,Niall Canavan,id,Barrow,,League Two,EFL League Two
224267,Fabio Varesi-Strauss,id,Blau-Weiß Linz,Blau-Weiss Linz,Bundesliga,Ö. Bundesliga
258749,Samson Tovide,id,Colchester United,Colchester,League Two,EFL League Two
221801,Liao Lisheng,id,Shenzhen Peng City,SZ Peng City,Super League,CSL
79397,Gibson Yah,id,FC Volendam,,Eredivisie,Eredivisie
247085,Will Hondermarck,id,Bromley,Bromley FC,League Two,EFL League Two
257809,Alexandru Oroian,id,FC Hermannstadt,,Liga I,SUPERLIGA
222714,Connor Evans,id,Milton Keynes Dons,MK Dons,League Two,EFL League Two
225625,Kane Vincent-Young,id,Colchester United,Colchester,League Two,EFL League Two
241335,Zhang Xiuwei,id,Qingdao West Coast FC,Qingdao W. Coast,Super League,CSL
266496,Min Gyeong Hyeon,id,Gimcheon Sangmu FC,Gimcheon Sangmu,K League 1,K League 1
265478,Emiliano Viveros,id,Argentinos Juniors,Argentinos Jrs.,Liga Profesional de Fútbol,LPF
266654,Alassane Sidibe,id,Arka Gdynia,,Ekstraklasa,PKO BP Ekstraklasa
73673,Peyton Miller,id,New England Revolution,New England,Major League Soccer,MLS
277849,Luciano Pascual,id,Godoy Cruz,,Liga Profesional de Fútbol,LPF
239974,Dario Ulrich,id,FC Winterthur,,Super League,Brack Super League
251291,De Erjiaduo,id,Chengdu Rongcheng,Chengdu FC,Super League,CSL
278040,Ben Woods,id,Peterborough United,Peterborough,League One,EFL League One
211928,Dominic Gape,id,Colchester United,Colchester,League Two,EFL League Two
267771,Evan Caffrey,id,Shelbourne FC,Shelbourne,Premier Division,SSE Airtricity PD
79554,Bismark Edjeodji,id,Vejle Boldklub,,Superliga,3F Superliga
259854,Tim Latteier,id,1. FC Schweinfurt 05,,3. Liga,3. Liga
73359,Ayrton Portillo,id,Club Atlético San Martín,,Liga Profesional de Fútbol,LPF
76904,Mansour Sinyan,id,KFUM-Kameratene Oslo,KFUM-Kameratene,Eliteserien,Eliteserien
70687,Federico Medina,id,Cerro Largo,,Primera División,Sudamericana
72918,Isaac Pappoe,id,Dundee United FC,Dundee United,Premiership,Scottish Prem
76108,Mohamed Sanogo,id,LASK Linz,LASK,Bundesliga,Ö. Bundesliga
262384,Patrick Greil,id,SC Rheindorf Altach,SCR Altach,Bundesliga,Ö. Bundesliga
276659,Kalifa Kujabi,id,FC Hermannstadt,,Liga I,SUPERLIGA
276708,Juan Cardozo,id,Argentinos Juniors,Argentinos Jrs.,Liga Profesional de Fútbol,LPF
240535,Ellis Chapman,id,Shelbourne FC,Shelbourne,Premier Division,SSE Airtricity PD
72758,Janis Juckel,id,FC Energie Cottbus,Energie Cottbus,3. Liga,3. Liga
220087,Fabrício Baiano,id,Asociația Clubul Sportiv Petrolul 52,FC Petrolul,Liga I,SUPERLIGA
70953,Alwande Roaldsøy,id,Hamarkameratene,HamKam Fotball,Eliteserien,Eliteserien
72098,Darryl Bakola,id,Olympique de Marseille,OM,Ligue 1,Ligue 1 McDonald's
213094,Storm Roux,id,Central Coast Mariners,Central Coast,A-League Men,A-League
242600,Nicklas Strunck,id,Bryne FK,,Eliteserien,Eliteserien
255850,Taiga Hata,id,Sint-Truidense VV,STVV,Pro League,1A Pro League
256296,Pius Krätschmer,id,1. FC Schweinfurt 05,,3. Liga,3. Liga
257872,George Thomson,id,Harrogate Town,,League Two,EFL League Two
261276,James Clarke,id,Bohemian FC,Bohemians,Premier Division,SSE Airtricity PD
271139,Jacob Mendy,id,Peterborough United,Peterborough,League One,EFL League One
274408,Santiago Salle,id,Club Atlético San Martín,,Liga Profesional de Fútbol,LPF
71786,Sergio Villamil,id,Gualberto Villarroel SJ,,División de Fútbol Profesional,Sudamericana
228751,Marcin Listkowski,id,Jagiellonia Białystok,Jagiellonia,Ekstraklasa,PKO BP Ekstraklasa
233946,Tong Lei,id,Zhejiang FC,Zhejiang Pro,Super League,CSL
256392,Alou Kuol,id,Western Sydney Wanderers,WS Wanderers,A-League Men,A-League
77152,Sean Steur,id,Ajax,,Eredivisie,Eredivisie
79837,Valy Konate,id,Cercle Brugge KSV,Cercle Brugge,Pro League,1A Pro League
223727,Craig MacGillivray,id,Milton Keynes Dons,MK Dons,League Two,EFL League Two
242240,Louis D'Arrigo,id,Melbourne Victory,Melb. Victory,A-League Men,A-League
246043,Jang Seong Won,id,Daegu FC,,K League 1,K League 1
262839,Oliver Wähling,id,Blau-Weiß Linz,Blau-Weiss Linz,Bundesliga,Ö. Bundesliga
266762,Sebastián Jaurena,id,Club Atlético San Martín,,Liga Profesional de Fútbol,LPF
72627,Andrei Dorobanțu,id,Unirea Slobozia,,Liga I,SUPERLIGA
79691,Nodar Lominadze,id,GD Estoril Praia,Estoril Praia,Primeira Liga,Liga Portugal
167512,Shaun Whalley,id,Accrington Stanley,Accrington,League Two,EFL League Two
224690,Li Ang,id,Shanghai Port,Shanghai Port FC,Super League,CSL
244715,Taylor Perry,id,Shrewsbury Town,Shrewsbury,League Two,EFL League Two
256791,Lee Jin Yong,id,Daegu FC,,K League 1,K League 1
260403,George Broadbent,id,Doncaster Rovers,Doncaster,League One,EFL League One
263514,Abdoulaye Kamara,id,1. FC Saarbrücken,Saarbrücken,3. Liga,3. Liga
274528,Lewis Schouten,id,Excelsior,,Eredivisie,Eredivisie
212791,Kim Seung Dae,id,Daejeon Citizen,Daejeon Hana,K League 1,K League 1
225674,Diego Fernández,id,Deportes Iquique,,Primera Division,Sudamericana
264065,Alessandro Lopane,id,Melbourne City FC,Melbourne City,A-League Men,A-League
264786,Derek Mazou-Sacko,id,Millwall FC,Millwall,Championship,EFL Championship
76934,Elkin Rivero,id,Atlético Nacional,Atl. Nacional,Categoría Primera A,Libertadores
210368,Jack Duncan,id,Melbourne Victory,Melb. Victory,A-League Men,A-League
242276,Wang Ziming,id,Beijing Guoan,Beijing FC,Super League,CSL
252175,Aldo Maíz,id,Guaraní,,División Profesional,Sudamericana
276618,David Irimia,id,Metaloglobus București,,Liga I,SUPERLIGA
224685,Zhang Xiaobin,id,Shenzhen Peng City,SZ Peng City,Super League,CSL
229620,Vladimir Rodić,id,Östers IF,,Allsvenskan,Allsvenskan
269149,Elliot Newby,id,Barrow,,League Two,EFL League Two
277922,Kamari Doyle,id,Reading FC,Reading,League One,EFL League One
72390,Wyll Stanway,id,Barrow,,League Two,EFL League Two
72695,Dorin Codrea,id,Universitatea Cluj,FC Univ. Cluj,Liga I,SUPERLIGA
200672,Zhang Linpeng,id,Shanghai Port,Shanghai Port FC,Super League,CSL
242258,Harrison Biggins,id,Shrewsbury Town,Shrewsbury,League Two,EFL League Two
263801,Joe Tomlinson,id,Milton Keynes Dons,MK Dons,League Two,EFL League Two
268909,Tony Springett,id,Norwich City,Norwich,Championship,EFL Championship
77559,Ilay Feingold,id,New England Revolution,New England,Major League Soccer,MLS
214440,Darío Melo,id,Universidad Católica,Uni. Católica,Primera Division,Liga Chile
225511,Connal Trueman,id,Milton Keynes Dons,MK Dons,League Two,EFL League Two
227653,Earl Edwards Jr.,id,San Jose Earthquakes,SJ Earthquakes,Major League Soccer,MLS
240599,Callum Hendry,id,Motherwell FC,Motherwell,Premiership,Scottish Prem
242366,Tom Sang,id,Shrewsbury Town,Shrewsbury,League Two,EFL League Two
244837,Lee Si Young,id,Suwon FC,,K League 1,K League 1
70327,Ousmane Diawara,id,SC Rheindorf Altach,SCR Altach,Bundesliga,Ö. Bundesliga
73934,Rubén López,id,RC Deportivo de La Coruña,RC Deportivo,La Liga 2,LALIGA HYPERMOTION
229402,Daniel Castillo,id,Deportes Iquique,,Primera Division,Sudamericana
243924,Mouhamadou Drammeh,id,Universitatea Cluj,FC Univ. Cluj,Liga I,SUPERLIGA
278043,Amine Naïfi,id,1. FC Saarbrücken,Saarbrücken,3. Liga,3. Liga
73524,Marvin Kaleta,id,Rotherham United,Rotherham Utd,League One,EFL League One
77814,Lucas Jetten,id,Ajax,,Eredivisie,Eredivisie
78676,David Matei,id,Universitatea Craiova,Univ. Craiova,Liga I,SUPERLIGA
227616,Amund Wichne,id,FK Haugesund,,Eliteserien,Eliteserien
228685,Elliott List,id,Northampton Town,Northampton,League One,EFL League One
262930,Daniel Oyegoke,id,Hellas Verona FC,Hellas Verona,Serie A,Serie A Enilive
276534,Ben Westermeier,id,SSV Ulm 1846,,3. Liga,3. Liga
278757,Gonzalo Aguirre,id,Cienciano,,Liga 1,Sudamericana
279926,Dadie,id,Real Sociedad de Fútbol B,Real Sociedad B,La Liga 2,LALIGA HYPERMOTION
70753,Blessing Edet,id,Caracas FC,,Primera Division,Sudamericana
208987,Ibrahim Zaid,id,Al Hazem FC,Al Hazem,Pro League,ROSHN Saudi League
211358,Julien Fabri,id,Sporting Club Bastia,,Ligue 2,Ligue 2 BKT
215374,Scott Hogan,id,Milton Keynes Dons,MK Dons,League Two,EFL League Two
243773,Kilian Ludewig,id,Asociația Clubul Sportiv Petrolul 52,FC Petrolul,Liga I,SUPERLIGA
247667,Kim Tae Hwan,id,Gimcheon Sangmu FC,Gimcheon Sangmu,K League 1,K League 1
261100,Noah Söderberg,id,Östers IF,,Allsvenskan,Allsvenskan
276247,Valon Hamdiu,id,Unirea Slobozia,,Liga I,SUPERLIGA
70681,Gonzalo Siri,id,Argentinos Juniors,Argentinos Jrs.,Liga Profesional de Fútbol,LPF
75787,Precious Ugwu,id,FC Volendam,,Eredivisie,Eredivisie
236689,Khaled Al Samiri,id,Damac FC,,Pro League,ROSHN Saudi League
240473,Tyreke Wilson,id,Shelbourne FC,Shelbourne,Premier Division,SSE Airtricity PD
259186,Scott Smith,id,Barrow,,League Two,EFL League Two
260533,Joshua Rawlins,id,Melbourne Victory,Melb. Victory,A-League Men,A-League
77090,Mike Vestergård,id,Vejle Boldklub,,Superliga,3F Superliga
77483,Frankie Westfield,id,Philadelphia Union,Philadelphia,Major League Soccer,MLS
235345,Gabriel Iancu,id,FCV Farul Constanța,Farul Constanța,Liga I,SUPERLIGA
264147,Nicolas Palavecino,id,Club Atlético Unión,Unión,Liga Profesional de Fútbol,LPF
70511,Gaoussou Diakité,id,FC Lausanne-Sport,Lausanne-Sport,Super League,Brack Super League
77035,Tate Johnson,id,Vancouver Whitecaps FC,Whitecaps FC,Major League Soccer,MLS
78799,David Berger,id,SV Ried,SV Oberbank Ried,Bundesliga,Ö. Bundesliga
79694,Bence Végh,id,Csíkszereda Miercurea Ciuc,FK Csíkszereda,Liga I,SUPERLIGA
223868,Tobias Schützenauer,id,LASK Linz,LASK,Bundesliga,Ö. Bundesliga
251830,Denzel Hall,id,Rotherham United,Rotherham Utd,League One,EFL League One
254230,Sabit Abdulai,id,Alverca,FC Alverca,Primeira Liga,Liga Portugal
257126,Teddy Sharman-Lowe,id,Bolton Wanderers,Bolton,League One,EFL League One
260825,Jelle Duin,id,Vejle Boldklub,,Superliga,3F Superliga
266373,Ben Bender,id,Philadelphia Union,Philadelphia,Major League Soccer,MLS
276292,Florian Bähr,id,TSG 1899 Hoffenheim II,TSG Hoffenheim II,3. Liga,3. Liga
72780,Felix Meyer,id,Alemannia Aachen,Aleman. Aachen,3. Liga,3. Liga
229433,Adrián Zendejas,id,Vancouver Whitecaps FC,Whitecaps FC,Major League Soccer,MLS
253041,Jean-Lambert Evan's,id,Rodez Aveyron Football,Rodez AF,Ligue 2,Ligue 2 BKT
271633,Kilian Toscano,id,Atlético Nacional,Atl. Nacional,Categoría Primera A,Libertadores
278177,Luca Raimund,id,Fortuna Düsseldorf,Düsseldorf,2. Bundesliga,Bundesliga 2
279546,Leo Castledine,id,Huddersfield Town,Huddersfield,League One,EFL League One
71078,Kevin Coronel,id,Argentinos Juniors,Argentinos Jrs.,Liga Profesional de Fútbol,LPF
77026,Valentin Escalante,id,San Lorenzo de Almagro,San Lorenzo,Liga Profesional de Fútbol,LPF
78614,William Madsen,id,Fredericia,,Superliga,3F Superliga
255881,Álex Vázquez,id,Racing Club de Montevideo,,Primera División,Sudamericana
279686,Ervin Vaca,id,Bolívar,,División de Fútbol Profesional,Libertadores
76667,Lukas Bergquist,id,Östers IF,,Allsvenskan,Allsvenskan
76964,Zétény Jánó,id,Grazer AK 1902,Grazer AK,Bundesliga,Ö. Bundesliga
261348,Gabriel Norambuena,id,Unión Española,,Primera Division,Sudamericana
268416,Brad Tapp,id,Central Coast Mariners,Central Coast,A-League Men,A-League
278112,Milosz Piekutowski,id,Jagiellonia Białystok,Jagiellonia,Ekstraklasa,PKO BP Ekstraklasa
76307,Dilan Rojas,id,Deportes Iquique,,Primera Division,Sudamericana
78101,Vicente Espinoza,id,CD Palestino,,Primera Division,Sudamericana
220881,Valmir Sulejmani,id,Alemannia Aachen,Aleman. Aachen,3. Liga,3. Liga
222878,Tyler Walker,id,Barrow,,League Two,EFL League Two
243764,Brandon Kavanagh,id,St Patrick's Athletic FC,St. Pats,Premier Division,SSE Airtricity PD
248458,Camilo García,id,Once Caldas,,Categoría Primera A,Sudamericana
254194,Gustavo Salvatierra,id,San Antonio Bulo Bulo,,División de Fútbol Profesional,Libertadores
256036,Andri Fannar Baldursson,id,Kasımpaşa SK,Kasımpaşa,Süper Lig,Trendyol Süper Lig
262242,Sidney Raebiger,id,Eintracht Braunschweig,Braunschweig,2. Bundesliga,Bundesliga 2
265636,Cristian Riquelme,id,Colo-Colo,,Primera Division,Libertadores
268401,Filip Loftesnes-Bjune,id,Sandefjord Fotball,Sandefjord,Eliteserien,Eliteserien
272399,Lawrence Agyekum,id,Cercle Brugge KSV,Cercle Brugge,Pro League,1A Pro League
73254,Divine Teah,id,SK Slavia Praha,Slavia Praha,První liga,Česká Liga
258238,Ali Yavuz Kol,id,Kasımpaşa SK,Kasımpaşa,Süper Lig,Trendyol Süper Lig
258981,Bryan Soto,id,Deportes Iquique,,Primera Division,Sudamericana
259511,Sebastián Maldonado,id,Sportivo Luqueño,,División Profesional,Sudamericana
261190,Bassam Al Hurayji,id,Al Ahli SFC,Al Ahli,Pro League,ROSHN Saudi League
265543,Agustín Pérez,id,Cerro Largo,,Primera División,Sudamericana
277645,Afonso Rodrigues,id,CD Tondela,,Primeira Liga,Liga Portugal
173533,David Button,id,Ipswich Town,Ipswich,Championship,EFL Championship
254191,Roberto Rivas,id,Gualberto Villarroel SJ,,División de Fútbol Profesional,Sudamericana
256110,Jack Skahan,id,San Jose Earthquakes,SJ Earthquakes,Major League Soccer,MLS
257009,Justin Butler,id,FC Energie Cottbus,Energie Cottbus,3. Liga,3. Liga
70435,Facundo Masuero,id,Defensa y Justicia,Defensa,Liga Profesional de Fútbol,LPF
78540,Charles Herrmann,id,Borussia Mönchengladbach,M'gladbach,Bundesliga,Bundesliga
78795,Fabian Rossdorfer,id,SV Ried,SV Oberbank Ried,Bundesliga,Ö. Bundesliga
198039,Mark Gillespie,id,Newcastle United,Newcastle Utd,Premier League,Premier League
230149,Jack Senior,id,Doncaster Rovers,Doncaster,League One,EFL League One
231878,Tyler Miller,id,Bolton Wanderers,Bolton,League One,EFL League One
255621,Dayle Rooney,id,Bohemian FC,Bohemians,Premier Division,SSE Airtricity PD
258048,Pedro David Ramírez,id,Deportivo Riestra,Dep. Riestra,Liga Profesional de Fútbol,LPF
72537,Yannick Oberleitner,id,Grazer AK 1902,Grazer AK,Bundesliga,Ö. Bundesliga
76519,Love Arrhov,id,IF Brommapojkarna,Brommapojkarna,Allsvenskan,Allsvenskan
79293,Jorge Meireles,id,Estrela da Amadora,Estrela Amadora,Primeira Liga,Liga Portugal
195126,John Marquis,id,Shrewsbury Town,Shrewsbury,League Two,EFL League Two
238889,Alejandro Artunduaga,id,Atlético Bucaramanga,,Categoría Primera A,Libertadores
243588,Tom McGill,id,Brighton & Hove Albion,Brighton,Premier League,Premier League
248487,Lee Soo Bin,id,Gimcheon Sangmu FC,Gimcheon Sangmu,K League 1,K League 1
265521,Peru Rodríguez,id,Real Sociedad de Fútbol B,Real Sociedad B,La Liga 2,LALIGA HYPERMOTION
269683,Islam Hawsawi,id,NEOM SC,Neom,Pro League,ROSHN Saudi League
277431,Raphaël Lipinski,id,Rodez Aveyron Football,Rodez AF,Ligue 2,Ligue 2 BKT
69965,Marcus Melchior,id,Sandefjord Fotball,Sandefjord,Eliteserien,Eliteserien
73297,Stefan Krell,id,Asociația Clubul Sportiv Petrolul 52,FC Petrolul,Liga I,SUPERLIGA
78216,Noham Kamara,id,Paris Saint-Germain,Paris SG,Ligue 1,Ligue 1 McDonald's
79113,Emirhan Demircan,id,FC Utrecht,,Eredivisie,Eredivisie
219854,Grant Smith,id,Bromley,Bromley FC,League Two,EFL League Two
220045,Connor Mahoney,id,Barrow,,League Two,EFL League Two
224017,MJ Williams,id,Barrow,,League Two,EFL League Two
233868,George Gavrilaș,id,Metaloglobus București,,Liga I,SUPERLIGA
256847,Tobias Sommer,id,Sønderjyske Fodbold,Sønderjyske,Superliga,3F Superliga
278237,Davide Bartesaghi,id,AC Milan,Milano FC,Serie A,Serie A Enilive
79641,Issiaka Karamoko,id,Sporting Club Bastia,,Ligue 2,Ligue 2 BKT
184148,Jo Coppens,id,Sint-Truidense VV,STVV,Pro League,1A Pro League
205942,Silviu Lung,id,Universitatea Craiova,Univ. Craiova,Liga I,SUPERLIGA
240572,Emilio Simonsen,id,Fredericia,,Superliga,3F Superliga
263486,Tiago Çukur,id,Fatih Karagümrük,,Süper Lig,Trendyol Süper Lig
272545,Ionuț Cojocaru,id,FCV Farul Constanța,Farul Constanța,Liga I,SUPERLIGA
234924,Adama Diakhaby,id,SV Waldhof Mannheim,SV Waldhof,3. Liga,3. Liga
257546,Fredrik Carson Pedersen,id,Sandefjord Fotball,Sandefjord,Eliteserien,Eliteserien
260401,Mamadi Camará,id,Reading FC,Reading,League One,EFL League One
269827,Erhan Erentürk,id,Gençlerbirliği SK,Gençlerbirliği,Süper Lig,Trendyol Süper Lig
276710,Alin Chinteș,id,Universitatea Cluj,FC Univ. Cluj,Liga I,SUPERLIGA
71646,Jhon Cristian Velásquez,id,Bolívar,,División de Fútbol Profesional,Libertadores
190822,Eirik Holmen Johansen,id,Strømsgodset IF,,Eliteserien,Eliteserien
215420,Robbie Muirhead,id,Livingston FC,Livingston,Premiership,Scottish Prem
226429,Ali Coote,id,Shelbourne FC,Shelbourne,Premier Division,SSE Airtricity PD
274999,Kennedy Okpala,id,SV Waldhof Mannheim,SV Waldhof,3. Liga,3. Liga
71814,Charlie Crew,id,Doncaster Rovers,Doncaster,League One,EFL League One
215419,Cammy Kerr,id,Livingston FC,Livingston,Premiership,Scottish Prem
240431,Jozef Dolný,id,Csíkszereda Miercurea Ciuc,FK Csíkszereda,Liga I,SUPERLIGA
260299,Diego Gil,id,Carabobo FC,,Primera Division,Libertadores
263138,Luca Bolay,id,SC Preußen Münster,Preußen Münster,2. Bundesliga,Bundesliga 2
263951,Fin Back,id,Wycombe Wanderers,Wycombe,League One,EFL League One
75260,Orlando Gill,id,San Lorenzo de Almagro,San Lorenzo,Liga Profesional de Fútbol,LPF
76062,Paul Hennrich,id,TSG 1899 Hoffenheim II,TSG Hoffenheim II,3. Liga,3. Liga
272659,Ensar Aksakal,id,SSV Ulm 1846,,3. Liga,3. Liga
279880,Renato Marin,id,Paris Saint-Germain,Paris SG,Ligue 1,Ligue 1 McDonald's
76500,Robert Ramsak,id,Eintracht Braunschweig,Braunschweig,2. Bundesliga,Bundesliga 2
224544,Zhao Honglue,id,Qingdao West Coast FC,Qingdao W. Coast,Super League,CSL
240865,Anthony Scully,id,Shrewsbury Town,Shrewsbury,League Two,EFL League Two
259655,Phillip Čančar,id,Western Sydney Wanderers,WS Wanderers,A-League Men,A-League
264514,Sam Curtis,id,Sheffield United,Sheffield Utd,Championship,EFL Championship
272787,Simon Simoni,id,1. FC Kaiserslautern,Kaiserslautern,2. Bundesliga,Bundesliga 2
275161,David Andersson,id,IFK Norrköping,,Allsvenskan,Allsvenskan
75081,Emmanuel Kakou,id,Cercle Brugge KSV,Cercle Brugge,Pro League,1A Pro League
75612,Yojan Garcés,id,América de Cali,,Categoría Primera A,Sudamericana
194894,Francesco Rossi,id,Atalanta,Bergamo Calcio,Serie A,Serie A Enilive
234638,Henrik Udahl,id,KFUM-Kameratene Oslo,KFUM-Kameratene,Eliteserien,Eliteserien
247518,Tom Bradbury,id,Harrogate Town,,League Two,EFL League Two
265793,Luke Plange,id,Grasshopper Club Zürich,GC Zürich,Super League,Brack Super League
274055,Isaac Hughes,id,Wellington Phoenix,Well. Phoenix,A-League Men,A-League
275327,Lovro Štubljar,id,FC Groningen,,Eredivisie,Eredivisie
277210,Juan Francisco Rossel,id,Universidad Católica,Uni. Católica,Primera Division,Liga Chile
278333,Andres Sfait,id,CFR Cluj,CFR 1907 Cluj,Liga I,SUPERLIGA
279196,Nahuel Arias,id,San Lorenzo de Almagro,San Lorenzo,Liga Profesional de Fútbol,LPF
247428,David Ochoa,id,Los Angeles FC,LAFC,Major League Soccer,MLS
248221,Mu Pengfei,id,Qingdao Hainiu FC,Qingdao Hainiu,Super League,CSL
278987,Kamarl Grant,id,Millwall FC,Millwall,Championship,EFL Championship
74705,Ali Jasim,id,Al-Najma SC,,Pro League,ROSHN Saudi League
75264,Edmund Baidoo,id,FC Red Bull Salzburg,RB Salzburg,Bundesliga,Ö. Bundesliga
241052,Kacper Chorążka,id,Bohemian FC,Bohemians,Premier Division,SSE Airtricity PD
248167,Jostein Ekeland,id,Strømsgodset IF,,Eliteserien,Eliteserien
277790,Luis Fernando Paz,id,Bolívar,,División de Fútbol Profesional,Libertadores
74591,Ro Abajas,id,SD Huesca,,La Liga 2,LALIGA HYPERMOTION
75838,David van der Werff,id,FC Groningen,,Eredivisie,Eredivisie
76635,Igor Spiridonov,id,Bryne FK,,Eliteserien,Eliteserien
76869,Elohim Kaboré,id,Hammarby Fotboll,Hammarby IF,Allsvenskan,Allsvenskan
78445,Valentin Lässig,id,TSG 1899 Hoffenheim II,TSG Hoffenheim II,3. Liga,3. Liga
189808,Paddy Madden,id,Accrington Stanley,Accrington,League Two,EFL League Two
262988,Göktan Gürpüz,id,Gençlerbirliği SK,Gençlerbirliği,Süper Lig,Trendyol Süper Lig
263313,Paul Mensah,id,Blau-Weiß Linz,Blau-Weiss Linz,Bundesliga,Ö. Bundesliga
269726,Ayman Aiki,id,Sporting Club Bastia,,Ligue 2,Ligue 2 BKT
276270,Benedikt Bauer,id,SSV Jahn Regensburg,Jahn Regensburg,3. Liga,3. Liga
278571,Yanis Issoufou,id,Montpellier HSC,Montpellier,Ligue 2,Ligue 2 BKT
72637,Ionuț Dinu,id,Unirea Slobozia,,Liga I,SUPERLIGA
73504,Olti Hyseni,id,Sønderjyske Fodbold,Sønderjyske,Superliga,3F Superliga
259617,Jaime Villamil,id,Gualberto Villarroel SJ,,División de Fútbol Profesional,Sudamericana
269732,Rocco Ríos Novo,id,Inter Miami,Inter Miami CF,Major League Soccer,MLS
273692,Kofi Balmer,id,Motherwell FC,Motherwell,Premiership,Scottish Prem
75866,Maxime Blé,id,Sporting Club Bastia,,Ligue 2,Ligue 2 BKT
79638,Octave Joly,id,Rodez Aveyron Football,Rodez AF,Ligue 2,Ligue 2 BKT
222164,Arkadiusz Kasperkiewicz,id,Bruk-Bet Termalica Nieciecza,,Ekstraklasa,PKO BP Ekstraklasa
270044,Lukas Mazagg,id,SSV Ulm 1846,,3. Liga,3. Liga
271496,Kaare Barslund,id,IF Brommapojkarna,Brommapojkarna,Allsvenskan,Allsvenskan
277635,Markus Jensen,id,FC Utrecht,,Eredivisie,Eredivisie
277661,André Seruca,id,FCV Farul Constanța,Farul Constanța,Liga I,SUPERLIGA
70117,Håvar Grøntvedt Jenssen,id,Sarpsborg 08 FF,Sarpsborg 08,Eliteserien,Eliteserien
70765,Junior Ndiaye,id,Montpellier HSC,Montpellier,Ligue 2,Ligue 2 BKT
79125,János Hegedűs,id,Csíkszereda Miercurea Ciuc,FK Csíkszereda,Liga I,SUPERLIGA
231520,Kevin Sibille,id,East Bengal FC,East Bengal,Super League,ISL
265561,Álex Oyón,id,Real Sporting de Gijón,R. Sporting,La Liga 2,LALIGA HYPERMOTION
276561,Daniel Bennie,id,Queens Park Rangers,QPR,Championship,EFL Championship
76905,Alejo Osella,id,Independiente Rivadavia,Ind. Rivadavia,Liga Profesional de Fútbol,LPF
252330,Rumarn Burrell,id,Queens Park Rangers,QPR,Championship,EFL Championship
258032,Kai Meriluoto,id,IFK Värnamo,,Allsvenskan,Allsvenskan
269747,Julius Dirksen,id,Go Ahead Eagles,,Eredivisie,Eredivisie
70237,Niklas Castelle,id,Alemannia Aachen,Aleman. Aachen,3. Liga,3. Liga
74755,Dalangunypole Gomis,id,Cercle Brugge KSV,Cercle Brugge,Pro League,1A Pro League
76967,Michał Głogowski,id,Lechia Gdańsk,,Ekstraklasa,PKO BP Ekstraklasa
244046,Patrick,id,Oțelul Galați,SC Oțelul Galați,Liga I,SUPERLIGA
261339,Etienne Eto'o,id,CD Mirandés,,La Liga 2,LALIGA HYPERMOTION
70268,Ștefan Bană,id,Oțelul Galați,SC Oțelul Galați,Liga I,SUPERLIGA
72020,Keyliane Abdallah,id,Olympique de Marseille,OM,Ligue 1,Ligue 1 McDonald's
74340,Dimitris Rallis,id,Jagiellonia Białystok,Jagiellonia,Ekstraklasa,PKO BP Ekstraklasa
226044,Rodrigo Vargas,id,San Antonio Bulo Bulo,,División de Fútbol Profesional,Libertadores
230722,Seán Boyd,id,Shelbourne FC,Shelbourne,Premier Division,SSE Airtricity PD
252571,Lewis Smith,id,Livingston FC,Livingston,Premiership,Scottish Prem
263336,Adrian Akande,id,Colchester United,Colchester,League Two,EFL League Two
274474,David Okagbue,id,Peterborough United,Peterborough,League One,EFL League One
276489,David Preu,id,1. FC Union Berlin,Union Berlin,Bundesliga,Bundesliga
277742,Jeremy,id,Racing Santander,R. Racing Club,La Liga 2,LALIGA HYPERMOTION
70136,Agustín Bravo,id,Instituto Atlético Central Córdoba,Instituto,Liga Profesional de Fútbol,LPF
72301,Max Scholze,id,SSV Ulm 1846,,3. Liga,3. Liga
79163,Maas Willemsen,id,SC Heerenveen,,Eredivisie,Eredivisie
232642,Toyosi Olusanya,id,Doncaster Rovers,Doncaster,League One,EFL League One
270859,Hugo Pérez,id,SD Huesca,,La Liga 2,LALIGA HYPERMOTION
72379,Georgi Minoungou,id,Seattle Sounders FC,Sounders FC,Major League Soccer,MLS
78317,Declan Frith,id,Peterborough United,Peterborough,League One,EFL League One
78699,Raul Palmeș,id,Csíkszereda Miercurea Ciuc,FK Csíkszereda,Liga I,SUPERLIGA
163050,Billy Sharp,id,Doncaster Rovers,Doncaster,League One,EFL League One
252770,János Ferenczi,id,Csíkszereda Miercurea Ciuc,FK Csíkszereda,Liga I,SUPERLIGA
266049,Amar Fatah,id,Dundee United FC,Dundee United,Premiership,Scottish Prem
278205,Ylies Aradj,id,Stade Lavallois Mayenne FC,Laval MFC,Ligue 2,Ligue 2 BKT
76668,Tatu Varmanen,id,Östers IF,,Allsvenskan,Allsvenskan
77338,Elton Fikaj,id,Panathinaikos FC,Panathinaikos,Super League,Hellas Liga
247834,Patrick Egelund,id,Fredericia,,Superliga,3F Superliga
73089,Sean Dulić,id,TSV 1860 München,,3. Liga,3. Liga
77446,Elián Caicedo,id,Mushuc Runa,,Serie A,Sudamericana
263734,Diogo Monteiro,id,FC Arouca,Arouca,Primeira Liga,Liga Portugal
266174,Freddy Winsth,id,IFK Värnamo,,Allsvenskan,Allsvenskan
279682,Arnu,id,Real Valladolid CF,R. Valladolid CF,La Liga 2,LALIGA HYPERMOTION
267637,Loup Diwan Gueho,id,Sporting Club Bastia,,Ligue 2,Ligue 2 BKT
76716,Juan Barbieri,id,Independiente Rivadavia,Ind. Rivadavia,Liga Profesional de Fútbol,LPF
271494,Joel Voelkerling Persson,id,Östers IF,,Allsvenskan,Allsvenskan
75768,Ruairi McConville,id,Norwich City,Norwich,Championship,EFL Championship
236985,Dragoș Huiban,id,Metaloglobus București,,Liga I,SUPERLIGA
257698,Jay McGrath,id,Doncaster Rovers,Doncaster,League One,EFL League One
70025,Siaka Bakayoko,id,Amiens SC,,Ligue 2,Ligue 2 BKT
271244,Mehdi Baaloudj,id,Rodez Aveyron Football,Rodez AF,Ligue 2,Ligue 2 BKT
274389,Khayon Edwards,id,GD Estoril Praia,Estoril Praia,Primeira Liga,Liga Portugal
76456,Franco Rossi,id,Cerro Largo,,Primera División,Sudamericana
76922,Hennes Behrens,id,TSG 1899 Hoffenheim,TSG Hoffenheim,Bundesliga,Bundesliga
78145,Alejandro Gomes Rodríguez,id,Olympique Lyonnais,OL,Ligue 1,Ligue 1 McDonald's
78558,Gabriel Isik,id,Bruk-Bet Termalica Nieciecza,,Ekstraklasa,PKO BP Ekstraklasa
271855,Fernando Martínez,id,Central Cordoba SdE,Central Córdoba,Liga Profesional de Fútbol,LPF
76788,Leonel Dante Álvarez,id,Club Atlético San Martín,,Liga Profesional de Fútbol,LPF
79030,Devon Koswal,id,Telstar,,Eredivisie,Eredivisie
256507,Kristian Lien,id,Hamarkameratene,HamKam Fotball,Eliteserien,Eliteserien
257291,Zeno Ibsen Rossi,id,Cambridge United,Cambridge Utd,League Two,EFL League Two
275257,Juan Manuel Romero,id,Instituto Atlético Central Córdoba,Instituto,Liga Profesional de Fútbol,LPF
72107,Koke,id,Real Valladolid CF,R. Valladolid CF,La Liga 2,LALIGA HYPERMOTION
77010,Gabriel Obredor,id,Deportivo Riestra,Dep. Riestra,Liga Profesional de Fútbol,LPF
279514,Roméo Beney,id,Famalicão,FC Famalicão,Primeira Liga,Liga Portugal
70273,Abdoul Kader Ouattara,id,Cercle Brugge KSV,Cercle Brugge,Pro League,1A Pro League
74874,Aleksandar Kahvić,id,SSV Ulm 1846,,3. Liga,3. Liga
274897,Heiber Linares,id,Academia Puerto Cabello,,Primera Division,Sudamericana
74559,Matia Barzić,id,Cultural Leonesa,,La Liga 2,LALIGA HYPERMOTION
205159,Charlie Raglan,id,Barrow,,League Two,EFL League Two
278832,King Samuel Manu,id,FC Energie Cottbus,Energie Cottbus,3. Liga,3. Liga
74608,Iker Martínez,id,Real Sporting de Gijón,R. Sporting,La Liga 2,LALIGA HYPERMOTION
70626,Freiver Ruíz,id,Carabobo FC,,Primera Division,Libertadores
275180,Thiago Servín,id,Guaraní,,División Profesional,Sudamericana
278701,Martin Gjone,id,Sandefjord Fotball,Sandefjord,Eliteserien,Eliteserien
71046,Johan Rapp,id,IFK Värnamo,,Allsvenskan,Allsvenskan
79642,Nicolas Parravicini,id,Sporting Club Bastia,,Ligue 2,Ligue 2 BKT
258089,Leandro Quiroz,id,Godoy Cruz,,Liga Profesional de Fútbol,LPF
79640,Clément Jolibois,id,Rodez Aveyron Football,Rodez AF,Ligue 2,Ligue 2 BKT
76513,Julián Bonilla,id,Oțelul Galați,SC Oțelul Galați,Liga I,SUPERLIGA
219175,Juan Cruz Randazzo,id,Deportivo Riestra,Dep. Riestra,Liga Profesional de Fútbol,LPF
265601,Jeppe Kudsk,id,Fredericia,,Superliga,3F Superliga
232675,Muteb Al Mufarrij,id,Al Taawoun FC,Al Taawoun,Pro League,ROSHN Saudi League
274199,Mikkel Fischer,id,FK Haugesund,,Eliteserien,Eliteserien
264277,Mehdi Boukamir,id,Royal Charleroi Sporting Club,Sp. Charleroi,Pro League,1A Pro League
79059,George Caramalău,id,Metaloglobus București,,Liga I,SUPERLIGA
223069,Omar Sowunmi,id,Bromley,Bromley FC,League Two,EFL League Two
265728,Nazareno Funez,id,Central Cordoba SdE,Central Córdoba,Liga Profesional de Fútbol,LPF
239596,Julien Célestine,id,Arka Gdynia,,Ekstraklasa,PKO BP Ekstraklasa
279843,Aurélien Pelon,id,Rodez Aveyron Football,Rodez AF,Ligue 2,Ligue 2 BKT
253518,Li Yang,id,Chengdu Rongcheng,Chengdu FC,Super League,CSL
245059,Maximiliano Zelaya,id,San Lorenzo de Almagro,San Lorenzo,Liga Profesional de Fútbol,LPF
271147,Billy van Duijl,id,AZ Alkmaar,,Eredivisie,Eredivisie
209256,Tom Anderson,id,Shrewsbury Town,Shrewsbury,League Two,EFL League Two
200655,Sinan Osmanoğlu,id,Gençlerbirliği SK,Gençlerbirliği,Süper Lig,Trendyol Süper Lig
242734,Wyatt Omsberg,id,New England Revolution,New England,Major League Soccer,MLS
193177,Adama Traoré,id,Melbourne Victory,Melb. Victory,A-League Men,A-League
214923,Mohammed Qasem,id,Al Qadsiah FC,Al Qadsiah,Pro League,ROSHN Saudi League
234497,Harry Clifton,id,Doncaster Rovers,Doncaster,League One,EFL League One
222937,Ben Close,id,Doncaster Rovers,Doncaster,League One,EFL League One
252278,Kim Ju Kong,id,Daegu FC,,K League 1,K League 1
222798,Jeong Woo Jae,id,Daegu FC,,K League 1,K League 1
243175,Lee Hyun Sik,id,Gimcheon Sangmu FC,Gimcheon Sangmu,K League 1,K League 1
246920,Dennis Collander,id,Hammarby Fotboll,Hammarby IF,Allsvenskan,Allsvenskan
79757,Joel Romero,id,América de Cali,,Categoría Primera A,Sudamericana
240323,Jack Earing,id,Barrow,,League Two,EFL League Two
253106,Tivonge Rushesha,id,Reading FC,Reading,League One,EFL League One
75112,Corban Piper,id,Wellington Phoenix,Well. Phoenix,A-League Men,A-League
254422,Kevin Peralta,id,Mushuc Runa,,Serie A,Sudamericana
206584,Jon-Helge Tveita,id,Bryne FK,,Eliteserien,Eliteserien
246591,Mark Coyle,id,Shelbourne FC,Shelbourne,Premier Division,SSE Airtricity PD
70680,Lucas Gómez,id,Argentinos Juniors,Argentinos Jrs.,Liga Profesional de Fútbol,LPF
250804,Joe Walsh,id,Queens Park Rangers,QPR,Championship,EFL Championship
260507,Luis Serrano,id,Gualberto Villarroel SJ,,División de Fútbol Profesional,Sudamericana
271675,Adam Mayor,id,Cambridge United,Cambridge Utd,League Two,EFL League Two
271772,Felipe Massri,id,Unión Española,,Primera Division,Sudamericana
72454,Jude Arthurs,id,Bromley,Bromley FC,League Two,EFL League Two
79333,Marc Richter,id,Alemannia Aachen,Aleman. Aachen,3. Liga,3. Liga
274440,Ibrahim Fofana,id,Amiens SC,,Ligue 2,Ligue 2 BKT
278360,Jonatan Lindekilde,id,Fredericia,,Superliga,3F Superliga
260176,Mohamed Al-Taay,id,Western Sydney Wanderers,WS Wanderers,A-League Men,A-League
268894,Tom Sparrow,id,Motherwell FC,Motherwell,Premiership,Scottish Prem
75248,Noah Fenyő,id,Eintracht Frankfurt,Frankfurt,Bundesliga,Bundesliga
80665,Jeremiah Mensah,id,Bayer 04 Leverkusen,Leverkusen,Bundesliga,Bundesliga
205278,Rim Chang Woo,id,Jeju United FC,Jeju United,K League 1,K League 1
242245,Fahad Al Rashidi,id,Al Ahli SFC,Al Ahli,Pro League,ROSHN Saudi League
268402,Dennis Gjengaar,id,New York Red Bulls,Red Bulls,Major League Soccer,MLS
70115,Erick,id,Cercle Brugge KSV,Cercle Brugge,Pro League,1A Pro League
245374,Ariel Muñoz,id,Deportivo Riestra,Dep. Riestra,Liga Profesional de Fútbol,LPF
243532,Erik Tallig,id,FC Energie Cottbus,Energie Cottbus,3. Liga,3. Liga
228974,Damià Sabater,id,Metaloglobus București,,Liga I,SUPERLIGA
236586,Kim Jin Ya,id,Daejeon Citizen,Daejeon Hana,K League 1,K League 1
245518,Mohammad Al Thani,id,Al Qadsiah FC,Al Qadsiah,Pro League,ROSHN Saudi League
76299,Tim Trummer,id,FC Red Bull Salzburg,RB Salzburg,Bundesliga,Ö. Bundesliga
248227,Carlo Armiento,id,Wellington Phoenix,Well. Phoenix,A-League Men,A-League
268291,Arnaldo Zambrano,id,Mushuc Runa,,Serie A,Sudamericana
72456,Ben Krauhaus,id,Bromley,Bromley FC,League Two,EFL League Two
77560,Beau Leroux,id,San Jose Earthquakes,SJ Earthquakes,Major League Soccer,MLS
269888,Manuel Polster,id,FC Lausanne-Sport,Lausanne-Sport,Super League,Brack Super League
214747,Diego Orellana,id,Deportes Iquique,,Primera Division,Sudamericana
256439,Carl Johnston,id,Peterborough United,Peterborough,League One,EFL League One
277801,Ivar Jenner,id,FC Utrecht,,Eredivisie,Eredivisie
78448,Ruben Reisig,id,TSG 1899 Hoffenheim II,TSG Hoffenheim II,3. Liga,3. Liga
257862,James Belshaw,id,Harrogate Town,,League Two,EFL League Two
231408,Jonathan Leko,id,Milton Keynes Dons,MK Dons,League Two,EFL League Two
242268,Can Özkan,id,FC Erzgebirge Aue,,3. Liga,3. Liga
259128,Sanousi Hawsawi,id,Damac FC,,Pro League,ROSHN Saudi League
263098,Kian Leavy,id,St Patrick's Athletic FC,St. Pats,Premier Division,SSE Airtricity PD
265581,Harry Steele,id,Central Coast Mariners,Central Coast,A-League Men,A-League
270475,Patrick Brouwer,id,Telstar,,Eredivisie,Eredivisie
278838,Dylan Scicluna,id,Western Sydney Wanderers,WS Wanderers,A-League Men,A-League
200841,Carl Jenkinson,id,Bromley,Bromley FC,League Two,EFL League Two
248694,Ibrahim Karamoko,id,Standard de Liège,Standard Liège,Pro League,1A Pro League
251823,Ted Tattermusch,id,FC Energie Cottbus,Energie Cottbus,3. Liga,3. Liga
255161,Kim Jae Sung,id,Suwon FC,,K League 1,K League 1
260727,Dennis Olsson,id,Östers IF,,Allsvenskan,Allsvenskan
276958,Mats Pedersen,id,Hamarkameratene,HamKam Fotball,Eliteserien,Eliteserien
74361,Thomas Schiestl,id,Grazer AK 1902,Grazer AK,Bundesliga,Ö. Bundesliga
210509,Thomas Castella,id,FC Lausanne-Sport,Lausanne-Sport,Super League,Brack Super League
236437,Joe Sbarra,id,Doncaster Rovers,Doncaster,League One,EFL League One
243516,Aurélien Nguiamba,id,Arka Gdynia,,Ekstraklasa,PKO BP Ekstraklasa
268443,Daniel Gore,id,Rotherham United,Rotherham Utd,League One,EFL League One
270352,Mohamed Achi,id,Rodez Aveyron Football,Rodez AF,Ligue 2,Ligue 2 BKT
71491,Joaquín Pereyra,id,Estudiantes de La Plata,Estudiantes,Liga Profesional de Fútbol,LPF
77081,Robin Dzabic,id,Sandefjord Fotball,Sandefjord,Eliteserien,Eliteserien
227561,Sergiu Buş,id,FC Hermannstadt,,Liga I,SUPERLIGA
271160,Sidi Sané,id,Eintracht Braunschweig,Braunschweig,2. Bundesliga,Bundesliga 2
242114,Ibrahim Mahnashi,id,Al Qadsiah FC,Al Qadsiah,Pro League,ROSHN Saudi League
243459,Tom Barlow,id,Chicago Fire,Chicago Fire FC,Major League Soccer,MLS
248117,Andrei Ciobanu,id,Oțelul Galați,SC Oțelul Galați,Liga I,SUPERLIGA
71059,Markus Johnsgård,id,Hamarkameratene,HamKam Fotball,Eliteserien,Eliteserien
78700,Máté Simon,id,Csíkszereda Miercurea Ciuc,FK Csíkszereda,Liga I,SUPERLIGA
224475,Dong Chunyu,id,Zhejiang FC,Zhejiang Pro,Super League,CSL
224701,Zhang Yudong,id,Shenzhen Peng City,SZ Peng City,Super League,CSL
226021,Guo Hao,id,Tianjin Jinmen Tiger,Tianjin JMT FC,Super League,CSL
261116,Roh Kyung Ho,id,Suwon FC,,K League 1,K League 1
263249,Stylianos Vrontis,id,Al Fayha,APOEL FC,Pro League,Liga Cyprus
278007,Zak Sturge,id,Millwall FC,Millwall,Championship,EFL Championship
227982,Jang Yun Ho,id,Suwon FC,,K League 1,K League 1
253837,José Aamet Calderón,id,Universitario de Deportes,,Liga 1,Libertadores
277894,Álex Lozano,id,Real Sporting de Gijón,R. Sporting,La Liga 2,LALIGA HYPERMOTION
76313,Pedrinho,id,Jeju United FC,Jeju United,K League 1,K League 1
202526,Stevie May,id,Livingston FC,Livingston,Premiership,Scottish Prem
238995,Innes Cameron,id,Barrow,,League Two,EFL League Two
239324,Madih Talal,id,East Bengal FC,East Bengal,Super League,ISL
263294,Aidan Denholm,id,Livingston FC,Livingston,Premiership,Scottish Prem
76924,Luka Đurić,id,TSG 1899 Hoffenheim,TSG Hoffenheim,Bundesliga,Bundesliga
77759,Artem Smolyakov,id,Los Angeles FC,LAFC,Major League Soccer,MLS
211019,Desley Ubbink,id,Metaloglobus București,,Liga I,SUPERLIGA
226227,Leonardo Landriel,id,Deportivo Riestra,Dep. Riestra,Liga Profesional de Fútbol,LPF
253570,Moisés Calero,id,Gualberto Villarroel SJ,,División de Fútbol Profesional,Sudamericana
262530,Andrew Thomas,id,Seattle Sounders FC,Sounders FC,Major League Soccer,MLS
274717,Alexis Villa,id,LDU Quito,,Serie A,Libertadores
74965,Ebube Duru,id,Sønderjyske Fodbold,Sønderjyske,Superliga,3F Superliga
77114,Beyatt Lekoueiry,id,FC Lausanne-Sport,Lausanne-Sport,Super League,Brack Super League
79818,Krzysztof Koton,id,FCV Dender EH,,Pro League,1A Pro League
239858,Song Long,id,Qingdao Hainiu FC,Qingdao Hainiu,Super League,CSL
260616,Adam Saldaña,id,Los Angeles FC,LAFC,Major League Soccer,MLS
265822,Ezequiel Herrera,id,San Lorenzo de Almagro,San Lorenzo,Liga Profesional de Fútbol,LPF
273984,Eduardo Bores,id,Independiente del Valle,,Serie A,Libertadores
276332,Ryan De Havilland,id,Peterborough United,Peterborough,League One,EFL League One
77603,Carlos Gómez,id,Alianza Lima,,Liga 1,Libertadores
183244,Andrew Redmayne,id,Central Coast Mariners,Central Coast,A-League Men,A-League
261876,Conan Noonan,id,Waterford FC,Waterford,Premier Division,SSE Airtricity PD
269994,Marcel Wenig,id,SSV Ulm 1846,,3. Liga,3. Liga
74477,Théo Chennahi,id,Montpellier HSC,Montpellier,Ligue 2,Ligue 2 BKT
221358,Jordan Rossiter,id,Waterford FC,Waterford,Premier Division,SSE Airtricity PD
255415,Jason León,id,CD Palestino,,Primera Division,Sudamericana
257873,Warren Burrell,id,Harrogate Town,,League Two,EFL League Two
267874,George Marks,id,Philadelphia Union,Philadelphia,Major League Soccer,MLS
74464,Florian Micheler,id,DSC Arminia Bielefeld,Arminia Bielefeld,2. Bundesliga,Bundesliga 2
80597,Christian Comotto,id,Spezia,,Serie B,Serie BKT
213686,Donald Love,id,Accrington Stanley,Accrington,League Two,EFL League Two
270217,Alessio Furlanetto,id,Lazio,Latium,Serie A,Serie A Enilive
73424,Cristian Licsandru,id,Dinamo Bucureşti,FC Dinamo 1948,Liga I,SUPERLIGA
73501,Mohamed Cherif,id,Sønderjyske Fodbold,Sønderjyske,Superliga,3F Superliga
80012,Diego Michel,id,SV Waldhof Mannheim,SV Waldhof,3. Liga,3. Liga
171923,Sam Foley,id,Barrow,,League Two,EFL League Two
232256,Han Pengfei,id,Chengdu Rongcheng,Chengdu FC,Super League,CSL
248178,Bipin Singh,id,East Bengal FC,East Bengal,Super League,ISL
253607,Carlos Ramos,id,Carabobo FC,,Primera Division,Libertadores
255896,Leonardo Justiniano,id,San Antonio Bulo Bulo,,División de Fútbol Profesional,Libertadores
271205,Isaías Delpupo,id,Sint-Truidense VV,STVV,Pro League,1A Pro League
279508,Tom de Graaff,id,PEC Zwolle,,Eredivisie,Eredivisie
69996,Aurélien Platret,id,US Boulogne Cote d'Opale,US Boulogne,Ligue 2,Ligue 2 BKT
76338,Jemiah Umolu,id,Bromley,Bromley FC,League Two,EFL League Two
213281,Paulo Retre,id,Wellington Phoenix,Well. Phoenix,A-League Men,A-League
248000,Eduard Pap,id,Csíkszereda Miercurea Ciuc,FK Csíkszereda,Liga I,SUPERLIGA
270748,James Maxwell,id,Doncaster Rovers,Doncaster,League One,EFL League One
271270,Robbin Weijenberg,id,Go Ahead Eagles,,Eredivisie,Eredivisie
274719,Yeltzin Erique,id,LDU Quito,,Serie A,Libertadores
73147,Ole Wohlers,id,SV Wehen Wiesbaden,Wehen Wiesbaden,3. Liga,3. Liga
76625,Rodrigo Vásquez,id,Unión Española,,Primera Division,Sudamericana
79181,Luca Stancu,id,FC Hermannstadt,,Liga I,SUPERLIGA
254998,Noam Emeran,id,FC Groningen,,Eredivisie,Eredivisie
257209,Louis Fortin,id,FCV Dender EH,,Pro League,1A Pro League
264329,Vegard Solheim,id,FK Haugesund,,Eliteserien,Eliteserien
275294,Ronald Donkor,id,New York Red Bulls,Red Bulls,Major League Soccer,MLS
71973,Ethan Wheatley,id,Northampton Town,Northampton,League One,EFL League One
75533,Kerim Alajbegović,id,FC Red Bull Salzburg,RB Salzburg,Bundesliga,Ö. Bundesliga
78621,Oscar Buch,id,Fredericia,,Superliga,3F Superliga
78797,Antonio van Wyk,id,SV Ried,SV Oberbank Ried,Bundesliga,Ö. Bundesliga
221820,Zhang Xizhe,id,Beijing Guoan,Beijing FC,Super League,CSL
257153,Agustin Hausch,id,Defensa y Justicia,Defensa,Liga Profesional de Fútbol,LPF
258122,Axel Sjöberg,id,St Patrick's Athletic FC,St. Pats,Premier Division,SSE Airtricity PD
263674,Lucien Hawryluk,id,SV Waldhof Mannheim,SV Waldhof,3. Liga,3. Liga
226393,Nicolás Pelaitay,id,Club Atlético San Martín,,Liga Profesional de Fútbol,LPF
244984,Lucas Pellegrini,id,FCV Farul Constanța,Farul Constanța,Liga I,SUPERLIGA
258903,Max Dyche,id,Northampton Town,Northampton,League One,EFL League One
266026,Manu Rico,id,SD Huesca,,La Liga 2,LALIGA HYPERMOTION
274390,Jack Henry-Francis,id,Shelbourne FC,Shelbourne,Premier Division,SSE Airtricity PD
75039,Jaime Barceló,id,Deportivo Riestra,Dep. Riestra,Liga Profesional de Fútbol,LPF
75072,Agustín Mangiaut,id,Argentinos Juniors,Argentinos Jrs.,Liga Profesional de Fútbol,LPF
79791,Nolan Binet,id,US Boulogne Cote d'Opale,US Boulogne,Ligue 2,Ligue 2 BKT
79801,Ángel Aquino,id,Guaraní,,División Profesional,Sudamericana
215562,Rob Hunt,id,Colchester United,Colchester,League Two,EFL League Two
252099,Peter Gál-Andrezly,id,Csíkszereda Miercurea Ciuc,FK Csíkszereda,Liga I,SUPERLIGA
277237,Mikkel Hope,id,FK Haugesund,,Eliteserien,Eliteserien
70565,Facundo Machado,id,Racing Club de Montevideo,,Primera División,Sudamericana
73642,Luka Hujber,id,Vejle Boldklub,,Superliga,3F Superliga
252477,Joshua Oluwayemi,id,Wellington Phoenix,Well. Phoenix,A-League Men,A-League
252572,Çağtay Kurukalıp,id,Fatih Karagümrük,,Süper Lig,Trendyol Süper Lig
245708,Bálint Szabó,id,Csíkszereda Miercurea Ciuc,FK Csíkszereda,Liga I,SUPERLIGA
263152,Abdullah Hawsawi,id,Al-Najma SC,,Pro League,ROSHN Saudi League
277842,Jascha Brandt,id,SV Waldhof Mannheim,SV Waldhof,3. Liga,3. Liga
74414,Karim Affo,id,Fortuna Düsseldorf,Düsseldorf,2. Bundesliga,Bundesliga 2
79326,Lucas Hermes,id,SSV Jahn Regensburg,Jahn Regensburg,3. Liga,3. Liga
242984,Simon Power,id,St Patrick's Athletic FC,St. Pats,Premier Division,SSE Airtricity PD
244094,Leonard Langhans,id,1. FC Schweinfurt 05,,3. Liga,3. Liga
78612,Daníel Freyr Kristjánsson,id,Fredericia,,Superliga,3F Superliga
240472,Hu Ruibao,id,Shenzhen Peng City,SZ Peng City,Super League,CSL
240967,Joshua Kayode,id,Rotherham United,Rotherham Utd,League One,EFL League One
257142,Lucas Margueron,id,Rodez Aveyron Football,Rodez AF,Ligue 2,Ligue 2 BKT
270575,Viktor Andersson,id,IFK Värnamo,,Allsvenskan,Allsvenskan
272464,Axel Gueguin,id,Montpellier HSC,Montpellier,Ligue 2,Ligue 2 BKT
70916,Sivert Westerlund,id,Strømsgodset IF,,Eliteserien,Eliteserien
74959,Yanis Sellami,id,Olympique de Marseille,OM,Ligue 1,Ligue 1 McDonald's
77188,João Carvalho,id,Sporting Clube de Braga,SC Braga,Primeira Liga,Liga Portugal
237355,Nicke Kabamba,id,Bromley,Bromley FC,League Two,EFL League Two
252280,Alexander Nilsson,id,Hamarkameratene,HamKam Fotball,Eliteserien,Eliteserien
257171,Noah Fatar,id,US Boulogne Cote d'Opale,US Boulogne,Ligue 2,Ligue 2 BKT
261180,Nico Maier,id,Blau-Weiß Linz,Blau-Weiss Linz,Bundesliga,Ö. Bundesliga
261407,Kleber Pinargote,id,Barcelona de Guayaquil,,Serie A,Libertadores
270514,Noel Eichinger,id,SSV Jahn Regensburg,Jahn Regensburg,3. Liga,3. Liga
75309,Fabricio López,id,San Lorenzo de Almagro,San Lorenzo,Liga Profesional de Fútbol,LPF
224959,Abdulrahman Al Khaibary,id,Al Hazem FC,Al Hazem,Pro League,ROSHN Saudi League
276867,Benjamín Schamine,id,Defensa y Justicia,Defensa,Liga Profesional de Fútbol,LPF
278023,Mikki van Sas,id,Wycombe Wanderers,Wycombe,League One,EFL League One
258515,Mipo Odubeko,id,Shelbourne FC,Shelbourne,Premier Division,SSE Airtricity PD
266308,Lautaro Bursich,id,Central Cordoba SdE,Central Córdoba,Liga Profesional de Fútbol,LPF
269476,Hu Hetao,id,Chengdu Rongcheng,Chengdu FC,Super League,CSL
79335,Joel da Silva Kiala,id,Alemannia Aachen,Aleman. Aachen,3. Liga,3. Liga
239746,Lukas Watkowiak,id,FC St.Gallen 1879,FC St. Gallen,Super League,Brack Super League
243427,Ryan Edmondson,id,Central Coast Mariners,Central Coast,A-League Men,A-League
252432,Maeng Seong Ung,id,Gimcheon Sangmu FC,Gimcheon Sangmu,K League 1,K League 1
261055,Park Jin Seong,id,Gimcheon Sangmu FC,Gimcheon Sangmu,K League 1,K League 1
270939,Ángel De La Cruz,id,Alianza Lima,,Liga 1,Libertadores
260789,David Ankeye,id,Virtus Entella,Entella,Serie B,Serie BKT
266075,Alexandru Tîrlea,id,CFR Cluj,CFR 1907 Cluj,Liga I,SUPERLIGA
272709,Gustav Lindgren,id,Peterborough United,Peterborough,League One,EFL League One
276872,Enzo Crombez,id,Rodez Aveyron Football,Rodez AF,Ligue 2,Ligue 2 BKT
72535,Christoph Nicht,id,Grazer AK 1902,Grazer AK,Bundesliga,Ö. Bundesliga
74621,Leo Cavallius,id,IF Brommapojkarna,Brommapojkarna,Allsvenskan,Allsvenskan
75831,Lorenzo Aguado,id,Albacete Balompié,Albacete BP,La Liga 2,LALIGA HYPERMOTION
76480,Juan Villalba,id,Gimnasia y Esgrima La Plata,Gimnasia,Liga Profesional de Fútbol,LPF
79927,Dario Naamo,id,Dundee United FC,Dundee United,Premiership,Scottish Prem
232114,Kyle Cameron,id,Bromley,Bromley FC,League Two,EFL League Two
261442,Matías Sosa,id,Defensa y Justicia,Defensa,Liga Profesional de Fútbol,LPF
268420,Bak Jae Yong,id,Jeonbuk Hyundai Motors,Jeonbuk Hyundai,K League 1,K League 1
73910,Jack Holmes,id,Rotherham United,Rotherham Utd,League One,EFL League One
76713,Laureano Rodriguez,id,Independiente Rivadavia,Ind. Rivadavia,Liga Profesional de Fútbol,LPF
264529,Florian Schock,id,Fortuna Düsseldorf,Düsseldorf,2. Bundesliga,Bundesliga 2
276951,Riccardo Pagano,id,SSC Bari,,Serie B,Serie BKT
278896,Ryan Oné,id,Sheffield United,Sheffield Utd,Championship,EFL Championship
72179,Lorenzo Torriani,id,AC Milan,Milano FC,Serie A,Serie A Enilive
75057,Naoufel El Hannach,id,Montpellier HSC,Montpellier,Ligue 2,Ligue 2 BKT
77539,Enzo Montet,id,Stade Lavallois Mayenne FC,Laval MFC,Ligue 2,Ligue 2 BKT
277266,Bailey Rice,id,Rangers FC,Rangers,Premiership,Scottish Prem
277318,Mohammed Abdulrahman,id,Al Ahli SFC,Al Ahli,Pro League,ROSHN Saudi League
278965,Viktor Baier,id,Blau-Weiß Linz,Blau-Weiss Linz,Bundesliga,Ö. Bundesliga
74997,Mohamed Awad Alla,id,Lechia Gdańsk,,Ekstraklasa,PKO BP Ekstraklasa
76883,Agustín Colazo,id,Club Atlético Unión,Unión,Liga Profesional de Fútbol,LPF
230090,Evandro,id,Jeju United FC,Jeju United,K League 1,K League 1
71907,Benjamín Sagües Barreiro,id,Estudiantes de La Plata,Estudiantes,Liga Profesional de Fútbol,LPF
247893,Vlad Mutiu,id,FC Hermannstadt,,Liga I,SUPERLIGA
264547,José Riasco,id,Carabobo FC,,Primera Division,Libertadores
243831,Bojan Radulović,id,Huddersfield Town,Huddersfield,League One,EFL League One
275044,Diego Corral,id,Universidad Católica,Uni. Católica,Primera Division,Liga Chile
76310,Matías Reyes,id,Deportes Iquique,,Primera Division,Sudamericana
241507,Jack Tucker,id,Colchester United,Colchester,League Two,EFL League Two
264314,Bruno Gutiérrez,id,Colo-Colo,,Primera Division,Libertadores
264334,Deji Elerewe,id,Bromley,Bromley FC,League Two,EFL League Two
273976,Diego Barrera,id,Central Cordoba SdE,Central Córdoba,Liga Profesional de Fútbol,LPF
74348,Sven Bouland,id,FC Groningen,,Eredivisie,Eredivisie
77496,Max Floriani,id,San Jose Earthquakes,SJ Earthquakes,Major League Soccer,MLS
79053,Konstantinos Doumtsios,id,Asociația Clubul Sportiv Petrolul 52,FC Petrolul,Liga I,SUPERLIGA
79797,Corentin Fatou,id,US Boulogne Cote d'Opale,US Boulogne,Ligue 2,Ligue 2 BKT
79918,Jannik Schuster,id,FC Red Bull Salzburg,RB Salzburg,Bundesliga,Ö. Bundesliga
255919,An Chan Gi,id,Jeju United FC,Jeju United,K League 1,K League 1
266236,Arijon Ibrahimović,id,1. FC Heidenheim 1846,Heidenheim,Bundesliga,Bundesliga
275179,Alcides Barbotte,id,Guaraní,,División Profesional,Sudamericana
279529,Leonardo Mendicino,id,Reggiana,,Serie B,Serie BKT
77640,Diego Díaz,id,Club Atlético Unión,Unión,Liga Profesional de Fútbol,LPF
251906,Saleh Al Abbas,id,Al Akhdoud Saudi Club,,Pro League,ROSHN Saudi League
76639,Lasse Qvigstad,id,Bryne FK,,Eliteserien,Eliteserien
76647,Sjur Jonassen,id,Bryne FK,,Eliteserien,Eliteserien
274101,Justin Janitzek,id,SV Wehen Wiesbaden,Wehen Wiesbaden,3. Liga,3. Liga
277238,Troy Engseth Nyhammer,id,FK Haugesund,,Eliteserien,Eliteserien
77793,Julián Marchio,id,Club Atlético San Martín,,Liga Profesional de Fútbol,LPF
269127,Ji Jiabao,id,Shenzhen Peng City,SZ Peng City,Super League,CSL
273581,Diego Aznar,id,SD Huesca,,La Liga 2,LALIGA HYPERMOTION
274548,Baran Ali Gezek,id,Eyüpspor,,Süper Lig,Trendyol Süper Lig
77266,Aldair Vásquez,id,Atlético Grau,,Liga 1,Sudamericana
78655,Jakob Tranziska,id,1. FC Schweinfurt 05,,3. Liga,3. Liga
263796,Michael Stickland,id,Reading FC,Reading,League One,EFL League One
205760,Márton Eppel,id,Csíkszereda Miercurea Ciuc,FK Csíkszereda,Liga I,SUPERLIGA
259103,Fahad Al Harbi,id,NEOM SC,Neom,Pro League,ROSHN Saudi League
275183,John Mellberg,id,FC Red Bull Salzburg,RB Salzburg,Bundesliga,Ö. Bundesliga
70018,Coleen Louis,id,Amiens SC,,Ligue 2,Ligue 2 BKT
219768,Jakub Vojtuš,id,FCV Farul Constanța,Farul Constanța,Liga I,SUPERLIGA
274533,Daniel Munie,id,San Jose Earthquakes,SJ Earthquakes,Major League Soccer,MLS
278825,Yvan Ikia Dimi,id,Amiens SC,,Ligue 2,Ligue 2 BKT
79787,Siad Gourville,id,US Boulogne Cote d'Opale,US Boulogne,Ligue 2,Ligue 2 BKT
271880,Nestor Jiménez,id,Caracas FC,,Primera Division,Sudamericana
256499,Robert Voloder,id,Sporting Kansas City,Sporting KC,Major League Soccer,MLS
263258,Andrzej Trubeha,id,Bruk-Bet Termalica Nieciecza,,Ekstraklasa,PKO BP Ekstraklasa
70699,Juan Cortazzo,id,Gimnasia y Esgrima La Plata,Gimnasia,Liga Profesional de Fútbol,LPF
72691,Francisco Gonçalves,id,CD Nacional,Nacional,Primeira Liga,Liga Portugal
71843,Ismaël Séoné,id,FK Haugesund,,Eliteserien,Eliteserien
73854,Morris Duggan,id,Minnesota United FC,Minnesota United,Major League Soccer,MLS
76016,Benoný Breki Andrésson,id,Stockport County,Stockport,League One,EFL League One
70754,Lucciano Reinoso,id,Caracas FC,,Primera Division,Sudamericana
79637,Dylan Vangi,id,Rodez Aveyron Football,Rodez AF,Ligue 2,Ligue 2 BKT
198178,André Calisir,id,IF Brommapojkarna,Brommapojkarna,Allsvenskan,Allsvenskan
252231,Leo Mätzler,id,SSV Jahn Regensburg,Jahn Regensburg,3. Liga,3. Liga
268550,Josh Feeney,id,Huddersfield Town,Huddersfield,League One,EFL League One
279219,Lasse Wilhelm,id,1. FC Saarbrücken,Saarbrücken,3. Liga,3. Liga
70539,Lucas Vennegoor of Hess.,id,FC Twente,,Eredivisie,Eredivisie
261618,Leonço,id,Shenzhen Peng City,SZ Peng City,Super League,CSL
278181,Hemsley Akpa-Chukwu,id,SSC Bari,,Serie B,Serie BKT
266838,Antony Alonso,id,Deportivo Riestra,Dep. Riestra,Liga Profesional de Fútbol,LPF
274721,Federico Accornero,id,Carrarese,Carrarese Calcio,Serie B,Serie BKT
278057,Bastien Meupiyou,id,Alverca,FC Alverca,Primeira Liga,Liga Portugal
75213,Matías Contrera,id,Estudiantes de La Plata,Estudiantes,Liga Profesional de Fútbol,LPF
268747,Luca Wollschläger,id,1. FC Saarbrücken,Saarbrücken,3. Liga,3. Liga
278976,Peter Amoran,id,Cesena FC,Cesena,Serie B,Serie BKT
257487,Jack Sanders,id,Milton Keynes Dons,MK Dons,League Two,EFL League Two
263655,Roggerio Nyakossi,id,Oud-Heverlee Leuven,OH Leuven,Pro League,1A Pro League
78701,Dávid Kelemen,id,Csíkszereda Miercurea Ciuc,FK Csíkszereda,Liga I,SUPERLIGA
223852,Farrend Rawson,id,Accrington Stanley,Accrington,League Two,EFL League Two
262714,Mamadou Jobe,id,Cambridge United,Cambridge Utd,League Two,EFL League Two
275249,Nicolás Amasifuén,id,Cienciano,,Liga 1,Sudamericana
276104,Gonzalo Requena,id,Instituto Atlético Central Córdoba,Instituto,Liga Profesional de Fútbol,LPF
76851,Jang Min Gyu,id,Jeju United FC,Jeju United,K League 1,K League 1
72376,Jonathan Norbye,id,DSC Arminia Bielefeld,Arminia Bielefeld,2. Bundesliga,Bundesliga 2
232170,Sebastian Starke Hedlund,id,Östers IF,,Allsvenskan,Allsvenskan
241299,Yuan Mincheng,id,Chengdu Rongcheng,Chengdu FC,Super League,CSL
239700,Marius Wegmann,id,Alemannia Aachen,Aleman. Aachen,3. Liga,3. Liga
269529,Liang Nuoheng,id,Zhejiang FC,Zhejiang Pro,Super League,CSL
77005,Facundo Mino,id,Deportivo Riestra,Dep. Riestra,Liga Profesional de Fútbol,LPF
261673,Silvinho Esajas,id,FC Volendam,,Eredivisie,Eredivisie
261886,Bai Yang,id,Beijing Guoan,Beijing FC,Super League,CSL
78523,Luka Trslic,id,1. FC Schweinfurt 05,,3. Liga,3. Liga
186122,Byron Webster,id,Bromley,Bromley FC,League Two,EFL League Two
264223,Noah König,id,SpVgg Greuther Fürth,Fürth,2. Bundesliga,Bundesliga 2
270397,Santiago Moya,id,CA Aldosivi,Aldosivi,Liga Profesional de Fútbol,LPF
74409,Argyris Darelas,id,NEC Nijmegen,,Eredivisie,Eredivisie
238958,Rekeem Harper,id,Barrow,,League Two,EFL League Two
251257,Corey Whitely,id,Bromley,Bromley FC,League Two,EFL League Two
225125,Harry Anderson,id,Colchester United,Colchester,League Two,EFL League Two
225498,Levi Sutton,id,Harrogate Town,,League Two,EFL League Two
262208,Reed Baker-Whiting,id,Seattle Sounders FC,Sounders FC,Major League Soccer,MLS
72070,Donay O'Brien-Brady,id,Peterborough United,Peterborough,League One,EFL League One
78099,Valentin Sulzbacher,id,FC Red Bull Salzburg,RB Salzburg,Bundesliga,Ö. Bundesliga
222192,Sun Guowen,id,Zhejiang FC,Zhejiang Pro,Super League,CSL
224674,Wang Jianan,id,Meizhou Hakka,Meizhou Hakka FC,Super League,CSL
276343,Abdulelah Hawsawi,id,Al Taawoun FC,Al Taawoun,Pro League,ROSHN Saudi League
216790,Conor Grant,id,Accrington Stanley,Accrington,League Two,EFL League Two
234487,Ashley Charles,id,Bromley,Bromley FC,League Two,EFL League Two
241341,Zhang Yuan,id,Beijing Guoan,Beijing FC,Super League,CSL
70220,Daniel Kelly,id,Millwall FC,Millwall,Championship,EFL Championship
277060,Gabriel Sigua,id,FC Lausanne-Sport,Lausanne-Sport,Super League,Brack Super League
227288,Jordan Flores,id,Bohemian FC,Bohemians,Premier Division,SSE Airtricity PD
278889,Giuseppe Bovalina,id,Vancouver Whitecaps FC,Whitecaps FC,Major League Soccer,MLS
236342,Nikola Mileusnić,id,Wellington Phoenix,Well. Phoenix,A-League Men,A-League
236379,JJ Lunney,id,Shelbourne FC,Shelbourne,Premier Division,SSE Airtricity PD
248486,Lee Joon Suk,id,Suwon FC,,K League 1,K League 1
263306,Andrei Dragu,id,Unirea Slobozia,,Liga I,SUPERLIGA
233727,Connor McLennan,id,Livingston FC,Livingston,Premiership,Scottish Prem
258739,Stéphane Cueni,id,FC Winterthur,,Super League,Brack Super League
276195,Moritz Hannemann,id,FC Energie Cottbus,Energie Cottbus,3. Liga,3. Liga
72531,Luan Simnica,id,FC Erzgebirge Aue,,3. Liga,3. Liga
239609,Liu Ruofan,id,Shanghai Port,Shanghai Port FC,Super League,CSL
77124,Ben Perry,id,Colchester United,Colchester,League Two,EFL League Two
227970,Wang Peng,id,Qingdao West Coast FC,Qingdao W. Coast,Super League,CSL
269088,Alan Nuñez,id,CD Nacional,Nacional,Primeira Liga,Liga Portugal
224616,Li Shenglong,id,Shanghai Port,Shanghai Port FC,Super League,CSL
229269,Zain Westbrooke,id,Doncaster Rovers,Doncaster,League One,EFL League One
233375,Darragh Leahy,id,Waterford FC,Waterford,Premier Division,SSE Airtricity PD
273800,Choi Woo Jin,id,Jeonbuk Hyundai Motors,Jeonbuk Hyundai,K League 1,K League 1
70984,Harley Mills,id,Peterborough United,Peterborough,League One,EFL League One
79635,Jordan Mendes,id,Rodez Aveyron Football,Rodez AF,Ligue 2,Ligue 2 BKT
228033,Chi Zhongguo,id,Beijing Guoan,Beijing FC,Super League,CSL
73334,Oliver Urso,id,Reggiana,,Serie B,Serie BKT
221815,Yang Chaosheng,id,Meizhou Hakka,Meizhou Hakka FC,Super League,CSL
263650,Harry Wood,id,Shelbourne FC,Shelbourne,Premier Division,SSE Airtricity PD
259401,Samir Lagsir,id,PEC Zwolle,,Eredivisie,Eredivisie
75950,Mateo Schwartz,id,Independiente Rivadavia,Ind. Rivadavia,Liga Profesional de Fútbol,LPF
229208,Regan Booty,id,Barrow,,League Two,EFL League Two
277227,Alex Lebarbier,id,Real Sociedad de Fútbol B,Real Sociedad B,La Liga 2,LALIGA HYPERMOTION
76070,Luca Regiardo,id,Newell's Old Boys,Newell's,Liga Profesional de Fútbol,LPF
254820,Dawid Kocyła,id,Arka Gdynia,,Ekstraklasa,PKO BP Ekstraklasa
256324,Jarrod Carluccio,id,Western Sydney Wanderers,WS Wanderers,A-League Men,A-League
76031,Niklas Swider,id,Borussia Mönchengladbach,M'gladbach,Bundesliga,Bundesliga
264412,Nicolás Meza,id,CD Palestino,,Primera Division,Sudamericana
227182,Anto Breslin,id,St Patrick's Athletic FC,St. Pats,Premier Division,SSE Airtricity PD
263387,Kylian Kouassi,id,Cambridge United,Cambridge Utd,League Two,EFL League Two
276652,Alexandru Irimia,id,Metaloglobus București,,Liga I,SUPERLIGA
246381,Nawaf Al Habashi,id,Al Hazem FC,Al Hazem,Pro League,ROSHN Saudi League
257386,Hernandes,id,Daejeon Citizen,Daejeon Hana,K League 1,K League 1
260166,Oh Jae Hyuk,id,Jeju United FC,Jeju United,K League 1,K League 1
263424,Malcolm Viltard,id,FCV Dender EH,,Pro League,1A Pro League
263614,Arian Llugiqi,id,TSG 1899 Hoffenheim II,TSG Hoffenheim II,3. Liga,3. Liga
272965,Isak Alemayehu,id,Queens Park Rangers,QPR,Championship,EFL Championship
279201,Matt Sheridan,id,Wellington Phoenix,Well. Phoenix,A-League Men,A-League
71265,Paul Argney,id,Le Havre AC,Havre AC,Ligue 1,Ligue 1 McDonald's
73368,Maxim Burghardt,id,FC Erzgebirge Aue,,3. Liga,3. Liga
77761,Axel Brönner,id,IFK Norrköping,,Allsvenskan,Allsvenskan
78000,Cristian Uribe,id,Atlético Nacional,Atl. Nacional,Categoría Primera A,Libertadores
79756,Jannic Ehlers,id,FC Erzgebirge Aue,,3. Liga,3. Liga
211537,Jack Hamilton,id,Livingston FC,Livingston,Premiership,Scottish Prem
227679,Adam McDonnell,id,Bohemian FC,Bohemians,Premier Division,SSE Airtricity PD
244290,Atli Barkarson,id,SV Zulte Waregem,Zulte Waregem,Pro League,1A Pro League
264206,Ahmed Bahusayn,id,Al Taawoun FC,Al Taawoun,Pro League,ROSHN Saudi League
279882,Gökdeniz Gürpüz,id,Galatasaray SK,Galatasaray,Süper Lig,Trendyol Süper Lig
76676,Niklas Söderberg,id,Östers IF,,Allsvenskan,Allsvenskan
76845,Jakub Vinarčík,id,FC Arouca,Arouca,Primeira Liga,Liga Portugal
77089,Aksel Baran Potur,id,Hamarkameratene,HamKam Fotball,Eliteserien,Eliteserien
78785,Gabriël Reiziger,id,PEC Zwolle,,Eredivisie,Eredivisie
224602,Zhang Wei,id,Shenzhen Peng City,SZ Peng City,Super League,CSL
267947,Han Jong Mu,id,Daegu FC,,K League 1,K League 1
72549,Jannis Boziaris,id,FC Energie Cottbus,Energie Cottbus,3. Liga,3. Liga
73945,Matías Rosales,id,Club Atlético Sarmiento,Sarmiento,Liga Profesional de Fútbol,LPF
74659,Viktor Kun,id,CFR Cluj,CFR 1907 Cluj,Liga I,SUPERLIGA
77795,Santiago Ocampos,id,Sportivo Luqueño,,División Profesional,Sudamericana
78446,Diren Dağdeviren,id,TSG 1899 Hoffenheim II,TSG Hoffenheim II,3. Liga,3. Liga
78613,Jakob Jessen,id,Fredericia,,Superliga,3F Superliga
271611,Heine Gikling Bruseth,id,Sarpsborg 08 FF,Sarpsborg 08,Eliteserien,Eliteserien
74134,Mathis Saka,id,Rodez Aveyron Football,Rodez AF,Ligue 2,Ligue 2 BKT
209750,Ian Lawlor,id,Doncaster Rovers,Doncaster,League One,EFL League One
238191,Charlie Brown,id,Accrington Stanley,Accrington,League Two,EFL League Two
272737,Aidan Simmons,id,Western Sydney Wanderers,WS Wanderers,A-League Men,A-League
277782,Wang Yudong,id,Zhejiang FC,Zhejiang Pro,Super League,CSL
278099,Marco Pissardo,id,SSC Bari,,Serie B,Serie BKT
75224,Alexis Fretes,id,Libertad,,División Profesional,Libertadores
243596,Niall Morahan,id,Bohemian FC,Bohemians,Premier Division,SSE Airtricity PD
78923,Kyrell Lisbie,id,Peterborough United,Peterborough,League One,EFL League One
242082,Kim Jae Woo,id,Jeju United FC,Jeju United,K League 1,K League 1
261123,Kim Jun Ho,id,Gimcheon Sangmu FC,Gimcheon Sangmu,K League 1,K League 1
263867,Abdulrahman Al Sanbi,id,Al Ahli SFC,Al Ahli,Pro League,ROSHN Saudi League
267958,Tomás Mendes,id,Alverca,FC Alverca,Primeira Liga,Liga Portugal
276322,Lisandru Olmeta,id,Sporting Club Bastia,,Ligue 2,Ligue 2 BKT
73624,Daren Mosengo,id,Le Havre AC,Havre AC,Ligue 1,Ligue 1 McDonald's
79872,Octavio Alfonso,id,Guaraní,,División Profesional,Sudamericana
266763,Eskild Dall,id,Fredericia,,Superliga,3F Superliga
277590,Iustin Chirila,id,Universitatea Cluj,FC Univ. Cluj,Liga I,SUPERLIGA
278964,Albert Iustin Doicaru,id,FCV Farul Constanța,Farul Constanța,Liga I,SUPERLIGA
76643,Mats Thornes,id,Bryne FK,,Eliteserien,Eliteserien
231172,Jordan Holmes,id,Western Sydney Wanderers,WS Wanderers,A-League Men,A-League
248061,Cristian Bărbuț,id,Unirea Slobozia,,Liga I,SUPERLIGA
271361,Erdem Çetinkaya,id,Kasımpaşa SK,Kasımpaşa,Süper Lig,Trendyol Süper Lig
74701,Abdulaziz Al Othman,id,Al Shabab,Al Qadsiah,Pro League,ROSHN Saudi League
75946,Rafik El Arguioui,id,FC Utrecht,,Eredivisie,Eredivisie
220537,Abdulaziz Takroni,id,Al Hazem FC,Al Hazem,Pro League,ROSHN Saudi League
259280,Ralph Priso,id,Vancouver Whitecaps FC,Whitecaps FC,Major League Soccer,MLS
275561,Eid Al Muwallad,id,Al Ahli SFC,Al Ahli,Pro League,ROSHN Saudi League
277804,Louie Marsh,id,Sheffield United,Sheffield Utd,Championship,EFL Championship
76976,Marc Giger,id,Union Saint-Gilloise,R. Union St.-G.,Pro League,1A Pro League
77008,Mateo Ramírez,id,Deportivo Riestra,Dep. Riestra,Liga Profesional de Fútbol,LPF
78105,Lucas Verza,id,Club Olimpia,,División Profesional,Libertadores
80018,Juan David Obando,id,Atlético Nacional,Atl. Nacional,Categoría Primera A,Libertadores
231046,Jake Eastwood,id,Cambridge United,Cambridge Utd,League Two,EFL League Two
232648,Liam Gibson,id,Harrogate Town,,League Two,EFL League Two
244458,Alexander Sebald,id,FC Energie Cottbus,Energie Cottbus,3. Liga,3. Liga
247839,Frank Stople,id,FK Haugesund,,Eliteserien,Eliteserien
248019,Răzvan Ducan,id,FCV Farul Constanța,Farul Constanța,Liga I,SUPERLIGA
252181,Huang Jiahui,id,Tianjin Jinmen Tiger,Tianjin JMT FC,Super League,CSL
223073,Jack Muldoon,id,Harrogate Town,,League Two,EFL League Two
248256,Meshari Sanyour,id,Al Qadsiah FC,Al Qadsiah,Pro League,ROSHN Saudi League
272616,Lilian Raillot,id,US Boulogne Cote d'Opale,US Boulogne,Ligue 2,Ligue 2 BKT
276943,Gabriel Forsyth,id,Norwich City,Norwich,Championship,EFL Championship
72062,Mamadou Thierno Barry,id,Union Saint-Gilloise,R. Union St.-G.,Pro League,1A Pro League
258200,Nahuel Manganelli,id,Deportivo Riestra,Dep. Riestra,Liga Profesional de Fútbol,LPF
274494,Fahad Al Abdulrazzaq,id,Al-Najma SC,,Pro League,ROSHN Saudi League
278524,Mario Maroto,id,Real Valladolid CF,R. Valladolid CF,La Liga 2,LALIGA HYPERMOTION
78419,Yannick Cappelle,id,SV Zulte Waregem,Zulte Waregem,Pro League,1A Pro League
78703,Attila Csürös,id,Csíkszereda Miercurea Ciuc,FK Csíkszereda,Liga I,SUPERLIGA
228487,Kim Yi Seok,id,Gimcheon Sangmu FC,Gimcheon Sangmu,K League 1,K League 1
243827,Lewis Cass,id,Harrogate Town,,League Two,EFL League Two
263329,Tom Nixon,id,Doncaster Rovers,Doncaster,League One,EFL League One
274038,Nicolas-Bernd Oliveira,id,SSV Jahn Regensburg,Jahn Regensburg,3. Liga,3. Liga
71525,Niclas Schjøth Semmen,id,KFUM-Kameratene Oslo,KFUM-Kameratene,Eliteserien,Eliteserien
72625,Florinel Ibrian,id,Unirea Slobozia,,Liga I,SUPERLIGA
73072,Lúkas Petersson,id,TSG 1899 Hoffenheim,TSG Hoffenheim,Bundesliga,Bundesliga
191871,Lee Yong Rae,id,Daegu FC,,K League 1,K League 1
197774,Conor McAleny,id,Harrogate Town,,League Two,EFL League Two
241252,Tang Xin,id,Chengdu Rongcheng,Chengdu FC,Super League,CSL
243117,Xie Weijun,id,Tianjin Jinmen Tiger,Tianjin JMT FC,Super League,CSL
248237,He Yupeng,id,Beijing Guoan,Beijing FC,Super League,CSL
274490,Rayvien Rosario,id,Excelsior,,Eredivisie,Eredivisie
70065,Motez Nourani,id,CD Nacional,Nacional,Primeira Liga,Liga Portugal
73170,Seyhan Yigit,id,SV Waldhof Mannheim,SV Waldhof,3. Liga,3. Liga
77593,Mateus Mané,id,Wolverhampton Wanderers,Wolves,Premier League,Premier League
78705,Ervin Bakoș,id,Csíkszereda Miercurea Ciuc,FK Csíkszereda,Liga I,SUPERLIGA
233918,Maximiliano Velazco,id,Club Atlético San Martín,,Liga Profesional de Fútbol,LPF
243321,Kim Gyeong Min,id,Suwon FC,,K League 1,K League 1
253421,Kameron Ledwidge,id,Shelbourne FC,Shelbourne,Premier Division,SSE Airtricity PD
266875,Johan Bakke,id,Strømsgodset IF,,Eliteserien,Eliteserien
269954,Douglas James-Taylor,id,Bohemian FC,Bohemians,Premier Division,SSE Airtricity PD
70688,Jeremías Lucco,id,Belgrano de Córdoba,Belgrano,Liga Profesional de Fútbol,LPF
78786,Felix Wimmer,id,SV Ried,SV Oberbank Ried,Bundesliga,Ö. Bundesliga
247067,Mohammed Bu Sanda,id,Al Ain,Al Ain FC,Pro League,United Emirates League
253171,Leo Oppermann,id,DSC Arminia Bielefeld,Arminia Bielefeld,2. Bundesliga,Bundesliga 2
257277,Zach Robinson,id,Motherwell FC,Motherwell,Premiership,Scottish Prem
267460,Jonas Nickisch,id,1. FC Saarbrücken,Saarbrücken,3. Liga,3. Liga
279059,César Miño,id,Guaraní,,División Profesional,Sudamericana
70898,Jeremías Vallejos,id,Club Atlético Sarmiento,Sarmiento,Liga Profesional de Fútbol,LPF
72405,Evans Botchway,id,IF Brommapojkarna,Brommapojkarna,Allsvenskan,Allsvenskan
77663,Joran Gerbet,id,Orlando City SC,Orlando City,Major League Soccer,MLS
78707,János Nagy,id,Csíkszereda Miercurea Ciuc,FK Csíkszereda,Liga I,SUPERLIGA
79377,Maximilian Weisbäcker,id,1. FC Schweinfurt 05,,3. Liga,3. Liga
261260,Gergő Szécsi,id,Ferencvárosi Torna Club,Ferencvárosi TC,Nemzeti Bajnokság I,Magyar Liga
75400,Aldo Parra,id,Sportivo Luqueño,,División Profesional,Sudamericana
75551,Adri Lopes,id,Real Oviedo,R. Oviedo,La Liga,LALIGA EA SPORTS
262557,Max Caputo,id,Melbourne City FC,Melbourne City,A-League Men,A-League
273872,Dániel Radnóti,id,Ferencvárosi Torna Club,Ferencvárosi TC,Nemzeti Bajnokság I,Magyar Liga
70897,Jeremías Lázaro,id,Instituto Atlético Central Córdoba,Instituto,Liga Profesional de Fútbol,LPF
252505,Jędrzej Grobelny,id,Arka Gdynia,,Ekstraklasa,PKO BP Ekstraklasa
270137,Chris Donovan,id,Philadelphia Union,Philadelphia,Major League Soccer,MLS
279657,Ben Nink,id,SV Wehen Wiesbaden,Wehen Wiesbaden,3. Liga,3. Liga
76455,Bruno Hernández,id,Cerro Largo,,Primera División,Sudamericana
80064,Louis Siliadin,id,US Boulogne Cote d'Opale,US Boulogne,Ligue 2,Ligue 2 BKT
235984,Nan Song,id,Shenzhen Peng City,SZ Peng City,Super League,CSL
261333,Jeremy Rafanello,id,Philadelphia Union,Philadelphia,Major League Soccer,MLS
262141,Alexandro Calut,id,Standard de Liège,Standard Liège,Pro League,1A Pro League
266517,Kevin Gadellaa,id,FC Utrecht,,Eredivisie,Eredivisie
72308,Amine Chabane,id,Amiens SC,,Ligue 2,Ligue 2 BKT
258897,Samed Onur,id,Gençlerbirliği SK,Gençlerbirliği,Süper Lig,Trendyol Süper Lig
276044,Joel Herrera,id,Atlético Grau,,Liga 1,Sudamericana
279774,William Da Rocha,id,KFUM-Kameratene Oslo,KFUM-Kameratene,Eliteserien,Eliteserien
72013,Fredrik Ardraa,id,Strømsgodset IF,,Eliteserien,Eliteserien
76040,Aymeric Faurand-Tournaire,id,Stade Lavallois Mayenne FC,Laval MFC,Ligue 2,Ligue 2 BKT
77561,Yousri Sbai,id,NEC Nijmegen,,Eredivisie,Eredivisie
204860,Kane Hemmings,id,Barrow,,League Two,EFL League Two
259255,Lee Kyung Tae,id,Daejeon Citizen,Daejeon Hana,K League 1,K League 1
264561,James Norris,id,Shelbourne FC,Shelbourne,Premier Division,SSE Airtricity PD
276102,Emanuel Sittaro,id,Instituto Atlético Central Córdoba,Instituto,Liga Profesional de Fútbol,LPF
79180,Szabolcs Szalay,id,Csíkszereda Miercurea Ciuc,FK Csíkszereda,Liga I,SUPERLIGA
244707,Ekin Celebi,id,1. FC Schweinfurt 05,,3. Liga,3. Liga
265782,Gianluca Saro,id,Reggiana,,Serie B,Serie BKT
277284,Ali Emre Yanar,id,Kasımpaşa SK,Kasımpaşa,Süper Lig,Trendyol Süper Lig
277749,Abdulsamet Burak,id,Kayserispor,,Süper Lig,Trendyol Süper Lig
278362,Lasse Flø,id,Vejle Boldklub,,Superliga,3F Superliga
71457,Josué Reinatti,id,Defensa y Justicia,Defensa,Liga Profesional de Fútbol,LPF
71908,Santiago Sosa,id,Defensa y Justicia,Defensa,Liga Profesional de Fútbol,LPF
73369,Ricky Bornschein,id,FC Erzgebirge Aue,,3. Liga,3. Liga
74480,Victor Orakpo,id,Montpellier HSC,Montpellier,Ligue 2,Ligue 2 BKT
74842,Agustín Seyral,id,Club Atlético Sarmiento,Sarmiento,Liga Profesional de Fútbol,LPF
77362,Yanis Rafii,id,Amiens SC,,Ligue 2,Ligue 2 BKT
79100,Denis Donkor,id,TSG 1899 Hoffenheim II,TSG Hoffenheim II,3. Liga,3. Liga
79610,Teddy Andami Averlant,id,Amiens SC,,Ligue 2,Ligue 2 BKT
241327,Chen Wei,id,Shanghai Port,Shanghai Port FC,Super League,CSL
255518,Kim Min Gyu,id,Gimcheon Sangmu FC,Gimcheon Sangmu,K League 1,K League 1
274083,Eduardo Villanueva,id,Colo-Colo,,Primera Division,Libertadores
77449,Emerson Pata,id,Independiente del Valle,,Serie A,Libertadores
77573,Li Hao,id,Qingdao West Coast FC,Qingdao W. Coast,Super League,CSL
77744,George Evans,id,Millwall FC,Millwall,Championship,EFL Championship
78610,Mattias Lamhauge,id,Fredericia,,Superliga,3F Superliga
255632,Yang Yiming,id,Shenzhen Peng City,SZ Peng City,Super League,CSL
258555,Dani van den Heuvel,id,Club Brugge KV,Club Brugge,Pro League,1A Pro League
76396,Andrea Natali,id,AZ Alkmaar,,Eredivisie,Eredivisie
79707,Iván Ramírez,id,Guaraní,,División Profesional,Sudamericana
80671,Jasper Hartog,id,AZ Alkmaar,,Eredivisie,Eredivisie
275261,George Nevett,id,Peterborough United,Peterborough,League One,EFL League One
275318,Jian Tao,id,Chengdu Rongcheng,Chengdu FC,Super League,CSL
70284,Daniel Azevedo,id,Casa Pia,Casa Pia AC,Primeira Liga,Liga Portugal
79060,Andrei Sava,id,Metaloglobus București,,Liga I,SUPERLIGA
262651,Tommy Lonergan,id,Waterford FC,Waterford,Premier Division,SSE Airtricity PD
263031,Sékou Fofana,id,FC Lausanne-Sport,Lausanne-Sport,Super League,Brack Super League
276040,Denzel Caña,id,Cienciano,,Liga 1,Sudamericana
75478,Luca Băsceanu,id,Universitatea Craiova,Univ. Craiova,Liga I,SUPERLIGA
76747,Eser Gürbüz,id,SC Heerenveen,,Eredivisie,Eredivisie
258351,Isaac Boehmer,id,Vancouver Whitecaps FC,Whitecaps FC,Major League Soccer,MLS
73306,Dustin Forkel,id,SSV Jahn Regensburg,Jahn Regensburg,3. Liga,3. Liga
272454,Maximilian Schmid,id,FC Erzgebirge Aue,,3. Liga,3. Liga
272961,Daniël Virginio Deen,id,AZ Alkmaar,,Eredivisie,Eredivisie
257217,Gianmarco Cangiano,id,Pescara,,Serie B,Serie BKT
278366,Adam Nygaard Andersen,id,Fredericia,,Superliga,3F Superliga
79169,Diego Percan,id,Arka Gdynia,,Ekstraklasa,PKO BP Ekstraklasa
80150,Nolan Martens,id,Excelsior,,Eredivisie,Eredivisie
237969,Shane Blaney,id,Livingston FC,Livingston,Premiership,Scottish Prem
245074,Choi Young Eun,id,Daegu FC,,K League 1,K League 1
252662,Kim Jeong hoon,id,Jeonbuk Hyundai Motors,Jeonbuk Hyundai,K League 1,K League 1
257482,Alán Montes,id,Sporting Kansas City,Sporting KC,Major League Soccer,MLS
278578,Jonah Kusi-Asare,id,Fulham FC,Fulham,Premier League,Premier League
79375,Arbnor Prenqi,id,Grazer AK 1902,Grazer AK,Bundesliga,Ö. Bundesliga
271292,Ange Chibozo,id,Amiens SC,,Ligue 2,Ligue 2 BKT
79942,Peter Kiedl,id,SV Ried,SV Oberbank Ried,Bundesliga,Ö. Bundesliga
225195,Abdulhadi Al Harajin,id,Al Hazem FC,Al Hazem,Pro League,ROSHN Saudi League
70013,Poyraz Yıldırım,id,Antalyaspor,,Süper Lig,Trendyol Süper Lig
75311,Jandry Gómez,id,Barcelona de Guayaquil,,Serie A,Libertadores
235185,Przemysław Stolc,id,Arka Gdynia,,Ekstraklasa,PKO BP Ekstraklasa
279174,Gonzalo Trindade,id,Central Cordoba SdE,Central Córdoba,Liga Profesional de Fútbol,LPF
78198,Rodrigo Gómez,id,Cerro Porteño,,División Profesional,Libertadores
79102,Ben Opoku Labes,id,TSG 1899 Hoffenheim II,TSG Hoffenheim II,3. Liga,3. Liga
220539,Abraham Cabrera,id,Gualberto Villarroel SJ,,División de Fútbol Profesional,Sudamericana
231678,Ruon Tongyik,id,Western Sydney Wanderers,WS Wanderers,A-League Men,A-League
273583,Deivid Tegues,id,Caracas FC,,Primera Division,Sudamericana
274363,Javier Guerra,id,Nacional Potosí,,División de Fútbol Profesional,Sudamericana
71469,Matt Orr,id,Shenzhen Peng City,SZ Peng City,Super League,CSL
74242,Zach Abbott,id,Nottingham Forest,Nott'm Forest,Premier League,Premier League
74792,Lisandro Piñero,id,CA Banfield,Banfield,Liga Profesional de Fútbol,LPF
77368,Luca Klimowicz,id,Instituto Atlético Central Córdoba,Instituto,Liga Profesional de Fútbol,LPF
245493,Muhannad Al Qaydhi,id,Al Akhdoud Saudi Club,,Pro League,ROSHN Saudi League
251178,Tom Grivosti,id,St Patrick's Athletic FC,St. Pats,Premier Division,SSE Airtricity PD
74135,Raymond Asante,id,Royal Charleroi Sporting Club,Sp. Charleroi,Pro League,1A Pro League
76933,Royer Caicedo,id,Atlético Nacional,Atl. Nacional,Categoría Primera A,Libertadores
77086,Ilir Kukleci,id,FK Haugesund,,Eliteserien,Eliteserien
211978,Seán Hoare,id,St Patrick's Athletic FC,St. Pats,Premier Division,SSE Airtricity PD
74417,Nick Seidel,id,SSV Jahn Regensburg,Jahn Regensburg,3. Liga,3. Liga
71815,Daniel Herrera,id,San Lorenzo de Almagro,San Lorenzo,Liga Profesional de Fútbol,LPF
77009,Franco Fagúndez,id,Deportivo Riestra,Dep. Riestra,Liga Profesional de Fútbol,LPF
78632,William Martin,id,Odense Boldklub,Odense BK,Superliga,3F Superliga
77265,Jherson Reyes,id,Atlético Grau,,Liga 1,Sudamericana
260776,Adrien Pinot,id,US Boulogne Cote d'Opale,US Boulogne,Ligue 2,Ligue 2 BKT
274855,Miika Koskela,id,FK Haugesund,,Eliteserien,Eliteserien
273552,Keegan Hughes,id,New England Revolution,New England,Major League Soccer,MLS
77764,Tristan Zobel,id,FC Erzgebirge Aue,,3. Liga,3. Liga
70975,Bi Abdoul Kader Yameogo,id,Club Brugge KV,Club Brugge,Pro League,1A Pro League
73901,Lorenzo Moretti,id,Virtus Entella,Entella,Serie B,Serie BKT
70636,Park Jin Young,id,Daegu FC,,K League 1,K League 1
225739,Jin Yangyang,id,Qingdao Hainiu FC,Qingdao Hainiu,Super League,CSL
78436,Kelven Frees,id,TSG 1899 Hoffenheim,TSG Hoffenheim,Bundesliga,Bundesliga
77882,Elias Egouli,id,Fortuna Düsseldorf,Düsseldorf,2. Bundesliga,Bundesliga 2
77264,Francesco Cavagna,id,Atlético Grau,,Liga 1,Sudamericana
262070,Yann Kembo Diantela,id,Real Sporting de Gijón,R. Sporting,La Liga 2,LALIGA HYPERMOTION
262450,Vlad Pop,id,Unirea Slobozia,,Liga I,SUPERLIGA
221856,Luo Senwen,id,Qingdao Hainiu FC,Qingdao Hainiu,Super League,CSL
224562,Gan Chao,id,Chengdu Rongcheng,Chengdu FC,Super League,CSL
239504,Josh Gordon,id,Barrow,,League Two,EFL League Two
71795,Rooney Troya,id,Universidad Católica del Ecuador,,Serie A,Sudamericana
247166,James Olayinka,id,Waterford FC,Waterford,Premier Division,SSE Airtricity PD
221847,Muzepper Mirahmetjan,id,Chengdu Rongcheng,Chengdu FC,Super League,CSL
73303,Ivan Nikolov,id,Sønderjyske Fodbold,Sønderjyske,Superliga,3F Superliga
238410,Liam Coyle,id,Accrington Stanley,Accrington,League Two,EFL League Two
79437,Bruno Carvalho,id,Metaloglobus București,,Liga I,SUPERLIGA
263161,Basil Al Sayali,id,Al Hazem FC,Al Hazem,Pro League,ROSHN Saudi League
271928,Basil Tuma,id,Reading FC,Reading,League One,EFL League One
272705,Noah Mawene,id,Preston North End,Preston,Championship,EFL Championship
268277,Miller Thomson,id,Dundee United FC,Dundee United,Premiership,Scottish Prem
247000,Jason McClelland,id,St Patrick's Athletic FC,St. Pats,Premier Division,SSE Airtricity PD
266827,Isaac Fletcher,id,Barrow,,League Two,EFL League Two
278834,Sima Suso,id,Fortuna Düsseldorf,Düsseldorf,2. Bundesliga,Bundesliga 2
78535,Kamil Jakubczyk,id,Arka Gdynia,,Ekstraklasa,PKO BP Ekstraklasa
252277,Park Dae Won,id,Gimcheon Sangmu FC,Gimcheon Sangmu,K League 1,K League 1
77664,Thijs Kraaijeveld,id,Feyenoord,,Eredivisie,Eredivisie
79763,Nick Rothweiler,id,1. FC Heidenheim 1846,Heidenheim,Bundesliga,Bundesliga
209475,John O'Sullivan,id,Shelbourne FC,Shelbourne,Premier Division,SSE Airtricity PD
242961,Stephen Duke-McKenna,id,Harrogate Town,,League Two,EFL League Two
244852,Kim Jung Min,id,Jeju United FC,Jeju United,K League 1,K League 1
276627,Franco Lino,id,Melbourne Victory,Melb. Victory,A-League Men,A-League
277942,William Benard,id,Stade Lavallois Mayenne FC,Laval MFC,Ligue 2,Ligue 2 BKT
278598,Macaulay Tait,id,Livingston FC,Livingston,Premiership,Scottish Prem
71394,Sun Minghim,id,Tianjin Jinmen Tiger,Tianjin JMT FC,Super League,CSL
262181,Archie Meekison,id,Bohemian FC,Bohemians,Premier Division,SSE Airtricity PD
251262,Barry Baggley,id,St Patrick's Athletic FC,St. Pats,Premier Division,SSE Airtricity PD
260386,Tete Yengi,id,Livingston FC,Livingston,Premiership,Scottish Prem
270958,Alper Demirol,id,Fatih Karagümrük,,Süper Lig,Trendyol Süper Lig
276562,Jaylan Pearman,id,Queens Park Rangers,QPR,Championship,EFL Championship
277251,Alan Tobias Morinigo,id,Club Olimpia,,División Profesional,Libertadores
73137,Mika Haas,id,1. FC Kaiserslautern,Kaiserslautern,2. Bundesliga,Bundesliga 2
218593,Stuart Moore,id,Wycombe Wanderers,Wycombe,League One,EFL League One
241954,Yousef Al Mozairib,id,Al Hazem FC,Al Hazem,Pro League,ROSHN Saudi League
278914,Samuel Silalahi,id,Strømsgodset IF,,Eliteserien,Eliteserien
210392,Ryan McLaughlin,id,St Patrick's Athletic FC,St. Pats,Premier Division,SSE Airtricity PD
258592,Dan Martin,id,Accrington Stanley,Accrington,League Two,EFL League Two
273558,Stephen McMullan,id,Waterford FC,Waterford,Premier Division,SSE Airtricity PD
275267,Miguel Di Pizio,id,Central Coast Mariners,Central Coast,A-League Men,A-League
79369,Tim Paumgartner,id,Grazer AK 1902,Grazer AK,Bundesliga,Ö. Bundesliga
244425,Marcel Schantl,id,Blau-Weiß Linz,Blau-Weiss Linz,Bundesliga,Ö. Bundesliga
208697,Danny Rogers,id,St Patrick's Athletic FC,St. Pats,Premier Division,SSE Airtricity PD
260933,Ekrem Kılıçarslan,id,Göztepe SK,Göztepe,Süper Lig,Trendyol Süper Lig
273464,John-Kymani Gordon,id,Colchester United,Colchester,League Two,EFL League Two
277473,Jing Reec,id,Melbourne Victory,Melb. Victory,A-League Men,A-League
80582,Givaro Rahajaän,id,PEC Zwolle,,Eredivisie,Eredivisie
243127,John Martin,id,Shelbourne FC,Shelbourne,Premier Division,SSE Airtricity PD
73625,Guy Noël Zohouri,id,Le Havre AC,Havre AC,Ligue 1,Ligue 1 McDonald's
76999,Julian Mavilla,id,Belgrano de Córdoba,Belgrano,Liga Profesional de Fútbol,LPF
79162,Reece Smith,id,Harrogate Town,,League Two,EFL League Two
275059,Arne Hopland Ødegård,id,Hamarkameratene,HamKam Fotball,Eliteserien,Eliteserien
73922,Jesper Gregersen,id,Bryne FK,,Eliteserien,Eliteserien
76844,Javier Vallejos,id,Central Cordoba SdE,Central Córdoba,Liga Profesional de Fútbol,LPF
239353,Navajo Bakboord,id,Waterford FC,Waterford,Premier Division,SSE Airtricity PD
235551,Ibrahim Al Shuayl,id,Al Taawoun FC,Al Taawoun,Pro League,ROSHN Saudi League
261956,Fang Hao,id,Beijing Guoan,Beijing FC,Super League,CSL
75358,Gustavo Mendoza,id,San Antonio Bulo Bulo,,División de Fútbol Profesional,Libertadores
79943,Loiange Ondoa,id,SV Ried,SV Oberbank Ried,Bundesliga,Ö. Bundesliga
225406,James Talbot,id,Bohemian FC,Bohemians,Premier Division,SSE Airtricity PD
250815,Connor Parsons,id,Bohemian FC,Bohemians,Premier Division,SSE Airtricity PD
208626,Said Ahmed Said,id,Unirea Slobozia,,Liga I,SUPERLIGA
274094,Kamarai Swyer,id,Northampton Town,Northampton,League One,EFL League One
275429,David Sotelo,id,Newell's Old Boys,Newell's,Liga Profesional de Fútbol,LPF
72596,Anders Bondhus,id,FK Haugesund,,Eliteserien,Eliteserien
78909,Albert Rrahmani,id,Sønderjyske Fodbold,Sønderjyske,Superliga,3F Superliga
274540,Andreas Heredia-Randen,id,Strømsgodset IF,,Eliteserien,Eliteserien
276352,Jonathan Hutters,id,Aarhus Gymnastikforening,AGF,Superliga,3F Superliga
78706,Efraim Bödő,id,Csíkszereda Miercurea Ciuc,FK Csíkszereda,Liga I,SUPERLIGA
225166,Xavier Lenogue,id,US Boulogne Cote d'Opale,US Boulogne,Ligue 2,Ligue 2 BKT
278488,Omar Valencia,id,New York Red Bulls,Red Bulls,Major League Soccer,MLS
73754,Tyler Walton,id,Accrington Stanley,Accrington,League Two,EFL League Two
77161,Emmanuel Michael,id,LASK Linz,LASK,Bundesliga,Ö. Bundesliga
79917,Enrique Aguilar,id,FC Red Bull Salzburg,RB Salzburg,Bundesliga,Ö. Bundesliga
222621,Du Jia,id,Shanghai Port,Shanghai Port FC,Super League,CSL
259560,Naorem Mahesh Singh,id,East Bengal FC,East Bengal,Super League,ISL
273678,Gabriel Gheorghe,id,Rapid Bucuresti,FC Rapid 1923,Liga I,SUPERLIGA
276461,Lukas Kelly-Heald,id,Wellington Phoenix,Well. Phoenix,A-League Men,A-League
279748,Ezequiel Olivera,id,Cerro Largo,,Primera División,Sudamericana
248482,Khalifa Al Dawsari,id,NEOM SC,Neom,Pro League,ROSHN Saudi League
71058,Agustín Molina,id,Club Atlético Sarmiento,Sarmiento,Liga Profesional de Fútbol,LPF
73261,Zico Asare,id,Harrogate Town,,League Two,EFL League Two
218738,Ely Fernandes,id,Metaloglobus București,,Liga I,SUPERLIGA
242874,Yang Fan,id,Tianjin Jinmen Tiger,Tianjin JMT FC,Super League,CSL
251283,Ryan Burke,id,Waterford FC,Waterford,Premier Division,SSE Airtricity PD
261104,Shin Sang Eun,id,Jeju United FC,Jeju United,K League 1,K League 1
79281,Darwin Guagua,id,Independiente del Valle,,Serie A,Libertadores
80556,Sam de Laat,id,NEC Nijmegen,,Eredivisie,Eredivisie
242638,Daniel Kelly,id,Shelbourne FC,Shelbourne,Premier Division,SSE Airtricity PD
277502,Mathis Touho,id,Amiens SC,,Ligue 2,Ligue 2 BKT
278252,Max Schmitt,id,SSV Ulm 1846,,3. Liga,3. Liga
71471,Behram Abduweli,id,Shenzhen Peng City,SZ Peng City,Super League,CSL
77197,Kim Jun Ha,id,Jeju United FC,Jeju United,K League 1,K League 1
79061,Gabriel Dumitru,id,Metaloglobus București,,Liga I,SUPERLIGA
231613,Shawn McCoulsky,id,Harrogate Town,,League Two,EFL League Two
233185,Oh In Pyo,id,Gimcheon Sangmu FC,Gimcheon Sangmu,K League 1,K League 1
262156,Hermann Tebily,id,Rodez Aveyron Football,Rodez AF,Ligue 2,Ligue 2 BKT
264111,Tobias Haahr Jakobsen,id,Vejle Boldklub,,Superliga,3F Superliga
275300,Connor O'Brien,id,Accrington Stanley,Accrington,League Two,EFL League Two
259640,Wouter George,id,Oud-Heverlee Leuven,OH Leuven,Pro League,1A Pro League
267768,Colm Whelan,id,Bohemian FC,Bohemians,Premier Division,SSE Airtricity PD
234339,Park Dae Hoon,id,Daegu FC,,K League 1,K League 1
73953,Daniel Richter,id,DSC Arminia Bielefeld,Arminia Bielefeld,2. Bundesliga,Bundesliga 2
75843,Jay David Mbalanda,id,Sint-Truidense VV,STVV,Pro League,1A Pro League
245813,Abdulelah Al Shammari,id,Al-Najma SC,,Pro League,ROSHN Saudi League
74911,Valentino Acuña,id,Newell's Old Boys,Newell's,Liga Profesional de Fútbol,LPF
238197,Sam Bone,id,Shelbourne FC,Shelbourne,Premier Division,SSE Airtricity PD
240531,Moataz Al Baqawi,id,Damac FC,,Pro League,ROSHN Saudi League
271171,Louis Lord,id,FC Erzgebirge Aue,,3. Liga,3. Liga
71314,Daniel Job,id,Sarpsborg 08 FF,Sarpsborg 08,Eliteserien,Eliteserien
77461,Cristian González,id,Cerro Largo,,Primera División,Sudamericana
79796,Christian Kitenge,id,US Boulogne Cote d'Opale,US Boulogne,Ligue 2,Ligue 2 BKT
245854,Théo Vermot,id,Olympique de Marseille,OM,Ligue 1,Ligue 1 McDonald's
269435,Pascal Kuiper,id,Sparta Rotterdam,,Eredivisie,Eredivisie
274665,Shakur Mohammed,id,Orlando City SC,Orlando City,Major League Soccer,MLS
275557,Hussain Al Zabdani,id,Al Akhdoud Saudi Club,,Pro League,ROSHN Saudi League
70431,Nicólas Claa,id,Godoy Cruz,,Liga Profesional de Fútbol,LPF
71462,Mateo Clemente,id,San Lorenzo de Almagro,San Lorenzo,Liga Profesional de Fútbol,LPF
73290,Messy Manitu,id,Amiens SC,,Ligue 2,Ligue 2 BKT
73367,Dennis Duah,id,FC Energie Cottbus,Energie Cottbus,3. Liga,3. Liga
75391,Santos,id,Melbourne Victory,Melb. Victory,A-League Men,A-League
253065,Prabhsukhan Singh Gill,id,East Bengal FC,East Bengal,Super League,ISL
77055,Bernard Acheampong,id,Hammarby Fotboll,Hammarby IF,Allsvenskan,Allsvenskan
263642,Antonio Bordușanu,id,Dinamo Bucureşti,FC Dinamo 1948,Liga I,SUPERLIGA
271669,Juan Larios,id,Cultural Leonesa,,La Liga 2,LALIGA HYPERMOTION
277571,Dylan Peraić-Cullen,id,Central Coast Mariners,Central Coast,A-League Men,A-League
73160,Matti Wagner,id,Alemannia Aachen,Aleman. Aachen,3. Liga,3. Liga
76119,Bogdan Marian,id,Asociația Clubul Sportiv Petrolul 52,FC Petrolul,Liga I,SUPERLIGA
77608,Axel Cabellos,id,Sporting Cristal,,Liga 1,Libertadores
79789,Sonny Duflos,id,US Boulogne Cote d'Opale,US Boulogne,Ligue 2,Ligue 2 BKT
232626,Oh Jae Suk,id,Daejeon Citizen,Daejeon Hana,K League 1,K League 1
270372,Ionuț Gurău,id,Unirea Slobozia,,Liga I,SUPERLIGA
70177,Aydan Hammond,id,Western Sydney Wanderers,WS Wanderers,A-League Men,A-League
72839,Stefano Mazzini,id,Carrarese,Carrarese Calcio,Serie B,Serie BKT
75189,Pablo Altamirano,id,Newell's Old Boys,Newell's,Liga Profesional de Fútbol,LPF
79065,Răzvan Milea,id,Metaloglobus București,,Liga I,SUPERLIGA
80151,Nesto Groen,id,Excelsior,,Eredivisie,Eredivisie
262922,Paul Tschernuth,id,1. FC Heidenheim 1846,Heidenheim,Bundesliga,Bundesliga
271748,Roy Steur,id,FC Volendam,,Eredivisie,Eredivisie
272877,Cian Byrne,id,Bohemian FC,Bohemians,Premier Division,SSE Airtricity PD
71204,Lee Jun Gyu,id,Daejeon Citizen,Daejeon Hana,K League 1,K League 1
77729,Frederik Emmery,id,Aarhus Gymnastikforening,AGF,Superliga,3F Superliga
78702,Erwin Bloj,id,Csíkszereda Miercurea Ciuc,FK Csíkszereda,Liga I,SUPERLIGA
247058,Tom Hendriks,id,Alemannia Aachen,Aleman. Aachen,3. Liga,3. Liga
273926,Nathan Butler-Oyedeji,id,FC Lausanne-Sport,Lausanne-Sport,Super League,Brack Super League
71772,Ángel Espínola,id,Sportivo Luqueño,,División Profesional,Sudamericana
78630,Marcus McCoy,id,Odense Boldklub,Odense BK,Superliga,3F Superliga
243905,Robin Mantel,id,Heracles Almelo,,Eredivisie,Eredivisie
277007,Lewis Shipley,id,Barrow,,League Two,EFL League Two
277802,Edoardo Motta,id,Reggiana,,Serie B,Serie BKT
279061,Abdoulkarim Traore,id,Al Ain,Al Ain FC,Pro League,United Emirates League
78696,Patrick Dulcea,id,Unirea Slobozia,,Liga I,SUPERLIGA
78948,Kevin Contreras,id,Unión Española,,Primera Division,Sudamericana
211927,Kwon Chang Hoon,id,Jeonbuk Hyundai Motors,Jeonbuk Hyundai,K League 1,K League 1
257800,Soufiane Jebari,id,Csíkszereda Miercurea Ciuc,FK Csíkszereda,Liga I,SUPERLIGA
72899,Shola Oduoye,id,Caracas FC,,Primera Division,Sudamericana
79795,Exaucé Mpembele Boula,id,US Boulogne Cote d'Opale,US Boulogne,Ligue 2,Ligue 2 BKT
187782,Seámus Conneely,id,Accrington Stanley,Accrington,League Two,EFL League Two
221972,Sun Jie,id,Qingdao West Coast FC,Qingdao W. Coast,Super League,CSL
265747,Rijk Janse,id,NEC Nijmegen,,Eredivisie,Eredivisie
271116,Benicio Baker,id,Millwall FC,Millwall,Championship,EFL Championship
277928,Mannou Berger,id,Feyenoord,,Eredivisie,Eredivisie
73356,Luc Nieuwenhuijs,id,NEC Nijmegen,,Eredivisie,Eredivisie
76664,Carl Lundahl Persson,id,Östers IF,,Allsvenskan,Allsvenskan
76970,Ibrahima Seck,id,Raków Częstochowa,Raków,Ekstraklasa,PKO BP Ekstraklasa
78560,Dominik Biniek,id,Bruk-Bet Termalica Nieciecza,,Ekstraklasa,PKO BP Ekstraklasa
247574,Kim Chan,id,Gimcheon Sangmu FC,Gimcheon Sangmu,K League 1,K League 1
275252,Stephen Afrifa,id,Sporting Kansas City,Sporting KC,Major League Soccer,MLS
74543,Ian Garguez,id,CD Palestino,,Primera Division,Sudamericana
77522,Escleizon Freita,id,Bolívar,,División de Fútbol Profesional,Libertadores
79422,Francisco Mongelos,id,Sportivo Luqueño,,División Profesional,Sudamericana
224549,Yue Xin,id,Zhejiang FC,Zhejiang Pro,Super League,CSL
264203,Rayan Hamed,id,Al Ahli SFC,Al Ahli,Pro League,ROSHN Saudi League
276916,Diogo Dias,id,GD Estoril Praia,Estoril Praia,Primeira Liga,Liga Portugal
72086,Alfredo García,id,Nacional Potosí,,División de Fútbol Profesional,Sudamericana
269232,Sam Karssies,id,FC Twente,,Eredivisie,Eredivisie
274404,Benn Ward,id,Accrington Stanley,Accrington,League Two,EFL League Two
72271,Armin Haider,id,LASK Linz,LASK,Bundesliga,Ö. Bundesliga
76670,Raymond Adjei,id,Östers IF,,Allsvenskan,Allsvenskan
78634,Elias Hansborg-Sørensen,id,Odense Boldklub,Odense BK,Superliga,3F Superliga
79790,Hervé Touré,id,US Boulogne Cote d'Opale,US Boulogne,Ligue 2,Ligue 2 BKT
80581,Christian Chiza,id,NAC Breda,,Eredivisie,Eredivisie
263411,Jamie Mullins,id,Wycombe Wanderers,Wycombe,League One,EFL League One
263955,Ben Knight,id,Cambridge United,Cambridge Utd,League Two,EFL League Two
256376,Felix Jakobsson,id,Hammarby Fotboll,Hammarby IF,Allsvenskan,Allsvenskan
74673,Efecan Gülerce,id,Antalyaspor,,Süper Lig,Trendyol Süper Lig
248770,Kacper Radkowski,id,Waterford FC,Waterford,Premier Division,SSE Airtricity PD
70492,Thiago Dombroski,id,Bruk-Bet Termalica Nieciecza,,Ekstraklasa,PKO BP Ekstraklasa
239086,Daniel Thøgersen,id,Fredericia,,Superliga,3F Superliga
70781,Benjamin Fredrick,id,FCV Dender EH,,Pro League,1A Pro League
76285,Dion Versluis,id,NAC Breda,,Eredivisie,Eredivisie
224558,Yu Rui,id,Shenzhen Peng City,SZ Peng City,Super League,CSL
279203,Oluwaseun Ogbemudia,id,1. FC Union Berlin,Union Berlin,Bundesliga,Bundesliga
78618,Martin Huldahl,id,Fredericia,,Superliga,3F Superliga
79192,Cristian Makaté,id,Union Saint-Gilloise,R. Union St.-G.,Pro League,1A Pro League
79503,Nyamekye Awortwie-Grant,id,FC Energie Cottbus,Energie Cottbus,3. Liga,3. Liga
71850,Piero Mollica,id,Caracas FC,,Primera Division,Sudamericana
245574,Abdulrahman Al Dakheel,id,Al Hazem FC,Al Hazem,Pro League,ROSHN Saudi League
70585,João Luiz,id,Blau-Weiß Linz,Blau-Weiss Linz,Bundesliga,Ö. Bundesliga
77046,Devon Matthews,id,Accrington Stanley,Accrington,League Two,EFL League Two
261164,Adrian Durrer,id,FC Winterthur,,Super League,Brack Super League
268561,Brahim Ghalidi,id,NAC Breda,,Eredivisie,Eredivisie
77970,Jansen Miller,id,Sporting Kansas City,Sporting KC,Major League Soccer,MLS
247905,Cosmin Achim,id,Metaloglobus București,,Liga I,SUPERLIGA
76138,Ben Kieffer,id,SSV Jahn Regensburg,Jahn Regensburg,3. Liga,3. Liga
76923,Luca Erlein,id,TSG 1899 Hoffenheim II,TSG Hoffenheim II,3. Liga,3. Liga
251111,Feng Boyuan,id,Qingdao Hainiu FC,Qingdao Hainiu,Super League,CSL
78569,Cyrill May,id,FC St.Gallen 1879,FC St. Gallen,Super League,Brack Super League
278761,Mariano Barreda,id,FBC Melgar,,Liga 1,Sudamericana
76699,Leonardo Montenegro,id,Nacional Potosí,,División de Fútbol Profesional,Sudamericana
79063,Stefan Višić,id,Metaloglobus București,,Liga I,SUPERLIGA
79762,Adam Kölle,id,1. FC Heidenheim 1846,Heidenheim,Bundesliga,Bundesliga
72028,Pierre Mbemba,id,Real Sporting de Gijón,R. Sporting,La Liga 2,LALIGA HYPERMOTION
70744,Luke Turner,id,St Patrick's Athletic FC,St. Pats,Premier Division,SSE Airtricity PD
79533,Marcel Ratnik,id,Al Ain,Al Ain FC,Pro League,United Emirates League
279520,Leigh Kavanagh,id,Bohemian FC,Bohemians,Premier Division,SSE Airtricity PD
74847,Joel Godoy,id,Club Atlético Sarmiento,Sarmiento,Liga Profesional de Fútbol,LPF
278502,Lorenzo Dellavalle,id,Los Angeles FC,LAFC,Major League Soccer,MLS
75524,Yannick Bettkober,id,Grasshopper Club Zürich,GC Zürich,Super League,Brack Super League
213502,Rob Cornwall,id,Bohemian FC,Bohemians,Premier Division,SSE Airtricity PD
251857,Kevin Frisorger,id,1. FC Schweinfurt 05,,3. Liga,3. Liga
76680,Milovan Celis,id,Unión Española,,Primera Division,Sudamericana
274422,Lee Hyun Yong,id,Suwon FC,,K League 1,K League 1
242414,Yao Junsheng,id,Zhejiang FC,Zhejiang Pro,Super League,CSL
179636,David Worrall,id,Barrow,,League Two,EFL League Two
251284,Kane Thompson-Sommers,id,Milton Keynes Dons,MK Dons,League Two,EFL League Two
236774,Ashique Kuruniyan,id,Mohun Bagan Super Giant,Mohun Bagan SG,Super League,ISL
245170,Anirudh Thapa,id,Mohun Bagan Super Giant,Mohun Bagan SG,Super League,ISL
76799,Tom Hill,id,Harrogate Town,,League Two,EFL League Two
78424,Tochukwu Nnadi,id,SV Zulte Waregem,Zulte Waregem,Pro League,1A Pro League
241342,Su Yuanjie,id,Tianjin Jinmen Tiger,Tianjin JMT FC,Super League,CSL
277233,Mohammed Mahzari,id,Al Taawoun FC,Al Taawoun,Pro League,ROSHN Saudi League
267796,Serge Ngoma,id,New York Red Bulls,Red Bulls,Major League Soccer,MLS
77494,Leonardo Barroso,id,Chicago Fire,Chicago Fire FC,Major League Soccer,MLS
260885,Al-Amin Kazeem,id,St Patrick's Athletic FC,St. Pats,Premier Division,SSE Airtricity PD
277235,Farha Al Shamrani,id,Al Riyadh,Al Ittihad,Pro League,ROSHN Saudi League
79328,Davis Asante,id,SSV Jahn Regensburg,Jahn Regensburg,3. Liga,3. Liga
238055,Ammar Al Najjar,id,Al-Najma SC,,Pro League,ROSHN Saudi League
194091,Michael Jacobs,id,Northampton Town,Northampton,League One,EFL League One
74715,Åke Andersson,id,IFK Norrköping,,Allsvenskan,Allsvenskan
77972,Alexandro Maidana,id,Guaraní,,División Profesional,Sudamericana
73877,Jamar Ricketts,id,San Jose Earthquakes,SJ Earthquakes,Major League Soccer,MLS
73908,Behar Neziri,id,FC St.Gallen 1879,FC St. Gallen,Super League,Brack Super League
79862,Tobias Lykkebak,id,Vejle Boldklub,,Superliga,3F Superliga
275461,Dilan Salgado,id,CD Palestino,,Primera Division,Sudamericana
74337,Isaiah Ahmed,id,SC Heerenveen,,Eredivisie,Eredivisie
77268,Benjamín García,id,Atlético Grau,,Liga 1,Sudamericana
248376,Tao Qianglong,id,Zhejiang FC,Zhejiang Pro,Super League,CSL
77490,Jacob Bartlett,id,Sporting Kansas City,Sporting KC,Major League Soccer,MLS
80489,Robin van Cruijsen,id,FC Volendam,,Eredivisie,Eredivisie
225740,Dong Yanfeng,id,Chengdu Rongcheng,Chengdu FC,Super League,CSL
73295,Simon Wæver,id,Sønderjyske Fodbold,Sønderjyske,Superliga,3F Superliga
258056,Sam Long,id,Bromley,Bromley FC,League Two,EFL League Two
73547,Tristan Schenkhuizen,id,Fortuna Sittard,,Eredivisie,Eredivisie
79836,Marcel Predenkiewicz,id,Arka Gdynia,,Ekstraklasa,PKO BP Ekstraklasa
79940,Nevio Zotz,id,SV Ried,SV Oberbank Ried,Bundesliga,Ö. Bundesliga
268441,Logan Pye,id,Accrington Stanley,Accrington,League Two,EFL League Two
277325,Josh Seary,id,Preston North End,Preston,Championship,EFL Championship
71369,Jang Yeong Woo,id,Suwon FC,,K League 1,K League 1
74772,Ramiro Hernándes,id,Belgrano de Córdoba,Belgrano,Liga Profesional de Fútbol,LPF
75661,Charlie Nildén,id,IF Brommapojkarna,Brommapojkarna,Allsvenskan,Allsvenskan
78646,Lauris Bausenwein,id,1. FC Schweinfurt 05,,3. Liga,3. Liga
79203,Freddie Sass,id,Accrington Stanley,Accrington,League Two,EFL League Two
80490,Jermaine Rijssel,id,SC Heerenveen,,Eredivisie,Eredivisie
253476,Deepak Tangri,id,Mohun Bagan Super Giant,Mohun Bagan SG,Super League,ISL
72762,Adrian Caragea,id,Dinamo Bucureşti,FC Dinamo 1948,Liga I,SUPERLIGA
77796,Jonathan Ramos,id,Sportivo Luqueño,,División Profesional,Sudamericana
78792,Philip Weissenbacher,id,SV Ried,SV Oberbank Ried,Bundesliga,Ö. Bundesliga
243102,Wang Xianjun,id,Tianjin Jinmen Tiger,Tianjin JMT FC,Super League,CSL
262559,Ben Winterbottom,id,Barrow,,League Two,EFL League Two
266502,Zak Lovelace,id,Millwall FC,Millwall,Championship,EFL Championship
273949,Stephen Bolma,id,IFK Norrköping,,Allsvenskan,Allsvenskan
277316,Meshal Al Alaeli,id,Al Taawoun FC,Al Ettifaq,Pro League,ROSHN Saudi League
74730,Theodor Martin Agelin,id,Sandefjord Fotball,Sandefjord,Eliteserien,Eliteserien
78998,Nelson Eliseche,id,Cerro Porteño,,División Profesional,Libertadores
264300,Eivind Helgeland,id,FK Haugesund,,Eliteserien,Eliteserien
268886,Bradley Ihionvien,id,Shrewsbury Town,Shrewsbury,League Two,EFL League Two
272369,Joe Wormleighton,id,Northampton Town,Northampton,League One,EFL League One
275045,Nicolás Letelier,id,Universidad Católica,Uni. Católica,Primera Division,Liga Chile
79376,Fabio Luque-Notaro,id,1. FC Schweinfurt 05,,3. Liga,3. Liga
202881,Keith Buckley,id,Bohemian FC,Bohemians,Premier Division,SSE Airtricity PD
270319,Park Yong Hui,id,Suwon FC,,K League 1,K League 1
74005,Kevin Morgan,id,Peñarol,,Primera División,Libertadores
76691,Adrián Brizuela,id,Sportivo Luqueño,,División Profesional,Sudamericana
76903,Gonzalo Matías Lucero,id,Club Atlético San Martín,,Liga Profesional de Fútbol,LPF
253669,Anwar Ali,id,East Bengal FC,East Bengal,Super League,ISL
262706,Szilárd Vereș,id,Csíkszereda Miercurea Ciuc,FK Csíkszereda,Liga I,SUPERLIGA
78615,Daniel Haarbo,id,Fredericia,,Superliga,3F Superliga
186494,Mark Oxley,id,Harrogate Town,,League Two,EFL League Two
214525,David Richards,id,Dundee United FC,Dundee United,Premiership,Scottish Prem
76791,Lucas Acosta,id,Club Atlético San Martín,,Liga Profesional de Fútbol,LPF
222612,Michael Kelly,id,Accrington Stanley,Accrington,League Two,EFL League Two
224624,Fu Huan,id,Shanghai Port,Shanghai Port FC,Super League,CSL
79792,Sohan Paillard,id,US Boulogne Cote d'Opale,US Boulogne,Ligue 2,Ligue 2 BKT
261954,Yang Zihao,id,Tianjin Jinmen Tiger,Tianjin JMT FC,Super League,CSL
70669,Giovani Chiaverano,id,Newell's Old Boys,Newell's,Liga Profesional de Fútbol,LPF
75420,Corentin Issanchou,id,Rodez Aveyron Football,Rodez AF,Ligue 2,Ligue 2 BKT
78564,Wojciech Jakubik,id,Bruk-Bet Termalica Nieciecza,,Ekstraklasa,PKO BP Ekstraklasa
79101,Tiago Poller,id,TSG 1899 Hoffenheim II,TSG Hoffenheim II,3. Liga,3. Liga
243910,Trae Coyle,id,Waterford FC,Waterford,Premier Division,SSE Airtricity PD
258470,Ryan Ponti,id,Rodez Aveyron Football,Rodez AF,Ligue 2,Ligue 2 BKT
261703,Ángel González,id,Libertad,,División Profesional,Libertadores
73572,Mactar Tine,id,Amiens SC,,Ligue 2,Ligue 2 BKT
258399,Owen Jochmans,id,Oud-Heverlee Leuven,OH Leuven,Pro League,1A Pro League
76777,Tim Philipp,id,TSG 1899 Hoffenheim II,TSG Hoffenheim II,3. Liga,3. Liga
79822,Key-Shawn Wong-A-Soij,id,FC Volendam,,Eredivisie,Eredivisie
80579,Pepijn Reulen,id,NAC Breda,,Eredivisie,Eredivisie
266649,Nando Verdoni,id,Go Ahead Eagles,,Eredivisie,Eredivisie
275000,Alf Lukas Grønneberg,id,Sandefjord Fotball,Sandefjord,Eliteserien,Eliteserien
276406,Oğuzhan Efe Yılmaz,id,Kasımpaşa SK,Kasımpaşa,Süper Lig,Trendyol Süper Lig
70322,Victor Cespedes,id,Guaraní,,División Profesional,Sudamericana
71963,Myron Mau-Asam,id,FC Volendam,,Eredivisie,Eredivisie
76472,Thomas Turner,id,Blau-Weiß Linz,Blau-Weiss Linz,Bundesliga,Ö. Bundesliga
80066,Souleymane Keita,id,US Boulogne Cote d'Opale,US Boulogne,Ligue 2,Ligue 2 BKT
258532,Conor Carty,id,St Patrick's Athletic FC,St. Pats,Premier Division,SSE Airtricity PD
72247,Pedro Villalba,id,Libertad,,División Profesional,Libertadores
77270,Jasper Silva Torkildsen,id,Strømsgodset IF,,Eliteserien,Eliteserien
80442,Jeremiah Okine-Peters,id,Reading FC,Reading,League One,EFL League One
71088,Gustavo Marecos,id,Guaraní,,División Profesional,Sudamericana
73394,Gabri,id,CD Mirandés,,La Liga 2,LALIGA HYPERMOTION
207528,Ross Fitzsimons,id,Northampton Town,Northampton,League One,EFL League One
255912,Muhammadu Faal,id,Waterford FC,Waterford,Premier Division,SSE Airtricity PD
79788,Jonathan Kapenga,id,US Boulogne Cote d'Opale,US Boulogne,Ligue 2,Ligue 2 BKT
252835,Grant Horton,id,Waterford FC,Waterford,Premier Division,SSE Airtricity PD
279122,Desmond Acquah,id,FCV Dender EH,,Pro League,1A Pro League
79737,Enis Kamga,id,1. FC Kaiserslautern,Kaiserslautern,2. Bundesliga,Bundesliga 2
263811,Josh Woods,id,Accrington Stanley,Accrington,League Two,EFL League Two
270599,Leonardo Rolón,id,Guaraní,,División Profesional,Sudamericana
271025,Fernando Díaz,id,Club Atlético Unión,Unión,Liga Profesional de Fútbol,LPF
276543,Noa Mupemba,id,Stade Lavallois Mayenne FC,Laval MFC,Ligue 2,Ligue 2 BKT
279014,Alby Kelly-Heald,id,Wellington Phoenix,Well. Phoenix,A-League Men,A-League
73174,Antonio Spagnoli,id,FC Winterthur,,Super League,Brack Super League
79062,Robert Neacșu,id,Metaloglobus București,,Liga I,SUPERLIGA
241438,Kelsey Mooney,id,Accrington Stanley,Accrington,League Two,EFL League Two
248814,Nurettin Korkmaz,id,Kayserispor,,Süper Lig,Trendyol Süper Lig
262048,Hormipam Ruivah,id,Kerala Blasters FC,Kerala Blasters,Super League,ISL
75654,Alessandro Vogt,id,FC St.Gallen 1879,FC St. Gallen,Super League,Brack Super League
75810,Amil Šiljević,id,Eintracht Frankfurt,Frankfurt,Bundesliga,Bundesliga
257816,Andrei Rus,id,Oțelul Galați,SC Oțelul Galați,Liga I,SUPERLIGA
260703,Hassan Al Ali,id,NEOM SC,Neom,Pro League,ROSHN Saudi League
279008,Luc De Fougerolles,id,FCV Dender EH,,Pro League,1A Pro League
238287,Kim Kyung Joon,id,Gimcheon Sangmu FC,Gimcheon Sangmu,K League 1,K League 1
260129,Kerr Smith,id,Barrow,,League Two,EFL League Two
272314,Peng Peng,id,Shenzhen Peng City,SZ Peng City,Super League,CSL
77147,Enzo Kana-Biyik,id,FC Lausanne-Sport,Lausanne-Sport,Super League,Brack Super League
76572,Callum Stewart,id,Shrewsbury Town,Shrewsbury,League Two,EFL League Two
80557,Freek Entius,id,NEC Nijmegen,,Eredivisie,Eredivisie
257718,Andy Winter,id,Livingston FC,Livingston,Premiership,Scottish Prem
278229,Dmytro Bohdanov,id,1. FC Union Berlin,Union Berlin,Bundesliga,Bundesliga
79041,Mauro Zijlstra,id,FC Volendam,,Eredivisie,Eredivisie
76806,Gian García,id,FBC Melgar,,Liga 1,Sudamericana
274278,Lee Taek Keun,id,Suwon FC,,K League 1,K League 1
274549,Talha Sarıarslan,id,Kayserispor,,Süper Lig,Trendyol Süper Lig
276168,Nico Grimbs,id,1. FC Schweinfurt 05,,3. Liga,3. Liga
74466,Simon Kalambayi,id,TSG 1899 Hoffenheim II,TSG Hoffenheim II,3. Liga,3. Liga
76135,Robin Bouw,id,SC Heerenveen,,Eredivisie,Eredivisie
78310,Antony Henríquez,id,Deportes Iquique,,Primera Division,Sudamericana
252349,Won Ki Jong,id,Gimcheon Sangmu FC,Gimcheon Sangmu,K League 1,K League 1
77433,Milan Mbeng,id,Shelbourne FC,Shelbourne,Premier Division,SSE Airtricity PD
80488,Jesper Tielemans,id,FC Volendam,,Eredivisie,Eredivisie
269539,Wang Dongsheng,id,Chengdu Rongcheng,Chengdu FC,Super League,CSL
78440,Yannis Hör,id,TSG 1899 Hoffenheim II,TSG Hoffenheim II,3. Liga,3. Liga
79064,Adrian Sîrbu,id,Metaloglobus București,,Liga I,SUPERLIGA
254800,Noor Al Rashidi,id,Damac FC,,Pro League,ROSHN Saudi League
79786,Azamat Uriev,id,US Boulogne Cote d'Opale,US Boulogne,Ligue 2,Ligue 2 BKT
255993,Diego Rodríguez,id,FBC Melgar,,Liga 1,Sudamericana
276385,Declan Skura,id,Wycombe Wanderers,Wycombe,League One,EFL League One
79798,Zanga Koné,id,US Boulogne Cote d'Opale,US Boulogne,Ligue 2,Ligue 2 BKT
266539,Hwang In Taek,id,Suwon FC,,K League 1,K League 1
71220,Anders Sønderskov,id,Vejle Boldklub,,Superliga,3F Superliga
71636,Sadin Crnovrsanin,id,SSV Ulm 1846,,3. Liga,3. Liga
79218,Julian Etse,id,SSV Ulm 1846,,3. Liga,3. Liga
268519,Adnane Abid,id,Standard de Liège,Standard Liège,Pro League,1A Pro League
76521,Oskar Cotton,id,IF Brommapojkarna,Brommapojkarna,Allsvenskan,Allsvenskan
274525,Franyer Oliveros,id,Carabobo FC,,Primera Division,Libertadores
79718,Lenny Agbaire,id,Rotherham United,Rotherham Utd,League One,EFL League One
73292,Ludwig Vraa,id,Grazer AK 1902,Grazer AK,Bundesliga,Ö. Bundesliga
199010,Andy Boyle,id,Waterford FC,Waterford,Premier Division,SSE Airtricity PD
72005,Yuri Casermeiro,id,Central Cordoba SdE,Central Córdoba,Liga Profesional de Fútbol,LPF
224618,Lin Chuangyi,id,Qingdao Hainiu FC,Qingdao Hainiu,Super League,CSL
76117,Luke Brooke-Smith,id,Wellington Phoenix,Well. Phoenix,A-League Men,A-League
277324,Fin Roa Conchie,id,Wellington Phoenix,Well. Phoenix,A-League Men,A-League
240391,Feng Boxuan,id,Beijing Guoan,Beijing FC,Super League,CSL
224631,Yang Shiyuan,id,Shanghai Port,Shanghai Port FC,Super League,CSL
259906,Stick Castro,id,Mushuc Runa,,Serie A,Sudamericana
276980,Alex Henderson,id,Accrington Stanley,Accrington,League Two,EFL League Two
232264,Che Shiwei,id,Qingdao Hainiu FC,Qingdao Hainiu,Super League,CSL
262133,Brooklyn Ilunga,id,Bromley,Bromley FC,League Two,EFL League Two
71865,Amidou Traore,id,FK Haugesund,,Eliteserien,Eliteserien
79926,Felix Gerstmayer,id,Blau-Weiß Linz,Blau-Weiss Linz,Bundesliga,Ö. Bundesliga
228195,Prabir Das,id,Kerala Blasters FC,Kerala Blasters,Super League,ISL
80243,Jack Perkins,id,Northampton Town,Northampton,League One,EFL League One
80623,Yahya Bathily,id,Sporting Club Bastia,,Ligue 2,Ligue 2 BKT
182409,Zhang Chengdong,id,Qingdao West Coast FC,Qingdao W. Coast,Super League,CSL
70063,Bailey Brandtman,id,Central Coast Mariners,Central Coast,A-League Men,A-League
76679,Leonardo Naranjo,id,Unión Española,,Primera Division,Sudamericana
277488,Ayman Fallatah,id,Al Ahli SFC,Al Ahli,Pro League,ROSHN Saudi League
71148,Dean McMenamy,id,Waterford FC,Waterford,Premier Division,SSE Airtricity PD
207868,John Mountney,id,Bohemian FC,Bohemians,Premier Division,SSE Airtricity PD
256864,Charlie Caton,id,Accrington Stanley,Accrington,League Two,EFL League Two
274988,Elyh Harrison,id,Shrewsbury Town,Shrewsbury,League Two,EFL League Two
267736,Lorcan Healy,id,Shelbourne FC,Shelbourne,Premier Division,SSE Airtricity PD
205331,Zhang Jiaqi,id,Zhejiang FC,Zhejiang Pro,Super League,CSL
272675,Kevin Ciubotaru,id,FC Hermannstadt,,Liga I,SUPERLIGA
73995,Faton Ademi,id,Alemannia Aachen,Aleman. Aachen,3. Liga,3. Liga
75365,Kevin Mérida,id,San Antonio Bulo Bulo,,División de Fútbol Profesional,Libertadores
73096,Haine Eames,id,Central Coast Mariners,Central Coast,A-League Men,A-League
76980,Milad Nejad,id,SV Wehen Wiesbaden,Wehen Wiesbaden,3. Liga,3. Liga
262287,Farhan Al Azmi,id,Al Hazem FC,Al Hazem,Pro League,ROSHN Saudi League
233950,Matty Smith,id,Waterford FC,Waterford,Premier Division,SSE Airtricity PD
248289,Nandha Kumar Sekar,id,East Bengal FC,East Bengal,Super League,ISL
255208,Dakota Ochsenham,id,Melbourne City FC,Melbourne City,A-League Men,A-League
270113,Brandon Khela,id,Peterborough United,Peterborough,League One,EFL League One
270609,Kyreece Lisbie,id,Colchester United,Colchester,League Two,EFL League Two
73175,Elias Maluvunu,id,FC Winterthur,,Super League,Brack Super League
75653,Agustin Ladstatter,id,San Lorenzo de Almagro,San Lorenzo,Liga Profesional de Fútbol,LPF
270548,Devin Angleberger,id,1. FC Schweinfurt 05,,3. Liga,3. Liga
271184,Ioan Tolea,id,Asociația Clubul Sportiv Petrolul 52,FC Petrolul,Liga I,SUPERLIGA
278820,Almar Gjerd Grindhaug,id,FK Haugesund,,Eliteserien,Eliteserien
75126,Adrian Lahdo,id,Hammarby Fotboll,Hammarby IF,Allsvenskan,Allsvenskan
78589,Juan José Rosa,id,Atlético Nacional,Atl. Nacional,Categoría Primera A,Libertadores
79243,Yassir Rahmouni,id,Go Ahead Eagles,,Eredivisie,Eredivisie
272759,Li Ning,id,Shenzhen Peng City,SZ Peng City,Super League,CSL
263487,Shi Yan,id,Tianjin Jinmen Tiger,Tianjin JMT FC,Super League,CSL
271269,Pim Saathof,id,Go Ahead Eagles,,Eredivisie,Eredivisie
275304,Ji Shengpan,id,Meizhou Hakka,Meizhou Hakka FC,Super League,CSL
72276,Adam Kaszuba,id,Sarpsborg 08 FF,Sarpsborg 08,Eliteserien,Eliteserien
273889,Tom Smith,id,Colchester United,Colchester,League Two,EFL League Two
272944,Robert Badescu,id,Rapid Bucuresti,FC Rapid 1923,Liga I,SUPERLIGA
71714,Thomas González,id,Cerro Largo,,Primera División,Sudamericana
260625,Hazzaa Al Ghamdi,id,Damac FC,,Pro League,ROSHN Saudi League
78910,Alberto Vogtmann,id,Sønderjyske Fodbold,Sønderjyske,Superliga,3F Superliga
79114,Charlie Warren,id,Bolton Wanderers,Bolton,League One,EFL League One
266842,Nathan Broome,id,Bolton Wanderers,Bolton,League One,EFL League One
270921,André Picornell,id,Gil Vicente FC,Gil Vicente,Primeira Liga,Liga Portugal
271051,Sergio Oregel,id,Chicago Fire,Chicago Fire FC,Major League Soccer,MLS
236488,Abdoulaye Traorè,id,SV Zulte Waregem,Zulte Waregem,Pro League,1A Pro League
276057,Zane Schreiber,id,Melbourne City FC,Melbourne City,A-League Men,A-League
279487,Elkin Ruiz,id,Independiente del Valle,,Serie A,Libertadores
73661,Medin Memeti,id,Melbourne City FC,Melbourne City,A-League Men,A-League
79366,Melvin Onos,id,TSG 1899 Hoffenheim II,TSG Hoffenheim II,3. Liga,3. Liga
263024,Mohammed Al Kunaydiri,id,Al-Najma SC,,Pro League,ROSHN Saudi League
275564,Mohammed Naif,id,Al Akhdoud Saudi Club,,Pro League,ROSHN Saudi League
75592,Leon Tasov,id,SC Preußen Münster,Preußen Münster,2. Bundesliga,Bundesliga 2
79613,Henry Caparó,id,Sporting Cristal,,Liga 1,Libertadores
272355,Diesel Herrington,id,Central Coast Mariners,Central Coast,A-League Men,A-League
274451,Jesse Dempsey,id,Waterford FC,Waterford,Premier Division,SSE Airtricity PD
278955,Malcolm Fry,id,New England Revolution,New England,Major League Soccer,MLS
74606,Jorge Salinas,id,Racing Santander,R. Racing Club,La Liga 2,LALIGA HYPERMOTION
78059,Ethan Bruchez,id,FC Lausanne-Sport,Lausanne-Sport,Super League,Brack Super League
262554,Abdulaziz Al Hurabi,id,Al-Najma SC,,Pro League,ROSHN Saudi League
270965,Timo Schlieck,id,SpVgg Greuther Fürth,Fürth,2. Bundesliga,Bundesliga 2
278301,Pietro Candelari,id,Spezia,,Serie B,Serie BKT
73134,Fabian Heck,id,1. FC Kaiserslautern,Kaiserslautern,2. Bundesliga,Bundesliga 2
79403,Sebastian Jung,id,SpVgg Greuther Fürth,Fürth,2. Bundesliga,Bundesliga 2
71254,Lee Gyu Dong,id,Jeonbuk Hyundai Motors,Jeonbuk Hyundai,K League 1,K League 1
72986,Rhys Brennan,id,Bohemian FC,Bohemians,Premier Division,SSE Airtricity PD
76571,Damola Ajayi,id,Doncaster Rovers,Doncaster,League One,EFL League One
77216,Jónatan Guðni Arnarsson,id,IFK Norrköping,,Allsvenskan,Allsvenskan
278688,Olwethu Makhanya,id,Philadelphia Union,Philadelphia,Major League Soccer,MLS
79038,Anass Bouziane,id,FC Volendam,,Eredivisie,Eredivisie
79310,Nail Moutha-Sebtaoui,id,FCV Dender EH,,Pro League,1A Pro League
79549,Magnus Andersen,id,Odense Boldklub,Odense BK,Superliga,3F Superliga
274411,Han Tae Hui,id,Daegu FC,,K League 1,K League 1
279824,Sondre Halvorsen,id,KFUM-Kameratene Oslo,KFUM-Kameratene,Eliteserien,Eliteserien
78188,Sebastián Arancibia,id,Universidad Católica,Uni. Católica,Primera Division,Liga Chile
240384,Elias Durmaz,id,Gençlerbirliği SK,Gençlerbirliği,Süper Lig,Trendyol Süper Lig
258586,Will Blackmore,id,Peterborough United,Peterborough,League One,EFL League One
268108,Dirk Baron,id,FC Groningen,,Eredivisie,Eredivisie
270757,James Pradic,id,Preston North End,Preston,Championship,EFL Championship
77226,Benicio Peña,id,Sønderjyske Fodbold,Sønderjyske,Superliga,3F Superliga
259083,Salifou Diarrassouba,id,Grasshopper Club Zürich,GC Zürich,Super League,Brack Super League
261106,Lee Jun Seo,id,Daejeon Citizen,Daejeon Hana,K League 1,K League 1
268069,Bas Langenbick,id,Cercle Brugge KSV,Cercle Brugge,Pro League,1A Pro League
278217,Santiago Morales,id,Inter Miami,Inter Miami CF,Major League Soccer,MLS
251777,Ionuț Pop,id,FC Hermannstadt,,Liga I,SUPERLIGA
275419,Duke Verduin,id,PEC Zwolle,,Eredivisie,Eredivisie
70056,Li Zhi,id,Shenzhen Peng City,SZ Peng City,Super League,CSL
74231,Leenhan Romero,id,Universidad Católica,Uni. Católica,Primera Division,Liga Chile
75137,Davide Marfella,id,SSC Bari,,Serie B,Serie BKT
75632,Diego Díaz,id,Racing Santander,R. Racing Club,La Liga 2,LALIGA HYPERMOTION
78787,Dominik Stöger,id,SV Ried,SV Oberbank Ried,Bundesliga,Ö. Bundesliga
79558,Pachanga Kristensen,id,Sønderjyske Fodbold,Sønderjyske,Superliga,3F Superliga
224556,Rao Weihui,id,Meizhou Hakka,Meizhou Hakka FC,Super League,CSL
77624,Ofosu Boakye,id,Go Ahead Eagles,,Eredivisie,Eredivisie
279685,Justin Lukas,id,DSC Arminia Bielefeld,Arminia Bielefeld,2. Bundesliga,Bundesliga 2
71624,Amine Boukamir,id,Royal Charleroi Sporting Club,Sp. Charleroi,Pro League,1A Pro League
73433,Giandro Sambo,id,Heracles Almelo,,Eredivisie,Eredivisie
78611,Mads Eriksen,id,Fredericia,,Superliga,3F Superliga
268449,Timo Jansink,id,Heracles Almelo,,Eredivisie,Eredivisie
71475,César Bautista,id,Sporting Cristal,,Liga 1,Libertadores
75337,Ramiro Pedroza,id,San Lorenzo de Almagro,San Lorenzo,Liga Profesional de Fútbol,LPF
77072,Christian Nwachukwu,id,Sheffield United,Sheffield Utd,Championship,EFL Championship
276903,Marvin Benjamins,id,SC Preußen Münster,Preußen Münster,2. Bundesliga,Bundesliga 2
278495,Tyler Hall,id,Inter Miami,Inter Miami CF,Major League Soccer,MLS
262717,Atanas Trică,id,Universitatea Cluj,FC Univ. Cluj,Liga I,SUPERLIGA
277446,Paul Piffer,id,SC Rheindorf Altach,SCR Altach,Bundesliga,Ö. Bundesliga
74335,Daan van Reeuwijk,id,NAC Breda,,Eredivisie,Eredivisie
78920,Kevin Angulo,id,América de Cali,,Categoría Primera A,Sudamericana
253015,Mohammed Al Shanqeeti,id,Al Qadsiah FC,Al Qadsiah,Pro League,ROSHN Saudi League
256923,Dixon Contreras,id,CD Palestino,,Primera Division,Sudamericana
259686,Uğur Kaan Yıldız,id,Göztepe SK,Göztepe,Süper Lig,Trendyol Süper Lig
275338,Cody Baker,id,Seattle Sounders FC,Sounders FC,Major League Soccer,MLS
279052,Hamza Abdallah,id,FC Lausanne-Sport,Lausanne-Sport,Super League,Brack Super League
72085,Kamilcan Sever,id,IF Brommapojkarna,Brommapojkarna,Allsvenskan,Allsvenskan
269433,Hisham Al Dubais,id,Al-Najma SC,Al Shabab,Pro League,ROSHN Saudi League
71881,Simo Lampinen-Skaug,id,Strømsgodset IF,,Eliteserien,Eliteserien
73464,Alin Botogan,id,Asociația Clubul Sportiv Petrolul 52,FC Petrolul,Liga I,SUPERLIGA
80580,Jemuel Erat,id,NAC Breda,,Eredivisie,Eredivisie
235218,Marcus Dinanga,id,Bromley,Bromley FC,League Two,EFL League Two
276190,Marvin Seybold,id,SSV Ulm 1846,,3. Liga,3. Liga
71423,Andreas Hegdahl Gundersen,id,KFUM-Kameratene Oslo,KFUM-Kameratene,Eliteserien,Eliteserien
75849,Einar Bøe Fauskanger,id,FK Haugesund,,Eliteserien,Eliteserien
79793,Luka Boiteau,id,US Boulogne Cote d'Opale,US Boulogne,Ligue 2,Ligue 2 BKT
73059,Alama Bayo,id,Cercle Brugge KSV,Cercle Brugge,Pro League,1A Pro League
78036,Mads Orrhaug Larsen,id,Hamarkameratene,HamKam Fotball,Eliteserien,Eliteserien
264597,Choo Sang Hun,id,Gimcheon Sangmu FC,Gimcheon Sangmu,K League 1,K League 1
279807,Adam Nhaili,id,Sint-Truidense VV,STVV,Pro League,1A Pro League
77604,Jhoao Velásquez,id,Alianza Lima,,Liga 1,Libertadores
78563,Diego Deisadze,id,Bruk-Bet Termalica Nieciecza,,Ekstraklasa,PKO BP Ekstraklasa
70446,Michael Forbes,id,Northampton Town,Northampton,League One,EFL League One
268068,Xander Martlé,id,Cercle Brugge KSV,Cercle Brugge,Pro League,1A Pro League
279218,Ahmed Etri,id,TSG 1899 Hoffenheim II,TSG Hoffenheim II,3. Liga,3. Liga
70634,Jung Jae Sang,id,Daegu FC,,K League 1,K League 1
76085,Djayson Mendes,id,SV Waldhof Mannheim,SV Waldhof,3. Liga,3. Liga
75362,Marcelo de Lima,id,San Antonio Bulo Bulo,,División de Fútbol Profesional,Libertadores
77586,Arnold Flores,id,Atlético Grau,,Liga 1,Sudamericana
78404,Donovan Basset,id,Sporting Club Bastia,,Ligue 2,Ligue 2 BKT
78652,Valentin Schmitt,id,1. FC Schweinfurt 05,,3. Liga,3. Liga
276169,Israel Boatwright,id,Inter Miami,Inter Miami CF,Major League Soccer,MLS
278560,Max de Ligt,id,Sparta Rotterdam,,Eredivisie,Eredivisie
265575,Bobby Faulkner,id,Harrogate Town,,League Two,EFL League Two
74465,Lars Strobl,id,TSG 1899 Hoffenheim II,TSG Hoffenheim II,3. Liga,3. Liga
79364,Gianluca Pelzer,id,TSG 1899 Hoffenheim II,TSG Hoffenheim II,3. Liga,3. Liga
80142,Tibault Citherlet,id,FC Winterthur,,Super League,Brack Super League
261988,Seán Grehan,id,Doncaster Rovers,Doncaster,League One,EFL League One
79423,Joaquín Paredes,id,Sportivo Luqueño,,División Profesional,Sudamericana
79515,Mattéo Commaret,id,Stade Lavallois Mayenne FC,Laval MFC,Ligue 2,Ligue 2 BKT
77798,Elvis van der Laan,id,FC Groningen,,Eredivisie,Eredivisie
74800,Lucas Bernabéu,id,Belgrano de Córdoba,Belgrano,Liga Profesional de Fútbol,LPF
71283,Matthias Wetschka,id,Blau-Weiß Linz,Blau-Weiss Linz,Bundesliga,Ö. Bundesliga
266319,Lee Jun Ho,id,Jeonbuk Hyundai Motors,Jeonbuk Hyundai,K League 1,K League 1
78981,Talisca,id,Alverca,FC Alverca,Primeira Liga,Liga Portugal
277744,Taylan Utku Aydın,id,Kasımpaşa SK,Kasımpaşa,Süper Lig,Trendyol Süper Lig
222114,Alex Lacey,id,Bohemian FC,Bohemians,Premier Division,SSE Airtricity PD
72992,Jop Tijink,id,Heracles Almelo,,Eredivisie,Eredivisie
267424,Naif Asiri,id,Al Akhdoud Saudi Club,,Pro League,ROSHN Saudi League
222200,Liu Jiashen,id,Qingdao Hainiu FC,Qingdao Hainiu,Super League,CSL
222306,Ding Haifeng,id,Qingdao West Coast FC,Qingdao W. Coast,Super League,CSL
75869,Tyler Sackey,id,Reading FC,Reading,League One,EFL League One
261946,Ablahan Haliq,id,Shanghai Port,Shanghai Port FC,Super League,CSL
224611,Lü Wenjun,id,Shanghai Port,Shanghai Port FC,Super League,CSL
272401,Sam Glenfield,id,Waterford FC,Waterford,Premier Division,SSE Airtricity PD
222434,Dong Yu,id,Zhejiang FC,Zhejiang Pro,Super League,CSL
78057,Jakob Swift,id,Sandefjord Fotball,Sandefjord,Eliteserien,Eliteserien
79198,Szabolcs Szilágyi,id,Csíkszereda Miercurea Ciuc,FK Csíkszereda,Liga I,SUPERLIGA
274394,Sean Fusire,id,Sheffield Wednesday,Sheffield Wed,Championship,EFL Championship
253508,Jeakson,id,East Bengal FC,East Bengal,Super League,ISL
269697,Nawaf Hawsawi,id,Al-Najma SC,,Pro League,ROSHN Saudi League
70143,Liam Tahwildaran,id,IF Brommapojkarna,Brommapojkarna,Allsvenskan,Allsvenskan
79950,Mihail Polendakov,id,Sheffield United,Sheffield Utd,Championship,EFL Championship
240838,Brad Wade,id,Waterford FC,Waterford,Premier Division,SSE Airtricity PD
80324,Clemens Astrup,id,Vejle Boldklub,,Superliga,3F Superliga
76673,Hannes Bladh Pijaca,id,Östers IF,,Allsvenskan,Allsvenskan
270593,Darren Robinson,id,St Patrick's Athletic FC,St. Pats,Premier Division,SSE Airtricity PD
77718,Kai Jansen,id,SC Heerenveen,,Eredivisie,Eredivisie
257842,Haitham Asiri,id,Al Qadsiah FC,Al Qadsiah,Pro League,ROSHN Saudi League
272702,Rio Shipston,id,Sheffield Wednesday,Sheffield Wed,Championship,EFL Championship
72121,Henri Sørlie,id,KFUM-Kameratene Oslo,KFUM-Kameratene,Eliteserien,Eliteserien
75407,Shay Spencer,id,Reading FC,Reading,League One,EFL League One
76792,Paul Seidel,id,FC Erzgebirge Aue,,3. Liga,3. Liga
80281,Arnaud Dobbels,id,SV Zulte Waregem,Zulte Waregem,Pro League,1A Pro League
239859,Li Hailong,id,Qingdao Hainiu FC,Qingdao Hainiu,Super League,CSL
267883,John Ryan,id,Reading FC,Reading,League One,EFL League One
76066,Jakob Engel,id,SpVgg Greuther Fürth,Fürth,2. Bundesliga,Bundesliga 2
272538,Finn Hetzsch,id,FC Erzgebirge Aue,,3. Liga,3. Liga
73900,Jakob Korte,id,SC Preußen Münster,Preußen Münster,2. Bundesliga,Bundesliga 2
273615,Sander Østraat,id,Hamarkameratene,HamKam Fotball,Eliteserien,Eliteserien
77395,Sander Ravn,id,Vejle Boldklub,,Superliga,3F Superliga
77738,Cameron Ashia,id,Huddersfield Town,Huddersfield,League One,EFL League One
208755,Cristian Nedelcovici,id,Metaloglobus București,,Liga I,SUPERLIGA
247630,Sahal Abdul Samad,id,Mohun Bagan Super Giant,Mohun Bagan SG,Super League,ISL
75485,Ashqar Ahmed,id,Reading FC,Reading,League One,EFL League One
232258,Song Wenjie,id,Qingdao Hainiu FC,Qingdao Hainiu,Super League,CSL
271636,Mohammed Al Yami,id,Al Hazem FC,Al Hazem,Pro League,ROSHN Saudi League
79929,Alexandre Zaouai,id,Sporting Club Bastia,,Ligue 2,Ligue 2 BKT
277574,Hazem Mohammed,id,Al Ain,Al Ain FC,Pro League,United Emirates League
75232,Jeevan Badwal,id,Vancouver Whitecaps FC,Whitecaps FC,Major League Soccer,MLS
77070,Esquerdinha,id,Queens Park Rangers,QPR,Championship,EFL Championship
256926,Theo Ogbidi,id,FC Energie Cottbus,Energie Cottbus,3. Liga,3. Liga
72844,Alessandro Siano,id,Cesena FC,Cesena,Serie B,Serie BKT
269531,Zhong Haoran,id,Meizhou Hakka,Meizhou Hakka FC,Super League,CSL
77769,Benjamin Soto,id,CD Palestino,,Primera Division,Sudamericana
275559,Abdulaziz Al Hotailah,id,Al Akhdoud Saudi Club,,Pro League,ROSHN Saudi League
277462,Ahmed Kassarah,id,Al Hazem FC,Al Hazem,Pro League,ROSHN Saudi League
222349,Ruan Yang,id,Tianjin Jinmen Tiger,Tianjin JMT FC,Super League,CSL
80143,Julius Holder,id,FC Winterthur,,Super League,Brack Super League
73749,Max Metcalfe,id,Stockport County,Stockport,League One,EFL League One
266528,Glenn McConnell,id,Cambridge United,Cambridge Utd,League Two,EFL League Two
266833,Saleh Al Harthi,id,Al Akhdoud Saudi Club,,Pro League,ROSHN Saudi League
72979,Raul Rotund,id,Unirea Slobozia,,Liga I,SUPERLIGA
78847,Luis Sabja,id,Bolívar,,División de Fútbol Profesional,Libertadores
257892,Adam Pavlešić,id,Central Coast Mariners,Central Coast,A-League Men,A-League
261639,Curtis Ofori,id,New York Red Bulls,Red Bulls,Major League Soccer,MLS
73974,Hodei,id,CD Mirandés,,La Liga 2,LALIGA HYPERMOTION
76798,Tom Cursons,id,Harrogate Town,,League Two,EFL League Two
79306,Ehije Ukaki,id,Sheffield United,Sheffield Utd,Championship,EFL Championship
79924,Valentin Oelz,id,Blau-Weiß Linz,Blau-Weiss Linz,Bundesliga,Ö. Bundesliga
80239,Ethan Clavreul,id,Stade Lavallois Mayenne FC,Laval MFC,Ligue 2,Ligue 2 BKT
267989,Ángel Vaca,id,San Antonio Bulo Bulo,,División de Fútbol Profesional,Libertadores
268917,Moxmet Nebijan,id,Beijing Guoan,Beijing FC,Super League,CSL
271605,Jakob Knollmüller,id,Blau-Weiß Linz,Blau-Weiss Linz,Bundesliga,Ö. Bundesliga
279249,Micah Mbick,id,Colchester United,Colchester,League Two,EFL League Two
77502,Nicolás Rodríguez,id,Orlando City SC,Orlando City,Major League Soccer,MLS
78435,Yannick Onohiol,id,TSG 1899 Hoffenheim II,TSG Hoffenheim II,3. Liga,3. Liga
269942,Shawn Blum,id,1. FC Kaiserslautern,Kaiserslautern,2. Bundesliga,Bundesliga 2
272756,Favian Loyola,id,Orlando City SC,Orlando City,Major League Soccer,MLS
76122,Lukas Michelbrink,id,FC Energie Cottbus,Energie Cottbus,3. Liga,3. Liga
276644,Simone Stroscio,id,Grasshopper Club Zürich,GC Zürich,Super League,Brack Super League
76134,Sebastián Salas,id,CD Palestino,,Primera Division,Sudamericana
77588,Aarom Fuentes,id,Atlético Grau,,Liga 1,Sudamericana
77792,Rodrigo Cáceres,id,Sportivo Luqueño,,División Profesional,Sudamericana
253035,Aibanbha Dohling,id,Kerala Blasters FC,Kerala Blasters,Super League,ISL
276353,Marian Kirsch,id,SC Preußen Münster,Preußen Münster,2. Bundesliga,Bundesliga 2
77574,Wang Shiqin,id,Zhejiang FC,Zhejiang Pro,Super League,CSL
79681,Eseosa Sule,id,Motherwell FC,Motherwell,Premiership,Scottish Prem
268839,Ollie Wright,id,Accrington Stanley,Accrington,League Two,EFL League Two
73968,Tim Hottiger,id,FC Lausanne-Sport,Lausanne-Sport,Super League,Brack Super League
78048,Manaf Rawufu,id,IFK Norrköping,,Allsvenskan,Allsvenskan
253207,Abdullah Al Qahtani,id,Damac FC,,Pro League,ROSHN Saudi League
79368,Leonard Krasniqi,id,TSG 1899 Hoffenheim II,TSG Hoffenheim II,3. Liga,3. Liga
259378,Abdullah Al Shanqeeti,id,Al Hazem FC,Al Hazem,Pro League,ROSHN Saudi League
269530,Liu Haofan,id,Zhejiang FC,Zhejiang Pro,Super League,CSL
70445,Gustav Knudsen,id,Vejle Boldklub,,Superliga,3F Superliga
78559,Noah Mrosek,id,Bruk-Bet Termalica Nieciecza,,Ekstraklasa,PKO BP Ekstraklasa
79392,Jan Marco Niemann,id,SV Waldhof Mannheim,SV Waldhof,3. Liga,3. Liga
274852,Andrew Wogan,id,Stockport County,Stockport,League One,EFL League One
75670,Theo Krantz,id,IFK Norrköping,,Allsvenskan,Allsvenskan
70066,Gabriel Sloane-Rodrigues,id,Wellington Phoenix,Well. Phoenix,A-League Men,A-League
74983,Lawrence Wong,id,Melbourne City FC,Melbourne City,A-League Men,A-League
75540,Carlos Mercado,id,Orlando City SC,Orlando City,Major League Soccer,MLS
77975,Francisco Valdés,id,Universidad Católica,Uni. Católica,Primera Division,Liga Chile
267433,Moon Hyun Ho,id,Gimcheon Sangmu FC,Gimcheon Sangmu,K League 1,K League 1
70836,Zak Bradshaw,id,Cambridge United,Cambridge Utd,League Two,EFL League Two
77747,Max Uhlig,id,FC Erzgebirge Aue,,3. Liga,3. Liga
79233,Leco Zeevalkink,id,Heracles Almelo,,Eredivisie,Eredivisie
272383,Nicolas Glaus,id,Grasshopper Club Zürich,GC Zürich,Super League,Brack Super League
70125,Yaya Bojang,id,Odense Boldklub,Odense BK,Superliga,3F Superliga
78543,Emre Erdoğan,id,TSV 1860 München,,3. Liga,3. Liga
79006,Sebastian Banu,id,Rapid Bucuresti,FC Rapid 1923,Liga I,SUPERLIGA
80492,Ryoga Kida,id,Argentinos Juniors,Argentinos Jrs.,Liga Profesional de Fútbol,LPF
275108,Wiktor Bogacz,id,New York Red Bulls,Red Bulls,Major League Soccer,MLS
71191,Jovan Mijatović,id,Oud-Heverlee Leuven,OH Leuven,Pro League,1A Pro League
73972,Ledjan Sahitaj,id,FC Winterthur,,Super League,Brack Super League
79037,Luca Blondeau,id,FC Volendam,,Eredivisie,Eredivisie
80177,Sambou Camara,id,FC Winterthur,,Super League,Brack Super League
276789,Luca Ross,id,Motherwell FC,Motherwell,Premiership,Scottish Prem
77974,Juan Vegas,id,Caracas FC,,Primera Division,Sudamericana
79820,Abdoul Karim Traoré,id,Oud-Heverlee Leuven,OH Leuven,Pro League,1A Pro League
74921,Saif Rajab,id,Al Qadsiah FC,Al Qadsiah,Pro League,ROSHN Saudi League
75874,Víctor Rojas,id,Libertad,,División Profesional,Libertadores
77637,Zhang Yujie,id,Shenzhen Peng City,SZ Peng City,Super League,CSL
70952,Thamer Al Khaibari,id,NEOM SC,Neom,Pro League,ROSHN Saudi League
72322,Junior Ajayi,id,Hellas Verona FC,Hellas Verona,Serie A,Serie A Enilive
77195,Choi Byung Wook,id,Jeju United FC,Jeju United,K League 1,K League 1
262791,Sven Jansen,id,Go Ahead Eagles,,Eredivisie,Eredivisie
76570,Keisuke Goto,id,Sint-Truidense VV,STVV,Pro League,1A Pro League
77044,Calum Ward,id,Motherwell FC,Motherwell,Premiership,Scottish Prem
276055,Charlie Waller,id,Milton Keynes Dons,MK Dons,League Two,EFL League Two
71274,Dovydas Sasnauskas,id,Sheffield United,Sheffield Utd,Championship,EFL Championship
78629,Julius Berthel Askou,id,Odense Boldklub,Odense BK,Superliga,3F Superliga
80744,Florian Boulet,id,US Boulogne Cote d'Opale,US Boulogne,Ligue 2,Ligue 2 BKT
271353,Sebastian Holm Mathisen,id,Sandefjord Fotball,Sandefjord,Eliteserien,Eliteserien
277250,Samuel Lucero,id,Defensa y Justicia,Defensa,Liga Profesional de Fútbol,LPF
277475,Yaseen Al Zubaidi,id,Al Ahli SFC,Al Ahli,Pro League,ROSHN Saudi League
275043,Axel Cerda,id,Universidad Católica,Uni. Católica,Primera Division,Liga Chile
273979,Ciaran McGuckin,id,Rotherham United,Rotherham Utd,League One,EFL League One
78539,Aarón Troche,id,Libertad,,División Profesional,Libertadores
266208,Detlef Esapa Osong,id,Motherwell FC,Motherwell,Premiership,Scottish Prem
76794,Tim Neubert,id,SV Wehen Wiesbaden,Wehen Wiesbaden,3. Liga,3. Liga
79684,Brooklyn Kabongolo,id,Livingston FC,Livingston,Premiership,Scottish Prem
274050,Yu Sun,id,Gimcheon Sangmu FC,Gimcheon Sangmu,K League 1,K League 1
270118,Lewis Temple,id,Shelbourne FC,Shelbourne,Premier Division,SSE Airtricity PD
194617,Chen Po Liang,id,Qingdao West Coast FC,Qingdao W. Coast,Super League,CSL
255597,Chen Chunxin,id,Qingdao Hainiu FC,Qingdao Hainiu,Super League,CSL
261929,He Longhai,id,Qingdao West Coast FC,Qingdao W. Coast,Super League,CSL
271657,Xu Bin,id,Qingdao West Coast FC,Qingdao W. Coast,Super League,CSL
271065,Tommy McDermott,id,Shrewsbury Town,Shrewsbury,League Two,EFL League Two
276927,Kyle White,id,Waterford FC,Waterford,Premier Division,SSE Airtricity PD
79379,Altin Ibisi,id,1. FC Schweinfurt 05,,3. Liga,3. Liga
222175,Yang Yihu,id,Meizhou Hakka,Meizhou Hakka FC,Super League,CSL
80383,Kaito Matsuzawa,id,Sint-Truidense VV,STVV,Pro League,1A Pro League
76596,Samuel Althaus,id,TSV 1860 München,,3. Liga,3. Liga
272650,George Hoddle,id,Cambridge United,Cambridge Utd,League Two,EFL League Two
72752,Cristian Chira,id,Oțelul Galați,SC Oțelul Galați,Liga I,SUPERLIGA
79644,Alexandru Gheorghe,id,Metaloglobus București,,Liga I,SUPERLIGA
272336,Matt Lendfers,id,Sint-Truidense VV,STVV,Pro League,1A Pro League
70432,Ben Hatton,id,Rotherham United,Rotherham Utd,League One,EFL League One
78032,Martin Åmot Lye,id,Bryne FK,,Eliteserien,Eliteserien
75855,Szymon Roguski,id,Sarpsborg 08 FF,Sarpsborg 08,Eliteserien,Eliteserien
241322,Wang Qiao,id,Shenzhen Peng City,SZ Peng City,Super League,CSL
269960,David Poreba,id,Chicago Fire,Chicago Fire FC,Major League Soccer,MLS
272755,Jacob Castro,id,Seattle Sounders FC,Sounders FC,Major League Soccer,MLS
74358,Elliot Myles,id,Norwich City,Norwich,Championship,EFL Championship
263403,Mohammed Al Aqel,id,Al Taawoun FC,Al Riyadh,Pro League,ROSHN Saudi League
191569,Gao Di,id,Qingdao West Coast FC,Qingdao W. Coast,Super League,CSL
253445,Marcus Ifill,id,Bromley,Bromley FC,League Two,EFL League Two
73959,Alexandru Bota,id,Universitatea Cluj,FC Univ. Cluj,Liga I,SUPERLIGA
74979,Francisco Montes,id,CD Palestino,,Primera Division,Sudamericana
77587,Adriel Trelles,id,Atlético Grau,,Liga 1,Sudamericana
78175,Ángel Figueroa,id,Caracas FC,,Primera Division,Sudamericana
279669,Samuel Marques,id,Grasshopper Club Zürich,GC Zürich,Super League,Brack Super League
78176,Chris Martinez,id,Caracas FC,,Primera Division,Sudamericana
278988,Neo Dobson,id,Northampton Town,Northampton,League One,EFL League One
221845,Han Rongze,id,Qingdao Hainiu FC,Qingdao Hainiu,Super League,CSL
269484,Mutellip Iminqari,id,Qingdao West Coast FC,Qingdao W. Coast,Super League,CSL
270699,Turki Al Mutairi,id,Al Hazem FC,Al Hazem,Pro League,ROSHN Saudi League
272622,Shahzat Ghojaehmet,id,Shenzhen Peng City,SZ Peng City,Super League,CSL
255239,Lee Joo Hyun,id,Gimcheon Sangmu FC,Gimcheon Sangmu,K League 1,K League 1
71158,Alfons Lohake,id,IF Brommapojkarna,Brommapojkarna,Allsvenskan,Allsvenskan
231146,Waleed Al Enezi,id,Al-Najma SC,,Pro League,ROSHN Saudi League
279025,Dylan Wells,id,Motherwell FC,Motherwell,Premiership,Scottish Prem
77794,Blas Escobar,id,Sportivo Luqueño,,División Profesional,Sudamericana
279198,Benjamin Mazzeo,id,Melbourne City FC,Melbourne City,A-League Men,A-League
80742,Thomas Goos,id,NAC Breda,,Eredivisie,Eredivisie
273598,Michael Adu-Poku,id,Barrow,,League Two,EFL League Two
73222,Soul Kader,id,Bromley,Bromley FC,League Two,EFL League Two
276993,Noah Brdar,id,SV Wehen Wiesbaden,Wehen Wiesbaden,3. Liga,3. Liga
278183,Finlay Armstrong,id,Waterford FC,Waterford,Premier Division,SSE Airtricity PD
78421,Wilguens Paugain,id,SV Zulte Waregem,Zulte Waregem,Pro League,1A Pro League
266788,Lee Won Woo,id,Daegu FC,,K League 1,K League 1
274526,Emin Durakovic,id,Melbourne City FC,Melbourne City,A-League Men,A-League
258410,Sandeep Singh,id,Kerala Blasters FC,Kerala Blasters,Super League,ISL
271164,Rareș Gal,id,CFR Cluj,CFR 1907 Cluj,Liga I,SUPERLIGA
75312,Morgan Corredor,id,Rodez Aveyron Football,Rodez AF,Ligue 2,Ligue 2 BKT
76473,Nick Dobben,id,PEC Zwolle,,Eredivisie,Eredivisie
80141,Enoch Owusu,id,FC St.Gallen 1879,FC St. Gallen,Super League,Brack Super League
253219,Zheng Tuluo,id,Beijing Guoan,Beijing FC,Super League,CSL
271989,Luca Banu,id,FCV Farul Constanța,Farul Constanța,Liga I,SUPERLIGA
273810,Ji Sang Wook,id,Jeju United FC,Jeju United,K League 1,K League 1
75740,Erkin Yalcin,id,SC Rheindorf Altach,SCR Altach,Bundesliga,Ö. Bundesliga
76226,Max Jolliffe,id,Colchester United,Colchester,League Two,EFL League Two
70141,Nick Pariano,id,Philadelphia Union,Philadelphia,Major League Soccer,MLS
73193,Laurent Seji,id,Grasshopper Club Zürich,GC Zürich,Super League,Brack Super League
252281,Furkan Bekleviç,id,Fatih Karagümrük,,Süper Lig,Trendyol Süper Lig
77015,Enzo Uribe,id,Unión Española,,Primera Division,Sudamericana
79370,Blessing Makanda,id,TSG 1899 Hoffenheim II,TSG Hoffenheim II,3. Liga,3. Liga
79553,Marcus Eskildsen,id,Odense Boldklub,Odense BK,Superliga,3F Superliga
243758,Bartłomiej Żynel,id,Jagiellonia Białystok,Jagiellonia,Ekstraklasa,PKO BP Ekstraklasa
267752,Park Kyu Min,id,Jeonbuk Hyundai Motors,Jeonbuk Hyundai,K League 1,K League 1
275631,Kevin Radulović,id,Blau-Weiß Linz,Blau-Weiss Linz,Bundesliga,Ö. Bundesliga
277613,Hamish Douglas,id,Rotherham United,Rotherham Utd,League One,EFL League One
75454,Kavian Rahmani,id,Melbourne City FC,Melbourne City,A-League Men,A-League
71860,Mathias Bakken Myklebust,id,FK Haugesund,,Eliteserien,Eliteserien
78210,Francesco Montali,id,San Jose Earthquakes,SJ Earthquakes,Major League Soccer,MLS
257029,Dominik Kirnbauer,id,SV Ried,SV Oberbank Ried,Bundesliga,Ö. Bundesliga
277189,Javier Otero,id,Orlando City SC,Orlando City,Major League Soccer,MLS
276925,Nicolas Closset,id,Royal Charleroi Sporting Club,Sp. Charleroi,Pro League,1A Pro League
78189,Sebastian Villarroel,id,San Antonio Bulo Bulo,,División de Fútbol Profesional,Libertadores
77376,Bartosz Mazurek,id,Jagiellonia Białystok,Jagiellonia,Ekstraklasa,PKO BP Ekstraklasa
78947,Diego Robles,id,Unión Española,,Primera Division,Sudamericana
80125,Ryan Adewusi,id,FCV Dender EH,,Pro League,1A Pro League
78174,Aytor Herrera,id,Caracas FC,,Primera Division,Sudamericana
79803,Jan Matthias Becker,id,SV Wehen Wiesbaden,Wehen Wiesbaden,3. Liga,3. Liga
80295,Viktor Džodić,id,Montpellier HSC,Montpellier,Ligue 2,Ligue 2 BKT
259719,Carmine Chiappetta,id,FC Winterthur,,Super League,Brack Super League
72061,Ajay Matthews,id,Millwall FC,Millwall,Championship,EFL Championship
78089,Lukas Schimkus,id,FC Erzgebirge Aue,,3. Liga,3. Liga
74906,Matías Klimowicz,id,Instituto Atlético Central Córdoba,Instituto,Liga Profesional de Fútbol,LPF
269243,Dion Vlak,id,FC Volendam,,Eredivisie,Eredivisie
71653,Rilwanu Sarki,id,Al Ain,Al Ain FC,Pro League,United Emirates League
73918,Christ Souanga,id,Oud-Heverlee Leuven,OH Leuven,Pro League,1A Pro League
78199,José Alexander Rondón,id,Caracas FC,,Primera Division,Sudamericana
276622,Joshua Inserra,id,Melbourne Victory,Melb. Victory,A-League Men,A-League
77511,Reid Roberts,id,San Jose Earthquakes,SJ Earthquakes,Major League Soccer,MLS
276571,Tian Ziyi,id,Meizhou Hakka,Meizhou Hakka FC,Super League,CSL
278151,Stuart Hawkins,id,Seattle Sounders FC,Sounders FC,Major League Soccer,MLS
70970,Dippendu Biswas,id,Mohun Bagan Super Giant,Mohun Bagan SG,Super League,ISL
79923,Krisztián Keresztes,id,Dundee United FC,Dundee United,Premiership,Scottish Prem
73924,Hugo Lambotte,id,Sint-Truidense VV,STVV,Pro League,1A Pro League
78231,Ronan Mansfield,id,Waterford FC,Waterford,Premier Division,SSE Airtricity PD
78525,Nick Doktorczyk,id,1. FC Schweinfurt 05,,3. Liga,3. Liga
80274,Thierry Diethelm,id,FC Winterthur,,Super League,Brack Super League
77351,Leo Burney,id,Seattle Sounders FC,Sounders FC,Major League Soccer,MLS
233945,Wu Wei,id,Zhejiang FC,Zhejiang Pro,Super League,CSL
79380,Luka Kalandia,id,1. FC Schweinfurt 05,,3. Liga,3. Liga
79944,Conrad Scholl,id,SV Ried,SV Oberbank Ried,Bundesliga,Ö. Bundesliga
76621,Casian Soare,id,Dinamo Bucureşti,FC Dinamo 1948,Liga I,SUPERLIGA
78400,Ibrahim Fullah,id,Charlton Athletic,Charlton Ath,Championship,EFL Championship
222432,Feng Gang,id,Qingdao West Coast FC,Qingdao W. Coast,Super League,CSL
71206,Kim Han Seo,id,Daejeon Citizen,Daejeon Hana,K League 1,K League 1
79653,Matei Frunză,id,Oțelul Galați,SC Oțelul Galați,Liga I,SUPERLIGA
259346,Glan Martins,id,Mohun Bagan Super Giant,Mohun Bagan SG,Super League,ISL
73699,Jin Yonghao,id,Qingdao Hainiu FC,Qingdao Hainiu,Super League,CSL
263724,Yiğit Emre Çeltik,id,Kayserispor,,Süper Lig,Trendyol Süper Lig
265573,Callum Tripp,id,Milton Keynes Dons,MK Dons,League Two,EFL League Two
266394,Kim Jeong Hyun,id,Daegu FC,,K League 1,K League 1
75527,Markuss Strods,id,Bohemian FC,Bohemians,Premier Division,SSE Airtricity PD
73033,Mathias Svenningsen-Grønn,id,Sarpsborg 08 FF,Sarpsborg 08,Eliteserien,Eliteserien
80074,Gastón Bouhier,id,Argentinos Juniors,Argentinos Jrs.,Liga Profesional de Fútbol,LPF
271936,Nassim El Ouarti,id,SV Wehen Wiesbaden,Wehen Wiesbaden,3. Liga,3. Liga
74103,Ghassan Hawsawi,id,Al Akhdoud Saudi Club,,Pro League,ROSHN Saudi League
232334,Abdullah Khattab,id,Al-Najma SC,,Pro League,ROSHN Saudi League
78121,Sebastián Mendoza,id,Carabobo FC,,Primera Division,Libertadores
176346,Choi Chul Soon,id,Jeonbuk Hyundai Motors,Jeonbuk Hyundai,K League 1,K League 1
278249,Luke Supyk,id,Wellington Phoenix,Well. Phoenix,A-League Men,A-League
73109,Abdelelah Faisal,id,Central Coast Mariners,Central Coast,A-League Men,A-League
192008,Zhang Chi,id,Qingdao Hainiu FC,Qingdao Hainiu,Super League,CSL
73604,Salif Tietietta,id,SC Rheindorf Altach,SCR Altach,Bundesliga,Ö. Bundesliga
73201,Can Moustfa,id,FC Energie Cottbus,Energie Cottbus,3. Liga,3. Liga
275686,Travian Sousa,id,Seattle Sounders FC,Sounders FC,Major League Soccer,MLS
79391,Kushtrim Asallari,id,SV Waldhof Mannheim,SV Waldhof,3. Liga,3. Liga
78710,Mark Karácsony,id,Csíkszereda Miercurea Ciuc,FK Csíkszereda,Liga I,SUPERLIGA
79241,Miran Qela,id,TSV 1860 München,,3. Liga,3. Liga
241622,Qian Yumiao,id,Tianjin Jinmen Tiger,Tianjin JMT FC,Super League,CSL
79332,Giorgi Kavlashvili,id,Union Saint-Gilloise,R. Union St.-G.,Pro League,1A Pro League
247626,Dheeraj Singh Moirangthem,id,Mohun Bagan Super Giant,Mohun Bagan SG,Super League,ISL
274574,Nelson Pierre,id,Vancouver Whitecaps FC,Whitecaps FC,Major League Soccer,MLS
78303,Lucca Mendonça,id,Peterborough United,Peterborough,League One,EFL League One
182096,Zheng Long,id,Qingdao Hainiu FC,Qingdao Hainiu,Super League,CSL
71811,Matías Daniele,id,Belgrano de Córdoba,Belgrano,Liga Profesional de Fútbol,LPF
76749,Yang Xi,id,Qingdao West Coast FC,Qingdao W. Coast,Super League,CSL
78522,Emil Zorn,id,1. FC Schweinfurt 05,,3. Liga,3. Liga
227688,Khalid Al Muqaytib,id,Al-Najma SC,,Pro League,ROSHN Saudi League
245435,Rakan Al Najjar,id,Al Akhdoud Saudi Club,,Pro League,ROSHN Saudi League
267402,Choi Ye Hoon,id,Gimcheon Sangmu FC,Gimcheon Sangmu,K League 1,K League 1
269017,Li Yongjia,id,Tianjin Jinmen Tiger,Tianjin JMT FC,Super League,CSL
265457,Sachin Suresh,id,Kerala Blasters FC,Kerala Blasters,Super League,ISL
272444,James Dadge,id,Northampton Town,Northampton,League One,EFL League One
75000,Luke Faxon,id,Sheffield United,Sheffield Utd,Championship,EFL Championship
77464,Colin Guske,id,Orlando City SC,Orlando City,Major League Soccer,MLS
233947,Wang Yang,id,Zhejiang FC,Zhejiang Pro,Super League,CSL
264057,James Nieuwenhuizen,id,Melbourne City FC,Melbourne City,A-League Men,A-League
80294,Reece Wilson,id,Rotherham United,Rotherham Utd,League One,EFL League One
250989,Wang Zhenghao,id,Tianjin Jinmen Tiger,Tianjin JMT FC,Super League,CSL
75668,Elton Fischerström,id,Hammarby Fotboll,Hammarby IF,Allsvenskan,Allsvenskan
76921,Benjamin Lade,id,TSG 1899 Hoffenheim II,TSG Hoffenheim II,3. Liga,3. Liga
253726,Amey Ranawade,id,Kerala Blasters FC,Kerala Blasters,Super League,ISL
276344,Iustin Răducan,id,Asociația Clubul Sportiv Petrolul 52,FC Petrolul,Liga I,SUPERLIGA
70340,Benjamín Araneda,id,CD Palestino,,Primera Division,Sudamericana
80240,Mathis Ntessa,id,Stade Lavallois Mayenne FC,Laval MFC,Ligue 2,Ligue 2 BKT
277619,Justin Reynolds,id,Chicago Fire,Chicago Fire FC,Major League Soccer,MLS
277580,Jay Gupta,id,East Bengal FC,East Bengal,Super League,ISL
78298,Daeshon Lawrence,id,Bolton Wanderers,Bolton,League One,EFL League One
79419,Miguel Peralta,id,Independiente del Valle,,Serie A,Libertadores
266718,Kiyan Nassiri,id,Mohun Bagan Super Giant,Mohun Bagan SG,Super League,ISL
74367,Kevin Lebersorger,id,LASK Linz,LASK,Bundesliga,Ö. Bundesliga
275319,Tang Chuang,id,Chengdu Rongcheng,Chengdu FC,Super League,CSL
278702,Storm Bugge Pettersen,id,Sandefjord Fotball,Sandefjord,Eliteserien,Eliteserien
260373,Omar Al Ruwaili,id,Al-Najma SC,,Pro League,ROSHN Saudi League
74161,Owen Stirton,id,Dundee United FC,Dundee United,Premiership,Scottish Prem
77724,Diego Porcel,id,Argentinos Juniors,Argentinos Jrs.,Liga Profesional de Fútbol,LPF
71393,Umidjan Yusup,id,Shanghai Port,Shanghai Port FC,Super League,CSL
80145,Loris Giandomenico,id,Grasshopper Club Zürich,GC Zürich,Super League,Brack Super League
276679,Seydou Traoré,id,FC Lausanne-Sport,Lausanne-Sport,Super League,Brack Super League
278595,Kim Do Yun,id,Suwon FC,,K League 1,K League 1
77392,Harrison Duncan,id,Rotherham United,Rotherham Utd,League One,EFL League One
76594,Lasse Faßmann,id,TSV 1860 München,,3. Liga,3. Liga
278174,Julian Hall,id,New York Red Bulls,Red Bulls,Major League Soccer,MLS
222344,Sun Zheng'ao,id,Qingdao Hainiu FC,Qingdao Hainiu,Super League,CSL
273007,Sha Yibo,id,Qingdao Hainiu FC,Qingdao Hainiu,Super League,CSL
242730,Jack Evans,id,Harrogate Town,,League Two,EFL League Two
263683,Danish Farooq Bhat,id,Kerala Blasters FC,Kerala Blasters,Super League,ISL
264025,Jia Feifan,id,Qingdao Hainiu FC,Qingdao Hainiu,Super League,CSL
75730,Bruno Mendez,id,Bolívar,,División de Fútbol Profesional,Libertadores
77656,Anderson Ayhuana,id,Bolívar,,División de Fútbol Profesional,Libertadores
73656,Souleymane N'Diaye,id,FC Lausanne-Sport,Lausanne-Sport,Super League,Brack Super League
259201,Danny Finlayson,id,Livingston FC,Livingston,Premiership,Scottish Prem
80235,Yanis Dahalani,id,Rodez Aveyron Football,Rodez AF,Ligue 2,Ligue 2 BKT
78233,Carraro Injai,id,Amiens SC,,Ligue 2,Ligue 2 BKT
191684,Jung San,id,Daejeon Citizen,Daejeon Hana,K League 1,K League 1
79258,Finn Ludwig,id,SV Wehen Wiesbaden,Wehen Wiesbaden,3. Liga,3. Liga
268990,Halil Bağcı,id,Gaziantep FK,Gaziantep,Süper Lig,Trendyol Süper Lig
273877,Vibin Mohanan,id,Kerala Blasters FC,Kerala Blasters,Super League,ISL
276520,Li Sirong,id,Tianjin Jinmen Tiger,Tianjin JMT FC,Super League,CSL
74944,Kareem Ashraf,id,Al Akhdoud Saudi Club,,Pro League,ROSHN Saudi League
264486,Hira Mondal,id,East Bengal FC,East Bengal,Super League,ISL
248327,Provat Lakra,id,East Bengal FC,East Bengal,Super League,ISL
278041,Freddy Lallawmawma,id,Kerala Blasters FC,Kerala Blasters,Super League,ISL
271396,Lalchungnunga Lalchungnunga,id,East Bengal FC,East Bengal,Super League,ISL
75501,Salko Hamzić,id,FC Red Bull Salzburg,RB Salzburg,Bundesliga,Ö. Bundesliga
76291,Clemens Lippmann,id,TSV 1860 München,,3. Liga,3. Liga
277977,Gabriel Ursu,id,Oțelul Galați,SC Oțelul Galați,Liga I,SUPERLIGA
247631,Mohamad Rakip,id,East Bengal FC,East Bengal,Super League,ISL
279550,Dong Hang,id,Qingdao West Coast FC,Qingdao W. Coast,Super League,CSL
279891,Diego Mascardi,id,Spezia,,Serie B,Serie BKT
75457,Quentin Benaets,id,Royal Charleroi Sporting Club,Sp. Charleroi,Pro League,1A Pro League
267787,AJ Marcucci,id,New York Red Bulls,Red Bulls,Major League Soccer,MLS
79316,Noah Brogli,id,FC Winterthur,,Super League,Brack Super League
79421,Joaquín Bogarin,id,Libertad,,División Profesional,Libertadores
74363,Che Gardner,id,Stockport County,Stockport,League One,EFL League One
75799,Jesús Velasquez,id,Bolívar,,División de Fútbol Profesional,Libertadores
80044,Dillon Addai,id,Bromley,Bromley FC,League Two,EFL League Two
263237,Thomas Williams,id,Orlando City SC,Orlando City,Major League Soccer,MLS
74757,Tristan Vidackovic,id,Western Sydney Wanderers,WS Wanderers,A-League Men,A-League
79881,Eric Klein,id,New England Revolution,New England,Major League Soccer,MLS
259646,Arsh Shaikh,id,Kerala Blasters FC,Kerala Blasters,Super League,ISL
73141,Filip Milojević,id,SC Rheindorf Altach,SCR Altach,Bundesliga,Ö. Bundesliga
77077,Ola Nikolai Rye,id,Hamarkameratene,HamKam Fotball,Eliteserien,Eliteserien
79692,Alpár Gergely,id,Csíkszereda Miercurea Ciuc,FK Csíkszereda,Liga I,SUPERLIGA
277479,Suhail Bhat,id,Mohun Bagan Super Giant,Mohun Bagan SG,Super League,ISL
71193,Han Sang Gyu,id,Suwon FC,,K League 1,K League 1
70642,Kim Min Young,id,Daegu FC,,K League 1,K League 1
264499,Huidrom Singh,id,Kerala Blasters FC,Kerala Blasters,Super League,ISL
78204,Kenny Nielsen,id,Los Angeles FC,LAFC,Major League Soccer,MLS
75265,Sam Inwood,id,Bolton Wanderers,Bolton,League One,EFL League One
254921,Choi Won Chang,id,Jeju United FC,Jeju United,K League 1,K League 1
265826,Josh Tomlinson,id,Northampton Town,Northampton,League One,EFL League One
273880,Bikash Yumnam,id,Kerala Blasters FC,Kerala Blasters,Super League,ISL
70641,Kim Hyeon Jun,id,Daegu FC,,K League 1,K League 1
80275,Leandro Maksutaj,id,FC Winterthur,,Super League,Brack Super League
74366,Emmanuel Osho,id,Reading FC,Reading,League One,EFL League One
269537,Bao Shengxin,id,Zhejiang FC,Zhejiang Pro,Super League,CSL
78774,Cesar Yucra,id,San Antonio Bulo Bulo,,División de Fútbol Profesional,Libertadores
73844,Lewis O'Donnell,id,Dundee United FC,Dundee United,Premiership,Scottish Prem
268338,Sam Williams,id,Chicago Fire,Chicago Fire FC,Major League Soccer,MLS
73395,Ianis Gândilă,id,FC Hermannstadt,,Liga I,SUPERLIGA
72935,Mihăiță Lemnaru,id,Unirea Slobozia,,Liga I,SUPERLIGA
70055,Xiao Kun,id,Qingdao Hainiu FC,Qingdao Hainiu,Super League,CSL
73150,Luka Kolić,id,Melbourne Victory,Melb. Victory,A-League Men,A-League
75801,Yeferson Mamani,id,Bolívar,,División de Fútbol Profesional,Libertadores
266790,Park Jae Hyun,id,Daegu FC,,K League 1,K League 1
269037,Wei Suowei,id,Qingdao Hainiu FC,Qingdao Hainiu,Super League,CSL
75237,Adrian Wibowo,id,Los Angeles FC,LAFC,Major League Soccer,MLS
263907,Ted Cann,id,Rotherham United,Rotherham Utd,League One,EFL League One
261887,Jiang Wenhao,id,Beijing Guoan,Beijing FC,Super League,CSL
77202,Kim Min Jun,id,Daegu FC,,K League 1,K League 1
73211,Alec Smir,id,Minnesota United FC,Minnesota United,Major League Soccer,MLS
253516,Zhang Jianzhi,id,Beijing Guoan,Beijing FC,Super League,CSL
75978,Adrian Briciu,id,Rapid Bucuresti,FC Rapid 1923,Liga I,SUPERLIGA
70850,Ryan Schewe,id,Sporting Kansas City,Sporting KC,Major League Soccer,MLS
248246,Debjit Majumder,id,East Bengal FC,East Bengal,Super League,ISL
269514,Mai Gaoling,id,Meizhou Hakka,Meizhou Hakka FC,Super League,CSL
275474,Liu Jun,id,Qingdao Hainiu FC,Qingdao Hainiu,Super League,CSL
266269,Eom Seung Min,id,Jeonbuk Hyundai Motors,Jeonbuk Hyundai,K League 1,K League 1
71200,Jeong Seung Bae,id,Suwon FC,,K League 1,K League 1
74437,Saad Al Qarni,id,Al Akhdoud Saudi Club,,Pro League,ROSHN Saudi League
79066,Daniel Sandu,id,Oțelul Galați,SC Oțelul Galați,Liga I,SUPERLIGA
269418,Andrei Jercălău,id,Asociația Clubul Sportiv Petrolul 52,FC Petrolul,Liga I,SUPERLIGA
71326,Hwang Jae Yun,id,Suwon FC,,K League 1,K League 1
77209,Kwon Tae Young,id,Daegu FC,,K League 1,K League 1
274479,Jake Oram,id,Doncaster Rovers,Doncaster,League One,EFL League One
73858,Aidan Stokes,id,New York Red Bulls,Red Bulls,Major League Soccer,MLS
245269,Emad Al Feda,id,Al Ahli SFC,Al Ahli,Pro League,ROSHN Saudi League
269111,Liu Baiyang,id,Qingdao West Coast FC,Qingdao W. Coast,Super League,CSL
79245,Abdulrahman Al Ghamdi,id,Al Taawoun FC,Al Taawoun,Pro League,ROSHN Saudi League
278606,Samson Lawal,id,Livingston FC,Livingston,Premiership,Scottish Prem
227969,Zhao Shi,id,Shenzhen Peng City,SZ Peng City,Super League,CSL
74350,Jaiden Bartolo,id,Wycombe Wanderers,Wycombe,League One,EFL League One
253029,Aditya Patra,id,East Bengal FC,East Bengal,Super League,ISL
277538,Kwon Sun Ho,id,Jeju United FC,Jeju United,K League 1,K League 1
70483,Sam Culbert,id,Livingston FC,Livingston,Premiership,Scottish Prem
272748,Mijit Mewlan,id,Qingdao Hainiu FC,Qingdao Hainiu,Super League,CSL
273674,Raul Bucur,id,Asociația Clubul Sportiv Petrolul 52,FC Petrolul,Liga I,SUPERLIGA
71149,Adam Queally,id,Waterford FC,Waterford,Premier Division,SSE Airtricity PD
71395,Loïc Mesanvi,id,Minnesota United FC,Minnesota United,Major League Soccer,MLS
257210,Matteo Godfroid,id,Standard de Liège,Standard Liège,Pro League,1A Pro League
79932,Darius Achitei,id,Grazer AK 1902,Grazer AK,Bundesliga,Ö. Bundesliga
72805,David Lalhlansanga Hmar,id,East Bengal FC,East Bengal,Super League,ISL
271110,Matthew Connelly,id,Motherwell FC,Motherwell,Premiership,Scottish Prem
79654,Pantaleo Creti,id,Grasshopper Club Zürich,GC Zürich,Super League,Brack Super League
77206,Lee Rim,id,Daegu FC,,K League 1,K League 1
277535,Gang Min Seong,id,Suwon FC,,K League 1,K League 1
71577,Song Haoyu,id,Qingdao West Coast FC,Qingdao W. Coast,Super League,CSL
78202,Christopher Cupps,id,Chicago Fire,Chicago Fire FC,Major League Soccer,MLS
71194,Sin Il Yeon,id,Suwon FC,,K League 1,K League 1
71563,Nathan Barrie,id,Western Sydney Wanderers,WS Wanderers,A-League Men,A-League
248263,Gursimrat Singh,id,East Bengal FC,East Bengal,Super League,ISL
73907,Saurabh Bhanwala,id,Mohun Bagan Super Giant,Mohun Bagan SG,Super League,ISL
274413,Jung Yoon Seo,id,Daegu FC,,K League 1,K League 1
240392,Deng Yubiao,id,Meizhou Hakka,Meizhou Hakka FC,Super League,CSL
248177,Souvik Chakrabarti,id,East Bengal FC,East Bengal,Super League,ISL
274232,Jung Jin Woo,id,Daejeon Citizen,Daejeon Hana,K League 1,K League 1
276780,Saud Salem,id,Al Akhdoud Saudi Club,,Pro League,ROSHN Saudi League
75678,Finn Heidrich,id,FC Energie Cottbus,Energie Cottbus,3. Liga,3. Liga
80817,James Nam,id,Standard de Liège,Standard Liège,Pro League,1A Pro League
273878,Nihal Sudeesh,id,Kerala Blasters FC,Kerala Blasters,Super League,ISL
77199,Kim Jin Ho,id,Jeju United FC,Jeju United,K League 1,K League 1
79828,Ibrahima Diaby,id,Cercle Brugge KSV,Cercle Brugge,Pro League,1A Pro League
269110,Chen Xuhuang,id,Meizhou Hakka,Meizhou Hakka FC,Super League,CSL
279503,Eray Özbek,id,Kayserispor,,Süper Lig,Trendyol Süper Lig
76836,Choi San,id,Suwon FC,,K League 1,K League 1
277459,Abdullah Abdo,id,Al Ahli SFC,Al Ahli,Pro League,ROSHN Saudi League
74695,Jawad Al Hassan,id,Damac FC,,Pro League,ROSHN Saudi League
273879,Mark Zothanpuia,id,East Bengal FC,East Bengal,Super League,ISL
275673,Xu Zhenyao,id,Zhejiang FC,Zhejiang Pro,Super League,CSL
79651,Matteo Mantini,id,Grasshopper Club Zürich,GC Zürich,Super League,Brack Super League
266721,Abhishek Suryavanshi,id,Mohun Bagan Super Giant,Mohun Bagan SG,Super League,ISL
269031,Yi Xianlong,id,Meizhou Hakka,Meizhou Hakka FC,Super League,CSL
75962,Jason Healy,id,Waterford FC,Waterford,Premier Division,SSE Airtricity PD
269040,Huo Shenping,id,Zhejiang FC,Zhejiang Pro,Super League,CSL
74658,Nasser Al Ghamdi,id,Damac FC,,Pro League,ROSHN Saudi League
76748,Wang Hanyi,id,Qingdao West Coast FC,Qingdao W. Coast,Super League,CSL
71207,Kim Min Su,id,Daejeon Citizen,Daejeon Hana,K League 1,K League 1
78742,Radu Postelnicu,id,Oțelul Galați,SC Oțelul Galați,Liga I,SUPERLIGA
275652,Liu Xiaolong,id,Qingdao West Coast FC,Qingdao W. Coast,Super League,CSL
277478,Abhishek Singh,id,Mohun Bagan Super Giant,Mohun Bagan SG,Super League,ISL
266362,Cho Seong Been,id,Jeju United FC,Jeju United,K League 1,K League 1
73428,Jayden Necovski,id,Melbourne City FC,Melbourne City,A-League Men,A-League
75774,Marcus Etherington,id,Harrogate Town,,League Two,EFL League Two
71272,Anjola Popoola,id,Accrington Stanley,Accrington,League Two,EFL League Two
73462,David Ilie,id,Asociația Clubul Sportiv Petrolul 52,FC Petrolul,Liga I,SUPERLIGA
73752,Josh Smith,id,Accrington Stanley,Accrington,League Two,EFL League Two
274419,Choi Chi Ung,id,Suwon FC,,K League 1,K League 1
77726,Thiago Gigena,id,Newell's Old Boys,Newell's,Liga Profesional de Fútbol,LPF
73687,Fan Shuangjie,id,Beijing Guoan,Beijing FC,Super League,CSL
75459,Jayden Smith,id,Wellington Phoenix,Well. Phoenix,A-League Men,A-League
76830,Kwon Do Yeong,id,Suwon FC,,K League 1,K League 1
73061,Renthlei Lalthanmawia,id,Kerala Blasters FC,Kerala Blasters,Super League,ISL
76261,Lucas Barnes,id,Harrogate Town,,League Two,EFL League Two
268907,Atakan Müjde,id,Kasımpaşa SK,Kasımpaşa,Süper Lig,Trendyol Süper Lig
73753,Charlie Hall,id,Accrington Stanley,Accrington,League Two,EFL League Two
279850,Jo Jun Hyeon,id,Suwon FC,,K League 1,K League 1
278247,Mohammed Azhar,id,Kerala Blasters FC,Kerala Blasters,Super League,ISL
72901,Andrew Rick,id,Philadelphia Union,Philadelphia,Major League Soccer,MLS
269141,Yan Bingliang,id,Tianjin Jinmen Tiger,Tianjin JMT FC,Super League,CSL
74810,Mateo Aguiar,id,Defensa y Justicia,Defensa,Liga Profesional de Fútbol,LPF
74656,James Rogerson,id,Accrington Stanley,Accrington,League Two,EFL League Two
74982,Peter Antoniou,id,Melbourne City FC,Melbourne City,A-League Men,A-League
259003,Sun Jianxiang,id,Meizhou Hakka,Meizhou Hakka FC,Super League,CSL
274414,Yoo Ji Un,id,Daegu FC,,K League 1,K League 1
269480,Ran Weifeng,id,Chengdu Rongcheng,Chengdu FC,Super League,CSL
277763,Şamil Öztürk,id,Kayserispor,,Süper Lig,Trendyol Süper Lig
248272,Edmund Lalrindika,id,East Bengal FC,East Bengal,Super League,ISL
269138,Li Yuefeng,id,Tianjin Jinmen Tiger,Tianjin JMT FC,Super League,CSL
276386,Tom Finch,id,Milton Keynes Dons,MK Dons,League Two,EFL League Two
70856,Markus Anderson,id,Philadelphia Union,Philadelphia,Major League Soccer,MLS
77902,Li Moyu,id,Chengdu Rongcheng,Chengdu FC,Super League,CSL
73056,Muhammed Saheef,id,Kerala Blasters FC,Kerala Blasters,Super League,ISL
69986,Roald Mitchell,id,New York Red Bulls,Red Bulls,Major League Soccer,MLS
77196,Kang Min Jae,id,Jeju United FC,Jeju United,K League 1,K League 1
70637,Jung Heon Taek,id,Daegu FC,,K League 1,K League 1
78207,Gustavo Caraballo,id,Orlando City SC,Orlando City,Major League Soccer,MLS
233667,Shan Huanhuan,id,Qingdao West Coast FC,Qingdao W. Coast,Super League,CSL
76831,Kim Eun Gyeom,id,Suwon FC,,K League 1,K League 1
77255,Seo Jeong Hyeok,id,Jeonbuk Hyundai Motors,Jeonbuk Hyundai,K League 1,K League 1
275642,Anteo Fetahu,id,SC Rheindorf Altach,SCR Altach,Bundesliga,Ö. Bundesliga
74797,Gonzalo Zelarayán,id,Belgrano de Córdoba,Belgrano,Liga Profesional de Fútbol,LPF
70513,Harrison Shillington,id,Melbourne City FC,Melbourne City,A-League Men,A-League
72568,James Roche,id,Shelbourne FC,Shelbourne,Premier Division,SSE Airtricity PD
77488,Ian James,id,Sporting Kansas City,Sporting KC,Major League Soccer,MLS
279852,Kim Dae Hyeon,id,Suwon FC,,K League 1,K League 1
77786,Li Ruiyue,id,Beijing Guoan,Beijing FC,Super League,CSL
71324,Sung Jin Young,id,Jeonbuk Hyundai Motors,Jeonbuk Hyundai,K League 1,K League 1
71392,Kim Jae Min,id,Jeju United FC,Jeju United,K League 1,K League 1
71323,Jang Nam Ung,id,Jeonbuk Hyundai Motors,Jeonbuk Hyundai,K League 1,K League 1
73039,Nora Fernandes,id,Kerala Blasters FC,Kerala Blasters,Super League,ISL
77914,Zhang Jiajie,id,Meizhou Hakka,Meizhou Hakka FC,Super League,CSL
71942,Shyamal Besra,id,East Bengal FC,East Bengal,Super League,ISL
278234,Mohammed Aimen,id,Kerala Blasters FC,Kerala Blasters,Super League,ISL
76832,Joo Ho Yeon,id,Suwon FC,,K League 1,K League 1
74438,Yutaro Tsukada,id,Orlando City SC,Orlando City,Major League Soccer,MLS
266786,Jeon Yong Jun,id,Daegu FC,,K League 1,K League 1
275172,Abbas Nureli,id,Beijing Guoan,Beijing FC,Super League,CSL
278308,Gong Si Hyeun,id,Jeonbuk Hyundai Motors,Jeonbuk Hyundai,K League 1,K League 1
274425,Lee Dae Gwang,id,Suwon FC,,K League 1,K League 1
73064,Sagolsem Bikash Singh,id,Kerala Blasters FC,Kerala Blasters,Super League,ISL
269042,Wei Minghe,id,Meizhou Hakka,Meizhou Hakka FC,Super League,CSL
77198,Joo Seung Min,id,Jeju United FC,Jeju United,K League 1,K League 1
264056,Liu Junxian,id,Tianjin Jinmen Tiger,Tianjin JMT FC,Super League,CSL
77245,Yoon Hyun Seok,id,Jeonbuk Hyundai Motors,Jeonbuk Hyundai,K League 1,K League 1
77251,Kim Min Jae,id,Jeonbuk Hyundai Motors,Jeonbuk Hyundai,K League 1,K League 1
269115,Meng Jingchao,id,Shanghai Port,Shanghai Port FC,Super League,CSL
278937,Yoihenba Meitei,id,Kerala Blasters FC,Kerala Blasters,Super League,ISL
71125,Tanmay Das,id,East Bengal FC,East Bengal,Super League,ISL
77903,Xu Hong,id,Chengdu Rongcheng,Chengdu FC,Super League,CSL
70442,Tahir Reid-Brown,id,Orlando City SC,Orlando City,Major League Soccer,MLS
77938,Zhang Haonan,id,Shenzhen Peng City,SZ Peng City,Super League,CSL
275320,Qeyser Ezimet,id,Chengdu Rongcheng,Chengdu FC,Super League,CSL
77926,Li Zhiliang,id,Shanghai Port,Shanghai Port FC,Super League,CSL
269526,Deng Xiongtao,id,Meizhou Hakka,Meizhou Hakka FC,Super League,CSL
77252,Hwang Seung Jun,id,Jeonbuk Hyundai Motors,Jeonbuk Hyundai,K League 1,K League 1
77205,Park Man Ho,id,Daegu FC,,K League 1,K League 1
77244,Jeong Sang Woon,id,Jeonbuk Hyundai Motors,Jeonbuk Hyundai,K League 1,K League 1
77258,Hwang Jung Gu,id,Jeonbuk Hyundai Motors,Jeonbuk Hyundai,K League 1,K League 1
72037,Daniel Ring,id,Shelbourne FC,Shelbourne,Premier Division,SSE Airtricity PD
77904,Wang Ziteng,id,Chengdu Rongcheng,Chengdu FC,Super League,CSL
77936,Shen Huanming,id,Shenzhen Peng City,SZ Peng City,Super League,CSL
77918,Zhang Boxuan,id,Qingdao West Coast FC,Qingdao W. Coast,Super League,CSL
71459,Jo In Jung,id,Jeju United FC,Jeju United,K League 1,K League 1
275322,Liao Rongxiang,id,Chengdu Rongcheng,Chengdu FC,Super League,CSL
77939,Jiang Weiyi,id,Shenzhen Peng City,SZ Peng City,Super League,CSL
77247,Kang Hyeon Jong,id,Jeonbuk Hyundai Motors,Jeonbuk Hyundai,K League 1,K League 1
272559,Wang Yiwei,id,Shanghai Port,Shanghai Port FC,Super League,CSL
77200,Kim Ji Woon,id,Jeju United FC,Jeju United,K League 1,K League 1
71329,Kim Chang Hun,id,Jeonbuk Hyundai Motors,Jeonbuk Hyundai,K League 1,K League 1
275674,Ma Haoqi,id,Zhejiang FC,Zhejiang Pro,Super League,CSL
272761,Lyu Jiaqiang,id,Tianjin Jinmen Tiger,Tianjin JMT FC,Super League,CSL
