id,name,club,league,position,overall
235537,E. Sánchez,,,CM,78
230481,Ronaldo Cabrais,Botafogo,Série A,CAM,83
208618,Lucas Vázquez,Bayer 04 Leverkusen,Bundesliga,RB,77
230183,Gerson Armão,Internacional,Série A,LB,78
220659,J. Brownhill,Al Shabab,Pro League,CDM,76
230337,Andeson Trigo,Fluminense,Série A,LB,77
236146,Marlon Dorrão,Vitória,Série A,CDM,68
230331,Wagner Laranjo,Palmeiras,Série A,CDM,77
230347,Welington Dano,Atlético Mineiro,Série A,LB,81
234023,Éder Aldralho,Vasco da Gama,Série A,RM,72
230258,Rosival Dourado,Corinthians,Série A,CDM,81
202556,M. Depay,,,ST,81
230234,Jorge Andrão,Fluminense,Série A,CDM,79
230437,Elias Fontoira,Internacional,Série A,CDM,74
229788,Rubén Alcaraz,Granada CF,La Liga 2,CM,71
209236,Guilherme,,,CDM,77
254159,Z. Nagy,,,LM,73
253908,M. Luna Diale,Platense,Liga Profesional de Fútbol,CM,72
208670,H. Ziyech,,,RM,78
237043,R. Alvarado,,,RM,78
230250,Emilio Piodão,Grêmio,Série A,CDM,75
230241,Enzo Chissano,Palmeiras,Série A,LB,77
230384,Nailton Suzuki,Atlético Mineiro,Série A,CAM,81
233585,Lincoln,Alverca,Primeira Liga,CAM,73
230184,Diego Essler,Atlético Mineiro,Série A,LB,79
226045,J. Gallardo,,,LB,75
230431,Sidney Pessinho,Internacional,Série A,CDM,77
230417,Edercinho Sepa,Botafogo,Série A,CDM,74
244973,M. Ruiz,,,CM,75
230239,Claudiano Sobrino,Botafogo,Série A,CDM,74
236075,Enzo Merques,Internacional,Série A,LB,73
229010,S. Amallah,,,CAM,72
224394,Fábio Martins,Al Hazem FC,Pro League,LM,76
205343,J. Akpa Akpro,Hellas Verona FC,Serie A,CM,72
230225,Heberto Gaúcho,Atlético Mineiro,Série A,CB,80
235389,C. Rodríguez,,,CAM,76
260523,P. Aaronson,Colorado Rapids,Major League Soccer,CM,75
230217,Mauri Borgho,São Paulo,Série A,RB,74
77673,T. Fruk,,,CAM,75
184432,Azpilicueta,Sevilla FC,La Liga,CB,78
208830,J. Vardy,Cremonese,Serie A,ST,76
230451,Dinei Dellarmi,Corinthians,Série A,RW,71
191076,J. Guðmundsson,,,RM,71
230353,Germano Cuba,Palmeiras,Série A,LB,74
233260,A. Vega,,,LW,78
230201,Maikel Catarino,Corinthians,Série A,RB,80
230423,Pascoal Muscato,Bahia,Série A,CDM,75
230206,Wellington Sabrão,Flamengo,Série A,RB,78
259265,M. Batna,Al Fateh,Pro League,RM,77
230189,Silas Almeim,Cruzeiro,Série A,LB,76
220609,V. Vada,Damac FC,Pro League,LM,67
230381,Kaimo Lima,Fluminense,Série A,CB,74
230348,Lafortiscinho,Vasco da Gama,Série A,LB,76
228352,Edmilson Junior,,,LW,76
225206,K. Narey,Al Akhdoud Saudi Club,Pro League,RM,74
230371,Victorio Jabim,Palmeiras,Série A,RB,77
208295,R. Saïss,,,CB,79
230216,Adnan Vidual,Internacional,Série A,RB,79
242815,D. Fitz,Minnesota United FC,Major League Soccer,CAM,74
230364,Neviano Neves,Corinthians,Série A,CM,73
202282,S. Armstrong,Aberdeen,Premiership,CM,71
230219,Estevão Candeira,Flamengo,Série A,RB,75
236071,João Bardinho,Grêmio,Série A,LB,72
230242,Lúcio Anselmão,São Paulo,Série A,CM,73
230422,Murilo Sancha,Botafogo,Série A,RM,74
230440,Fredditinho,Palmeiras,Série A,ST,78
260923,M. Lachuer,Real Valladolid CF,La Liga 2,CM,70
226356,M. Fares,Lazio,Serie A,LM,71
223627,O. Al Somah,Al Hazem FC,Pro League,ST,75
230289,Santi da Bruma,Grêmio,Série A,ST,72
230252,Jorginhson,Cruzeiro,Série A,CDM,75
244428,B. Mykhailichenko,,,LB,71
231360,J. Elías,Tigre,Liga Profesional de Fútbol,CDM,71
230349,Rodrigo Vuarte,Atlético Mineiro,Série A,CDM,77
236108,Elieser Baldeiro,Flamengo,Série A,CB,75
230425,Rubem Esteiro,Palmeiras,Série A,RM,76
230373,Nicolás Filhei,Palmeiras,Série A,CM,76
230448,Porphirinho,Vitória,Série A,CDM,72
230286,Michel Cruceiro,Flamengo,Série A,CDM,73
176571,A. Ayew,,,ST,72
230197,Leander Baia,Atlético Mineiro,Série A,RB,77
76704,I. Guerrico,CA Aldosivi,Liga Profesional de Fútbol,LB,71
239861,A. Hassan,,,LB,70
230255,Edval Anton,Fortaleza,Série A,CDM,74
185349,D. Odoi,,,CDM,70
211513,T. Lawrence,,,CAM,72
78801,M. Vitális,,,CM,69
236144,Elton Coengo,Vitória,Série A,CM,67
257784,E. Lira,,,CDM,73
233493,J. Sánchez,,,RB,73
230359,Germano Monico,Corinthians,Série A,CM,71
230240,Ramón da Almeyda,Grêmio,Série A,LB,74
230244,Leôncio Vimieiro,São Paulo,Série A,LB,75
230530,Hugo Rubiães,Fluminense,Série A,CDM,72
230392,Ailtio Coelho,São Paulo,Série A,LM,74
230406,Guilson Paiva,Flamengo,Série A,RM,78
237995,D. Lainez,,,RM,76
230269,Claudio Coíntra,Palmeiras,Série A,CAM,77
237248,G. Berterame,,,ST,78
230426,Arturo Inálcio,Flamengo,Série A,CM,78
212219,A. Djiku,,,CB,77
226579,A. Zendejas,,,RM,76
273604,L. Rodríguez,NEOM SC,Pro League,RW,74
230340,Luisinho Conradi,Fortaleza,Série A,LB,71
230498,Luimo Boas Santos,Bahia,Série A,ST,79
230339,Heitorsinho Padilha,Botafogo,Série A,LB,74
198861,N. Mendy,Watford,Championship,CDM,73
208817,Andy,NorthEast United,Super League,CM,68
224718,T. Antalyalı,Çaykur Rizespor,Süper Lig,CM,69
230202,Jailson Caeiro,Cruzeiro,Série A,RB,75
79217,A. Kendouci,FC Lugano,Super League,CM,71
230374,Jenaro Kaio,Grêmio,Série A,CAM,72
197402,Anselmo,Adelaide United,A-League Men,CM,69
230042,Y. Aït Bennasser,Kayserispor,Süper Lig,CDM,70
263893,A. Sâyoud,Al Hazem FC,Pro League,RM,75
230463,Simão Acunha,Atlético Mineiro,Série A,CAM,76
279269,S. Parekh,Mohammedan SC,Super League,CM,58
269809,J. Vergés,Mushuc Runa,Serie A,CAM,70
236112,Douglas Armeira,Palmeiras,Série A,RB,74
234889,F. Jensen,,,CAM,72
214520,F. Castro,Atlético Bucaramanga,Categoría Primera A,CM,70
81231,M. Šín,AZ Alkmaar,Eredivisie,CAM,74
237540,P. Förster,Karlsruher SC,2. Bundesliga,CAM,69
190460,C. Eriksen,VfL Wolfsburg,Bundesliga,CM,76
279418,M. Majumdar,Mohammedan SC,Super League,ST,64
230487,Leo Caldeirinha,Vitória,Série A,CAM,73
236076,Marlion Simões,Cruzeiro,Série A,LB,73
278288,A. Matos,Sheffield United,Championship,CM,65
230434,Maicol Pimenta,Vasco da Gama,Série A,CDM,72
236723,F. Ballo-Touré,FC Metz,Ligue 1,LB,72
272330,H. Contreras,Academia Puerto Cabello,Primera Division,CM,68
230430,Oswaldinato,Flamengo,Série A,ST,81
230213,Kaíqundo Calado,Botafogo,Série A,RB,75
230243,Breno Bausa,Cruzeiro,Série A,CDM,70
230272,Kauã Abranches,Fortaleza,Série A,CAM,72
230507,Nicholas Aldair,Fluminense,Série A,ST,74
76398,D. Chavez,Atlético Bucaramanga,Categoría Primera A,CM,68
79016,P. Fusi,Padova,Serie B,CM,67
230420,Pietrson Mendes,Grêmio,Série A,CAM,72
230439,Roldão Riso,Palmeiras,Série A,CDM,69
230453,David Seijalbo,Atlético Mineiro,Série A,CDM,76
230326,Lino Essier,São Paulo,Série A,CB,74
233943,Ronaldo Vieira,San Jose Earthquakes,Major League Soccer,CM,68
233483,T. Tissoudali,,,ST,74
230198,Juli Piresinho,Grêmio,Série A,RB,74
213750,K. Sema,,,LM,70
230468,José Mirazar,Botafogo,Série A,CAM,74
215911,A. Hatem,,,CM,70
230181,Heitor Gesse,Atlético Mineiro,Série A,LB,72
227222,F. Guilbert,Lecce,Serie A,RB,75
204215,A. Reach,Lincoln City,League One,LM,66
196889,S. Verdi,Como,Serie A,CAM,71
230460,Jonatão Praz,Flamengo,Série A,LW,78
230470,Pedrildo Rocha,Corinthians,Série A,LW,71
78971,Ageu,Hearts,Premiership,CM,69
230254,Paulson Junqueira,Corinthians,Série A,LB,73
269740,L. Bucca,Independiente Rivadavia,Liga Profesional de Fútbol,CM,69
236368,G. Maggiore,SSC Bari,Serie B,CM,71
226414,M. Coco,CFR Cluj,Liga I,RB,70
236145,Luan Sendeiro,Internacional,Série A,CDM,70
268866,Y. Attiat-Allah,,,LB,71
234051,A. Afif,,,LM,78
276159,T. Nikitscher,Rio Ave FC,Primeira Liga,CDM,69
268778,K. Boudiaf,,,CM,71
226568,I. Hagi,Alanyaspor,Süper Lig,CAM,74
230208,Lúcio Corteijo,Botafogo,Série A,RB,76
230276,Nicolás Formido,Internacional,Série A,CAM,73
230293,Meirelinson,Corinthians,Série A,CB,74
212722,D. Yedlin,Real Salt Lake,Major League Soccer,RB,71
235414,O. Hutsuliak,,,RM,72
230335,Wagner Orsinho,Fluminense,Série A,LB,71
193844,Portillo,SD Huesca,La Liga 2,LM,68
223618,H. Boumous,Odisha FC,Super League,CAM,69
236073,Alam Lindeiro,Botafogo,Série A,LB,75
221660,V. Lindelöf,Aston Villa,Premier League,CB,75
235866,C. Kouamé,Fiorentina,Serie A,ST,74
276895,Alemão,Rayo Vallecano,La Liga,ST,73
230222,Ailton Valpaços,São Paulo,Série A,CB,72
79129,A. Franzoni,Virtus Entella,Serie B,CM,69
195859,D. Ings,Sheffield United,Championship,ST,72
210372,R. Ghezzal,Olympique Lyonnais,Ligue 1,RM,74
207593,J. Uronen,,,LB,68
72557,T. Rigo,Stoke City,Championship,CM,70
236221,D. Brašanac,Málaga CF,La Liga 2,CDM,70
233777,P. Silva Torrejón,Gimnasia y Esgrima La Plata,Liga Profesional de Fútbol,LB,71
223113,K. Piątek,,,ST,78
270731,I. Kaliuzhnyi,,,CDM,70
277696,A. Sersanti,Modena,Serie B,CM,67
230343,Jonaldo Monteiro,Fortaleza,Série A,LB,70
230408,Fabrio Farinha,Internacional,Série A,CAM,73
230366,Silvosinho,Bahia,Série A,RB,73
230186,Enaldo Praz,Corinthians,Série A,LB,75
230205,Nosberto Vila,São Paulo,Série A,RB,69
209782,S. Larsson,Fatih Karagümrük,Süper Lig,CAM,72
234018,Sandeiro Leal,Vasco da Gama,Série A,CAM,68
230501,Gérson Noalha,Palmeiras,Série A,ST,72
230351,Silaldo Junqueiras,Corinthians,Série A,CM,67
277769,F. Zuccon,SS Juve Stabia,Serie B,CM,66
258973,M. Fofana,Blau-Weiß Linz,Bundesliga,CM,65
268782,B. Al Rawi,,,RB,69
230271,Laure Santeiro,Fluminense,Série A,CAM,80
210897,C. Mbemba,Lille OSC,Ligue 1,CB,75
228981,Y. Boli,Antalyaspor,Süper Lig,ST,73
279438,G. Dharr,Mohammedan SC,Super League,CM,60
76997,S. López García,CA Banfield,Liga Profesional de Fútbol,CM,66
276003,D. Sounas,Avellino,Serie B,CM,67
208622,Rubén Sobrino,Cultural Leonesa,La Liga 2,RM,70
230188,Alam Araújo,Bahia,Série A,LB,72
74649,Gustavo Silva,Vitória SC,Primeira Liga,LM,71
230336,Danisco Fachini,Flamengo,Série A,CDM,75
233730,Y. Méïté,Damac FC,Pro League,ST,69
268864,Y. Jabrane,,,CDM,70
279467,H. Iyengar,Mohammedan SC,Super League,CM,62
230372,Helito Caldeira,Fluminense,Série A,RB,68
273969,B. Ramírez,LDU Quito,Serie A,LM,71
230233,Paolinho Leima,Atlético Mineiro,Série A,RB,69
229593,M. Pjaca,FC Twente,Eredivisie,LM,71
230380,Luildo Simões,Corinthians,Série A,CAM,70
230424,Sandelas Júnior,Bahia,Série A,CDM,73
230475,Adilson Edrada,Bahia,Série A,CAM,76
72808,Paulo Moreira,Estrela da Amadora,Primeira Liga,CM,67
230442,Jason Bardeira,Corinthians,Série A,ST,78
230477,Dersan Dinis,Grêmio,Série A,RW,72
271213,S. Giovane,Palermo FC,Serie B,CM,66
230427,Elildo Petri,Palmeiras,Série A,RM,75
246389,Y. Ibrahimaj,Hamarkameratene,Eliteserien,RM,67
230526,Kaio Figueiras,Grêmio,Série A,LB,69
230341,Joshuando Sá,Bahia,Série A,LB,75
230259,Juliano Mascarinhas,Botafogo,Série A,CDM,73
230397,Enaldo Toxeto,Botafogo,Série A,CB,73
230452,Kelivelson,Cruzeiro,Série A,CDM,72
230377,Sanaldo Caiado,Vasco da Gama,Série A,CAM,70
234298,N. Alho,,,RB,67
256442,J. Matete,Sunderland,Premier League,CM,64
231873,Joni Montiel,Qarabağ FK,Premyer Liqa,CAM,68
238569,K. Schindler,,,RM,69
248811,Bruno Lourenço,AVS Futebol SAD,Primeira Liga,RM,70
79459,Marino Illescas,CD Mirandés,La Liga 2,CM,67
279169,T. Leiva,CA Aldosivi,Liga Profesional de Fútbol,CM,67
266669,E. Clavijo,Universidad Católica del Ecuador,Serie A,CM,65
212153,R. Gagliardini,Hellas Verona FC,Serie A,CDM,72
213959,E. Andersson,Randers FC,Superliga,LB,65
200778,C. Christie,Bolton Wanderers,League One,RB,66
236170,Ever Sineiro,Vasco da Gama,Série A,CAM,68
233988,Vágner Norteiro,Vitória,Série A,RB,69
230385,Albertinho Dutra,São Paulo,Série A,LW,78
230278,Carleto Costinha,Fluminense,Série A,CAM,71
271722,O. Sych,,,RB,69
70289,Sidny Cabral,Estrela da Amadora,Primeira Liga,RB,66
230199,Vinicius Cardenha,Fluminense,Série A,RB,74
230502,Dênildo Stein,Cruzeiro,Série A,ST,75
81326,A. Markhiev,1. FC Nürnberg,2. Bundesliga,CM,67
76469,M. Río,CA Banfield,Liga Profesional de Fútbol,CM,70
263390,C. Doyle,Wrexham,Championship,CB,72
238303,K. Velde,Portland Timbers,Major League Soccer,LM,70
268771,B. Khoukhi,,,CB,71
230368,Bernardo Motinho,Fortaleza,Série A,RB,71
230446,Marcinho Paneira,Grêmio,Série A,CDM,73
230203,Claytinho Branco,Bahia,Série A,RB,70
204121,J. Brabec,Rio Ave FC,Primeira Liga,CB,72
251412,S. Weissman,Blau-Weiß Linz,Bundesliga,ST,69
230193,Carvamelinho,Grêmio,Série A,RB,70
276547,Loide Augusto,Çaykur Rizespor,Süper Lig,RM,67
230367,Tony Muttinho,Fortaleza,Série A,RB,72
230456,Claudinho Vair,São Paulo,Série A,RW,73
216698,M. García,CA Aldosivi,Liga Profesional de Fútbol,LM,68
230212,Zervandro,Internacional,Série A,CB,78
230443,Ansel Barni,Fortaleza,Série A,CDM,70
80911,Patati,AZ Alkmaar,Eredivisie,RM,72
272421,D. Romero,Club Nacional de Football,Primera División,LB,66
241981,Nanu,APOEL FC,1. Division,RB,66
79015,A. Capelli,Padova,Serie B,RM,66
230346,Jadsinho Mei,Flamengo,Série A,CDM,77
230357,Kaio Aldair,Fortaleza,Série A,RB,68
246844,Carlos Neva,Albacete Balompié,La Liga 2,LB,71
234002,Caio Venzano,Vitória,Série A,CDM,69
230483,Jacson Zonta,Vitória,Série A,CAM,72
262412,L. Rosier,Al Hazem FC,Pro League,CDM,68
204311,K. Zouma,CFR Cluj,Liga I,CB,75
230190,Renatão Baumer,Vasco da Gama,Série A,LB,70
230461,Leordinho Paes,Bahia,Série A,CAM,72
230245,Douglas Carvalheira,Flamengo,Série A,LB,74
230362,Diogo Parrela,Internacional,Série A,RB,71
263317,M. Łęgowski,Eyüpspor,Süper Lig,CM,67
244186,Luquinhas,Santa Clara,Primeira Liga,LM,70
230200,Edenildo Lagoas,Cruzeiro,Série A,RB,67
76627,L. Villalba,Club Nacional de Football,Primera División,RW,70
79560,E. Cedeño,UD Las Palmas,La Liga 2,CM,66
77644,Y. Saidu,Real Zaragoza,La Liga 2,CM,65
230513,Gus Outomouro,Internacional,Série A,ST,71
261131,I. Pavlic,Union Saint-Gilloise,Pro League,CM,64
251927,G. Favale,Padova,Serie B,LM,66
76991,T. Nasif,CA Banfield,Liga Profesional de Fútbol,ST,70
76286,Climent,Cádiz CF,La Liga 2,LB,68
230482,Marlon Nideiro,Flamengo,Série A,CAM,73
80467,M. Ndzie,SK Rapid,Bundesliga,CDM,68
224069,K. Toko Ekambi,Al Fateh,Pro League,LW,69
230313,Tony Abranjes,Internacional,Série A,CB,80
260778,F. Tongya,Gençlerbirliği SK,Süper Lig,CM,65
230316,Eminho Moringa,Corinthians,Série A,CB,71
198131,G. Grozav,Asociația Clubul Sportiv Petrolul 52,Liga I,LM,69
229980,C. Montes,,,CB,75
230522,Nascimentardo,Cruzeiro,Série A,CAM,70
230402,Murildo Kauê,Palmeiras,Série A,LM,77
76509,D. Karim,FC Lorient,Ligue 1,CDM,69
260942,D. Fofana,Fatih Karagümrük,Süper Lig,ST,72
259802,J. Estrada,Alianza Lima,Liga 1,RB,70
217699,I. Slimani,CFR Cluj,Liga I,ST,68
76461,M. Šego,Hajduk Split,Hrvatska nogometna liga,LW,69
230230,Eltildo Correia,Atlético Mineiro,Série A,CB,74
230263,Adeilson Gesser,Grêmio,Série A,CAM,70
279350,O. Allgood,Western United,A-League Men,CM,64
73162,Cristo Muñoz,Lazio,Serie A,CAM,65
279377,I. Rayi,Mohammedan SC,Super League,CM,58
229154,J. Kliment,,,ST,72
230227,Caio Nunson,Fortaleza,Série A,CB,74
230465,Allan Bardinho,Cruzeiro,Série A,CAM,74
237185,J. Davies,Fleetwood Town,League Two,CM,60
253108,M. Cham,SK Slavia Praha,První liga,CAM,75
230350,Ozimário Rebeilo,Bahia,Série A,LB,72
80871,R. Molnár,Pogoń Szczecin,Ekstraklasa,CAM,68
74002,M. Zuleta,Once Caldas,Categoría Primera A,LM,68
76064,F. Di Biasi,Gimnasia y Esgrima La Plata,Liga Profesional de Fútbol,CDM,66
229947,Romário Baldé,APOEL FC,1. Division,LM,68
236109,Jorge Praceira,Palmeiras,Série A,CB,74
236172,Nilson Padilho,Vasco da Gama,Série A,CAM,69
230846,R. Charles-Cook,Motherwell FC,Premiership,LM,67
278292,J. McConnell,Ajax,Eredivisie,CDM,68
230283,Evandro Rochedo,Atlético Mineiro,Série A,ST,72
234028,Rômulo Calsede,São Paulo,Série A,ST,71
75355,O. Nazarenko,,,LM,72
236164,Martin Cordeia,Internacional,Série A,CAM,70
233993,Ricky Guerreda,Vitória,Série A,RB,72
230466,Fábio Melitinho,Fluminense,Série A,CAM,72
267888,C. Sosa,Deportivo Táchira,Primera Division,CAM,69
236147,Lourival Rodeiro,São Paulo,Série A,CM,70
264578,A. Max,Gimnasia y Esgrima La Plata,Liga Profesional de Fútbol,CDM,67
234019,Ranteiro Alves,Vasco da Gama,Série A,CAM,68
236944,F. Diabaté,Kasımpaşa SK,Süper Lig,LM,69
79049,Álvaro Martínez,Moreirense FC,Primeira Liga,LB,66
236890,D. Genreau,Melbourne Victory,A-League Men,CM,67
230302,Josué da Feira,Vasco da Gama,Série A,ST,71
252884,D. Jefferies,Lincoln City,League One,LM,64
257411,S. Benchamma,Rodez Aveyron Football,Ligue 2,CDM,63
259861,J. Balza,Deportivo Táchira,Primera Division,ST,67
79014,K. Varas,Padova,Serie B,CAM,67
268772,A. Ali,,,ST,74
80909,I. Tabatadze,Cádiz CF,La Liga 2,RM,66
230524,Formosandrinho,Atlético Mineiro,Série A,ST,75
230394,Nuno Moldeiro,Corinthians,Série A,LM,70
258104,G. Infantino,Fiorentina,Serie A,RM,66
230207,Kel Perinho,Vitória,Série A,CB,74
230464,Alam Basteirinho,Bahia,Série A,CAM,72
79186,Mikel Rodríguez,Real Sociedad de Fútbol B,La Liga 2,CM,65
80342,Gerenabarrena,CD Castellón,La Liga 2,CM,65
234015,Caio Milaçar,Cruzeiro,Série A,CAM,72
230436,Nuno Lisareda,Corinthians,Série A,ST,73
229974,T. Robinet,USL Dunkerque,Ligue 2,CAM,66
231254,A. Osváth,,,RB,68
279428,K. Nankervis,Western United,A-League Men,CB,65
251341,M. Aké,SV Zulte Waregem,Pro League,LM,69
203308,J. Brillante,Western Sydney Wanderers,A-League Men,CDM,65
238895,Conrado,Oțelul Galați,Liga I,LB,64
206115,I. Hayden,Queens Park Rangers,Championship,CDM,69
230229,Otávio Cairinho,Palmeiras,Série A,CB,73
80357,A. Adeshina,LASK Linz,Bundesliga,CDM,66
246348,J. Díaz,Once Caldas,Categoría Primera A,CM,66
242052,J. Medina,Damac FC,Pro League,RM,70
268926,E. Duca,SS Juve Stabia,Serie B,CM,63
230329,Alminho Boas,Atlético Mineiro,Série A,CDM,72
255594,K. Saito,Queens Park Rangers,Championship,LM,72
230382,Milton Menceiros,Cruzeiro,Série A,CB,70
230292,Eltildo Bessa,Fortaleza,Série A,ST,70
252149,R. Nizet,Gaziantep FK,Süper Lig,LB,63
230246,Caio Chissano,São Paulo,Série A,LB,73
230399,Michildo Melo,Botafogo,Série A,LM,67
233986,Jony Reitosa,Cruzeiro,Série A,RB,71
223402,E. Taşdemir,Kasımpaşa SK,Süper Lig,LB,63
80589,D. Mertens,Telstar,Eredivisie,CAM,65
203244,Lucas Mendes,,,CB,70
77359,F. Muñoa,Boston River,Primera División,CM,65
245908,M. García,Once Caldas,Categoría Primera A,CM,70
230370,Michael Dimeira,São Paulo,Série A,CAM,74
234022,Adrián Maideira,Vitória,Série A,CAM,67
237179,C. Ndiaye,Samsunspor,Süper Lig,ST,70
240332,Brenner,FC Cincinnati,Major League Soccer,ST,71
78837,Aisar,AD Ceuta FC,La Liga 2,RM,65
78858,Lander Pinillos,Deportivo Alavés,La Liga,CAM,62
79150,S. Di Mario,Virtus Entella,Serie B,LB,67
230449,Diegildo Ramos,Flamengo,Série A,ST,74
180561,H. Al Haydos,,,RM,71
263075,J. Mansoni,FCV Dender EH,Pro League,RM,65
73215,Cheli,Real Oviedo,La Liga,CM,61
75618,A. Zárate,Atlético Bucaramanga,Categoría Primera A,CM,65
276609,K. Al Subaie,Al Hazem FC,Pro League,CM,61
79111,A. Liatsikouras,Olympiacos FC,Super League,CM,63
230521,Rafanilton Vilela,São Paulo,Série A,ST,71
265610,R. Adé,LDU Quito,Serie A,CB,72
279464,A. Lethbridge,Western United,A-League Men,CM,62
269237,A. Kurtulan,Göztepe SK,Süper Lig,RB,63
236074,Fred Soidares,Vitória,Série A,LB,68
230515,Vagnão Cadete,Cruzeiro,Série A,ST,68
272863,F. Umeh,Portsmouth,Championship,RM,62
206104,S. Dursun,Kocaelispor,Süper Lig,ST,69
230493,Fabri Arnoia,Flamengo,Série A,RW,73
275554,A. Pietrelli,Venezia,Serie B,RM,66
233835,P. Szysz,Arka Gdynia,Ekstraklasa,RW,65
234025,Edélcio Maranhesi,Bahia,Série A,CAM,68
204077,M. Niang,Gençlerbirliği SK,Süper Lig,ST,69
193185,S. Malone,Crawley Town,League Two,LB,63
279431,N. Nagarr,Mohammedan SC,Super League,ST,59
233984,Mardial Cunha,Fortaleza,Série A,CB,74
79121,A. De Cristofaro,Avellino,Serie B,CM,63
277848,L. Falasco,CA Aldosivi,Liga Profesional de Fútbol,CM,63
241827,Aguirregabiria,Real Zaragoza,La Liga 2,RB,68
230275,Emerson Avintes,Vasco da Gama,Série A,CAM,70
230296,Cristian Lodeira,Vitória,Série A,ST,70
80304,A. Fayzullaev,Medipol Başakşehir FK,Süper Lig,CAM,65
245278,Tomás Tavares,Wisła Płock,Ekstraklasa,RB,66
76751,M. Vera,Boston River,Primera División,CDM,69
263987,B. Brahimi,Viborg FF,Superliga,CAM,66
230277,Gusinho Marquenho,Internacional,Série A,CAM,72
268776,H. Ahmed,,,LB,68
230260,Guto Milazar,Flamengo,Série A,LB,72
234007,Claudio Mouria,Bahia,Série A,CAM,67
230247,Jadson Castrelo,Fluminense,Série A,CDM,68
79480,Ismael Barea,CD Mirandés,La Liga 2,CM,65
236173,Alex Doneiro,Vitória,Série A,CAM,66
76537,João Paulo,Oțelul Galați,Liga I,CM,64
270341,Y. Massolin,Modena,Serie B,CM,65
79930,A. Smakaj,LASK Linz,Bundesliga,CDM,66
270931,N. Lebreton,NEC Nijmegen,Eredivisie,CM,65
243949,M. Żukowski,1. FC Magdeburg,2. Bundesliga,RW,64
75263,Peio Canales,Racing Santander,La Liga 2,CAM,65
71997,K. Dyer,FC Volendam,Eredivisie,CM,63
239441,Jordi Mboula,Cultural Leonesa,La Liga 2,RM,69
279453,J. Drinkwater,Western United,A-League Men,CM,59
79032,T. Noslin,Telstar,Eredivisie,RM,66
272422,M. Fernández Benítez,Gil Vicente FC,Primeira Liga,CAM,67
233812,A. Lucoqui,FC Energie Cottbus,3. Liga,LB,66
80601,Rhaldney,Göztepe SK,Süper Lig,CDM,68
277752,Guilherme Montóia,Estrela da Amadora,Primeira Liga,LB,65
81475,T. Raymond,Wolfsberger AC,Bundesliga,CDM,64
79972,G. Parlanti,Carrarese,Serie B,CM,64
230288,Gustavo Pastinho,Internacional,Série A,ST,67
79093,M. Dagasso,Pescara,Serie B,CM,68
230459,Tiago Pombeira,Atlético Mineiro,Série A,CAM,70
236113,Jailson Oliva,Atlético Mineiro,Série A,RB,70
279473,F. Rispoli,Catanzaro,Serie B,CM,59
70943,J. Iribarren,CA Banfield,Liga Profesional de Fútbol,RB,65
230454,Leôncio Lobeiro,Flamengo,Série A,RW,70
276163,B. Tóth,,,ST,68
274405,J. Bauress,Accrington Stanley,League Two,CM,61
230407,Vanderleiton,Bahia,Série A,CB,71
228627,A. Al Obaid,Damac FC,Pro League,LB,59
279847,M. Santiago,Godoy Cruz,Liga Profesional de Fútbol,CAM,65
272939,M. Abaldo,Independiente,Liga Profesional de Fútbol,RW,70
230474,Macarinho Louro,Grêmio,Série A,CAM,68
79704,Robinho,Estrela da Amadora,Primeira Liga,CM,66
245014,S. Janssen,Excelsior,Eredivisie,LB,64
79915,Geovane Meurer,APOEL FC,1. Division,CDM,64
230486,Patricio Alagoano,Fortaleza,Série A,CAM,70
230503,Jadson Vidigal,Botafogo,Série A,ST,72
73095,R. Idrissi,Cagliari,Serie A,LB,65
262023,A. Amado,Boston River,Primera División,CM,69
272542,P. Kelly,Barnsley,League One,CM,61
80196,D. Basili,Reggiana,Serie B,CAM,63
251953,L. Pandolfi,Catanzaro,Serie B,ST,68
215127,L. Fioravanti,Deportivo Táchira,Primera Division,CDM,66
230280,Omualdo Chagas,Atlético Mineiro,Série A,CB,76
225591,L. Suárez,Estudiantes de La Plata,Liga Profesional de Fútbol,RM,72
235906,M. Grødem,Bryne FK,Eliteserien,CM,62
81306,M. Pantovic,Panathinaikos FC,Super League,ST,71
78172,Kaick,FC Dallas,Major League Soccer,CDM,66
230495,Hélton Celanova,Internacional,Série A,ST,72
272690,G. Mottes,CA Aldosivi,Liga Profesional de Fútbol,CB,70
236190,Roberto Soira,Botafogo,Série A,CB,74
210380,D. Diamantakos,APOEL FC,1. Division,ST,64
81406,Thalys,UD Almería,La Liga 2,ST,68
230429,Timo Triano,Corinthians,Série A,CDM,72
264770,J. Ortíz,Deportivo Táchira,Primera Division,RW,66
226295,B. Boutobba,Al-Najma SC,Pro League,RM,71
79149,A. Boccadamo,Virtus Entella,Serie B,RB,66
74088,Jon Balda,Real Sociedad de Fútbol B,La Liga 2,LB,63
77713,Diego Martín,UD Las Palmas,La Liga 2,LB,63
76705,E. Torres,Racing Club,Liga Profesional de Fútbol,ST,70
79552,Joaquín González,Cádiz CF,La Liga 2,CM,64
79752,Marc Doménech,FC Andorra,La Liga 2,CM,62
259465,I. Jensen,AZ Alkmaar,Eredivisie,LM,70
241818,L. Buades,Le Mans FC,Ligue 2,RB,65
230414,Igor Madinha,São Paulo,Série A,RM,72
277971,Pedro Lima,AVS Futebol SAD,Primeira Liga,CM,66
279624,Mahamadou Susoho,Livingston FC,Premiership,CDM,63
279903,A. Awudu,Academia Puerto Cabello,Primera Division,CM,63
79043,T. Owusu,Telstar,Eredivisie,CM,62
80152,M. Willmann,CD Castellón,La Liga 2,RB,65
230480,Raphael Paneira,Palmeiras,Série A,CAM,71
230485,Dener Rolim,Botafogo,Série A,CAM,67
79323,Deivison,CD Nacional,Primeira Liga,CM,60
264718,J. Bejarano,Gualberto Villarroel SJ,División de Fútbol Profesional,CM,62
230194,Jaimosa Cavaco,Vasco da Gama,Série A,RB,70
279314,M. Manne,Mohammedan SC,Super League,CM,60
235946,S. Lomónaco,Gimnasia y Esgrima La Plata,Liga Profesional de Fútbol,ST,68
264692,D. Strelec,Middlesbrough,Championship,ST,69
274987,Masca,SV Waldhof Mannheim,3. Liga,ST,68
81233,J. Rengifo,Atlético Nacional,Categoría Primera A,CM,59
277767,A. Kaprálik,Holstein Kiel,2. Bundesliga,RM,68
74781,F. Corbalán,Gimnasia y Esgrima La Plata,Liga Profesional de Fútbol,RB,67
76086,Henrique Arreiol,Legia Warszawa,Ekstraklasa,CDM,65
276754,G. Corona,Palermo FC,Serie B,ST,63
76125,C. Donovan,Celtic,Premiership,RB,64
251745,C. Palan,United Tigers SC,Super League,CM,57
76444,H. Mustapha,1. FC Nürnberg,2. Bundesliga,CAM,61
279455,A. Cascioli,Western United,A-League Men,CAM,63
234772,Salvi Sánchez,AD Ceuta FC,La Liga 2,RM,69
72588,M. Khlan,Górnik Zabrze,Ekstraklasa,LM,67
231616,E. Riis,Bristol City,Championship,ST,71
80861,F. Cham,Hellas Verona FC,Serie A,RB,66
175851,Tomané,AVS Futebol SAD,Primeira Liga,ST,69
279332,J. Goyal,Mohammedan SC,Super League,ST,58
230249,Marlinito Dias,Fortaleza,Série A,CDM,70
236178,Renato Rochela,Vitória,Série A,CAM,68
238878,T. Salman,,,CB,68
279362,G. Dalrymple,Western United,A-League Men,RW,64
276111,M. Soldo,Dinamo Zagreb,Hrvatska nogometna liga,CDM,65
247322,T. Schmitt,Nashville SC,Major League Soccer,LB,61
79295,Kiko,Moreirense FC,Primeira Liga,LB,65
258500,F. Krastev,Oxford United,Championship,LM,69
272893,G. Paredes,CA Aldosivi,Liga Profesional de Fútbol,LB,63
239878,A. Madibo,,,CDM,65
277267,Juan Sebastián,Real Zaragoza,La Liga 2,RB,68
260237,D. Guindo,Stade Brestois 29,Ligue 1,LB,67
76546,Sergio Viera,UD Las Palmas,La Liga 2,CDM,62
77423,A. Londoño,Universidad Católica del Ecuador,Serie A,ST,65
279435,S. Divan,Mohammedan SC,Super League,RM,64
75629,Capi,Albacete Balompié,La Liga 2,CDM,60
234677,R. Thellufsen,Bryne FK,Eliteserien,CM,62
81358,O. Correia,SS Juve Stabia,Serie B,CDM,64
79363,N. Athanasiou,Rio Ave FC,Primeira Liga,LB,69
78836,K. Koné,AD Ceuta FC,La Liga 2,LM,64
230273,Antonaldo Laforte,Fluminense,Série A,CAM,68
80300,M. Kyabou,Gençlerbirliği SK,Süper Lig,CDM,64
234004,Tomás Nuninho,Bahia,Série A,CDM,68
72400,R. Sigurgeirsson,Sønderjyske Fodbold,Superliga,LB,64
230379,Vieirundinho,Botafogo,Série A,CB,78
268781,Pedro Miguel,,,RB,68
74813,M. Amondarain,Estudiantes de La Plata,Liga Profesional de Fútbol,CM,63
79448,M. Stjepanović,Moreirense FC,Primeira Liga,CDM,63
262580,D. Nejašmić,NEC Nijmegen,Eredivisie,CDM,70
79587,L. Page,Leicester City,Championship,CM,61
242462,A. Diaz,Universidad de Chile,Primera Division,LB,65
79758,K. Gonzalez,América de Cali,Categoría Primera A,CDM,61
277968,D. Weidmann,FC Twente,Eredivisie,CM,64
230433,Calegarcinho,Fortaleza,Série A,ST,72
264804,Dalisson,Córdoba CF,La Liga 2,CAM,64
230285,Pedrão Tofico,Flamengo,Série A,CB,78
190640,V. Pálsson,,,CB,67
230224,Juli Freitinho,Grêmio,Série A,CB,75
71790,L. Moreno,Universidad Católica del Ecuador,Serie A,CDM,61
74574,L. Bernasconi,Atalanta,Serie A,LM,65
230299,Arthur Silbeira,Bahia,Série A,ST,70
231436,G. Diangana,Elche CF,La Liga,CAM,70
230232,Jadenilson Baia,Corinthians,Série A,RB,67
79478,M. Mensah,Real Betis Balompié,La Liga,CM,63
79122,R. Russo,Avellino,Serie B,CAM,64
252485,S. Obeng,AD Ceuta FC,La Liga 2,ST,68
74849,J. Gallard,Cerro Largo,Primera División,CAM,61
230413,Mauricio Clerez,Vasco da Gama,Série A,CB,68
79158,Bernat Guiu,Virtus Entella,Serie B,ST,66
278664,B. Yusuf,Ferencvárosi Torna Club,Nemzeti Bajnokság I,LW,69
230282,Guto Costinho,Palmeiras,Série A,CB,73
279472,T. Singh,Western United,A-League Men,RB,63
228790,Aitor Buñuel,Burgos CF,La Liga 2,RB,66
230248,Antonaldo Vaz,Palmeiras,Série A,LB,71
264364,D. Camara,Gaziantep FK,Süper Lig,RM,63
80816,B. Burrowes,Aston Villa,Premier League,RM,65
74930,H. Cuenca,Genoa,Serie A,RW,62
268007,D. Romero,Universidad Católica del Ecuador,Serie A,RB,65
233222,K. Jóźwiak,Jagiellonia Białystok,Ekstraklasa,LM,68
260414,A. Al Hassan,NEOM SC,Pro League,RM,60
275438,J. Pérez,Gimnasia y Esgrima La Plata,Liga Profesional de Fútbol,CAM,67
278003,Yusi,Deportivo Alavés,La Liga,LB,63
80668,Gorka Gorosabel,Real Sociedad de Fútbol B,La Liga 2,CM,61
74815,S. Primante,Gimnasia y Esgrima La Plata,Liga Profesional de Fútbol,ST,63
236186,Ever Corredeira,Vasco da Gama,Série A,ST,69
80302,E. Kemaloğlu,Gençlerbirliği SK,Süper Lig,CM,60
81327,Figueiredo,Alverca,Primeira Liga,LW,68
79823,A. Santos,Sparta Rotterdam,Eredivisie,CM,62
231406,K. Edwards,Northampton Town,League One,LM,65
80660,Serpeta,CD Castellón,La Liga 2,LW,65
79393,Davinchi,Getafe CF,La Liga,LB,64
79547,S. Faye,Granada CF,La Liga 2,RM,64
234016,Welliton Helmes,Internacional,Série A,CAM,66
230270,Fabiem Jardim,Vasco da Gama,Série A,CAM,62
230388,Davi Parrela,Botafogo,Série A,CB,76
230221,Kauã Zanson,Fluminense,Série A,CB,67
236165,Paulo Daineiro,Cruzeiro,Série A,CAM,68
268879,A. Fathi,,,CDM,68
75936,Mariezkurrena,Real Sociedad de Fútbol B,La Liga 2,ST,65
233865,R. Hale,,,ST,64
270867,A. Mazilu,Dinamo Bucureşti,Liga I,RW,66
233329,M. Villanueva,Al Fayha,Pro League,CB,71
230520,Sevinho Santos,Fortaleza,Série A,ST,69
78990,Tiago Manso,CD Tondela,Primeira Liga,RB,68
81291,I. Ouédraogo,Odense Boldklub,Superliga,CDM,64
213917,Fábio Cardoso,Sevilla FC,La Liga,CB,75
80352,J. van den Berg,PSV,Eredivisie,CM,60
78550,Rego,Athletic Club,La Liga,CDM,65
277029,Miguel Román,RC Celta,La Liga,CM,68
230458,Bernard Alemão,Fortaleza,Série A,CDM,65
75347,S. Esquivel,CA Banfield,Liga Profesional de Fútbol,CDM,64
246450,K. Cabral,Red Star FC,Ligue 2,RM,65
237022,Víctor Narro,Sampdoria,Serie B,RM,68
276823,R. Popescu,FC Argeș,Liga I,CAM,61
230386,Césario Limberg,São Paulo,Série A,CB,70
233978,Vitor Marlão,Fortaleza,Série A,LB,70
76604,I. Petryak,Shakhtar Donetsk,Premier League,LW,65
235854,Léo Santos,CD Nacional,Primeira Liga,CB,67
79187,Tomy Carbonell,Real Sociedad de Fútbol B,La Liga 2,CM,63
252017,F. Daniliuc,FC Basel 1893,Super League,CB,72
78974,Diogo Martins,Alverca,Primeira Liga,CAM,67
80098,T. Perrotta,CA Banfield,Liga Profesional de Fútbol,ST,63
78642,I. Akintunde Alani,Real Valladolid CF,La Liga 2,CM,62
277411,T. Hernes,FC Groningen,Eredivisie,CM,61
81320,N. Fernandez,PSV,Eredivisie,CAM,60
230415,Lourival Dinisco,Fortaleza,Série A,CB,71
74885,M. Bamba,Gil Vicente FC,Primeira Liga,CDM,65
74515,D. de la Cruz,LDU Quito,Serie A,RB,66
74087,Mikel Goti,Real Sociedad,La Liga,CAM,67
275620,A. Daho,USL Dunkerque,Ligue 2,LM,60
79090,L. Meazzi,Pescara,Serie B,CM,64
230410,Natinho Mestres,São Paulo,Série A,RM,70
279427,C. Wang,Western United,A-League Men,RB,58
257174,M. Servais,KV Mechelen,Pro League,CAM,64
77013,S. Villarreal,Gimnasia y Esgrima La Plata,Liga Profesional de Fútbol,LM,61
245790,Paulinho Bóia,CD Nacional,Primeira Liga,LM,68
79908,D. Gui,Alverca,Primeira Liga,CM,60
230209,Hugo Goiteira,Cruzeiro,Série A,CB,74
80026,M. Mitrović,Vitória SC,Primeira Liga,CM,65
80630,E. Rao,SSC Bari,Serie B,LW,65
71279,Lucas Terrer,Real Zaragoza,La Liga 2,CM,61
79782,R. Auzmendi,CA Banfield,Liga Profesional de Fútbol,ST,66
236735,Josué Dorrio,Málaga CF,La Liga 2,RM,65
243906,U. Nissilä,,,CAM,64
80706,D. Moubeke,Granada CF,La Liga 2,CM,60
251724,T. Agarwal,United Tigers SC,Super League,LM,58
80521,K. Prieto,Casa Pia,Primeira Liga,RM,63
239550,A. Gravillon,Pescara,Serie B,CB,70
242917,L. Chávez,CA Aldosivi,Liga Profesional de Fútbol,RM,65
78144,P. Avena,Palermo FC,Serie B,LM,60
77404,J. Moorhouse,Leyton Orient,League One,CAM,60
236196,Nito Carbelho,Fluminense,Série A,ST,64
279465,P. Mabo,Western United,A-League Men,LW,62
78312,Rodrigo Ribeiro,Famalicão,Primeira Liga,CAM,63
80658,Ethan,Burgos CF,La Liga 2,CM,58
279093,F. Conti,Sampdoria,Serie B,CM,64
247774,R. González,CA Aldosivi,Liga Profesional de Fútbol,RB,68
245228,F. Krüger,MSV Duisburg,3. Liga,ST,66
74931,M. Dalla Vecchia,Virtus Entella,Serie B,CM,61
80836,L. Di Maggio,Padova,Serie B,CM,61
255257,Joelson Fernandes,Gil Vicente FC,Primeira Liga,LM,66
77118,A. Mamani,Gualberto Villarroel SJ,División de Fútbol Profesional,RM,62
80610,S. Brunell,Seattle Sounders FC,Major League Soccer,CDM,61
270053,C. Kouakou,Qarabağ FK,Premyer Liqa,CM,63
70892,D. Turgeman,New England Revolution,Major League Soccer,ST,67
259588,J. Cuesta,Once Caldas,Categoría Primera A,RB,69
253714,S. Ballet,Antalyaspor,Süper Lig,RM,65
236142,Nildo Reisão,Atlético Mineiro,Série A,CDM,73
247214,L. Parodi,Virtus Entella,Serie B,CB,66
245497,Chema Núñez,NorthEast United,Super League,CAM,64
80781,I. Varfolomeev,Lincoln City,League One,CDM,63
80885,Daniel Júnior,CD Nacional,Primeira Liga,CAM,66
76418,Gael Joel,Granada CF,La Liga 2,CM,59
73389,Zárate,CD Mirandés,La Liga 2,CM,58
80653,N. Mituljikic,SV Zulte Waregem,Pro League,RW,65
80915,Jan Virgili,RCD Mallorca,La Liga,LW,68
278402,Selu Diallo,Cultural Leonesa,La Liga 2,CM,60
79868,N. Ogidi Nwankwo,Telstar,Eredivisie,LM,61
80662,Josema,AD Ceuta FC,La Liga 2,CM,60
279863,A. Scarone,Racing Club de Montevideo,Primera División,CAM,60
74301,F. Cairus,Racing Club de Montevideo,Primera División,CM,64
202123,C. Aneke,Shrewsbury Town,League Two,ST,62
266651,D. Vukojević,Degerfors IF,Allsvenskan,ST,63
79123,D. Alomerović,UTA Arad,Liga I,LB,65
80765,A. Ávalos,San Antonio Bulo Bulo,División de Fútbol Profesional,ST,63
230218,Fabiano Sonta,Fluminense,Série A,CB,72
244311,Lucas Ribeiro,Cultural Leonesa,La Liga 2,CAM,68
223100,Pibe,Cultural Leonesa,La Liga 2,LM,65
78986,André Ceitil,CD Tondela,Primeira Liga,CDM,67
276232,D. Lukács,,,ST,67
278814,Marcos Peña,Famalicão,Primeira Liga,CM,61
79935,S. Karchoud,Viborg FF,Superliga,RW,62
278990,Brenner,Santa Clara,Primeira Liga,LW,67
257044,P. Hannola,FK Haugesund,Eliteserien,CM,62
72030,Jonathan Silva,Padova,Serie B,CM,64
199044,J. Bokila,Livingston FC,Premiership,ST,65
244448,J. Sánchez Purata,,,CB,72
215011,M. Maidana,Deportivo Táchira,Primera Division,CB,68
80886,Rafael Lobato,Rio Ave FC,Primeira Liga,RW,63
265484,D. Lembikisa,Lincoln City,League One,RB,64
80820,M. Zoma,1. FC Nürnberg,2. Bundesliga,ST,66
76992,Pedro Bondo,Famalicão,Primeira Liga,LB,66
270331,Z. Hawsawi,Al Ahli SFC,Pro League,LB,65
230523,Iuliano Alfaro,Grêmio,Série A,ST,64
77186,Korede Osundina,Casa Pia,Primeira Liga,LW,64
246416,L. Dajaku,SSV Ulm 1846,3. Liga,RM,65
81462,A. Kouame,AIK,Allsvenskan,CAM,64
234374,Andrei Alba,Hyderabad FC,Super League,CDM,59
279441,H. Cayless,Western United,A-League Men,LB,65
265733,D. Camara,Cádiz CF,La Liga 2,ST,65
272573,E. Rodríguez,CA Aldosivi,Liga Profesional de Fútbol,ST,62
261441,M. Panaro,Gimnasia y Esgrima La Plata,Liga Profesional de Fútbol,LM,64
80712,Jon Eceizabarrena,Real Sociedad de Fútbol B,La Liga 2,CM,60
251727,H. Bhandari,United Tigers SC,Super League,RM,62
80752,Enol Prendes,Real Sporting de Gijón,La Liga 2,CAM,63
72054,Wendel Silva,Santa Clara,Primeira Liga,ST,69
266898,L. Etoga,Sporting Club Bastia,Ligue 2,CDM,61
81330,A. Uzondu,Wolfsberger AC,Bundesliga,LB,64
78669,Lucas Nuñez,Valencia CF,La Liga,CM,61
70552,S. Malkoçoğlu,Trabzonspor,Süper Lig,CDM,59
277425,Enol Rodríguez,SD Huesca,La Liga 2,ST,65
79618,S. Davidović,Korona Kielce,Ekstraklasa,RW,64
264251,D. Jurić,Wisła Płock,Ekstraklasa,ST,65
242558,R. Solan,Al Kholood,Pro League,RB,60
71961,J. Charcopa,Mushuc Runa,Serie A,ST,61
78720,Iker Varela,CD Mirandés,La Liga 2,LM,63
79012,M. Bortolussi,Padova,Serie B,ST,69
77358,F. Chiappini,Boston River,Primera División,CM,61
277554,Adri Fuentes,Córdoba CF,La Liga 2,ST,66
276828,G. Lozano,Deportivo Táchira,Primera Division,CM,59
231267,J. Lokilo,Piast Gliwice,Ekstraklasa,RW,65
76768,Ángel Pérez,SD Huesca,La Liga 2,RB,62
79657,Nico Toca,Cultural Leonesa,La Liga 2,CDM,62
261277,J. Brown,Kilmarnock,Premiership,RB,61
240811,M. Torres,Gimnasia y Esgrima La Plata,Liga Profesional de Fútbol,ST,65
80058,I. Sinclair,Accrington Stanley,League Two,CM,57
80916,Luca Meirelles,Shakhtar Donetsk,Premier League,ST,65
244811,D. Bumberger,Blau-Weiß Linz,Bundesliga,LB,64
230287,Adão Morrinhos,Fluminense,Série A,ST,66
79011,A. Spagnoli,Padova,Serie B,ST,65
80659,Sergio Martínez,Racing Santander,La Liga 2,CDM,62
71217,T. Serrago,CA Aldosivi,Liga Profesional de Fútbol,LM,67
80690,M. De Carvalho,Olympique Lyonnais,Ligue 1,CDM,63
78989,Cícero,CD Tondela,Primeira Liga,CDM,66
244042,M. Djitté,Grenoble Foot 38,Ligue 2,ST,66
246332,S. Muñoz,Independiente Rivadavia,Liga Profesional de Fútbol,RM,61
81307,Lorran,Pisa,Serie A,CAM,65
278785,J. Escobar,América de Cali,Categoría Primera A,RB,66
78354,M. Díaz,LDU Quito,Serie A,LM,61
80666,Manu Fernández,RC Celta,La Liga,CB,70
75896,J. Rodríguez,CD Tondela,Primeira Liga,CM,59
214673,L. Cano,Deportivo Táchira,Primera Division,ST,67
71419,G. López,Boston River,Primera División,RW,63
79913,Alex Amorim,Alverca,Primeira Liga,CAM,64
251743,A. Ginti,United Tigers SC,Super League,LB,61
79970,Miguel Ferreira,East Bengal FC,Super League,CM,59
75634,M. Perovic,UD Almería,La Liga 2,RW,62
80617,Ryan Carlos,Estrela da Amadora,Primeira Liga,LB,64
80625,Toni Tamarit,CD Mirandés,La Liga 2,RM,62
78991,Maranhão,CD Tondela,Primeira Liga,RW,68
268982,J. Gaber,,,CB,63
79543,Bernardo Lourenço,GD Estoril Praia,Primeira Liga,CAM,61
189682,B. Mee,Sheffield United,Championship,CB,74
230432,Darinho Carioca,São Paulo,Série A,ST,73
157481,Raúl Albiol,Pisa,Serie A,CB,76
81532,G. Reyna,Racing Club,Liga Profesional de Fútbol,CAM,64
270101,E. Saporiti,Empoli,Serie B,CAM,65
263474,F. Torres,Gimnasia y Esgrima La Plata,Liga Profesional de Fútbol,RM,66
79154,I. Lipani,Virtus Entella,Serie B,CDM,64
251723,P. Bhatt,United Tigers SC,Super League,ST,62
81252,C. Balentien,AC Milan,Serie A,RM,62
80805,Mauro,CA Osasuna,La Liga,CDM,64
278104,I. Mabaya,Wigan Athletic,League One,RB,61
278911,T. Gooijer,PEC Zwolle,Eredivisie,RB,64
279426,L. Brunskillus,Western United,A-League Men,LW,63
275882,R. Gallo,Deportivo Riestra,Liga Profesional de Fútbol,LB,62
74429,A. Diallo,RC Lens,Ligue 1,CM,62
78282,Marcos Fernández,AD Ceuta FC,La Liga 2,ST,64
77863,T. Rodríguez Pagano,San Lorenzo de Almagro,Liga Profesional de Fútbol,LB,63
79999,Andrés Campos,CD Leganés,La Liga 2,LW,63
74371,V. Pezzolesi,UD Las Palmas,La Liga 2,RB,64
73888,M. Silvetti,Inter Miami,Major League Soccer,RM,63
80882,Lucas Ferreira,Shakhtar Donetsk,Premier League,RW,67
230345,Raullino Meneses,Vitória,Série A,CDM,62
81459,M. Nartey,IK Sirius,Allsvenskan,CAM,62
77907,A. Sigurpálsson,IF Elfsborg,Allsvenskan,LW,63
79959,S. Ujka,SV Zulte Waregem,Pro League,CAM,64
78193,Rafa Rodríguez,Málaga CF,La Liga 2,CM,61
79089,N. Squizzato,Pescara,Serie B,CDM,66
80655,Y. Karashima,HJK Helsinki,Veikkausliiga,CDM,61
75403,A. Al Yazidi,,,RB,63
274090,F. Paoletti,Mantova,Serie B,CM,60
80147,J. van Ommeren,FC Utrecht,Eredivisie,CDM,62
80069,M. Nichetti,Virtus Entella,Serie B,CDM,65
238551,Robinho,Mohun Bagan Super Giant,Super League,CAM,64
74817,F. Ardiles,Godoy Cruz,Liga Profesional de Fútbol,RB,66
80707,Mario Gambín,Granada CF,La Liga 2,CAM,61
77973,Z. Sawo,Djurgårdens IF,Allsvenskan,ST,63
263122,M. Guerrero,Universidad de Chile,Primera Division,RW,67
77689,A. Seimandi,Gualberto Villarroel SJ,División de Fútbol Profesional,CB,63
279194,M. Mashaal,,,CM,64
70443,L. Palavecino,CA Banfield,Liga Profesional de Fútbol,CDM,60
80591,Guilherme Smith,Union Saint-Gilloise,Pro League,ST,62
77800,S. Ramírez,Racing Club de Montevideo,Primera División,LW,64
272876,D. Kamenović,Lazio,Serie A,LB,63
78864,M. Gueye,Real Oviedo,La Liga,RM,61
79662,M. Diop,USL Dunkerque,Ligue 2,CM,63
72104,Jesús Martínez,Real Valladolid CF,La Liga 2,CM,59
262648,A. Goodwin,Charlotte FC,Major League Soccer,ST,64
80377,T. Magnússon,Hearts,Premiership,CM,58
79127,Adam Arvelo,UD Las Palmas,La Liga 2,RW,62
80283,Giovane,Hellas Verona FC,Serie A,RW,65
226730,F. Lescano,Avellino,Serie B,ST,68
267568,J. O'Neil,Boston River,Primera División,LB,63
80696,A. Vossah,Toulouse FC,Ligue 1,CDM,61
230511,Emílio Trevões,Vitória,Série A,ST,65
78839,Andy Escudero,AD Ceuta FC,La Liga 2,RM,64
253378,Tomás Ribeiro,Cultural Leonesa,La Liga 2,CB,70
233190,D. Palacio,Nacional Potosí,División de Fútbol Profesional,LW,65
278338,Saná Fernandes,Lazio,Serie A,ST,62
72823,T. İlter,Eyüpspor,Süper Lig,CDM,64
259979,J. Castillo,Deportivo Táchira,Primera Division,RW,64
274359,N. Opoku,Newport County,League Two,ST,63
76033,N. Pesch,1. FC Magdeburg,2. Bundesliga,LM,63
75959,J. Zapata,Once Caldas,Categoría Primera A,LW,66
79583,Víctor Valverde,Albacete Balompié,La Liga 2,RM,64
277991,D. Gaye,Bryne FK,Eliteserien,RB,63
230383,Pombaixinho,Vitória,Série A,CB,71
78859,Arturo,UD Las Palmas,La Liga 2,RW,63
75068,Guille Fernández,FC Barcelona,La Liga,CM,60
72704,T. Espinosa,Racing Club de Montevideo,Primera División,LB,68
79118,C. Patierno,Avellino,Serie B,ST,67
239709,D. Reiter,Blau-Weiß Linz,Bundesliga,RM,62
80771,J. Vignolo,Toulouse FC,Ligue 1,ST,65
79751,Josep Cerdà,FC Andorra,La Liga 2,LW,62
261674,X. Severina,Casa Pia,Primeira Liga,LW,67
79660,Z. Shuaib,Real Sociedad de Fútbol B,La Liga 2,CDM,60
278864,S. Mullen,Mantova,Serie B,CB,62
77631,T. Barišić,Olympique Lyonnais,Ligue 1,RB,63
78933,Marc Delgado,SD Eibar,La Liga 2,CM,59
279454,P. Dada,Mohammedan SC,Super League,LW,59
279319,M. Radhakrishnann,Mohammedan SC,Super League,RB,66
80224,M. Kerkez,Fortuna Sittard,Eredivisie,LB,65
279459,B. Oaksott,Western United,A-League Men,LB,65
279210,D. Dongmo,Asociația Clubul Sportiv Petrolul 52,Liga I,CM,58
81343,B. Mirčetić,Raków Częstochowa,Ekstraklasa,RW,66
77120,B. Tomatis,Racing Club de Montevideo,Primera División,ST,64
271704,V. Blănuță,Dynamo Kyiv,Premier League,ST,68
230516,Paulão Junqueiras,Botafogo,Série A,ST,71
70050,A. Vinciguerra,Pescara,Serie B,LW,61
268986,A. Suhail,,,CB,61
268331,L. Gagnidze,Granada CF,La Liga 2,CM,60
80003,A. Dramé,Wolfsberger AC,Bundesliga,CB,66
230387,Heitinho Zanon,Grêmio,Série A,CB,70
80411,S. Muhlethaler,Peñarol,Primera División,RW,62
78368,Dani Bernabéu,Albacete Balompié,La Liga 2,LB,59
79396,Neiva,AVS Futebol SAD,Primeira Liga,LW,63
74333,Gui Beleza,Gil Vicente FC,Primeira Liga,CDM,60
276140,M. Tući,Gangwon FC,K League 1,CB,69
79474,Samu Becerra,Rayo Vallecano,La Liga,CM,59
238474,M. Chajia,Asociația Clubul Sportiv Petrolul 52,Liga I,CAM,62
79512,B. Hegland,Djurgårdens IF,Allsvenskan,CAM,64
79561,P. Meyer,Motor Lublin,Ekstraklasa,LB,58
76498,Mao Weijie,Dalian Yingbo,Super League,RM,57
247776,J. Córdoba,Instituto Atlético Central Córdoba,Liga Profesional de Fútbol,RM,69
230447,Nazario Serpe,Grêmio,Série A,CDM,66
230505,Fachendinho,Bahia,Série A,ST,63
81319,V. Milosavljević,AFC Bournemouth,Premier League,CB,70
238683,A. Sicker,DSC Arminia Bielefeld,2. Bundesliga,LB,65
76760,P. Zabi,Stade de Reims,Ligue 2,CM,61
81381,E. Prekop,SK Slavia Praha,První liga,ST,67
78367,Oso,Sevilla FC,La Liga,LB,61
71805,L. Colombo,Monza,Serie B,CDM,62
75919,P. Mentu,HJK Helsinki,Veikkausliiga,CM,60
77530,Pere Haro,Granada CF,La Liga 2,LB,61
274491,A. González,Boston River,Primera División,ST,64
71477,Diogo Sousa,Vitória SC,Primeira Liga,CDM,59
80185,O. Keumo,VfL Bochum 1848,2. Bundesliga,LB,61
230236,Leonardo Freijão,Cruzeiro,Série A,CDM,64
76403,L. Palacios,Once Caldas,Categoría Primera A,RM,67
80772,D. Zema,Toulouse FC,Ligue 1,RW,62
80523,J. Dillema,FC Groningen,Eredivisie,CDM,58
77274,Ieltsin Camões,Tromsø IL,Eliteserien,ST,65
279322,M. Srivastyava,Mohammedan SC,Super League,RW,61
75045,F. Demir,SK Rapid,Bundesliga,RB,63
77350,M. Isah,Academia Puerto Cabello,Primera Division,CM,61
258358,João Victor,Daejeon Citizen,K League 1,RW,66
275516,T. Strata,Vitória SC,Primeira Liga,RB,64
80290,Yanis da Rocha,Sporting Clube de Braga,Primeira Liga,CDM,63
81316,J. Robinson,Livingston FC,Premiership,RB,59
81337,L. Samuel,Bromley,League Two,RB,60
80872,Dani Bolt,Qarabağ FK,Premyer Liqa,RB,66
75795,J. Kallinen,HJK Helsinki,Veikkausliiga,CM,61
79088,B. Moruzzi,Empoli,Serie B,LB,66
80375,H. Ahadad,East Bengal FC,Super League,ST,64
75572,Fortea,Real Madrid,La Liga,RB,60
80456,P. Kabore,Hearts,Premiership,LW,63
77415,R. Nijstad,FC Twente,Eredivisie,CB,59
77418,B. Arady,Club Nacional de Football,Primera División,LW,64
72080,V. Burlet,Stade de Reims,Ligue 2,LB,66
76501,Pablo López,CD Mirandés,La Liga 2,RW,63
76640,A. Kryger,Kristiansund BK,Eliteserien,CDM,65
74864,O. Adewumi,Cercle Brugge KSV,Pro League,CAM,59
76742,S. Gomez van Hoogen,Club Brugge KV,Pro League,CB,61
80588,R. Oudsten,Telstar,Eredivisie,CM,59
74636,J. Plug,Feyenoord,Eredivisie,CB,62
74145,S. Chambers,Leeds United,Premier League,CAM,61
80393,B. Guèye,Sarpsborg 08 FF,Eliteserien,CM,58
72740,S. Al Rashid,Al Hazem FC,Pro League,RB,59
268877,Y. Abdurisag,,,RW,65
80370,L. Gordon,Leyton Orient,League One,LM,59
80392,D. Demir,Gençlerbirliği SK,Süper Lig,CM,58
75116,Rangel,Al Fayha,Pro League,LB,60
253332,F. Mina,LDU Quito,Serie A,RW,63
81517,S. Karakoç,Antalyaspor,Süper Lig,LB,62
230268,Estevãtinho,Fluminense,Série A,CAM,66
251746,R. Jayaraman,United Tigers SC,Super League,ST,58
271216,H. Griffiths,Crewe Alexandra,League Two,CDM,58
74618,T. Bentayeb,ESTAC Troyes,Ligue 2,ST,67
76241,M. Gouda,,,RW,59
189472,Aridane,UD Almería,La Liga 2,CB,71
272518,A. Nibe,Sarpsborg 08 FF,Eliteserien,CAM,61
279445,C. Willem,Western United,A-League Men,ST,59
270336,M. Dickov,Mansfield Town,League One,ST,58
80720,Astiazarán,Real Sociedad de Fútbol B,La Liga 2,CAM,60
80741,Gonçalo Maia,Gil Vicente FC,Primeira Liga,CAM,58
79736,Alex Lizancos,Burgos CF,La Liga 2,RB,63
81283,Miguel Nogueira,Vitória SC,Primeira Liga,CAM,61
79555,M. Heyde,FC Nordsjælland,Superliga,CDM,57
251732,R. Nadkarni,United Tigers SC,Super League,CAM,59
77691,E. Da Silva,Racing Club de Montevideo,Primera División,RW,63
75707,M. Borrell,Al Akhdoud Saudi Club,Pro League,CDM,60
273120,A. Vásquez,San Antonio Bulo Bulo,División de Fútbol Profesional,ST,62
77717,A. Coundoul,Real Sporting de Gijón,La Liga 2,ST,65
81318,S. Sarli,DSC Arminia Bielefeld,2. Bundesliga,LB,62
80083,M. Albæk,Randers FC,Superliga,CM,58
76843,G. Alders,Ajax,Eredivisie,RB,61
75075,S. Martínez,Godoy Cruz,Liga Profesional de Fútbol,CAM,61
230327,Gérson Damesio,Flamengo,Série A,CB,74
80661,E. Ugiagbe,Cádiz CF,La Liga 2,LM,63
252476,J. Okedina,Bohemian FC,Premier Division,CB,63
78453,Afonso Assis,Moreirense FC,Primeira Liga,CDM,60
79479,Pablo Ruan,CD Nacional,Primeira Liga,ST,63
80808,Pablo Santiago,CD Castellón,La Liga 2,LW,61
74481,I. Salhi,RCD Mallorca,La Liga,LB,60
80622,Jorge Delgado,Real Valladolid CF,La Liga 2,ST,62
277547,S. Stewart,Sligo Rovers,Premier Division,LB,58
263825,A. Burlamaqui,Alianza Lima,Liga 1,CDM,64
278290,R. Stutter,Barnet,League Two,ST,62
242451,J. Colmán,Newell's Old Boys,Liga Profesional de Fútbol,LM,65
279193,T. Galvez,,,LB,60
278260,M. Efekele,FC St.Gallen 1879,Super League,RM,63
80663,Jofre Torrents,FC Barcelona,La Liga,LB,61
79941,Ekain Azkune,SV Ried,Bundesliga,ST,62
80812,Hugo San,Real Valladolid CF,La Liga 2,LB,61
74236,A. Al Ganehi,,,RW,67
80000,Jo Jin Ho,Konyaspor,Süper Lig,CM,57
78102,A. Rodríguez,Universidad Católica del Ecuador,Serie A,CAM,60
79189,J. Nguono Ochieng,Real Sociedad de Fútbol B,La Liga 2,RW,63
72563,Paco Cortés,Cultural Leonesa,La Liga 2,LW,64
76414,V. Vuorinen,HJK Helsinki,Veikkausliiga,LW,57
278601,Aitor Gismera,Real Betis Balompié,La Liga,CDM,63
269902,G. Rossi,Newell's Old Boys,Liga Profesional de Fútbol,ST,63
72277,T. Moi,Viking FK,Eliteserien,RB,59
79329,A. Japaur,SC Verl,3. Liga,ST,61
263168,T. Onyango,Stockport County,League One,CM,59
80709,Santi Franco,Racing Santander,La Liga 2,ST,60
251721,A. Deshpande,United Tigers SC,Super League,LM,60
80749,Antonio Martínez,Elche CF,La Liga,CM,59
74122,A. Papakanellos,Rio Ave FC,Primeira Liga,RM,61
79042,S. Hetli,Telstar,Eredivisie,ST,64
257220,A. Taranis,Degerfors IF,Allsvenskan,ST,63
208597,H. Hermannsson,,,CB,66
73565,T. Akgün,Fatih Karagümrük,Süper Lig,CM,57
77230,J. Ramallo,Gualberto Villarroel SJ,División de Fútbol Profesional,RB,64
80010,Š. Gržan,Macarthur FC,A-League Men,RB,62
77983,C. Velásquez,Academia Puerto Cabello,Primera Division,RM,57
76234,A. Yousef,,,RB,63
77776,D. Vargas,Gualberto Villarroel SJ,División de Fútbol Profesional,CDM,58
80670,R. Koubini,Telstar,Eredivisie,CM,58
80192,F. Vallarelli,Reggiana,Serie B,CM,57
73597,G. Okkas,Rio Ave FC,Primeira Liga,LB,62
279444,G. Prasad,Mohammedan SC,Super League,RB,63
80023,A. Moreira,Gil Vicente FC,Primeira Liga,RW,64
78042,V. Svensson,IK Sirius,Allsvenskan,CM,58
76786,A. Ndoye,Vitória SC,Primeira Liga,ST,65
76946,Tincho,CD Castellón,La Liga 2,LB,60
274124,J. Paredes,Academia Puerto Cabello,Primera Division,ST,68
77261,S. Arias,Cienciano,Liga 1,CDM,65
80112,A. Ledesma,Club Olimpia,División Profesional,CM,56
80501,F. Barbrook,Lincoln City,League One,CDM,59
276956,Sergio Arribas,SD Huesca,La Liga 2,CB,66
81422,O. Correia,Asociația Clubul Sportiv Petrolul 52,Liga I,RW,63
78667,F. Vasquez,Gualberto Villarroel SJ,División de Fútbol Profesional,LM,61
80486,E. Annan,AS Saint-Étienne,Ligue 2,LB,67
266858,J. Jeno,Unirea Slobozia,Liga I,CDM,61
77024,J. Rattalino,San Lorenzo de Almagro,Liga Profesional de Fútbol,CM,58
75401,A. Al Rawi,,,ST,60
276129,N. Bajlicz,SV Ried,Bundesliga,CM,59
278710,O. Spiten-Nysæter,Molde FK,Eliteserien,LW,62
80627,M. Mané,SSC Bari,Serie B,RB,62
76575,E. Williams,Falkirk,Premiership,LM,60
79754,L. Amaral,Cerro Largo,Primera División,RW,60
81329,R. Ogam,Wolfsberger AC,Bundesliga,ST,63
79859,A. Camara,Vejle Boldklub,Superliga,LW,63
80182,R. Mitongo Muteba,Standard de Liège,Pro League,ST,61
79703,Gael Alonso,FC Andorra,La Liga 2,CB,64
81511,Victor Hugo,Al Taawoun FC,Pro League,CM,58
77106,Yan Maranhão,Moreirense FC,Primeira Liga,ST,65
273619,M. Mellon,Oldham Athletic,League Two,ST,61
80349,T. Brenan,Wigan Athletic,League One,CM,56
79909,C. Nuozzi,Alverca,Primeira Liga,LW,63
237883,Rafinha,Asociația Clubul Sportiv Petrolul 52,Liga I,CAM,63
75603,Z. Redmond,Huddersfield Town,League One,ST,64
79398,Guilherme Peixoto,FC Twente,Eredivisie,RB,62
79430,L. Biliboc,CFR Cluj,Liga I,RW,62
78926,Hugo Pinilla,Real Zaragoza,La Liga 2,RM,62
80206,A. Groune,1. FC Saarbrücken,3. Liga,RW,59
80263,B. Isufi,Molde FK,Eliteserien,CAM,58
79761,B. Mahamadou,PAOK,Super League,CAM,61
263836,J. Orozco Chiquete,,,CB,73
79045,A. Lechkar,Telstar,Eredivisie,RM,58
79574,A. Conteh,Strømsgodset IF,Eliteserien,ST,61
279324,V. Minghi,Mohammedan SC,Super League,CB,62
79711,I. Eze,Wellington Phoenix,A-League Men,ST,59
81519,Rica Rocha,Vitória SC,Primeira Liga,CDM,58
80776,J. El Baraka,Angers SCO,Ligue 1,CDM,57
78838,Yago Cantero,AD Ceuta FC,La Liga 2,CB,64
248331,L. Khawlhring,Odisha FC,Super League,CDM,58
80524,S. Middendorp,Excelsior,Eredivisie,CM,58
248251,H. Sharma,Odisha FC,Super League,CM,55
80600,Allan Godoi,Göztepe SK,Süper Lig,CB,66
75226,H. Korkmazyürek,Fortuna Sittard,Eredivisie,CM,59
79453,E. Cham,Carrarese,Serie B,LB,61
77707,W. Ndollo Bille,Montpellier HSC,Ligue 2,RB,64
80031,H. Essaouabi,KAA Gent,Pro League,CB,65
80569,M. Sesay,Southampton,Championship,CM,56
78311,F. Marchant,Colo-Colo,Primera Division,RW,64
278819,R. McCausland,,,RM,67
253505,R. Praveen,Odisha FC,Super League,RM,57
79188,Darío Ramírez,Real Sociedad de Fútbol B,La Liga 2,RW,61
80035,J. Italeng,Südtirol,Serie B,ST,65
80552,Gui Freitas,Gil Vicente FC,Primeira Liga,CDM,59
70587,F. Moya,Universidad de Chile,Primera Division,CM,58
79573,J. Ampofo,Strømsgodset IF,Eliteserien,ST,63
230214,Luis Paezinho,Bahia,Série A,CB,65
80714,L. Mora,Huracán,Liga Profesional de Fútbol,CDM,55
77169,S. van Duijn,AZ Alkmaar,Eredivisie,LM,61
79842,M. Rashid,East Bengal FC,Super League,CDM,60
80688,M. Goffi,Lille OSC,Ligue 1,CB,62
80717,Jon Garro,Real Sociedad de Fútbol B,La Liga 2,RB,60
71000,L. Cerri,SSC Bari,Serie B,ST,67
81515,André Miranda,FC Porto,Primeira Liga,RW,58
81547,D. Voute,PEC Zwolle,Eredivisie,RB,58
76947,Jota,Albacete Balompié,La Liga 2,RB,59
75948,H. O'Grady-Macken,Oldham Athletic,League Two,CM,56
79632,M. Nkota,Al Ettifaq,Pro League,RW,64
77349,Sandro Vidigal,Sporting Clube de Braga,Primeira Liga,LW,65
263550,R. Capellini,Pescara,Serie B,CB,66
230290,Dêniro Prestes,Cruzeiro,Série A,ST,62
210876,B. Hüseynov,Qarabağ FK,Premyer Liqa,CB,69
79536,Peixinho,GD Estoril Praia,Primeira Liga,RW,62
74010,J. Sardo,Monza,Serie B,CM,58
81509,O. Jarde,IF Brommapojkarna,Allsvenskan,CM,56
230518,Franci Martinho,Vitória,Série A,ST,68
78993,S. Moudjatovic,CD Tondela,Primeira Liga,LW,63
70555,Tiago Gabriel,Lecce,Serie A,CB,68
244906,A. Tiritiello,Virtus Entella,Serie B,CB,66
72690,Martim Watts,CD Nacional,Primeira Liga,RW,60
266031,Rubén Iranzo,Valencia CF,La Liga,CB,63
78161,Tiago Brito,GD Estoril Praia,Primeira Liga,CDM,58
80084,Almenara,AD Ceuta FC,La Liga 2,RB,64
74490,B. Popov,Empoli,Serie B,ST,65
79526,L. Madsen,BK Häcken,Allsvenskan,CM,58
242870,M. Etim,Universitatea Craiova,Liga I,ST,62
80114,F. Gulli,San Lorenzo de Almagro,Liga Profesional de Fútbol,CAM,59
78081,I. Perruzzi,San Lorenzo de Almagro,Liga Profesional de Fútbol,CDM,63
77949,A. Hellemaa,IF Elfsborg,Allsvenskan,CM,59
79810,M. Grundetjern,Vålerenga Fotball,Eliteserien,ST,63
236541,D. Hadžikadunić,Sampdoria,Serie B,CB,70
80683,Aimar Blázquez,Valencia CF,La Liga,ST,62
79190,Sydney Osazuwa,Real Sociedad de Fútbol B,La Liga 2,ST,62
258185,Luis Carbonell,Real Zaragoza,La Liga 2,ST,61
80778,I. Garin,Angers SCO,Ligue 1,CDM,58
80807,Thiago Pitarch,Real Madrid,La Liga,CM,60
239783,G. Garner,Newport County,League Two,ST,60
278608,Adrián Niño,Málaga CF,La Liga 2,ST,65
78944,A. Al Zaid,Al Hilal,Pro League,LM,55
77155,Sergio Ruiz,UD Las Palmas,La Liga 2,LW,62
251748,D. Bajwa,United Tigers SC,Super League,CDM,59
230405,Barbosaldinho,Vasco da Gama,Série A,CB,69
80903,David Suárez,SV Wehen Wiesbaden,3. Liga,CDM,64
75378,Aitor Crespo,Racing Santander,La Liga 2,CB,60
268460,G. Kuol,Sparta Praha,První liga,LW,64
74441,Raúl Chasco,CA Osasuna,La Liga,LB,62
80875,Raúl Pereira,Cádiz CF,La Liga 2,LB,62
74501,F. Mezzoni,Virtus Entella,Serie B,RB,63
80645,V. Magni,Cesena FC,Serie B,RB,62
78999,D. Islami,CFR Cluj,Liga I,CDM,63
80027,J. Kwaaitaal,Adelaide United,A-League Men,RM,58
80286,O. Pašagić,Metaloglobus București,Liga I,CB,60
79811,Dorian Junior,Viborg FF,Superliga,ST,64
263895,K. Al Mhoass,Al-Najma SC,Pro League,CB,57
273935,Alemão,LASK Linz,Bundesliga,CB,70
81520,D. Edwards,Wellington Phoenix,A-League Men,LB,57
278470,T. Adoryán,CA Banfield,Liga Profesional de Fútbol,LM,64
268780,M. Muntari,,,ST,66
80881,L. McCann,Fleetwood Town,League Two,ST,58
230398,Eltson Marques,Internacional,Série A,CB,71
80154,U. Abubakar,Famalicão,Primeira Liga,ST,65
77703,Roger Hinojo,Cultural Leonesa,La Liga 2,LB,63
77740,Tiago Parente,GD Estoril Praia,Primeira Liga,LB,62
76743,Alex Sola,Estrela da Amadora,Primeira Liga,CM,57
273927,E. Agyei,Burnley,Premier League,RM,63
79624,G. Versini,Pau FC,Ligue 2,RM,61
275517,B. Touré,FC Annecy,Ligue 2,ST,63
279899,Miro,CD Tondela,Primeira Liga,ST,67
79506,António Machado,AVS Futebol SAD,Primeira Liga,CAM,58
75701,Izan,Racing Santander,La Liga 2,RW,58
74452,M. Oni,Colchester United,League Two,CDM,55
80113,Jakes Gorosabel,Real Sociedad de Fútbol B,La Liga 2,ST,62
73745,F. Al Zubaidi,Al Fateh,Pro League,ST,57
251725,T. Atwal,United Tigers SC,Super League,CB,59
80728,İ. Kaya,Alanyaspor,Süper Lig,LW,63
77956,J. Mosquera,Atlético Bucaramanga,Categoría Primera A,LB,62
220073,M. Amondarain,Cienciano,Liga 1,CB,66
71899,C. Neira,Cienciano,Liga 1,CAM,65
79802,Gonzalo Calçada,Estrela da Amadora,Primeira Liga,ST,64
80194,J. Posselt,TSV Havelse,3. Liga,ST,62
79705,T. Lesueur,VfL Osnabrück,3. Liga,CAM,62
79559,Josué Souza,CD Nacional,Primeira Liga,CDM,61
239626,R. Durán,Macarthur FC,A-League Men,RM,62
80679,Nacho Pérez,Levante UD,La Liga,RB,62
79470,F. Fomeyem,Córdoba CF,La Liga 2,CB,66
80863,D. Tonoli,Modena,Serie B,CB,66
200727,Carlos Delgado,Odisha FC,Super League,CB,63
276781,Ö. Gümüş,Fatih Karagümrük,Süper Lig,CM,56
80755,A. Dardari,FC Augsburg,Bundesliga,LM,62
80022,A. Soumare,Alverca,Primeira Liga,CDM,59
71070,W. Osnes-Ringen,Hamarkameratene,Eliteserien,CAM,59
278590,S. El Jebari,CD Mirandés,La Liga 2,LW,65
80200,M. Guidi,Cesena FC,Serie B,CDM,60
81325,D. McNeilly,Wycombe Wanderers,League One,ST,62
260275,D. Roca,Gualberto Villarroel SJ,División de Fútbol Profesional,LB,61
243229,T. Freriks,Viborg FF,Superliga,ST,63
279209,B. Owusu,Grazer AK 1902,Bundesliga,CB,62
76802,M. Pobrić,Alemannia Aachen,3. Liga,CM,55
80876,M. Kireev,KV Mechelen,Pro League,CAM,63
75518,W. Chatiliez,SD Huesca,La Liga 2,CAM,60
74789,E. Pettersen,Sandefjord Fotball,Eliteserien,CDM,55
81512,Ruan,Alanyaspor,Süper Lig,RW,59
81288,G. Tabatadze,Vejle Boldklub,Superliga,LB,56
75156,Toni Fernández,FC Barcelona,La Liga,RW,64
78072,Omar Falah,Real Oviedo,La Liga,LB,60
279448,L. Quattrocchi,Western United,A-League Men,CB,63
80681,Edu Altozano,Sevilla FC,La Liga,CM,58
259402,N. Möller,Dundee United FC,Premiership,ST,63
253586,G. Chávez,Alianza Lima,Liga 1,CB,68
80542,R. Murcy,ESTAC Troyes,Ligue 2,CM,57
80806,Iván Corralejo,Real Betis Balompié,La Liga,CAM,57
76245,G. Capuano,US Boulogne Cote d'Opale,Ligue 2,ST,61
230409,Túlio Nevinha,Vasco da Gama,Série A,CB,61
74836,K. Gutiérrez,Rosario Central,Liga Profesional de Fútbol,CM,58
77141,J. Beltrán,Once Caldas,Categoría Primera A,CAM,64
78457,I. Diabate,SV Zulte Waregem,Pro League,CM,55
81537,M. Dosso,Wolfsberger AC,Bundesliga,LW,59
279868,David Otorbi,Valencia CF,La Liga,RM,63
80278,Markel Arana,SD Eibar,La Liga 2,RB,60
279456,J. Leahy,Western United,A-League Men,CB,58
80314,Z. Yohanna,AIK,Allsvenskan,CAM,59
276369,M. Abbey,Metaloglobus București,Liga I,CAM,61
77467,D. Garcia,FC Dallas,Major League Soccer,CM,53
271530,D. Ballard,Leyton Orient,League One,ST,62
77379,L. Buffon,Pisa,Serie A,LM,60
79689,D. Chatsidis,PAOK,Super League,RW,62
243316,Quique Fornos,Cultural Leonesa,La Liga 2,CB,64
274853,D. Madritsch,SC Rheindorf Altach,Bundesliga,CM,57
76780,K. Hazazi,Al Qadsiah FC,Pro League,CM,53
80635,C. Wawa,BK Häcken,Allsvenskan,RW,62
258599,R. Ivanov,,,CB,67
78379,I. Azizi,Toulouse FC,Ligue 1,LW,61
274741,C. Zambrano,Al Taawoun FC,Pro League,ST,60
79696,Aitor Uzkudun,FC Andorra,La Liga 2,ST,63
80351,E. Waayers,PSV,Eredivisie,RB,61
70821,A. Raychev,Frosinone,Serie B,RW,59
81348,L. Bèye,Famalicão,Primeira Liga,CAM,59
80072,E. Matteazzi,Virtus Entella,Serie B,CM,56
80598,J. Martinez,Alverca,Primeira Liga,CB,65
80378,M. Gbemou,Fortuna Sittard,Eredivisie,CAM,57
80684,J. Valou,Villarreal CF,La Liga,CB,62
278602,M. Kirk,Portsmouth,Championship,ST,60
81346,D. Fonville,NEC Nijmegen,Eredivisie,LB,63
80216,R. Raçi,Hajduk Split,Hrvatska nogometna liga,CB,65
80754,E. Agbaje,Sligo Rovers,Premier Division,RB,58
268444,E. Ennis,Fleetwood Town,League Two,LM,59
278727,V. Peñalva,Gimnasia y Esgrima La Plata,Liga Profesional de Fútbol,CB,59
244476,C. Vidal,Grenoble Foot 38,Ligue 2,CB,68
77693,F. El-Hadji Fallou,IF Brommapojkarna,Allsvenskan,CDM,56
80857,I. Halifa,Red Star FC,Ligue 2,CDM,58
79585,J. Joseph,Tranmere Rovers,League Two,RB,56
75568,Albert,Elche CF,La Liga,LB,58
79172,J. Williams,Colchester United,League Two,ST,57
76178,A. Milani,Avellino,Serie B,LB,61
255275,M. Iloski,Philadelphia Union,Major League Soccer,ST,64
74876,D. Denoon,Pisa,Serie A,CB,62
76417,Samu Cortés,Granada CF,La Liga 2,RW,61
253350,L. Realpe,Famalicão,Primeira Liga,CB,68
264121,A. Tsoungui,GD Estoril Praia,Primeira Liga,CB,64
277703,M. Egbring,SC Heerenveen,Eredivisie,RB,61
75747,Diego Aguado,Real Madrid,La Liga,CB,59
72169,Xabi Huarte,CD Tondela,Primeira Liga,CAM,65
264451,E. Vergani,Frosinone,Serie B,ST,61
78159,Ekaitz Redondo,SD Eibar,La Liga 2,ST,60
81380,P. Ba,Girona FC,La Liga,RM,61
228101,G. Cotugno,Racing Club de Montevideo,Primera División,CB,69
81482,N. Alfaro,Sydney FC,A-League Men,CM,54
81534,K. Bendra,SK Sturm Graz,Bundesliga,RB,59
80526,Y. Holder,FC Groningen,Eredivisie,RM,59
79251,Y. Geiger,AIK,Allsvenskan,CM,58
80917,Isaque,Shakhtar Donetsk,Premier League,CAM,65
73390,Arriola,CD Mirandés,La Liga 2,LM,57
264554,N. Siri,Salford City,League Two,ST,62
72634,B. Pauwels,CD Leganés,La Liga 2,RW,61
75330,T. Finn,Plymouth Argyle,League One,CAM,54
80799,K. Baruti,GD Estoril Praia,Primeira Liga,LW,59
80562,S. Dusinszki,Csíkszereda Miercurea Ciuc,Liga I,CAM,60
80669,Orobengoa,Real Sociedad de Fútbol B,La Liga 2,ST,61
277026,J. Gonstad,Hamarkameratene,Eliteserien,ST,60
81474,M. Aziz,TSV Hartberg,Bundesliga,ST,60
79945,N. Mešić,SV Ried,Bundesliga,CM,54
79706,D. Bataoulas,PAOK,Super League,CB,62
81262,A. Coubiș,Sampdoria,Serie B,CB,66
80291,T. Gueye,SC Preußen Münster,2. Bundesliga,CAM,57
77352,D. Meza,Academia Puerto Cabello,Primera Division,ST,64
80292,Yarlen,CD Tondela,Primeira Liga,RM,63
79625,E. Derouin,Pau FC,Ligue 2,LB,58
80231,Y. Wagner,1. FC Heidenheim 1846,Bundesliga,LM,59
74615,A. De Lima,Central Coast Mariners,A-League Men,CAM,55
80019,Kauan Gomes,Alverca,Primeira Liga,RB,60
274069,B. Hughes,AFC Wimbledon,League One,CB,59
279461,J. Foothead,Western United,A-League Men,ST,61
80651,T. Devernois,AJ Auxerre,Ligue 1,CM,58
79759,G. Niarchos,Wisła Płock,Ekstraklasa,ST,62
71832,H. Al Hammami,Al Shabab,Pro League,RM,60
266655,T. De Nipoti,CD Castellón,La Liga 2,CAM,59
76785,T. Kummer,CA Aldosivi,Liga Profesional de Fútbol,CB,63
79900,M. Henry,Toronto FC,Major League Soccer,RM,57
256314,G. Ott,En Avant Guingamp,Ligue 2,LM,63
278925,A. Higgins,Exeter City,League One,LW,57
75709,B. Oviedo,CA Banfield,Liga Profesional de Fútbol,CB,63
279010,N. Courtens,SC Heerenveen,Eredivisie,CAM,58
80705,Juan Sánchez,Cultural Leonesa,La Liga 2,LM,60
81324,Gustavo Mancha,Olympiacos FC,Super League,CB,66
81260,V. Johansson,Halmstads BK,Allsvenskan,CAM,56
258172,Mateo Mejía,Burgos CF,La Liga 2,RW,61
75528,J. Faberski,PEC Zwolle,Eredivisie,RM,60
275170,A. Børset,Kristiansund BK,Eliteserien,CB,59
80380,B. Mlačić,Hajduk Split,Hrvatska nogometna liga,CB,61
80641,I. Sabra,Göztepe SK,Süper Lig,ST,61
256130,F. Abdi,NEOM SC,Pro League,LB,61
79525,A. Svanbäck,BK Häcken,Allsvenskan,ST,62
80560,E. Elekwa,Alemannia Aachen,3. Liga,ST,60
278239,J. Morgan,Peterborough United,League One,ST,61
264218,L. Ovando,Argentinos Juniors,Liga Profesional de Fútbol,ST,61
71828,A. Aman,Al Nassr,Pro League,LB,54
72641,R. Sălceanu,Asociația Clubul Sportiv Petrolul 52,Liga I,LB,61
79910,Tiago Leite,Alverca,Primeira Liga,ST,64
80691,E. Faty,Toulouse FC,Ligue 1,ST,60
80558,João Gastão,Estrela da Amadora,Primeira Liga,ST,62
81378,Gibi,Girona FC,La Liga,RB,61
221323,J. Onguéné,Asociația Clubul Sportiv Petrolul 52,Liga I,CB,61
77978,E. Rohd,FK Haugesund,Eliteserien,ST,61
80584,G. Vianello,Sparta Rotterdam,Eredivisie,LB,58
80148,J. Bergraaf,Excelsior,Eredivisie,ST,61
79228,J. Bosca,Racing Club de Montevideo,Primera División,CDM,55
80068,A. Dinu,FC Argeș,Liga I,CB,53
80412,J. Powell,Colchester United,League Two,LB,58
77766,S. Peña,Gualberto Villarroel SJ,División de Fútbol Profesional,RW,52
241195,S. Vera,Deportivo Riestra,Liga Profesional de Fútbol,RM,59
70006,M. Bechikh,Grenoble Foot 38,Ligue 2,ST,61
79831,K. Minuczyc,Korona Kielce,Ekstraklasa,CM,53
80697,Fermín García,Burgos CF,La Liga 2,RW,59
244028,S. Belkahia,TSV Havelse,3. Liga,CB,62
70987,B. Kalayci,Fatih Karagümrük,Süper Lig,CAM,59
78246,K. Halvorsen,Sandefjord Fotball,Eliteserien,CM,55
80043,M. Rodríguez,Club Atlético Unión,Liga Profesional de Fútbol,CB,64
78355,O. Escobar,CF Montréal,Major League Soccer,RW,61
81470,P. Durán,LDU Quito,Serie A,LM,58
80474,A. Stepien-Iwumene,Bromley,League Two,CM,54
79712,Lalramsanga,East Bengal FC,Super League,CM,55
77107,Michel,Moreirense FC,Primeira Liga,CB,64
80085,L. Graziani,Pescara,Serie B,CAM,59
264489,Trilli,Real Valladolid CF,La Liga 2,RB,64
75669,W. Lindberg Uhrström,Hammarby Fotboll,Allsvenskan,CAM,58
79048,Rodri Suárez,Cultural Leonesa,La Liga 2,CB,63
79835,Dinis Rodrigues,FC Sion,Super League,ST,62
80172,A. Bozzolan,Reggiana,Serie B,LM,56
79708,M. Zonneveld,Telstar,Eredivisie,ST,63
80565,P. Ehibhatiomhan,Swindon Town,League Two,ST,59
77889,Denílson,Jeju United FC,K League 1,RW,63
80734,N. Schmidt,FC St. Pauli,Bundesliga,CM,56
80238,T. Diarra,Stade de Reims,Ligue 2,LW,61
78746,Djé Tavares,Santa Clara,Primeira Liga,CAM,60
74910,S. Sharples-Ahmed,Bolton Wanderers,League One,CM,52
278721,J. Eikrem,SK Brann,Eliteserien,CAM,57
78065,N. Mitrovic,BK Häcken,Allsvenskan,RW,57
73613,V. Mayela,USL Dunkerque,Ligue 2,CB,60
80572,A. Moore,Wrexham,Championship,CM,51
207555,F. Helander,BK Häcken,Allsvenskan,CB,70
80328,J. Boguo,SV Ried,Bundesliga,RW,59
80335,A. Al Nakhli,Al-Najma SC,Pro League,CM,55
80611,Rwan Cruz,Real Salt Lake,Major League Soccer,ST,63
79911,Felipe Lima,Alverca,Primeira Liga,ST,63
77870,I. Al Hamlan,Al Hilal,Pro League,CAM,53
79319,N. Ogidi Nwankwo,Telstar,Eredivisie,CB,61
81451,S. Flores,Universitario de Deportes,Liga 1,CM,56
75456,N. Walker,Wellington Phoenix,A-League Men,RM,55
77525,Q. Tchicamboud,LASK Linz,Bundesliga,LW,60
271584,J. Slater,Harrogate Town,League Two,LB,58
80642,M. Ibrahimoglu,Konyaspor,Süper Lig,CDM,57
80667,Unax Agote,Real Sociedad de Fútbol B,La Liga 2,LB,60
78729,Xavi Moreno,Real Valladolid CF,La Liga 2,LW,61
79017,C. Faedo,Padova,Serie B,CB,66
81323,D. Hülsenbusch,VfL Bochum 1848,2. Bundesliga,CB,59
70834,Barrachina,Real Zaragoza,La Liga 2,CB,61
77262,R. Palomino,Cienciano,Liga 1,CDM,61
80719,Gorka Carrera,Real Sociedad de Fútbol B,La Liga 2,ST,60
76758,N. Glossoa,Pau FC,Ligue 2,CB,60
73258,L. Eide,FK Haugesund,Eliteserien,CM,57
77746,T. Carroll,Preston North End,Championship,CAM,55
80852,A. Williams,West Bromwich Albion,Championship,RB,56
76246,H. Ibrahim,Stade de Reims,Ligue 2,ST,62
79616,T. Garcia,Once Caldas,Categoría Primera A,CM,55
78875,T. Al Dhafeeri,Al Riyadh,Pro League,CM,51
75044,I. Vásquez,Universidad de Chile,Primera Division,LW,63
79230,P. Cari,Alianza Lima,Liga 1,CAM,63
80847,B. Caicedo,FC Porto,Primeira Liga,RW,61
71172,M. Opoku,Sarpsborg 08 FF,Eliteserien,LW,60
278146,B. Arthur,Brentford,Premier League,CB,62
269704,S. Laquidain,CA Aldosivi,Liga Profesional de Fútbol,CB,63
80060,F. Tunstall,Accrington Stanley,League Two,CM,51
76058,R. Aigbekaen,FC St. Pauli,Bundesliga,ST,59
78940,W. Bergman,IFK Norrköping,Allsvenskan,CM,55
75191,S. Segovia,Rosario Central,Liga Profesional de Fútbol,CAM,57
81414,A. Mané,RC Deportivo de La Coruña,La Liga 2,RM,59
266552,G. Nyheim,Molde FK,Eliteserien,LM,57
76909,M. Arguello,Club Olimpia,División Profesional,RB,59
78711,R. Erdei,Csíkszereda Miercurea Ciuc,Liga I,CM,53
75086,I. Kabia,Shrewsbury Town,League Two,RW,58
80259,Álvaro Choco,Cultural Leonesa,La Liga 2,LM,59
81317,V. Ocansey,DSC Arminia Bielefeld,2. Bundesliga,ST,61
76712,J. Westley,Dundee FC,Premiership,ST,58
80832,J. Gelli,Frosinone,Serie B,CB,65
77527,Alex Marchal,Real Sociedad de Fútbol B,La Liga 2,LW,62
274682,A. Seghetti,Padova,Serie B,ST,61
75278,S. Johannesen,Fredericia,Superliga,CAM,58
279827,M. Frame,Aberdeen,Premiership,LB,55
277047,Carlos Eduardo,Gil Vicente FC,Primeira Liga,ST,65
78160,Renato Nhaga,Casa Pia,Primeira Liga,CDM,59
269635,V. Murria,Oțelul Galați,Liga I,CB,63
81518,N. Saviolo,Vitória SC,Primeira Liga,LW,59
76990,A. Ludwik,Brisbane Roar,A-League Men,CB,59
81452,J. Delgado,Alianza Lima,Liga 1,CDM,59
74814,J. Merlo,Gimnasia y Esgrima La Plata,Liga Profesional de Fútbol,LW,62
80674,Dro,FC Barcelona,La Liga,CAM,59
71264,M. Benama,FC Annecy,Ligue 2,RB,60
74704,M. Al Shaqaq,Al Fateh,Pro League,LB,52
77153,L. Abreu,Club Olimpia,División Profesional,CAM,60
78726,J. Østrem,Bryne FK,Eliteserien,ST,56
80305,E. Kulasin,Gaziantep FK,Süper Lig,RW,58
77954,C. Sidibé,HJK Helsinki,Veikkausliiga,LB,60
78722,Rodrigo Rodrigues,Gil Vicente FC,Primeira Liga,LM,58
80862,S. Nador,Modena,Serie B,CB,64
76613,X. Loke,Wellington Phoenix,A-League Men,RB,55
272974,G. Allala,LDU Quito,Serie A,CB,65
246663,B. Hadžić,Metaloglobus București,Liga I,ST,59
75856,T. Turhan,Medipol Başakşehir FK,Süper Lig,ST,59
251738,M. Chada,United Tigers SC,Super League,ST,55
79971,K. Kita,Real Sociedad de Fútbol B,La Liga 2,CB,62
80846,A. Diakité,ESTAC Troyes,Ligue 2,RW,57
74724,D. Brik,Südtirol,Serie B,CDM,56
273898,J. Anderson,Sunderland,Premier League,CB,63
77827,Y. Valencia,Once Caldas,Categoría Primera A,LW,61
275301,T. Sanusi,FC Lorient,Ligue 1,LW,61
278946,R. Al Tulayhi,Al-Najma SC,Pro League,CAM,56
71150,M. Al Qahtani,Al Riyadh,Pro League,CM,52
81447,M. Morigi,Caracas FC,Primera Division,CM,57
81496,R. Harvey,Colchester United,League Two,CDM,55
79764,A. Mythou,PAOK,Super League,ST,61
71604,J. MacIntyre,Hibernian,Premiership,CM,55
77528,Luken Beitia,Real Sociedad de Fútbol B,La Liga 2,CB,64
80902,E. N'Tamon,Stade de Reims,Ligue 2,CB,64
80190,M. Tresor Doh,Fatih Karagümrük,Süper Lig,CDM,57
253001,A. Al Salem,Al Akhdoud Saudi Club,Pro League,CB,59
80021,Naves,Alverca,Primeira Liga,CB,67
77629,M. Ahamada,Red Star FC,Ligue 2,RB,58
80779,L. Ngangué,Angers SCO,Ligue 1,LB,58
80801,Jaime Sánchez-Rubio,Real Zaragoza,La Liga 2,RB,58
70831,D. Paraschiv,Asociația Clubul Sportiv Petrolul 52,Liga I,CM,53
80637,Landerson,Moreirense FC,Primeira Liga,RW,59
77075,I. Camara,FK Haugesund,Eliteserien,RW,59
73255,A. Kujundžić,IFK Värnamo,Allsvenskan,CAM,59
77632,J. Achetoni,CA Aldosivi,Liga Profesional de Fútbol,CDM,55
238413,A. Di Nardo,Pescara,Serie B,ST,61
278352,G. Stabile,SS Juve Stabia,Serie B,CB,65
80484,Rafael Mosquera,New York Red Bulls,Major League Soccer,LW,54
77536,T. Al Shubili,Al Riyadh,Pro League,CDM,53
279575,T. Del Lungo,Virtus Entella,Serie B,CB,65
72310,A. Sidibé,ESTAC Troyes,Ligue 2,RM,58
80288,M. Antonsen,FK Bodø/Glimt,Eliteserien,RB,56
79852,H. Rasmussen,FC Nordsjælland,Superliga,RW,58
81426,Y. Djemba,Montpellier HSC,Ligue 2,CDM,56
79548,S. Tchamche,Aarhus Gymnastikforening,Superliga,ST,58
273854,E. Álvarez,Club Atlético Unión,Liga Profesional de Fútbol,RB,61
72717,C. Cannon,Sligo Rovers,Premier Division,CM,53
80199,O. Tomczyk,Wisła Płock,Ekstraklasa,ST,57
271228,T. Ülvan,Eyüpspor,Süper Lig,RB,57
73863,A. Alexis,Sint-Truidense VV,Pro League,CM,52
75411,L. Zuñiga,Deportivo Táchira,Primera Division,LW,58
79645,A. Manole,FC Argeș,Liga I,ST,55
80006,M. Pérez,Lecce,Serie A,CB,66
80775,F. Efuele Ngoyala,Toulouse FC,Ligue 1,CB,61
79322,Y. Tonye,Viktoria Köln,3. Liga,RM,59
77534,Guga,Al Kholood,Pro League,ST,55
276460,S. Moore,Shelbourne FC,Premier Division,RM,59
261675,B. Traoré,Cracovia,Ekstraklasa,CB,66
71804,V. Colangiuli,SSC Bari,Serie B,CAM,57
275443,F. Cavegn,Bristol Rovers,League Two,ST,60
75794,V. Tikkanen,HJK Helsinki,Veikkausliiga,CB,63
81460,B. Apiiga,IF Brommapojkarna,Allsvenskan,LB,59
269684,Y. Al Najai,Damac FC,Pro League,RM,57
256990,M. Thoiba Singh,Odisha FC,Super League,CB,55
79655,Albert Caparrós,AD Ceuta FC,La Liga 2,CB,62
75423,M. Louër,Angers SCO,Ligue 1,RB,58
80081,H. Karlsen,FK Haugesund,Eliteserien,ST,59
78441,F. Ndayizeye,Molde FK,Eliteserien,CM,56
75910,K. Cihan,Kayserispor,Süper Lig,CB,56
80277,Sarasketa,SD Eibar,La Liga 2,LM,57
75170,D. Lordkipanidze,Cremonese,Serie A,CM,56
273584,J. Duarte,Deportivo Táchira,Primera Division,ST,61
74698,Y. Zabiri,Famalicão,Primeira Liga,ST,61
80325,F. Ghebreyohannes,Fredrikstad FK,Eliteserien,RB,58
76507,M. Sherif,Rotherham United,League One,ST,59
77818,D. Schneider,KFUM-Kameratene Oslo,Eliteserien,CB,62
75558,T. Rubino,Carrarese,Serie B,CAM,61
78152,J. Al Salem,Al Ettifaq,Pro League,LW,55
276170,A. Diaby,Grasshopper Club Zürich,Super League,CB,66
80153,Y. Rodríguez,CD Tondela,Primeira Liga,ST,61
259803,R. Espinosa,Unirea Slobozia,Liga I,ST,62
80110,A. Navarro,Newell's Old Boys,Liga Profesional de Fútbol,ST,59
81513,M. Gluscevic,Al Ettifaq,Pro League,LW,57
80320,F. Ziegler,SSV Jahn Regensburg,3. Liga,ST,59
251722,A. Chakraborty,United Tigers SC,Super League,CB,62
79194,Rafael Garutti,Unirea Slobozia,Liga I,CB,61
279419,A. Bawwa,Mohammedan SC,Super League,CB,61
262272,S. Abu Al Shamat,Al Ahli SFC,Pro League,RM,61
80276,Hugo García,SD Eibar,La Liga 2,RM,59
78015,S. Daniele,CA Banfield,Liga Profesional de Fútbol,CB,63
80123,M. Arias,Vélez Sarsfield,Liga Profesional de Fútbol,ST,58
70700,F. Petrasso,Rio Ave FC,Primeira Liga,CB,66
279349,P. Gokchale,Mohammedan SC,Super League,CB,57
279871,Gui Siqueira,Sheffield Wednesday,Championship,RB,55
72118,E. Solberg,Fredrikstad FK,Eliteserien,CM,55
80576,Oier Llorente,SD Eibar,La Liga 2,CB,58
77040,S. Commey,Estrela da Amadora,Primeira Liga,CB,63
272423,M. Mancebo,Boston River,Primera División,CB,63
80217,Ángel Recio,Málaga CF,La Liga 2,CB,62
81336,R. Burgio,SSC Bari,Serie B,LB,61
80620,S. Stojković,AS Saint-Étienne,Ligue 2,RB,57
252459,A. Ratajczyk,Arka Gdynia,Ekstraklasa,LW,60
74838,S. Beltrán,Rosario Central,Liga Profesional de Fútbol,CM,56
75894,N. Verschuren,FC Volendam,Eredivisie,CB,61
78366,Iago Parente,Real Valladolid CF,La Liga 2,CB,59
72528,D. Thomas,Walsall,League Two,CM,50
77187,Diogo Pereira,Gil Vicente FC,Primeira Liga,CDM,58
79571,S. Coulibaly,IFK Värnamo,Allsvenskan,CB,63
78324,J. de Asís,Gimnasia y Esgrima La Plata,Liga Profesional de Fútbol,ST,59
80884,S. Kielt,En Avant Guingamp,Ligue 2,ST,59
78995,A. Al Dwehe,Al Hazem FC,Pro League,RM,55
73766,A. Soiniemi,HJK Helsinki,Veikkausliiga,LB,54
80708,Seydou,Granada CF,La Liga 2,CB,59
81508,T. Bag,Odisha FC,Super League,RB,56
74036,L. Jarjou,Grenoble Foot 38,Ligue 2,RW,57
78938,M. Mikkelsen,Tromsø IL,Eliteserien,CM,54
271924,G. Indragoli,Empoli,Serie B,CB,61
81483,J. Robertson,Crawley Town,League Two,CM,51
81237,R. Jansonas,FC Arouca,Primeira Liga,ST,62
76425,T. Al Ghumail,Al Hilal,Pro League,ST,54
80850,F. El Mahboub,Montpellier HSC,Ligue 2,RW,58
80657,H. Rincón,Once Caldas,Categoría Primera A,RB,56
77344,Z. Amoussou-Tchibara,FC Schalke 04,2. Bundesliga,RM,58
80774,G. Bakhouche,Toulouse FC,Ligue 1,CB,59
76962,O. Johnson,Fortuna Sittard,Eredivisie,ST,59
74926,E. Kouadio,Fiorentina,Serie A,CB,62
71109,G. Adu,SC Rheindorf Altach,Bundesliga,ST,59
248294,S. Gama,Odisha FC,Super League,LB,54
80319,M. Fries,SpVgg Greuther Fürth,2. Bundesliga,RB,56
73727,S. Baranov,HJK Helsinki,Veikkausliiga,RW,56
276033,P. Enrici,Avellino,Serie B,CB,63
79429,N. Stoinov,Dinamo Bucureşti,Liga I,CB,63
260435,S. Issah,FC Hermannstadt,Liga I,CB,59
75645,Filipe Bordon,Südtirol,Serie B,CB,64
279480,N. Al Bishri,Al Hazem FC,Pro League,LM,54
77295,I. Heath,Accrington Stanley,League Two,LM,57
233212,A. Skovgaard,Bryne FK,Eliteserien,CB,63
80649,R. Mandengue,AJ Auxerre,Ligue 1,LM,59
80838,D. Giannini,Pescara,Serie B,CB,62
79572,P. Sunday,Hamarkameratene,Eliteserien,LB,58
253478,R. Ali,Odisha FC,Super League,LM,56
79661,Astigarraga,Real Sociedad de Fútbol B,La Liga 2,CB,60
75611,K. Cuesta,Once Caldas,Categoría Primera A,CB,62
77495,M. Duah,San Diego FC,Major League Soccer,CM,53
79044,S. Hagedoorn,Telstar,Eredivisie,ST,60
77532,Pedro Cedillo,UD Almería,La Liga 2,CB,59
74974,S. Hagawi,Al Nassr,Pro League,ST,55
80866,C. Gugenheim,Deportivo Riestra,Liga Profesional de Fútbol,ST,57
81535,F. Doumbia,Eintracht Frankfurt,Bundesliga,CB,59
80527,M. Hoekstra,FC Groningen,Eredivisie,RM,57
248308,R. Kumar,Odisha FC,Super League,CM,51
80887,A. Sidibé,Venezia,Serie B,CB,65
71232,J. Blesa,Cesena FC,Serie B,ST,58
75332,Luís Gomes,GD Estoril Praia,Primeira Liga,CAM,61
77413,F. Meiser,FC Augsburg,Bundesliga,CB,60
80678,M. Krug,Levante UD,La Liga,CB,62
75884,K. Kayaarası,Antalyaspor,Süper Lig,ST,61
279240,A. Visser,MSV Duisburg,3. Liga,ST,59
76644,K. Håland,Bryne FK,Eliteserien,RW,57
276327,P. Nkoa,Eintracht Braunschweig,2. Bundesliga,CB,65
80766,J. Candelaria,NAC Breda,Eredivisie,LB,59
77968,L. MacKenzie,Vancouver Whitecaps FC,Major League Soccer,CAM,55
74964,B. Al Orayni,Al Taawoun FC,Pro League,ST,54
78050,D. de Ornelas,Hamarkameratene,Eliteserien,RW,56
80840,L. Berardi,Pescara,Serie B,LM,56
79912,I. Julian,Alverca,Primeira Liga,LB,58
77357,D. Osorio,Academia Puerto Cabello,Primera Division,ST,59
263247,D. Retamal,Universidad de Chile,Primera Division,CB,64
77922,Kuai Jiwen,Shanghai Port,Super League,CAM,52
256994,I. Vanlalruatfela,Odisha FC,Super League,LM,54
75819,J. Bacci,Padova,Serie B,CM,56
80201,J. Maljojoki,FC Ingolstadt 04,3. Liga,CB,60
80729,U. Ogundu,Alanyaspor,Süper Lig,ST,61
78290,T. Taylor,Cheltenham Town,League Two,ST,56
76759,I. Cossier,Le Mans FC,Ligue 2,CB,63
251744,A. Grewal,United Tigers SC,Super League,ST,53
78956,A. Al Sagheer,Al-Najma SC,Pro League,CM,50
76132,M. Azzouz,Oud-Heverlee Leuven,Pro League,CAM,55
80505,E. Košpo,Fiorentina,Serie A,CB,61
76925,Wong Ho Chun,Qingdao Hainiu FC,Super League,RM,55
80561,A. Dumitru,FC Botoşani,Liga I,CAM,55
79365,A. Honajzer,TSG 1899 Hoffenheim II,3. Liga,LW,56
259976,J. Stretton,Drogheda United,Premier Division,ST,58
80544,C. Dressel,Grenoble Foot 38,Ligue 2,CM,55
78103,E. Valencia,Universidad Católica del Ecuador,Serie A,LB,55
75565,Ramón Martínez,Sevilla FC,La Liga,CB,63
80186,A. Sivri,Fatih Karagümrük,Süper Lig,ST,59
80219,B. Lee,Cork City,Premier Division,LM,52
75614,B. Duarte,Atlético Bucaramanga,Categoría Primera A,RB,59
75410,J. Sánchez,Deportivo Táchira,Primera Division,CB,60
207716,A. Al Hafith,Al Khaleej,Pro League,CB,62
81312,S. Van Keymolen,SV Zulte Waregem,Pro League,CAM,51
76969,W. Dickson,Chesterfield,League Two,ST,59
266424,Z. Johnson,Sunderland,Premier League,CB,57
81463,C. Otokwefor,IF Brommapojkarna,Allsvenskan,ST,58
77134,J. Castaño,Once Caldas,Categoría Primera A,CB,66
78723,A. Stroud,IF Brommapojkarna,Allsvenskan,RM,58
81412,A. Casadei,FC Annecy,Ligue 2,CM,53
80156,R. Frosinini,Catanzaro,Serie B,RB,61
81473,E. Delmas,Club Olimpia,División Profesional,CAM,56
80763,S. Ekong,GAIS,Allsvenskan,ST,59
277700,G. van Zwam,Go Ahead Eagles,Eredivisie,CB,62
77178,K. Razmovski,Melbourne Victory,A-League Men,RB,57
79527,A. Đurić,Malmö FF,Allsvenskan,CB,66
81340,E. Odede,ESTAC Troyes,Ligue 2,LW,58
75660,Samu Fernández,RC Deportivo de La Coruña,La Liga 2,CB,58
80284,O. Safronov,Unirea Slobozia,Liga I,CB,61
80236,P. Okon-Engstler,Sydney FC,A-League Men,CDM,52
80721,Aranda,Real Valladolid CF,La Liga 2,CB,61
199005,M. Ryan,Levante UD,La Liga,GK,78
74430,H. Araujo,Colchester United,League Two,CB,58
78056,B. Berntsen,Sandefjord Fotball,Eliteserien,RM,57
79493,D. Sinaté,Angers SCO,Ligue 1,LB,57
79495,R. Safari,RAAL La Louvière,Pro League,ST,55
78095,E. Sutton,Queens Park Rangers,Championship,LM,57
77353,Z. Salifu,Degerfors IF,Allsvenskan,LW,58
78953,F. Al Mutairi,Al-Najma SC,Pro League,RW,56
76875,C. Pavey,AIK,Allsvenskan,RB,54
81239,A. Bah,Al Hazem FC,Pro League,CM,52
75198,R. Mohammed,IFK Värnamo,Allsvenskan,CB,62
272617,K. Wilson,Falkirk,Premiership,RM,56
77720,M. Roshal PP,East Bengal FC,Super League,RM,53
80536,Rafael Venâncio,Famalicão,Primeira Liga,CB,61
230297,Adriano Trindori,Corinthians,Série A,CB,67
78054,M. Løvik,Molde FK,Eliteserien,ST,57
81449,Y. Rebolledo,Academia Puerto Cabello,Primera Division,RB,58
79151,D. Portanova,Virtus Entella,Serie B,CB,64
270490,M. Abo Abd,Al Akhdoud Saudi Club,Pro League,CAM,55
80650,R. Rodin,AJ Auxerre,Ligue 1,ST,59
77122,J. Cardona,Once Caldas,Categoría Primera A,CB,68
78665,M. Persson,Halmstads BK,Allsvenskan,ST,56
74690,R. Al Abdullah,Al Ettifaq,Pro League,ST,55
81416,O. Seck,Randers FC,Superliga,CAM,55
274208,I. Kostis,Atlético Madrid,La Liga,CB,68
78452,D. D'Avilla,Chicago Fire,Major League Soccer,CDM,54
80624,N. Zilliox,Sporting Club Bastia,Ligue 2,CB,57
80166,A. Camara,Metaloglobus București,Liga I,CB,61
78223,A. Ouedraogo,Standard de Liège,Pro League,ST,58
79137,E. Hedström,IF Brommapojkarna,Allsvenskan,ST,58
78887,S. Al Mutairi,Al Hilal,Pro League,LB,53
80183,S. Bonetti,Reggiana,Serie B,LB,59
79206,F. Neat,IK Sirius,Allsvenskan,ST,57
77969,C. Ruvalcaba,Columbus Crew,Major League Soccer,CB,56
78034,M. Mork,Molde FK,Eliteserien,CAM,55
75776,D. Opoku,Oud-Heverlee Leuven,Pro League,RB,58
80386,Rodrigo Mendes,Santa Clara,Primeira Liga,CB,61
211793,J. Donachie,Central Coast Mariners,A-League Men,CB,61
76121,E. Plicco,Parma,Serie A,CM,53
75759,A. Al Khathami,Al Khaleej,Pro League,ST,52
80168,J. Harrison,Al Fateh,Pro League,CM,49
81478,D. Theodore,Gillingham,League Two,LM,53
80020,M. N'Diaye,Alverca,Primeira Liga,CB,60
73944,J. Rainbird,Wrexham,Championship,ST,52
79615,K. Tamayo,Once Caldas,Categoría Primera A,LB,57
72550,P. Vuc,FC Hermannstadt,Liga I,ST,56
81310,A. Daali,FCV Dender EH,Pro League,CAM,51
78949,J. McGovern,Shamrock Rovers,Premier Division,ST,57
78965,F. Al Taleb,Al Nassr,Pro League,CAM,52
80525,G. Cairo,Excelsior,Eredivisie,CB,58
74685,S. Berradi,Union Saint-Gilloise,Pro League,ST,54
79117,C. Manzi,Avellino,Serie B,CB,60
278804,N. Calabrese,Carrarese,Serie B,CB,59
75586,C. Conlon,Bohemian FC,Premier Division,CAM,53
257439,R. Ofori,,,GK,71
278227,T. Haji,Al Riyadh,Pro League,ST,58
80858,K. Yalçın,SC Paderborn 07,2. Bundesliga,CB,59
80638,A. Helm,AIK,Allsvenskan,LM,59
77953,H. Smedberg,Degerfors IF,Allsvenskan,CAM,53
80318,R. Mariţa,SpVgg Greuther Fürth,2. Bundesliga,LB,57
75299,D. Kamara,Peterborough United,League One,ST,54
77174,A. Tatu,Adelaide United,A-League Men,LM,57
80528,P. Wik,Bryne FK,Eliteserien,CB,61
271255,A. Al Abdrabalnabi,Al Khaleej,Pro League,LM,52
252246,N. Gahlot,Odisha FC,Super League,CB,55
269199,L. Antonetti,Estrela da Amadora,Primeira Liga,ST,60
79086,F. Pellacani,Pescara,Serie B,CB,68
80535,A. Al Asbahi,Al Riyadh,Pro League,CM,49
80024,Paulo Vitor,AVS Futebol SAD,Primeira Liga,CB,65
236197,Hélton Carvalhal,Vasco da Gama,Série A,ST,61
80577,O. Israelov,GD Estoril Praia,Primeira Liga,CB,61
76752,A. Pumacajia,FBC Melgar,Liga 1,CDM,55
81248,M. Kadıoğlu,Fatih Karagümrük,Süper Lig,CB,59
80343,A. Bacanin,FC Basel 1893,Super League,CDM,54
77912,Wei Xiangxin,Meizhou Hakka,Super League,RM,52
80478,R. Johnson,Sheffield Wednesday,Championship,LB,52
80007,A. Enis,FC Thun,Super League,CDM,52
80353,N. Suárez,Colo-Colo,Primera Division,CB,60
80710,A. Villarreal,CA Aldosivi,Liga Profesional de Fútbol,ST,58
81309,D. Mancini,Südtirol,Serie B,CB,62
79141,Ni Rodrigues,Estrela da Amadora,Primeira Liga,CB,62
277855,I. Orazi,Stade de Reims,Ligue 2,LW,55
80070,L. Palomba,Virtus Entella,Serie B,CB,61
80585,A. Benzzine,Telstar,Eredivisie,CB,58
278363,V. Westh,Silkeborg IF,Superliga,CM,53
275499,M. Al Dawsari,NEOM SC,Pro League,CB,54
81458,A. Tamba,IFK Norrköping,Allsvenskan,CB,58
80187,O. Conté,Reggiana,Serie B,LW,56
75095,T. Samuel-Ogunsuyi,Falkirk,Premiership,ST,58
77924,Li Xinxiang,Shanghai Port,Super League,LW,53
75422,A. Moussaoui,Angers SCO,Ligue 1,CAM,57
78245,A. Saeed,Djurgårdens IF,Allsvenskan,RW,57
75513,W. Kennedy,Sydney FC,A-League Men,CDM,52
230403,Peixotacinho,Grêmio,Série A,CB,64
80226,N. Jönsson,IK Sirius,Allsvenskan,RW,57
78714,O. De Rosario,Seattle Sounders FC,Major League Soccer,ST,58
80602,T. Marras,Mantova,Serie B,RM,56
262213,G. Haider,SK Sturm Graz,Bundesliga,CB,58
234605,N. Al Shwaier,Al Kholood,Pro League,LM,54
75389,A. Al Marwani,Al Taawoun FC,Pro League,LM,51
79229,M. Pinela,Racing Club de Montevideo,Primera División,LB,55
71836,L. Beqiri,BK Häcken,Allsvenskan,LW,56
79303,O. Samuelsson,BK Häcken,Allsvenskan,CB,59
75738,K. Kouassi,Cercle Brugge KSV,Pro League,RM,57
78895,T. Mero,HJK Helsinki,Veikkausliiga,LW,55
79211,A. Cole,Hamarkameratene,Eliteserien,ST,57
80503,R. Kelder,FC Groningen,Eredivisie,CB,57
79598,F. Onukwuli,Sheffield Wednesday,Championship,LM,54
79305,A. Chernev,Estrela da Amadora,Primeira Liga,CB,64
79490,R. Al Mutairi,Al Fayha,Pro League,RW,55
79494,A. Al Jaber,Al Nassr,Pro League,CM,48
80912,Pedro Ataíde,APOEL FC,1. Division,ST,56
75083,I. Konaté,Empoli,Serie B,ST,57
79996,Wang Junjie,Zhejiang FC,Super League,CM,47
70029,J. Okeke,Walsall,League Two,RB,53
276994,H. Williams,Walsall,League Two,CB,64
80643,E. Ceesay,Samsunspor,Süper Lig,ST,58
79919,L. Villa,Padova,Serie B,CB,61
80647,E. Legros,AJ Auxerre,Ligue 1,CB,59
77389,M. Al Oufi,Al Kholood,Pro League,RW,50
80731,Y. Demir,Fenerbahçe SK,Süper Lig,CB,61
80695,S. Koumbassa,Toulouse FC,Ligue 1,CB,61
278133,S. Tombakti,Al Fateh,Pro League,CDM,50
80810,J. Mbambi,Pisa,Serie A,CB,53
245356,F. Darisi,Al Fateh,Pro League,CB,53
77165,A. Castellini,Mantova,Serie B,CB,61
75432,K. Miller,Wigan Athletic,League One,LB,54
78088,Otávio,Estrela da Amadora,Primeira Liga,CB,58
76525,J. García,Atlético Bucaramanga,Categoría Primera A,CB,62
80612,P. Soma,San Diego FC,Major League Soccer,CDM,50
78113,T. Rowe,FC Annecy,Ligue 2,RB,60
75134,L. Khiangte,Odisha FC,Super League,CM,48
78571,O. Kapsimalis,Halmstads BK,Allsvenskan,RW,55
80485,M. Bogićević,HJK Helsinki,Veikkausliiga,CB,62
79504,C. Tchouante,Mjällby AIF,Allsvenskan,CB,58
80308,T. Kurt,Hannover 96,2. Bundesliga,LW,55
80868,M. Ćelić,Csíkszereda Miercurea Ciuc,Liga I,CB,59
80476,Bruno Fernandes,Sheffield Wednesday,Championship,ST,53
71344,S. Al Essa,Al Riyadh,Pro League,RB,50
79384,B. Riesselmann,VfL Osnabrück,3. Liga,ST,58
79914,M. Bakkenget,Sarpsborg 08 FF,Eliteserien,ST,56
75111,M. Sulaiman,Al Ahli SFC,Pro League,RB,57
266632,L. Liș,Metaloglobus București,Liga I,LW,57
72415,E. Gökçek,Kayserispor,Süper Lig,RB,57
79680,J. Miles,Waterford FC,Premier Division,LM,55
78016,L. Albarracin,Instituto Atlético Central Córdoba,Liga Profesional de Fútbol,LW,55
232760,D. Diaw,FC Botoşani,Liga I,CB,62
80016,C. Lutz,Cork City,Premier Division,ST,55
80539,M. Marchisano,Avellino,Serie B,RB,59
79308,Thiago Balieiro,Vitória SC,Primeira Liga,CB,60
74765,S. Balhareth,Al Akhdoud Saudi Club,Pro League,CM,51
77915,Zheng Chuanhui,Qingdao Hainiu FC,Super League,CM,47
79967,Wu Fei,Henan FC,Super League,CM,47
72089,Y. Al Shanqeeti,Al Ahli SFC,Pro League,CDM,53
80089,C. Sima,FCV Farul Constanța,Liga I,RW,55
78579,N. Talbot,Amiens SC,Ligue 2,RB,54
80634,J. Harkass,Damac FC,Pro League,CB,57
74297,T. Engebakken,Fredrikstad FK,Eliteserien,CB,57
70819,T. Pittino,Mantova,Serie B,CB,61
78029,D. Isso,IF Brommapojkarna,Allsvenskan,ST,56
80338,M. Mile,Al-Najma SC,Pro League,RW,55
81427,K. Potulski,1. FSV Mainz 05,Bundesliga,CB,62
278815,D. Bordun,Oțelul Galați,Liga I,RW,54
77173,A. Sahhari,Al Ettifaq,Pro League,CB,53
80626,S. Kassama,SSC Bari,Serie B,CB,59
81409,J. Udoh,Al Ain,Pro League,CM,49
71968,I. Galván Vittar,Central Cordoba SdE,Liga Profesional de Fútbol,CB,60
71970,T. Harris,Tranmere Rovers,League Two,ST,55
80091,A. Dahal,Al Ettifaq,Pro League,RB,54
75490,E. Qaysi,Al Shabab,Pro League,LM,52
81379,Z. Zothanpuia,Mumbai City FC,Super League,CM,48
78066,O. Nilsson Löv,Mjällby AIF,Allsvenskan,ST,54
79992,Zhu Wenchuan,Wuhan Three Towns,Super League,CM,47
275604,F. Roslyng,Holstein Kiel,2. Bundesliga,CB,63
74000,S. Shami,Punjab FC,Super League,CAM,49
280142,D. Ruward,PEC Zwolle,Eredivisie,CB,57
80586,Y. Olfers,Telstar,Eredivisie,CB,59
74492,L. Tosto,Empoli,Serie B,CB,60
77722,N. Sundran,East Bengal FC,Super League,CM,49
80494,P. Ndinga,Degerfors IF,Allsvenskan,CB,59
79167,A. Campanile,Avellino,Serie B,ST,56
251747,A. Khurana,United Tigers SC,Super League,CB,60
81268,A. Al Fawaz,Al Fateh,Pro League,CM,49
74369,A. Gröller,SK Rapid,Bundesliga,CB,61
262542,J. Sivi,Galway United,Premier Division,LM,55
76741,M. Arshaf,NorthEast United,Super League,CM,51
77025,B. Salinardi,San Lorenzo de Almagro,Liga Profesional de Fútbol,ST,55
244769,S. Tunkar,Al Hazem FC,Pro League,CB,56
78150,T. Akomeah,Gillingham,League Two,CB,58
81516,J. Salas,Universidad Católica,Primera Division,LB,56
78996,A. Al Shamrani,Al Hazem FC,Pro League,RM,53
80079,E. Freij,IFK Värnamo,Allsvenskan,RB,56
80616,I. Alegría,CD Palestino,Primera Division,LW,54
71431,He Xin,Shanghai Shenhua,Super League,CAM,51
79372,P. Benjamin,TSG 1899 Hoffenheim,Bundesliga,ST,56
78230,D. Abimbola,Bolton Wanderers,League One,ST,55
71791,I. Mosquera,Universidad Católica del Ecuador,Serie A,CB,58
261640,J. Baptiste,Rotherham United,League One,CB,56
80157,B. Verrengia,Catanzaro,Serie B,CB,57
79184,M. Stajić,Brisbane Roar,A-League Men,CDM,52
71781,I. Ba,Famalicão,Primeira Liga,CB,63
71848,E. Tamiche,Deportivo Táchira,Primera Division,CB,60
80901,E. Mendy,AS Nancy Lorraine,Ligue 2,CB,61
81415,X. Bertoncello,Newcastle Jets,A-League Men,LW,54
78874,L. Ramirez,Al Riyadh,Pro League,ST,55
81487,B. Mewett,Western Sydney Wanderers,A-League Men,LB,54
80293,R. Walker,Falkirk,Premiership,LM,54
80813,Y. Moslih,NEC Nijmegen,Eredivisie,CB,58
78260,A. Alfonzo,Club Olimpia,División Profesional,CB,60
77215,Hong Yong Jun,Gwangju FC,K League 1,CAM,47
79538,H. Rahimi,Al Ain,Pro League,ST,58
77333,Tony Shimaga,Academia Puerto Cabello,Primera Division,CB,62
71430,Liu Chengyu,Shanghai Shenhua,Super League,ST,54
79983,Fang Haiyang,Qingdao West Coast FC,Super League,CM,47
80508,R. Braschi,Fiorentina,Serie A,ST,56
76257,G. Elliott,Chesterfield,League Two,ST,52
80133,Chen Zhexuan,Tianjin Jinmen Tiger,Super League,CM,47
70825,G. Alesi,Catanzaro,Serie B,RW,56
80155,Renan Santana,Famalicão,Primeira Liga,CB,63
81495,K. Musanhi,Colchester United,League Two,LB,53
72551,R. Geller,Karlsruher SC,2. Bundesliga,LM,54
81544,O. Kabwit,FC Luzern,Super League,RW,52
278796,S. Baseya,Alverca,Primeira Liga,CB,63
79698,A. Tabuncic,Dinamo Bucureşti,Liga I,RB,53
77921,Shemshidin Yusupjan,Shandong Taishan,Super League,RM,48
75529,Alejandro Vergaz,Al Qadsiah FC,Pro League,CB,58
251760,M. Rodin,Lechia Gdańsk,Ekstraklasa,CB,65
81403,M. Djordjević,Austin FC,Major League Soccer,CB,57
77606,A. Borén,IFK Göteborg,Allsvenskan,RW,55
79968,H. Dramé,Estrela da Amadora,Primeira Liga,CB,60
260962,G. Bortagaray,Boston River,Primera División,CB,66
73545,D. Bisschops,Fortuna Sittard,Eredivisie,CB,58
74989,K. Leslie,Kilmarnock,Premiership,RM,53
279563,S. Chingambam Singh,Bengaluru FC,Super League,CM,50
81484,T. Williams,Sydney FC,A-League Men,CB,54
79545,L. Bimai,GD Estoril Praia,Primeira Liga,CB,59
81345,L. Bawitlung,Mumbai City FC,Super League,CM,48
264015,N. Al Hulayel,Al-Najma SC,Pro League,LB,54
80541,A. Nadé,ESTAC Troyes,Ligue 2,ST,54
75427,J. Campbell-Slowey,Bristol City,Championship,CB,54
80160,M. Cardo,Drogheda United,Premier Division,ST,54
278941,M. Kipgen,Punjab FC,Super League,CM,52
80326,E. Amundsen-Day,Hamarkameratene,Eliteserien,CB,58
277460,A. Masoud,Al Kholood,Pro League,CB,51
75811,A. Cissé,Le Mans FC,Ligue 2,CB,62
80522,I. Alastra,Talleres,Liga Profesional de Fútbol,ST,51
73434,O. Mengshoel,Hamarkameratene,Eliteserien,ST,55
77884,Kim Hyeon Oh,Daejeon Citizen,K League 1,RM,54
81265,F. Closter,Independiente,Liga Profesional de Fútbol,CB,57
81383,Matheus Gonçalves,Al Ahli SFC,Pro League,RW,56
77932,He Linhan,Shanghai Shenhua,Super League,CM,47
78217,S. Tombakti,Al Riyadh,Pro League,CB,53
76172,L. Venturino,Genoa,Serie A,RM,56
277495,A. Al Harbi,Al Hazem FC,Pro League,RB,53
77387,A. Abdul-Rahman,Western Sydney Wanderers,A-League Men,ST,52
78950,O. Al Bawardi,Al Riyadh,Pro League,RB,54
253753,G. Popovic,Perth Glory,A-League Men,ST,52
269192,A. Çınar,Fatih Karagümrük,Süper Lig,CB,58
234919,C. Valencia,San Antonio Bulo Bulo,División de Fútbol Profesional,CB,59
81410,A. Arous,Kasımpaşa SK,Süper Lig,CB,59
77061,H. Palande,Bengaluru FC,Super League,ST,53
81423,Marcos Zambrano,Real Salt Lake,Major League Soccer,ST,54
81486,R. Fransen,Western Sydney Wanderers,A-League Men,CB,55
78994,Diego Tavares,CD Tondela,Primeira Liga,CB,57
78573,I. Gosik,Molde FK,Eliteserien,ST,55
78336,I. Marecos,Cerro Porteño,División Profesional,ST,56
79895,G. Guerra,Portland Timbers,Major League Soccer,ST,54
79767,I. Iovu,Dundee United FC,Premiership,CB,59
80315,I. Pérez,Universidad Católica,Primera Division,CB,59
80405,M. Skelin,Hajduk Split,Hrvatska nogometna liga,CB,60
78263,A. Cacciamani,SS Juve Stabia,Serie B,RM,56
80071,A. Bottaro,Virtus Entella,Serie B,CB,57
79976,Luan Hao,Qingdao West Coast FC,Super League,CM,47
78850,M. Muhaysh,Al Hilal,Pro League,RB,52
75155,N. Naik,Odisha FC,Super League,CM,48
71127,Jesin TK,East Bengal FC,Super League,ST,50
76035,R. Le Guen,Stade Brestois 29,Ligue 1,CB,62
74756,J. Cameron,Western Sydney Wanderers,A-League Men,RB,53
79984,Wu Zhicheng,Changchun Yatai,Super League,CM,47
230318,Nelsildo Reis,Cruzeiro,Série A,GK,76
278748,F. Al Ghamdi,Al Ettifaq,Pro League,CM,50
77337,Khaly,Casa Pia,Primeira Liga,CB,59
79650,D. Neicu,Oțelul Galați,Liga I,CB,56
81481,M. Nichola,Adelaide United,A-League Men,CB,53
79812,N. Hernández Pinilla,Atlético Bucaramanga,Categoría Primera A,CB,52
80555,C. Olson,Oldham Athletic,League Two,CB,57
79867,S. Sarver,FC Dallas,Major League Soccer,ST,52
74302,A. van der Spa,Sandefjord Fotball,Eliteserien,CB,56
75225,Fellipe Jack,Spezia,Serie B,CB,62
79579,C. McCarthy,Hull City,Championship,CB,55
76225,G. Tunguliadi,Estrela da Amadora,Primeira Liga,CB,59
80587,J. van Schooneveld,Telstar,Eredivisie,CB,57
71742,B. O'Neil,Adelaide United,A-League Men,LB,52
81238,E. Mokwana,Al Hazem FC,Pro League,RW,51
77289,N. Landa,Gualberto Villarroel SJ,División de Fútbol Profesional,CB,60
80918,K. Al Asbahi,Al Riyadh,Pro League,LM,53
230182,Lucas Mantela,Palmeiras,Série A,GK,82
81446,C. Vegas,Caracas FC,Primera Division,RW,57
77356,M. Rivero,Boston River,Primera División,CB,61
80703,S. Imigene,CD Leganés,La Liga 2,CB,53
81236,David Kaiki,Damac FC,Pro League,RW,53
77471,D. Borso,Chicago Fire,Major League Soccer,CAM,48
79652,D. Neicu,Oțelul Galați,Liga I,ST,54
79463,Edu Coniac,CD Mirandés,La Liga 2,CB,54
75472,B. Hazazi,Al Nassr,Pro League,CM,47
80756,Gabriel Carvalho,Al Qadsiah FC,Pro League,RW,54
79986,Yan Yihan,Dalian Yingbo,Super League,CAM,47
80389,A. McCormick,Swindon Town,League Two,CB,53
76489,M. Gómez,Boston River,Primera División,CB,63
269932,M. Al Khaibari,Al Riyadh,Pro League,CB,55
73593,M. Barnawi,Al Ittihad,Pro League,CB,55
276770,B. Al Hamad,Al Taawoun FC,Pro League,LW,51
79404,M. Ladefoged,Fredericia,Superliga,CB,56
70240,B. Ersoy,Fatih Karagümrük,Süper Lig,CB,51
223573,M. Mohand Mohamedi,,,GK,74
73576,E. Yıldırım,Göztepe SK,Süper Lig,CB,56
278131,K. Al Rammah,Al Fayha,Pro League,LB,53
81311,B. De Jaegere,SV Zulte Waregem,Pro League,LB,53
75262,L. Lalvenkima,FC Goa,Super League,RW,51
81272,S. Al Anzi,Al Shabab,Pro League,LB,53
72597,J. Solberg,Fredrikstad FK,Eliteserien,CB,55
76563,H. Al Sultan,Al Khaleej,Pro League,ST,53
278638,S. Bailey,Cork City,Premier Division,CB,51
259567,A. Şahindere,Gençlerbirliği SK,Süper Lig,CB,55
75561,P. Gaonkar,FC Goa,Super League,CM,48
78732,S. Barnawi,Al Hilal,Pro League,CB,51
73063,M. Ajsal,Kerala Blasters FC,Super League,ST,49
274350,E. Çakır,Gaziantep FK,Süper Lig,CM,50
79535,Y. Benkhaleq,Al Ain,Pro League,CB,57
81480,F. Kasumovic,Adelaide United,A-League Men,CB,54
78058,H. Skretteberg,Sandefjord Fotball,Eliteserien,CB,55
276784,S. Singh,Bengaluru FC,Super League,ST,51
76782,A. Al Mutairi,Al Shabab,Pro League,CB,53
206003,Y. Mvogo,FC Lorient,Ligue 1,GK,76
79256,A. Lietsa,HJK Helsinki,Veikkausliiga,CB,54
71438,A. Kuzhiyil,East Bengal FC,Super League,ST,50
77598,S. Keane,Waterford FC,Premier Division,CB,53
78941,M. Frejd Pålsson,Malmö FF,Allsvenskan,CB,56
251737,J. Mangat,United Tigers SC,Super League,LM,53
80287,A. Khatir,Al Riyadh,Pro League,CB,53
76721,J. Afriyie,RAAL La Louvière,Pro League,LW,49
81232,A. Al Harfi,Al Riyadh,Pro League,RB,54
77553,M. Macallister,Sydney FC,A-League Men,ST,51
77102,Miguel Carvalho,Al Hazem FC,Pro League,CAM,48
79851,R. Willson,FC Goa,Super League,CB,53
77809,Wang Yuxiang,Beijing Guoan,Super League,RW,49
71926,K. Singh,Kerala Blasters FC,Super League,RM,52
76026,N. Trabucchi,Parma,Serie A,CB,56
79886,S. Reid,New York City FC,Major League Soccer,ST,51
271656,Yang Ruiqi,Meizhou Hakka,Super League,CB,52
74001,M. Suhail,Punjab FC,Super League,RM,50
81234,L. Vanlalvunga,NorthEast United,Super League,ST,52
77172,T. Singh,Bengaluru FC,Super League,ST,50
75920,D. Gryzio,Widzew Łódź,Ekstraklasa,ST,52
76566,G. Munday,Cambridge United,League Two,ST,51
75883,K. Akyazı,Konyaspor,Süper Lig,LW,48
79371,E. Chukwu,Wolfsberger AC,Bundesliga,CB,58
230204,Héniton Pires,Flamengo,Série A,GK,80
77610,V. Yadav,Punjab FC,Super League,LM,48
79710,C. Baretto,Jamshedpur FC,Super League,LB,52
164835,Ł. Fabiański,West Ham United,Premier League,GK,75
76778,M. Al Shammari,Al Qadsiah FC,Pro League,LB,51
209960,Pacheco,Al Fateh,Pro League,GK,73
79566,L. Bonetig,Melbourne City FC,A-League Men,CB,53
73062,Sreekuttan MS,Kerala Blasters FC,Super League,ST,49
80330,R. Butt,Salford City,League Two,LB,51
188094,J. McLaughlin,Middlesbrough,Championship,GK,66
79840,N. Sessock,Atlanta United,Major League Soccer,RB,52
80227,E. Vassenin,Shamrock Rovers,Premier Division,LB,51
79103,A. Al Obaid,Al Ittihad,Pro League,CB,54
80047,K. Giannakou,APOEL FC,1. Division,CB,55
80350,S. Wyss,FC Luzern,Super League,ST,50
79809,A. Sharahili,Al Hazem FC,Pro League,RW,49
278694,V. Puthiya Valappill,East Bengal FC,Super League,RM,52
277228,T. Krishna,Punjab FC,Super League,LB,49
81235,A. AL Khaibari,Damac FC,Pro League,RB,52
79965,Wang Haobin,Shandong Taishan,Super League,LW,47
78943,M. Al Dawsari,Al Taawoun FC,Pro League,CB,54
78185,J. Rentería,Club Atlético Sarmiento,Liga Profesional de Fútbol,ST,50
76394,Lee Chang Woo,Pohang Steelers,K League 1,RB,51
73880,B. Clemmensen,Silkeborg IF,Superliga,CB,53
274352,M. Kuzucu,Gaziantep FK,Süper Lig,LM,51
230185,Túlio Changas,Palmeiras,Série A,GK,72
80161,M. Pfister,SV Darmstadt 98,2. Bundesliga,CB,55
75930,A. Al Hudaybi,Al Fateh,Pro League,RB,48
78004,N. Pintus,Cagliari,Serie A,CB,58
76229,M. Badreldin,,,GK,62
257027,Jesús Ruiz,Burgos CF,La Liga 2,GK,71
205849,E. Andrada,Real Zaragoza,La Liga 2,GK,72
77916,Yang Cong,Qingdao Hainiu FC,Super League,RW,48
75253,S. Šapić,Hyderabad FC,Super League,CB,56
70794,S. Banerjee,East Bengal FC,Super League,LM,49
77808,Dai Jinyu,Beijing Guoan,Super League,RB,51
81405,J. Naafo,Al Ain,Pro League,ST,53
81341,L. Lalbiaknia,NorthEast United,Super League,ST,50
80723,E. Weaver,Sheffield Wednesday,Championship,CB,52
80564,D. Valkanis,Brisbane Roar,A-League Men,CB,51
78867,A. Kalın,Gaziantep FK,Süper Lig,ST,53
77920,Mei Shuaijun,Shandong Taishan,Super League,ST,48
81425,V. Radojević,Chicago Fire,Major League Soccer,LB,49
79988,Alex Jojo,Shanghai Port,Super League,RB,53
279074,I. Barrios,Cienciano,Liga 1,GK,66
75832,J. Dias,FC Goa,Super League,RW,49
279553,Yan Qihang,Qingdao West Coast FC,Super League,RW,48
80180,Park Su Bin,Pohang Steelers,K League 1,RW,50
76628,S. Dey,East Bengal FC,Super League,RB,49
79987,Wen Zhanlin,Meizhou Hakka,Super League,LB,48
230165,Simão Donatinho,Corinthians,Série A,GK,75
77544,C. McGhee,Sheffield Wednesday,Championship,CB,54
81453,B. Arias,Alianza Lima,Liga 1,CB,56
79974,Wang Jinglei,Shanghai Port,Super League,LB,49
77930,He Quan,Shanghai Shenhua,Super League,RB,48
81418,M. Cooper,Newcastle Jets,A-League Men,CB,52
73060,L. Rakesh,Kerala Blasters FC,Super League,LB,51
79960,Peng Shunjie,Dalian Yingbo,Super League,RB,47
80111,D. Paloschi,Grasshopper Club Zürich,Super League,CB,54
79963,Peng Yixiang,Shandong Taishan,Super League,ST,48
77752,D. Kareem,Drogheda United,Premier Division,ST,53
79716,M. Raina,East Bengal FC,Super League,CB,55
279660,M. Al Dowaish,Al Fayha,Pro League,RB,51
75489,A. Haraj,Al Shabab,Pro League,CB,51
77807,Wang Zihao,Beijing Guoan,Super League,ST,47
230312,Gabri Prestão,Internacional,Série A,GK,79
245274,P. Gunnarsson,,,GK,68
77909,Lei Xi,Henan FC,Super League,RW,47
230328,Pierrino Faria,Botafogo,Série A,GK,76
278749,H. Rabea,Damac FC,Pro League,CB,49
80379,L. Svitek,TSV Havelse,3. Liga,ST,52
78076,F. Sanchez,Lanús,Liga Profesional de Fútbol,CB,49
73999,P. Ranbir,Punjab FC,Super League,CB,50
79995,Zhang Aihui,Zhejiang FC,Super League,CB,49
77775,S. Paz,Gualberto Villarroel SJ,División de Fútbol Profesional,GK,56
278747,A. Al Nakhli,Al Hazem FC,Pro League,LB,49
80461,N. Ugrekhelidze,Fatih Karagümrük,Süper Lig,CB,53
79961,Wang Kang,Wuhan Three Towns,Super League,LB,47
74148,S. German,Bromley,League Two,CB,51
230176,Sacramentinho,Atlético Mineiro,Série A,GK,72
80134,Wang Pengbo,Yunnan Yukun,Super League,RB,48
230171,Carlos Travisso,Vitória,Série A,GK,63
79993,M. Zikrulla,Wuhan Three Towns,Super League,RB,47
230330,Nivo Serpinho,Vasco da Gama,Série A,GK,73
77510,A. Zborowski,Waterford FC,Premier Division,CB,52
274928,S. Esposito,Melbourne Victory,A-League Men,CB,50
77509,N. O'Brien,Waterford FC,Premier Division,CB,51
77925,Liu Tiecheng,Shanghai Port,Super League,CB,48
276143,A. Singh,Odisha FC,Super League,ST,48
80592,N. Savonnier,FC Sion,Super League,CB,50
79962,Qi Qiancheng,Shandong Taishan,Super League,CB,50
230166,Fepe Limão,Bahia,Série A,GK,67
230191,Enzo Marteiro,Flamengo,Série A,GK,74
79866,J. Torquato,FC Dallas,Major League Soccer,LB,48
220346,Pedro López,AD Ceuta FC,La Liga 2,GK,65
229501,Victor Braga,Al-Najma SC,Pro League,GK,70
167959,Marcelo Grohe,Al Shabab,Pro League,GK,75
77621,A. Ramula,HJK Helsinki,Veikkausliiga,GK,56
230320,Victorino Magela,Grêmio,Série A,GK,74
81295,M. Sémbène,Al Taawoun FC,Pro League,CB,51
80704,Abdou Maiga,CD Mirandés,La Liga 2,CB,54
77931,Zhang Bin,Shanghai Shenhua,Super League,CB,49
73700,Qiao Junxi,Qingdao Hainiu FC,Super League,CB,47
279299,H. Sundaramm,Mohammedan SC,Super League,GK,54
81402,A. Niang,Al Ain,Pro League,CB,50
233998,Márcio Velinha,Vitória,Série A,GK,68
278192,S. Meitei,Punjab FC,Super League,CB,53
230175,Freder Cabral,Atlético Mineiro,Série A,GK,73
77597,A. Kaabi,Al Qadsiah FC,Pro League,CB,47
77810,Li Shanghan,Beijing Guoan,Super League,CB,49
80158,Kim Jee Won,FC Seoul,K League 1,CB,50
80228,P. Kumar Venkatesh,Jamshedpur FC,Super League,CB,48
77908,Kang Jiawei,Henan FC,Super League,CB,48
79990,Wu Qipeng,Shanghai Shenhua,Super League,CB,49
76926,Cho Hyun Woo,Daejeon Citizen,K League 1,CB,49
225037,M. Pisseri,Frosinone,Serie B,GK,66
223760,A. Singh,Odisha FC,Super League,GK,66
205703,Miguel Bañuz,Cultural Leonesa,La Liga 2,GK,64
262076,E. Henriksson,HJK Helsinki,Veikkausliiga,GK,59
241777,A. Tagnaouti,,,GK,70
80699,M. Eppink,FC Utrecht,Eredivisie,GK,56
230319,André Milazisco,São Paulo,Série A,GK,72
233999,Jairo Farnias,Internacional,Série A,GK,70
230321,Rafael de Aseiro,São Paulo,Série A,GK,67
230332,Wiliam Santinho,Fluminense,Série A,GK,71
79027,R. Koeman Jr.,Telstar,Eredivisie,GK,67
219795,J. Coleman,Millwall FC,Championship,GK,60
277588,K. Heide,Hertha BSC,2. Bundesliga,GK,63
230323,Kaíquão Castro,Fluminense,Série A,GK,75
77910,Zhang Zhaozhi,Henan FC,Super League,CB,48
230172,Traeira Lopes,Vasco da Gama,Série A,GK,67
201482,Julián Cuesta,Antalyaspor,Süper Lig,GK,65
230636,M. Grandi,Venezia,Serie B,GK,60
251742,G. Chatterjee,United Tigers SC,Super League,GK,64
202789,A. Schwolow,Hearts,Premiership,GK,70
256467,J. Parra,Once Caldas,Categoría Primera A,GK,66
230324,Adrian Scitto,Botafogo,Série A,GK,74
230169,Vítor Angulho,Fortaleza,Série A,GK,70
251733,P. Nagarajan,United Tigers SC,Super League,GK,58
250817,Gabriel Souza,CD Tondela,Primeira Liga,GK,65
230164,Luciano Cacheira,Fortaleza,Série A,GK,69
245359,C. Moreno,,,GK,72
230315,Ailton Cardenhas,Bahia,Série A,GK,71
233976,Nelson Freitosa,Cruzeiro,Série A,GK,64
262723,V. Birksø,Fredrikstad FK,Eliteserien,GK,66
243587,Fran Vieites,Leicester City,Championship,GK,71
71515,Bernardo,CD Tondela,Primeira Liga,GK,68
78071,Nicolau,UD Las Palmas,La Liga 2,GK,61
79824,I. Mandić,Casa Pia,Primeira Liga,GK,69
268099,P. Szappanos,,,GK,67
229885,F. Ehmann,Grazer AK 1902,Bundesliga,GK,62
180548,S. Al Sheeb,,,GK,65
79620,P. Isenko,Universitatea Craiova,Liga I,GK,67
259317,Cañizares,CD Tondela,Primeira Liga,GK,66
77905,Tang Zicheng,Chengdu Rongcheng,Super League,GK,47
278395,Guilherme Fernandes,Real Valladolid CF,La Liga 2,GK,67
258328,Kewin,Damac FC,Pro League,GK,73
279439,T. Jindalee,Western United,A-League Men,GK,66
268783,M. Barsham,,,GK,70
279440,O. Bingwas,Mohammedan SC,Super League,GK,66
244483,M. Gasparini,Empoli,Serie B,GK,60
73325,R. Rangel,,,GK,72
78934,M. Fortin,Padova,Serie B,GK,66
251739,V. Boral,United Tigers SC,Super League,GK,54
78984,Y. Al Ruwaili,Al Hazem FC,Pro League,GK,52
81342,V. Ilić,Widzew Łódź,Ekstraklasa,GK,68
232654,L. Malagón,,,GK,79
274207,B. Antúnez,Boston River,Primera División,GK,67
233974,Nathael Silbeira,Grêmio,Série A,GK,71
279001,O. Çevikkan,Trabzonspor,Süper Lig,GK,62
265675,J. Camargo,Deportivo Táchira,Primera Division,GK,69
262420,R. Popa,Unirea Slobozia,Liga I,GK,63
233977,Eduardo Fonseira,Corinthians,Série A,GK,71
257635,Ricardo Velho,Gençlerbirliği SK,Süper Lig,GK,76
79128,W. Speel,Shelbourne FC,Premier Division,GK,57
234858,M. Funk,FC Energie Cottbus,3. Liga,GK,66
80574,I. Nikic,CD Mirandés,La Liga 2,GK,68
78554,A. Chovan,Bruk-Bet Termalica Nieciecza,Ekstraklasa,GK,63
79582,Mikel Santos,Athletic Club,La Liga,GK,63
74165,Kaique Pereira,CD Nacional,Primeira Liga,GK,64
77950,D. Capdevila,Club Nacional de Football,Primera División,GK,61
79028,T. Bodak,Telstar,Eredivisie,GK,60
260298,E. Herrera,Academia Puerto Cabello,Primera Division,GK,64
80381,V. Surkis,Dynamo Kyiv,Premier League,GK,54
272503,Sergio Mestre,Real Madrid,La Liga,GK,60
79769,Dani Martín,SD Huesca,La Liga 2,GK,58
73319,K. Chamorro,Rio Ave FC,Primeira Liga,GK,69
71450,M. Bundgaard,Sønderjyske Fodbold,Superliga,GK,65
234724,John Victor,Nottingham Forest,Premier League,GK,71
81546,L. Bakker,PEC Zwolle,Eredivisie,GK,55
72397,G. Toniolo,Hellas Verona FC,Serie A,GK,56
79312,David Grilo,Estrela da Amadora,Primeira Liga,GK,64
79826,R. Munteanu,FCV Farul Constanța,Liga I,GK,56
80874,T. Grant,Stoke City,Championship,GK,59
74875,P. Andreev,Racing Santander,La Liga 2,GK,69
76702,N. González,CA Aldosivi,Liga Profesional de Fútbol,GK,63
79020,M. Voltan,Padova,Serie B,GK,57
80009,L. Giossa,San Antonio Bulo Bulo,División de Fútbol Profesional,GK,65
71797,Iker Venteo,Real Sporting de Gijón,La Liga 2,GK,61
74594,Mario Ramos,Albacete Balompié,La Liga 2,GK,58
80777,Matheus Mendes,Alverca,Primeira Liga,GK,68
79528,Juanpa,CD Mirandés,La Liga 2,GK,64
244478,K. Krzepisz,Arka Gdynia,Ekstraklasa,GK,54
80339,M. Rajkovačić,Eintracht Braunschweig,2. Bundesliga,GK,55
272472,S. Zakaria,,,GK,64
278095,J. Van Neck,Olympique de Marseille,Ligue 1,GK,61
80648,L. Mezerette,AJ Auxerre,Ligue 1,GK,58
75816,P. Reverson,Ajax,Eredivisie,GK,63
75567,Monedero,Burgos CF,La Liga 2,GK,62
79461,S. Smarkalev,SV Werder Bremen,Bundesliga,GK,59
80005,Laro Gómez,Racing Santander,La Liga 2,GK,60
81322,W. Brook,Shrewsbury Town,League Two,GK,57
80568,D. Moody,Southampton,Championship,GK,55
79148,O. Siaulys,Virtus Entella,Serie B,GK,64
75924,J. Stawiecki,AS Monaco,Ligue 1,GK,60
80823,C. Marietta,Catanzaro,Serie B,GK,61
81240,J. Bärtl,FC Bayern München,Bundesliga,GK,58
80313,Gonçalo Sobral,SL Benfica,Primeira Liga,GK,64
79775,M. Böhnke,FC Energie Cottbus,3. Liga,GK,53
78731,Gerard Moreno,Real Sporting de Gijón,La Liga 2,GK,58
80162,B. Börner,SV Darmstadt 98,2. Bundesliga,GK,58
279315,L. Alderuccio,Western United,A-League Men,GK,59
79260,L. McFarlane,Hearts,Premiership,GK,57
79309,J. Castillo,Vitória SC,Primeira Liga,GK,66
74986,M. Vartuli,Adelaide United,A-League Men,GK,56
77984,R. Alleyne,Academia Puerto Cabello,Primera Division,GK,54
80664,G. Maureira,Colo-Colo,Primera Division,GK,59
81461,C. Petersen,IFK Norrköping,Allsvenskan,GK,60
74578,Gabriel Cabral,Famalicão,Primeira Liga,GK,62
71851,H. Al Shanqeeti,Al Ittihad,Pro League,GK,56
80309,J. Schwanke,Hannover 96,2. Bundesliga,GK,57
79443,Kevyn Vinícius,CD Nacional,Primeira Liga,GK,62
80149,T. Holla,Excelsior,Eredivisie,GK,56
277814,G. Swiderski,Deportivo Alavés,La Liga,GK,61
79979,E. Topór,Bruk-Bet Termalica Nieciecza,Ekstraklasa,GK,54
245063,P. Pane,Avellino,Serie B,GK,61
79647,L. Crăciun,FC Argeș,Liga I,GK,53
73253,J. Eyestone,Brentford,Premier League,GK,58
75602,N. Martens,Fortuna Sittard,Eredivisie,GK,57
248301,K. Singh,Odisha FC,Super League,GK,55
273690,Mateus,Alverca,Primeira Liga,GK,62
267827,R. Azybi,NEOM SC,Pro League,GK,56
80203,A. Nunziante,Udinese,Serie A,GK,56
77136,J. Gallego,Once Caldas,Categoría Primera A,GK,57
274121,C. Casper,Grimsby Town,League Two,GK,56
80092,P. Pietryga,Górnik Zabrze,Ekstraklasa,GK,53
76910,João Afonso,Santa Clara,Primeira Liga,GK,58
278871,A. Zaloha,DSC Arminia Bielefeld,2. Bundesliga,GK,58
74717,Manu González,Real Betis Balompié,La Liga,GK,58
81299,M. Overmars,NEC Nijmegen,Eredivisie,GK,56
80780,J. Siebeking,FC Schalke 04,2. Bundesliga,GK,58
80859,P. Hildesheim,DSC Arminia Bielefeld,2. Bundesliga,GK,58
278321,D. Theiner,Südtirol,Serie B,GK,54
278995,A. De Corte,Club Brugge KV,Pro League,GK,62
279507,Rafa Romero,Sevilla FC,La Liga,GK,62
78164,Y. Gerritsen,FC Twente,Eredivisie,GK,57
80117,F. Insfrán,Club Olimpia,División Profesional,GK,57
277908,D. Kochen,FC Barcelona,La Liga,GK,58
80289,M. Demirci,Randers FC,Superliga,GK,58
73595,S. Al Shammari,Al Fayha,Pro League,GK,52
272395,Jesús López,UD Almería,La Liga 2,GK,60
80773,N. Saïd Mchindra,Toulouse FC,Ligue 1,GK,58
77875,M. Perott,Notts County,League Two,GK,52
80455,D. Klein,FC Ingolstadt 04,3. Liga,GK,57
74586,M. Gonzalez,FC Annecy,Ligue 2,GK,54
78073,J. Baylis,Newcastle Jets,A-League Men,GK,50
267577,Juanpe Gil,Rayo Vallecano,La Liga,GK,58
75741,M. Pessina,Bologna,Serie A,GK,52
279879,K. Yandal,Fatih Karagümrük,Süper Lig,GK,54
80175,P. Kukulski,Motor Lublin,Ekstraklasa,GK,52
278148,M. Avella,Palermo FC,Serie B,GK,58
277826,Ale Gorrín,CD Mirandés,La Liga 2,GK,57
279653,Calavia,Real Zaragoza,La Liga 2,GK,59
80504,Henrique Menke,Como,Serie A,GK,56
263225,P. Garrido,Universidad de Chile,Primera Division,GK,61
80222,P. Bachmann,TSV 1860 München,3. Liga,GK,54
77952,T. Flolid,Sarpsborg 08 FF,Eliteserien,GK,57
73459,A. Ciobanu,FC Botoşani,Liga I,GK,51
79612,Manu Obón,Real Zaragoza,La Liga 2,GK,59
79709,B. Hughes,Cambridge United,League Two,GK,56
79425,K. Barrett,Sheffield Wednesday,Championship,GK,55
77491,J. Hibbert,Atlanta United,Major League Soccer,GK,51
78547,I. Jourdren,RC Lens,Ligue 1,GK,60
75984,Ș. Ciupercă,Unirea Slobozia,Liga I,GK,51
79487,Unai Ayala,SD Eibar,La Liga 2,GK,55
76420,Germán García,Real Betis Balompié,La Liga,GK,57
75935,Sergi Torner,CD Castellón,La Liga 2,GK,57
81393,Adrián Molina,Rayo Vallecano,La Liga,GK,54
72157,A. Jena,Jamshedpur FC,Super League,GK,52
277634,I. Saio,Pescara,Serie B,GK,61
78055,A. Omerinović,Sandefjord Fotball,Eliteserien,GK,55
78973,Cristian,Santa Clara,Primeira Liga,GK,60
80279,A. Al Anzi,Al-Najma SC,Pro League,GK,50
70251,A. Mazza,Monza,Serie B,GK,56
71789,E. Valencia,Universidad Católica del Ecuador,Serie A,GK,58
75761,Y. Abu Dahi,Damac FC,Pro League,GK,50
80479,L. Stretch,Sheffield Wednesday,Championship,GK,52
259364,M. Al Shammari,Al Kholood,Pro League,GK,54
80782,L. Alexandre,Amiens SC,Ligue 2,GK,54
75899,E. Törüz,Samsunspor,Süper Lig,GK,54
76943,A. Al Senaidi,Al Taawoun FC,Pro League,GK,52
72101,S. Contena,Sporting Club Bastia,Ligue 2,GK,57
81408,V. Alibasic,Al Ain,Pro League,GK,49
279584,S. Poonia,Bengaluru FC,Super League,GK,52
76415,Diego González,Burgos CF,La Liga 2,GK,57
74266,J. Ajanovic,Central Coast Mariners,A-League Men,GK,50
80500,S. Petiet,FC Groningen,Eredivisie,GK,55
81286,J. Wallis,West Bromwich Albion,Championship,GK,54
81407,H. Sani,Al Ain,Pro League,GK,52
240643,H. Al Johani,Al Akhdoud Saudi Club,Pro League,GK,56
81485,W. Heater,Crawley Town,League Two,GK,52
81241,F. Wolter,TSV Havelse,3. Liga,GK,53
77806,Xie Jintian,Beijing Guoan,Super League,GK,48
70969,J. Gazi,East Bengal FC,Super League,GK,51
278873,B. Broekmans,Fortuna Sittard,Eredivisie,GK,56
80140,J. Widmer,FC St.Gallen 1879,Super League,GK,50
74868,A. Saroha,Hyderabad FC,Super League,GK,49
73987,J. Barrett,Tranmere Rovers,League Two,GK,54
80197,Kim Se Hyoung,Ulsan HD FC,K League 1,GK,51
79966,Liu Qiwei,Shandong Taishan,Super League,GK,49
77940,Zhang Haoran,Tianjin Jinmen Tiger,Super League,GK,48
80188,Hong Jin Hyuk,Gangwon FC,K League 1,GK,49
81467,E. Lysionok,Genoa,Serie A,GK,56
81468,G. Astaldi,Parma,Serie A,GK,56
279725,K. Arıcan,Antalyaspor,Süper Lig,GK,53
80169,E. Lolić,Frosinone,Serie B,GK,54
277768,Liu Haoran,Shanghai Shenhua,Super League,GK,50
253701,A. Kumar,Odisha FC,Super League,GK,51
78154,A. Al Khaibari,Al Riyadh,Pro League,GK,50
77917,Wang Kuan,Qingdao Hainiu FC,Super League,GK,48
75534,G. Shaw,East Bengal FC,Super League,GK,48
80864,M. Pezzolato,Modena,Serie B,GK,53
78889,M. Al Ghanem,Al Khaleej,Pro League,GK,50
76781,M. Saad,Al Shabab,Pro League,GK,52
277850,A. Deshwal,Punjab FC,Super League,GK,48
73152,D. Graskoski,Melbourne Victory,A-League Men,GK,52
79978,Qi Bingyu,Qingdao West Coast FC,Super League,GK,48
78075,J. Briggs,Cambridge United,League Two,GK,52
74977,M. Al Hakim,NEOM SC,Pro League,GK,51
80234,A. Nedelec,FC Annecy,Ligue 2,GK,50
78190,O. Al Thumayri,Al Fayha,Pro League,GK,53
79985,Peng Haochen,Chengdu Rongcheng,Super League,GK,49
