player_id,name,first_name,last_name,short_name,date_of_birth,derived_age,nationality,nationality_raw,nationality_id,height,weight,club,club_id,league,league_id,position,positions,alternative_positions,position_type,preferred_foot,overall,potential,pace,acceleration,sprint_speed,shooting,finishing,shot_power,long_shots,volleys,penalties,positioning,passing,vision,crossing,free_kick_accuracy,short_passing,long_passing,curve,dribbling,agility,balance,reactions,ball_control,composure,defending,interceptions,heading_accuracy,defensive_awareness,standing_tackle,sliding_tackle,physical,jumping,stamina,strength,aggression,weak_foot,skill_moves,gk_diving,gk_handling,gk_kicking,gk_positioning,gk_reflexes,value,wage,release_clause,contract_until,playstyles,playstyles_plus,gender,gender_id,source,source_player_id,source_url,overall_source,attributes_source,potential_source,data_version,scraped_at
227203,Alexia Putellas,Alexia,Putellas Segura,Alexia Putellas,1994-02-04,32,Spain,Spain,45,173,68,FC Barcelona,116325,Liga F Moeve,,CM,"CM, CAM, CDM","CAM, CDM",Midfielder,Left,91,,82,81,82,89,91,86,88,87,89,91,90,92,88,85,91,90,89,91,90,89,91,92,92,72,78,74,60,81,64,80,85,85,81,70,5,5,15,17,11,15,10,,,,,"Finesse Shot, Gamechanger, Incisive Pass, Tiki Taka, Inventive, Technical",First Touch+,Women's Football,1,ea-drop-api,227203,https://www.ea.com/games/ea-sports-fc/ratings?playerId=227203,ea-drop-api,ea-drop-api,,fc27,2026-08-28T08:51:40.553Z
241667,Aitana Bonmatí,Aitana,Bonmatí Conca,Aitana Bonmatí,1998-01-18,28,Spain,Spain,45,163,53,FC Barcelona,116325,Liga F Moeve,,CM,"CM, CAM",CAM,Midfielder,Right,91,,85,84,86,87,91,79,89,80,70,91,86,90,74,77,91,90,78,91,93,86,91,91,85,77,88,54,75,81,67,75,76,82,75,64,5,4,9,15,11,12,14,,,,,"Low Driven Shot, Incisive Pass, Pinged Pass, Tiki Taka, Inventive, First Touch",Technical+,Women's Football,1,ea-drop-api,241667,https://www.ea.com/games/ea-sports-fc/ratings?playerId=241667,ea-drop-api,ea-drop-api,,fc27,2026-08-28T08:51:40.553Z
227102,Caroline Graham Hansen,Caroline,Graham Hansen,,1995-02-18,31,Norway,Norway,36,175,62,FC Barcelona,116325,Liga F Moeve,,RW,"RW, RM",RM,Attack,Right,90,,89,90,88,87,86,88,88,89,79,87,88,89,90,85,89,84,92,90,94,75,83,90,84,47,35,71,45,50,46,76,84,87,74,66,5,5,17,11,15,13,9,,,,,"Finesse Shot, Long Ball Pass, Technical, First Touch, Quick Step",Trickster+,Women's Football,1,ea-drop-api,227102,https://www.ea.com/games/ea-sports-fc/ratings?playerId=227102,ea-drop-api,ea-drop-api,,fc27,2026-08-28T08:51:40.553Z
258980,Alessia Russo,Alessia,Russo,,1999-02-08,27,England,England,14,173,64,Arsenal,116009,Barclays WSL,,ST,"ST, CAM, CM","CAM, CM",Attack,Right,89,,82,81,82,88,90,88,86,84,76,90,70,69,64,65,81,60,64,87,81,73,89,90,84,39,34,90,29,37,35,73,91,72,79,55,3,4,9,12,10,14,13,,,,,"Finesse Shot, Aerial Fortress, Rapid, First Touch, Enforcer",Precision Header+,Women's Football,1,ea-drop-api,258980,https://www.ea.com/games/ea-sports-fc/ratings?playerId=258980,ea-drop-api,ea-drop-api,,fc27,2026-08-28T08:51:40.553Z
237288,Mariona,María Francesca,Caldentey Oliver,Mariona,1996-03-19,30,Spain,Spain,45,165,62,Arsenal,116009,Barclays WSL,,CM,"CM, CDM, RW, CAM","CDM, RW, CAM",Midfielder,Right,89,,78,81,76,84,89,75,89,56,80,81,86,88,84,72,89,89,75,90,92,93,86,89,84,76,79,61,75,80,77,79,73,93,78,65,4,4,13,8,11,11,9,,,,,"Incisive Pass, Long Ball Pass, Tiki Taka, Inventive, Technical, First Touch",Relentless+,Women's Football,1,ea-drop-api,237288,https://www.ea.com/games/ea-sports-fc/ratings?playerId=237288,ea-drop-api,ea-drop-api,,fc27,2026-08-28T08:51:40.553Z
237289,Patri Guijarro,Patricia,Guijarro Gutiérrez,Patri Guijarro,1998-05-17,28,Spain,Spain,45,170,73,FC Barcelona,116325,Liga F Moeve,,CDM,"CDM, CM",CM,Midfielder,Right,89,,78,78,78,82,80,89,91,58,70,80,83,84,69,66,90,92,75,87,82,87,86,90,84,86,84,84,86,87,85,83,90,78,85,82,4,4,14,8,9,17,17,,,,,"Incisive Pass, Tiki Taka, Inventive, Aerial Fortress, First Touch, Press Proven",Long Ball Pass+,Women's Football,1,ea-drop-api,237289,https://www.ea.com/games/ea-sports-fc/ratings?playerId=237289,ea-drop-api,ea-drop-api,,fc27,2026-08-28T08:51:40.553Z
246219,Khadija Shaw,Khadija,Shaw,,1997-01-31,29,Jamaica,Jamaica,82,180,70,Manchester City,116017,Barclays WSL,,ST,ST,,Attack,Right,89,,71,72,71,89,93,93,84,77,75,91,71,79,59,63,78,68,58,81,62,48,88,89,86,32,25,91,23,30,20,85,92,83,91,71,4,3,10,15,10,7,10,,,,,"Low Driven Shot, Press Proven, Enforcer",Precision Header+,Women's Football,1,ea-drop-api,246219,https://www.ea.com/games/ea-sports-fc/ratings?playerId=246219,ea-drop-api,ea-drop-api,,fc27,2026-08-28T08:51:40.553Z
236479,Mapi León,María Pilar,León Cebrián,Mapi León,1995-06-13,31,Spain,Spain,45,170,58,FC Barcelona,116325,Liga F Moeve,,CB,CB,,Defense,Left,89,,75,73,77,68,61,78,78,49,64,70,79,62,81,85,85,84,82,76,73,86,90,82,91,90,90,83,91,90,89,82,88,75,85,84,3,2,12,8,11,14,12,,,,,"Dead Ball, Long Ball Pass, Jockey",Slide Tackle+,Women's Football,1,ea-drop-api,236479,https://www.ea.com/games/ea-sports-fc/ratings?playerId=236479,ea-drop-api,ea-drop-api,,fc27,2026-08-28T08:51:40.553Z
246272,Marie Katoto,Marie,Katoto,,1998-11-01,27,France,France,18,177,66,OL Lyonnes,116033,Arkema PL,,ST,ST,,Attack,Right,88,,85,88,82,87,90,84,83,91,82,91,77,79,71,72,85,70,71,84,84,68,82,87,86,39,27,91,37,35,30,74,95,71,85,44,4,4,14,12,11,14,8,,,,,"Aerial Fortress, Press Proven",Precision Header+,Women's Football,1,ea-drop-api,246272,https://www.ea.com/games/ea-sports-fc/ratings?playerId=246272,ea-drop-api,ea-drop-api,,fc27,2026-08-28T08:51:40.553Z
227361,Kadidiatou Diani,Kadidiatou,Diani,,1995-04-01,31,France,France,18,168,64,OL Lyonnes,116033,Arkema PL,,RW,"RW, ST, RM","ST, RM",Attack,Right,88,,92,91,93,85,90,79,84,74,71,88,81,84,79,70,87,74,74,88,89,84,84,89,88,56,55,81,46,60,49,79,89,80,89,52,4,4,15,7,7,15,13,,,,,"Precision Header, Gamechanger, Technical, Quick Step, Enforcer",Finesse Shot+,Women's Football,1,ea-drop-api,227361,https://www.ea.com/games/ea-sports-fc/ratings?playerId=227361,ea-drop-api,ea-drop-api,,fc27,2026-08-28T08:51:40.553Z
264012,Sophia Wilson,Sophia,Wilson,,2000-08-10,26,USA,United States,95,164,58,Portland Thorns,116302,NWSL,,ST,"ST, LW, CAM","LW, CAM",Attack,Right,88,,92,91,92,87,89,86,86,84,80,88,79,74,73,72,88,75,74,89,85,86,88,91,80,45,43,79,41,42,39,81,92,85,83,68,5,4,12,13,13,13,6,,,,,"Finesse Shot, Low Driven Shot, Technical, Trickster, Quick Step",First Touch+,Women's Football,1,ea-drop-api,264012,https://www.ea.com/games/ea-sports-fc/ratings?playerId=264012,ea-drop-api,ea-drop-api,,fc27,2026-08-28T08:51:40.553Z
227323,Guro Reiten,Guro,Reiten,,1994-07-26,32,Norway,Norway,36,167,60,Chelsea,116010,Barclays WSL,,LM,"LM, LW, CAM","LW, CAM",Midfielder,Left,88,,88,87,88,82,83,81,83,61,89,86,85,87,92,80,83,80,80,87,91,90,88,88,88,60,65,50,60,60,57,69,71,91,61,60,3,4,16,16,12,11,16,,,,,"Finesse Shot, Dead Ball, Incisive Pass, Whipped Pass, Quick Step, Relentless",Rapid+,Women's Football,1,ea-drop-api,227323,https://www.ea.com/games/ea-sports-fc/ratings?playerId=227323,ea-drop-api,ea-drop-api,,fc27,2026-08-28T08:51:40.553Z
241846,Ewa Pajor,Ewa,Pajor,,1996-12-03,29,Poland,Poland,37,168,59,FC Barcelona,116325,Liga F Moeve,,ST,"ST, LW, LM","LW, LM",Attack,Right,88,,87,88,87,88,92,87,79,89,89,91,64,72,47,66,75,51,64,88,90,83,84,90,89,22,20,77,18,12,10,71,90,82,82,24,3,3,15,8,12,8,12,,,,,"Precision Header, Low Driven Shot, Gamechanger, Rapid",Finesse Shot+,Women's Football,1,ea-drop-api,241846,https://www.ea.com/games/ea-sports-fc/ratings?playerId=241846,ea-drop-api,ea-drop-api,,fc27,2026-08-28T08:51:40.553Z
245956,Christiane Endler,Christiane,Endler,,1991-07-23,35,Chile,Chile,55,183,73,OL Lyonnes,116033,Arkema PL,,GK,GK,,Defense,Left,88,,88,46,35,82,15,63,17,8,13,10,84,69,15,11,31,35,18,89,39,42,83,22,45,42,16,13,15,11,12,89,60,41,46,21,3,1,88,82,84,89,89,,,,,Cross Claimer,Rush Out+,Women's Football,1,ea-drop-api,245956,https://www.ea.com/games/ea-sports-fc/ratings?playerId=245956,ea-drop-api,ea-drop-api,,fc27,2026-08-28T08:51:40.553Z
226893,Debinha,Débora C.,de Oliveira,Debinha,1991-10-20,34,Brazil,Brazil,54,155,52,KC Current,116309,NWSL,,CAM,"CAM, RW, CM","RW, CM",Midfielder,Right,88,,85,85,85,79,78,80,78,86,73,87,86,90,80,77,87,85,89,91,90,94,77,91,84,46,49,56,49,39,44,75,75,90,70,70,5,5,9,8,10,8,13,,,,,"Acrobatic, Low Driven Shot, Gamechanger, Technical, First Touch, Quick Step",Trickster+,Women's Football,1,ea-drop-api,226893,https://www.ea.com/games/ea-sports-fc/ratings?playerId=226893,ea-drop-api,ea-drop-api,,fc27,2026-08-28T08:51:40.553Z
227190,Irene Paredes,Irene,Paredes Hernández,Irene Paredes,1991-07-04,35,Spain,Spain,45,178,67,FC Barcelona,116325,Liga F Moeve,,CB,CB,,Defense,Right,88,,71,69,72,52,51,60,46,60,51,39,67,51,59,40,83,68,69,68,66,70,91,80,80,88,88,85,91,87,86,84,82,72,88,87,3,2,15,12,13,14,16,,,,,"Long Ball Pass, Jockey, Slide Tackle, Aerial Fortress",Bruiser+,Women's Football,1,ea-drop-api,227190,https://www.ea.com/games/ea-sports-fc/ratings?playerId=227190,ea-drop-api,ea-drop-api,,fc27,2026-08-28T08:51:40.553Z
257001,Chloe Kelly,Chloe,Kelly,,1998-01-15,28,England,England,14,168,58,Arsenal,116009,Barclays WSL,,RM,"RM, RW",RW,Midfielder,Right,87,,88,88,88,84,85,92,79,71,80,82,85,83,87,81,86,82,86,84,87,76,83,84,81,43,50,50,44,38,38,69,76,77,75,40,4,4,10,8,14,6,12,,,,,"Dead Ball, Whipped Pass, Inventive, Technical, Trickster, Quick Step",,Women's Football,1,ea-drop-api,257001,https://www.ea.com/games/ea-sports-fc/ratings?playerId=257001,ea-drop-api,ea-drop-api,,fc27,2026-08-28T08:51:40.553Z
231432,Lindsey Heaps,Lindsey,Heaps,,1994-05-26,32,USA,United States,95,175,67,OL Lyonnes,116033,Arkema PL,,CAM,"CAM, CM",CM,Midfielder,Right,87,,76,78,75,84,83,89,86,83,70,87,87,88,79,87,91,90,68,84,79,68,87,87,81,64,71,89,59,62,49,80,92,85,84,63,3,4,7,15,13,9,11,,,,,"Finesse Shot, Power Shot, Dead Ball, Precision Header, Inventive, Aerial Fortress",Incisive Pass+,Women's Football,1,ea-drop-api,231432,https://www.ea.com/games/ea-sports-fc/ratings?playerId=231432,ea-drop-api,ea-drop-api,,fc27,2026-08-28T08:51:40.553Z
227246,Lucy Bronze,Lucy,Bronze,,1991-10-28,34,England,England,14,172,70,Chelsea,116010,Barclays WSL,,RB,"RB, RM",RM,Defense,Right,87,,71,70,71,68,55,85,79,66,62,73,82,74,87,72,86,81,82,80,73,70,85,84,87,87,85,82,88,88,85,87,83,82,92,82,3,3,10,14,16,8,15,,,,,"Block, Relentless, Long Throw",Jockey+,Women's Football,1,ea-drop-api,227246,https://www.ea.com/games/ea-sports-fc/ratings?playerId=227246,ea-drop-api,ea-drop-api,,fc27,2026-08-28T08:51:40.553Z
232075,Rose Lavelle,Rose,Lavelle,,1995-05-14,31,USA,United States,95,163,56,Gotham FC,116310,NWSL,,CM,"CM, CAM",CAM,Midfielder,Left,87,,85,84,85,81,85,74,82,68,74,87,84,88,74,69,91,85,72,87,79,85,86,88,79,60,79,44,41,74,52,64,63,86,54,63,4,4,16,8,13,11,10,,,,,"Finesse Shot, Gamechanger, Incisive Pass, Tiki Taka, Technical, First Touch",Pinged Pass+,Women's Football,1,ea-drop-api,232075,https://www.ea.com/games/ea-sports-fc/ratings?playerId=232075,ea-drop-api,ea-drop-api,,fc27,2026-08-28T08:51:40.553Z
233662,Sakina Karchaoui,Sakina,Karchaoui,,1996-01-26,30,France,France,18,160,55,Paris SG,116034,Arkema PL,,CM,"CM, LW, LB, CAM","LW, LB, CAM",Midfielder,Left,87,,89,92,87,76,71,88,81,59,70,85,87,88,86,75,89,87,81,88,91,85,84,88,88,77,82,66,76,80,76,69,76,90,57,72,4,5,9,14,16,14,10,,,,,"Whipped Pass, Inventive, Jockey, Intercept, Technical, Quick Step, Relentless",,Women's Football,1,ea-drop-api,233662,https://www.ea.com/games/ea-sports-fc/ratings?playerId=233662,ea-drop-api,ea-drop-api,,fc27,2026-08-28T08:51:40.553Z
246426,Leah Williamson,Leah,Williamson,,1997-03-29,29,England,England,14,170,57,Arsenal,116009,Barclays WSL,,CB,"CB, CDM",CDM,Defense,Right,87,,74,73,75,48,50,48,46,45,50,31,73,63,60,67,83,88,60,72,73,73,88,85,82,88,86,85,90,89,88,77,86,73,77,81,3,3,13,13,11,9,8,,,,,"Long Ball Pass, Jockey, Bruiser",Anticipate+,Women's Football,1,ea-drop-api,246426,https://www.ea.com/games/ea-sports-fc/ratings?playerId=246426,ea-drop-api,ea-drop-api,,fc27,2026-08-28T08:51:40.553Z
245802,Beth Mead,Beth,Mead,,1995-05-09,31,England,England,14,163,58,Arsenal,116009,Barclays WSL,,RM,"RM, RW",RW,Midfielder,Right,87,,82,83,81,84,84,88,87,73,68,85,84,86,87,88,84,74,81,87,74,84,89,91,82,67,73,68,61,69,68,73,85,81,84,31,4,5,11,15,17,16,10,,,,,"Gamechanger, Whipped Pass, Technical",First Touch+,Women's Football,1,ea-drop-api,245802,https://www.ea.com/games/ea-sports-fc/ratings?playerId=245802,ea-drop-api,ea-drop-api,,fc27,2026-08-28T08:51:40.553Z
232073,Mallory Swanson,Mallory,Swanson,,1998-04-29,28,USA,United States,95,163,54,Chicago Stars FC,116305,NWSL,,LM,"LM, ST, LW","ST, LW",Midfielder,Right,87,,88,87,88,82,85,81,80,70,75,88,81,86,76,76,85,77,73,85,83,88,85,86,78,42,43,68,36,41,39,70,77,87,61,70,5,4,12,11,15,16,17,,,,,"Finesse Shot, Technical, First Touch, Quick Step",,Women's Football,1,ea-drop-api,232073,https://www.ea.com/games/ea-sports-fc/ratings?playerId=232073,ea-drop-api,ea-drop-api,,fc27,2026-08-28T08:51:40.553Z
227310,Ada Hegerberg,Ada,Hegerberg,,1995-07-10,31,Norway,Norway,36,176,68,OL Lyonnes,116033,Arkema PL,,ST,ST,,Attack,Right,87,,72,71,73,86,89,82,85,86,84,89,76,76,68,75,82,72,79,85,74,45,87,89,85,39,23,91,41,33,30,79,90,75,85,65,4,4,15,7,12,10,14,,,,,"Technical, First Touch, Enforcer",Precision Header+,Women's Football,1,ea-drop-api,227310,https://www.ea.com/games/ea-sports-fc/ratings?playerId=227310,ea-drop-api,ea-drop-api,,fc27,2026-08-28T08:51:40.553Z
257008,Lauren Hemp,Lauren,Hemp,,2000-08-07,26,England,England,14,164,59,Manchester City,116017,Barclays WSL,,LW,"LW, LM",LM,Attack,Left,87,,91,92,91,77,78,83,70,69,68,83,84,83,92,80,81,79,86,87,90,91,86,87,70,63,69,63,56,69,57,70,78,88,63,62,3,4,7,6,11,12,8,,,,,"Finesse Shot, Whipped Pass, First Touch, Quick Step",Rapid+,Women's Football,1,ea-drop-api,257008,https://www.ea.com/games/ea-sports-fc/ratings?playerId=257008,ea-drop-api,ea-drop-api,,fc27,2026-08-28T08:51:40.553Z
238257,Millie Bright,Millie,Bright,,1993-08-21,33,England,England,14,178,76,Chelsea,116010,Barclays WSL,,CB,CB,,Defense,Right,87,,57,51,61,51,51,63,46,35,59,38,70,57,50,52,86,86,51,62,33,48,84,70,85,87,82,89,91,88,79,88,86,79,93,88,4,2,11,12,12,8,16,,,,,"Anticipate, Aerial Fortress",Bruiser+,Women's Football,1,ea-drop-api,238257,https://www.ea.com/games/ea-sports-fc/ratings?playerId=238257,ea-drop-api,ea-drop-api,,fc27,2026-08-28T08:51:40.553Z
265239,Katie McCabe,Katie,McCabe,,1995-09-21,30,Ireland,Republic of Ireland,25,164,55,Arsenal,116009,Barclays WSL,,LB,"LB, LW, LM","LW, LM",Defense,Left,87,,80,81,79,81,79,90,80,69,74,79,82,68,89,78,87,79,84,83,88,81,80,85,84,83,83,75,90,81,79,82,83,92,73,94,3,4,8,14,13,13,6,,,,,"Whipped Pass, Slide Tackle, Rapid, Long Throw, Bruiser",,Women's Football,1,ea-drop-api,265239,https://www.ea.com/games/ea-sports-fc/ratings?playerId=265239,ea-drop-api,ea-drop-api,,fc27,2026-08-28T08:51:40.553Z
227125,Sam Kerr,Sam,Kerr,,1993-09-10,32,Australia,Australia,195,168,66,Chelsea,116010,Barclays WSL,,ST,ST,,Attack,Right,87,,80,80,80,87,91,84,84,91,71,86,74,79,70,68,77,67,76,89,89,80,80,90,91,42,24,93,44,39,30,83,87,87,81,80,4,4,7,12,8,16,13,,,,,"Finesse Shot, Rapid, Quick Step, Enforcer",Acrobatic+,Women's Football,1,ea-drop-api,227125,https://www.ea.com/games/ea-sports-fc/ratings?playerId=227125,ea-drop-api,ea-drop-api,,fc27,2026-08-28T08:51:40.553Z
258310,Ann-Katrin Berger,Ann-Katrin,Berger,,1990-10-09,35,Germany,Germany,21,180,63,Gotham FC,116310,NWSL,,GK,GK,,Defense,Right,86,,86,40,52,84,25,61,29,20,45,9,81,66,27,30,60,58,30,87,38,40,85,41,67,45,25,24,28,24,25,81,69,29,67,40,4,1,86,84,81,81,87,,,,,"Long Ball Pass, Footwork",Cross Claimer+,Women's Football,1,ea-drop-api,258310,https://www.ea.com/games/ea-sports-fc/ratings?playerId=258310,ea-drop-api,ea-drop-api,,fc27,2026-08-28T08:51:40.553Z
237197,Grace Geyoro,Grace,Geyoro,,1997-07-02,29,France,France,18,168,61,London City,132176,Barclays WSL,,CM,"CM, CAM, CDM","CAM, CDM",Midfielder,Right,86,,89,89,89,73,75,74,71,52,74,80,82,83,70,65,89,86,72,83,76,82,87,86,79,82,88,64,80,88,80,80,83,93,77,71,3,3,13,16,16,14,11,,,,,"Incisive Pass, Inventive, Anticipate",Relentless+,Women's Football,1,ea-drop-api,237197,https://www.ea.com/games/ea-sports-fc/ratings?playerId=237197,ea-drop-api,ea-drop-api,,fc27,2026-08-28T08:51:40.553Z
262531,Claudia Pina,Claudia,Pina Medina,Claudia Pina,2001-08-12,25,Spain,Spain,45,160,68,FC Barcelona,116325,Liga F Moeve,,LW,"LW, ST, LM","ST, LM",Attack,Right,86,,79,78,79,86,87,84,91,88,64,86,83,84,84,85,86,75,81,87,83,84,85,88,81,45,37,69,31,55,51,71,71,76,69,69,5,4,6,13,6,13,12,,,,,"Finesse Shot, Dead Ball, Gamechanger, Incisive Pass, Tiki Taka, Technical",Low Driven Shot+,Women's Football,1,ea-drop-api,262531,https://www.ea.com/games/ea-sports-fc/ratings?playerId=262531,ea-drop-api,ea-drop-api,,fc27,2026-08-28T08:51:40.553Z
248822,Klara Bühl,Klara,Bühl,,2000-12-07,25,Germany,Germany,21,173,65,FC Bayern München,115995,GPFBL,,LM,"LM, LW",LW,Midfielder,Right,86,,84,83,84,84,86,83,84,78,71,84,81,81,85,73,83,77,71,84,89,81,84,86,76,34,41,77,34,21,20,74,88,83,78,48,5,4,9,6,13,14,9,,,,,"Finesse Shot, Dead Ball, Low Driven Shot, Incisive Pass, Whipped Pass, Jockey, Press Proven",,Women's Football,1,ea-drop-api,248822,https://www.ea.com/games/ea-sports-fc/ratings?playerId=248822,ea-drop-api,ea-drop-api,,fc27,2026-08-28T08:51:40.553Z
253436,Ona Batlle,Ona,Batlle Pascual,Ona Batlle,1999-06-10,27,Spain,Spain,45,160,49,FC Barcelona,116325,Liga F Moeve,,RB,"RB, LB, RM","LB, RM",Defense,Right,86,,80,82,79,54,62,53,40,46,47,66,79,74,85,40,86,77,77,79,82,85,84,80,82,81,81,59,84,84,83,72,73,91,62,72,4,3,13,8,15,14,5,,,,,"Whipped Pass, Jockey, Rapid, Relentless",,Women's Football,1,ea-drop-api,253436,https://www.ea.com/games/ea-sports-fc/ratings?playerId=253436,ea-drop-api,ea-drop-api,,fc27,2026-08-28T08:51:40.553Z
244302,Lea Schüller,Lea,Schüller,,1997-11-12,28,Germany,Germany,21,173,62,FC Bayern München,115995,GPFBL,,ST,ST,,Attack,Right,86,,87,85,88,83,92,78,72,73,72,91,71,72,66,65,77,61,78,82,86,78,87,86,74,33,31,87,24,26,27,74,91,82,75,55,3,3,16,13,14,11,9,,,,,"Precision Header, Low Driven Shot, Quick Step",,Women's Football,1,ea-drop-api,244302,https://www.ea.com/games/ea-sports-fc/ratings?playerId=244302,ea-drop-api,ea-drop-api,,fc27,2026-08-28T08:51:40.553Z
265898,Melchie Dumornay,Melchie,Dumornay,,2003-08-17,23,Haiti,Haiti,80,160,51,OL Lyonnes,116033,Arkema PL,,ST,"ST, CAM",CAM,Attack,Right,86,,93,92,94,85,89,87,80,74,69,83,78,79,70,75,83,73,86,87,92,85,81,88,84,60,59,77,52,64,53,71,89,73,74,55,4,4,13,9,8,6,8,,,,,"Finesse Shot, Chip Shot, Incisive Pass, Technical, Quick Step",Gamechanger+,Women's Football,1,ea-drop-api,265898,https://www.ea.com/games/ea-sports-fc/ratings?playerId=265898,ea-drop-api,ea-drop-api,,fc27,2026-08-28T08:51:40.553Z
259287,Pernille Harder,Pernille,Harder,,1992-11-15,33,Denmark,Denmark,13,169,60,FC Bayern München,115995,GPFBL,,CAM,"CAM, ST, RM","ST, RM",Midfielder,Right,86,,81,80,82,80,82,79,78,73,78,86,80,85,72,69,84,78,71,88,90,73,81,88,90,27,21,79,21,22,23,78,88,78,81,66,4,4,12,6,8,13,6,,,,,"Power Shot, Precision Header, Gamechanger, Incisive Pass",Technical+,Women's Football,1,ea-drop-api,259287,https://www.ea.com/games/ea-sports-fc/ratings?playerId=259287,ea-drop-api,ea-drop-api,,fc27,2026-08-28T08:51:40.553Z
279799,Temwa Chawinga,Temwa,Chawinga,,1998-09-20,27,Malawi,Malawi,125,168,62,KC Current,116309,NWSL,,LW,"LW, LM, RM","LM, RM",Attack,Left,86,,91,92,90,82,89,76,76,70,68,87,77,78,75,65,84,75,53,83,84,75,87,87,75,46,43,60,34,60,35,83,88,78,91,70,4,4,13,8,12,8,9,,,,,"Low Driven Shot, Rapid, First Touch",,Women's Football,1,ea-drop-api,279799,https://www.ea.com/games/ea-sports-fc/ratings?playerId=279799,ea-drop-api,ea-drop-api,,fc27,2026-08-28T08:51:40.553Z
265674,Selma Bacha,Selma,Bacha,,2000-11-09,25,France,France,18,161,58,OL Lyonnes,116033,Arkema PL,,LB,"LB, LW, LM","LW, LM",Defense,Left,85,,88,92,85,73,65,92,78,49,60,80,85,79,90,81,87,80,88,82,94,90,76,81,84,78,80,58,76,84,82,80,80,91,72,85,3,4,14,14,6,9,14,,,,,"Dead Ball, Inventive, Anticipate, Technical, Quick Step, Relentless",Whipped Pass+,Women's Football,1,ea-drop-api,265674,https://www.ea.com/games/ea-sports-fc/ratings?playerId=265674,ea-drop-api,ea-drop-api,,fc27,2026-08-28T08:51:40.553Z
246641,Chiamaka Nnadozie,Chiamaka,Nnadozie,,2000-12-08,25,Nigeria,Nigeria,133,180,69,Brighton,116013,Barclays WSL,,GK,GK,,Defense,Right,85,,87,63,62,80,11,60,9,7,13,14,80,55,12,13,29,22,14,88,48,42,75,21,57,63,23,12,22,13,10,84,71,36,61,35,3,1,87,80,80,84,88,,,,,"Long Ball Pass, Deflector",Footwork+,Women's Football,1,ea-drop-api,246641,https://www.ea.com/games/ea-sports-fc/ratings?playerId=246641,ea-drop-api,ea-drop-api,,fc27,2026-08-28T08:51:40.553Z
243404,Georgia Stanway,Georgia,Stanway,,1999-01-03,27,England,England,14,164,61,FC Bayern München,115995,GPFBL,,CDM,CDM,,Midfielder,Right,85,,80,83,78,79,79,77,82,68,82,77,80,84,60,71,90,86,69,86,85,85,85,86,69,77,77,43,83,82,80,77,69,84,70,87,3,3,12,8,15,10,8,,,,,"Long Ball Pass, Jockey, Technical, First Touch",Pinged Pass+,Women's Football,1,ea-drop-api,243404,https://www.ea.com/games/ea-sports-fc/ratings?playerId=243404,ea-drop-api,ea-drop-api,,fc27,2026-08-28T08:51:40.553Z
245882,Erin Cuthbert,Erin,Cuthbert,,1998-07-19,28,Scotland,Scotland,42,163,60,Chelsea,116010,Barclays WSL,,CDM,"CDM, CM",CM,Midfielder,Right,85,,79,77,80,80,81,79,86,68,66,83,84,86,79,77,88,86,76,83,62,87,85,86,81,80,83,59,79,86,82,73,73,85,69,70,3,4,12,7,5,7,14,,,,,"Power Shot, Long Ball Pass, Whipped Pass, Anticipate, Press Proven, Relentless",Pinged Pass+,Women's Football,1,ea-drop-api,245882,https://www.ea.com/games/ea-sports-fc/ratings?playerId=245882,ea-drop-api,ea-drop-api,,fc27,2026-08-28T08:51:40.553Z
227095,Manuela Giugliano,Manuela,Giugliano,,1997-08-18,29,Italy,Italy,27,160,51,Roma,116282,Calcio A Femminile,,CM,"CM, CDM, CAM","CDM, CAM",Midfielder,Right,85,,81,80,82,80,81,79,81,70,72,84,84,86,78,82,87,84,80,86,89,90,83,87,76,72,77,47,74,76,70,74,68,88,64,83,4,4,11,12,11,10,11,,,,,"Long Ball Pass, Technical",,Women's Football,1,ea-drop-api,227095,https://www.ea.com/games/ea-sports-fc/ratings?playerId=227095,ea-drop-api,ea-drop-api,,fc27,2026-08-28T08:51:40.553Z
245872,Kim Little,Kim,Little,,1990-06-29,36,Scotland,Scotland,42,162,57,Arsenal,116009,Barclays WSL,,CDM,"CDM, CM",CM,Midfielder,Right,85,,76,79,74,75,70,85,73,82,78,87,85,87,78,65,90,87,77,88,90,88,89,89,84,78,79,57,76,87,77,70,71,89,60,70,4,3,12,5,6,10,6,,,,,"Incisive Pass, Aerial Fortress",Press Proven+,Women's Football,1,ea-drop-api,245872,https://www.ea.com/games/ea-sports-fc/ratings?playerId=245872,ea-drop-api,ea-drop-api,,fc27,2026-08-28T08:51:40.553Z
261733,Sandy Baltimore,Sandy,Baltimore,,2000-02-19,26,France,France,18,156,62,Chelsea,116010,Barclays WSL,,LM,"LM, LB, LW","LB, LW",Midfielder,Left,85,,87,91,83,74,74,73,78,62,74,83,84,85,85,71,85,80,90,86,81,91,72,88,80,72,75,46,73,77,75,69,68,74,71,58,3,4,8,12,13,10,12,,,,,"Incisive Pass, Whipped Pass, Inventive, Technical, Quick Step",,Women's Football,1,ea-drop-api,261733,https://www.ea.com/games/ea-sports-fc/ratings?playerId=261733,ea-drop-api,ea-drop-api,,fc27,2026-08-28T08:51:40.553Z
245697,Clara Mateo,Clara,Mateo,,1997-11-28,28,France,France,18,168,60,Paris FC,116035,Arkema PL,,ST,"ST, CAM",CAM,Attack,Right,85,,87,86,87,86,90,83,85,75,72,86,80,83,73,74,85,79,76,84,81,78,80,86,85,56,60,81,44,59,48,75,88,92,72,60,3,4,11,11,9,17,16,,,,,"Finesse Shot, Low Driven Shot, Gamechanger, First Touch, Relentless",Chip Shot+,Women's Football,1,ea-drop-api,245697,https://www.ea.com/games/ea-sports-fc/ratings?playerId=245697,ea-drop-api,ea-drop-api,,fc27,2026-08-28T08:51:40.553Z
245830,Yui Hasegawa,Yui,Hasegawa,,1997-01-29,29,Japan,Japan,163,156,48,Manchester City,116017,Barclays WSL,,CDM,"CDM, CM, CAM","CM, CAM",Midfielder,Right,85,,77,74,79,71,67,73,82,68,63,64,85,89,76,71,90,88,68,86,82,88,84,86,78,81,86,48,87,83,75,63,60,79,51,73,4,4,14,12,14,6,12,,,,,"Tiki Taka, Inventive, Press Proven",Intercept+,Women's Football,1,ea-drop-api,245830,https://www.ea.com/games/ea-sports-fc/ratings?playerId=245830,ea-drop-api,ea-drop-api,,fc27,2026-08-28T08:51:40.553Z
245879,Caroline Weir,Caroline,Weir,,1995-06-20,31,Scotland,Scotland,42,173,62,Real Madrid,116326,Liga F Moeve,,CAM,"CAM, CM, CDM","CM, CDM",Midfielder,Left,85,,72,72,72,83,83,86,86,70,61,84,84,87,74,84,89,81,83,84,70,88,84,85,85,69,73,60,75,65,63,69,71,83,65,62,4,4,13,14,8,8,15,,,,,"Finesse Shot, Chip Shot, Incisive Pass, Inventive, Technical, First Touch, Trickster",,Women's Football,1,ea-drop-api,245879,https://www.ea.com/games/ea-sports-fc/ratings?playerId=245879,ea-drop-api,ea-drop-api,,fc27,2026-08-28T08:51:40.553Z
266928,Trinity Rodman,Trinity,Rodman,,2002-05-20,24,USA,United States,95,173,60,Washington Spirit,116304,NWSL,,RM,"RM, ST, RW","ST, RW",Midfielder,Right,85,,91,90,92,81,83,82,80,71,76,82,78,84,79,68,81,67,71,83,87,83,84,86,80,43,41,69,38,42,38,82,87,84,81,80,4,4,9,9,12,7,14,,,,,"Finesse Shot, Inventive, Aerial Fortress, Rapid, Trickster, Relentless",Quick Step+,Women's Football,1,ea-drop-api,266928,https://www.ea.com/games/ea-sports-fc/ratings?playerId=266928,ea-drop-api,ea-drop-api,,fc27,2026-08-28T08:51:40.553Z
265249,Lauren James,Lauren,James,,2001-09-29,24,England,England,14,175,77,Chelsea,116010,Barclays WSL,,RM,"RM, CAM, RW","CAM, RW",Midfielder,Right,85,,89,93,86,81,84,85,78,71,70,80,78,79,85,73,75,76,81,87,75,80,76,90,84,40,40,66,30,43,38,82,90,75,91,68,4,5,14,5,9,13,9,,,,,"Low Driven Shot, Whipped Pass, First Touch, Trickster, Quick Step, Enforcer",Rapid+,Women's Football,1,ea-drop-api,265249,https://www.ea.com/games/ea-sports-fc/ratings?playerId=265249,ea-drop-api,ea-drop-api,,fc27,2026-08-28T08:51:40.553Z
226302,Alexandra Popp,Alexandra,Popp,,1991-04-06,35,Germany,Germany,21,174,65,VfL Wolfsburg,115998,GPFBL,,ST,ST,,Attack,Left,85,,74,71,76,84,85,86,77,85,80,91,76,79,71,71,82,64,73,78,75,77,83,82,82,52,44,94,45,52,48,89,94,91,90,84,5,3,12,14,13,7,14,,,,,"Acrobatic, Aerial Fortress, Bruiser",Precision Header+,Women's Football,1,ea-drop-api,226302,https://www.ea.com/games/ea-sports-fc/ratings?playerId=226302,ea-drop-api,ea-drop-api,,fc27,2026-08-28T08:51:40.553Z
227337,Svenja Huth,Svenja,Huth,,1991-01-25,35,Germany,Germany,21,163,54,VfL Wolfsburg,115998,GPFBL,,CM,"CM, CAM",CAM,Midfielder,Right,85,,82,84,81,76,75,75,77,79,70,82,84,84,83,68,87,83,78,86,92,94,84,87,81,58,72,32,40,72,66,67,58,92,65,45,4,3,17,10,7,12,10,,,,,"Dead Ball, Whipped Pass, Jockey, Anticipate, First Touch, Quick Step, Relentless",,Women's Football,1,ea-drop-api,227337,https://www.ea.com/games/ea-sports-fc/ratings?playerId=227337,ea-drop-api,ea-drop-api,,fc27,2026-08-28T08:51:40.553Z
278219,Tabitha Chawinga,Tabitha,Chawinga,,1996-05-22,30,Malawi,Malawi,125,172,68,OL Lyonnes,116033,Arkema PL,,LW,"LW, ST, LM","ST, LM",Attack,Left,85,,94,93,95,82,86,79,78,74,69,87,71,72,71,58,79,55,73,85,84,78,81,87,79,36,30,76,27,38,30,81,90,88,93,42,3,4,11,6,14,8,12,,,,,"Finesse Shot, Low Driven Shot, Rapid, Quick Step",,Women's Football,1,ea-drop-api,278219,https://www.ea.com/games/ea-sports-fc/ratings?playerId=278219,ea-drop-api,ea-drop-api,,fc27,2026-08-28T08:51:40.553Z
226890,Marta,Marta,Vieira da Silva,Marta,1986-02-19,40,Brazil,Brazil,54,162,56,Orlando Pride,116307,NWSL,,CAM,"CAM, ST, RM","ST, RM",Midfielder,Left,85,,70,72,69,83,83,85,80,89,86,86,84,92,81,80,83,76,89,88,79,92,78,88,89,44,47,53,48,37,36,75,70,86,71,73,4,5,16,15,11,9,12,,,,,"Dead Ball, Inventive, Intercept, Technical, First Touch, Trickster",Acrobatic+,Women's Football,1,ea-drop-api,226890,https://www.ea.com/games/ea-sports-fc/ratings?playerId=226890,ea-drop-api,ea-drop-api,,fc27,2026-08-28T08:51:40.553Z
261773,Laura Freigang,Laura,Freigang,,1998-02-01,28,Germany,Germany,21,171,62,Frankfurt,115997,GPFBL,,CAM,"CAM, ST",ST,Midfielder,Right,85,,84,85,84,83,89,82,75,79,70,89,77,83,56,68,85,80,72,83,80,82,86,85,83,37,29,81,33,35,30,79,93,87,84,55,3,4,8,10,13,5,14,,,,,"Precision Header, Inventive, Jockey, Aerial Fortress, First Touch, Press Proven",,Women's Football,1,ea-drop-api,261773,https://www.ea.com/games/ea-sports-fc/ratings?playerId=261773,ea-drop-api,ea-drop-api,,fc27,2026-08-28T08:51:40.553Z
263011,Ella Toone,Ella,Toone,,1999-09-02,26,England,England,14,163,57,Manchester Utd,116012,Barclays WSL,,CAM,"CAM, CM",CM,Midfielder,Right,85,,81,83,80,80,82,83,78,75,59,86,81,86,76,71,85,76,70,86,67,84,86,84,82,51,45,69,41,57,56,64,77,84,64,38,3,5,7,11,8,9,8,,,,,"Chip Shot, Incisive Pass, Technical",Trickster+,Women's Football,1,ea-drop-api,263011,https://www.ea.com/games/ea-sports-fc/ratings?playerId=263011,ea-drop-api,ea-drop-api,,fc27,2026-08-28T08:51:40.553Z
227110,Caitlin Foord,Caitlin,Foord,,1994-11-11,31,Australia,Australia,195,169,61,Arsenal,116009,Barclays WSL,,LM,"LM, LW",LW,Midfielder,Right,85,,87,89,86,77,80,73,78,64,59,87,81,79,86,54,85,74,81,82,83,85,83,82,79,45,43,50,45,45,41,70,72,90,64,60,3,3,12,16,12,12,13,,,,,"Rapid, Quick Step, Enforcer",,Women's Football,1,ea-drop-api,227110,https://www.ea.com/games/ea-sports-fc/ratings?playerId=227110,ea-drop-api,ea-drop-api,,fc27,2026-08-28T08:51:40.553Z
267382,Naomi Girma,Naomi,Girma,,2000-06-14,26,USA,United States,95,164,58,Chelsea,116010,Barclays WSL,,CB,CB,,Defense,Right,85,,80,75,84,51,38,69,68,35,43,48,70,66,57,63,81,72,57,74,80,80,80,81,79,85,83,78,87,88,84,79,87,72,82,80,3,3,7,8,13,7,8,,,,,"Block, Bruiser",Jockey+,Women's Football,1,ea-drop-api,267382,https://www.ea.com/games/ea-sports-fc/ratings?playerId=267382,ea-drop-api,ea-drop-api,,fc27,2026-08-28T08:51:40.553Z
227073,Cristiana Girelli,Cristiana,Girelli,,1990-04-23,36,Italy,Italy,27,174,64,Juventus,116280,Calcio A Femminile,,ST,ST,,Attack,Right,85,,77,79,76,84,90,77,77,72,87,88,70,79,56,78,77,56,77,80,70,71,88,84,81,46,45,87,40,42,40,77,91,71,79,77,4,3,11,12,11,11,13,,,,,"Finesse Shot, Precision Header, Aerial Fortress",,Women's Football,1,ea-drop-api,227073,https://www.ea.com/games/ea-sports-fc/ratings?playerId=227073,ea-drop-api,ea-drop-api,,fc27,2026-08-28T08:51:40.553Z
232202,Delphine Cascarino,Delphine,Cascarino,,1997-02-05,29,France,France,18,164,58,San Diego Wave,116312,NWSL,,RM,"RM, RW",RW,Midfielder,Right,85,,93,93,93,75,73,80,75,70,65,80,79,80,80,60,83,74,75,88,93,90,82,89,79,38,35,48,39,39,32,61,72,72,62,41,2,5,14,16,12,15,11,,,,,"Gamechanger, Whipped Pass, Inventive, Technical, Quick Step",,Women's Football,1,ea-drop-api,232202,https://www.ea.com/games/ea-sports-fc/ratings?playerId=232202,ea-drop-api,ea-drop-api,,fc27,2026-08-28T08:51:40.553Z
233746,Vivianne Miedema,Vivianne,Miedema,,1996-07-15,30,Netherlands,Holland,34,178,65,Manchester City,116017,Barclays WSL,,ST,"ST, CAM",CAM,Attack,Right,85,,82,84,80,85,86,86,84,83,75,86,70,69,64,73,79,56,76,85,80,73,85,85,90,32,27,82,22,30,23,80,92,83,82,70,4,4,14,16,17,14,17,,,,,"Finesse Shot, Technical",,Women's Football,1,ea-drop-api,233746,https://www.ea.com/games/ea-sports-fc/ratings?playerId=233746,ea-drop-api,ea-drop-api,,fc27,2026-08-28T08:51:40.553Z
242830,Keira Walsh,Keira,Walsh,,1997-04-08,29,England,England,14,165,64,Chelsea,116010,Barclays WSL,,CDM,"CDM, CM",CM,Midfielder,Right,85,,64,63,65,46,41,56,42,42,55,70,81,83,67,51,92,88,53,79,74,68,83,83,85,79,77,60,82,84,81,74,69,88,70,70,3,3,16,9,10,8,8,,,,,"Tiki Taka, Jockey, Press Proven",Pinged Pass+,Women's Football,1,ea-drop-api,242830,https://www.ea.com/games/ea-sports-fc/ratings?playerId=242830,ea-drop-api,ea-drop-api,,fc27,2026-08-28T08:51:40.553Z
276359,Barbra Banda,Barbra,Banda,,2000-03-20,26,Zambia,Zambia,147,177,69,Orlando Pride,116307,NWSL,,ST,ST,,Attack,Right,85,,92,91,93,82,87,81,76,74,68,86,62,58,53,58,74,56,58,78,82,69,84,81,68,33,25,80,27,32,22,75,95,65,93,35,4,4,12,13,15,9,8,,,,,"Precision Header, Low Driven Shot, Aerial Fortress, Rapid, Quick Step, Enforcer",,Women's Football,1,ea-drop-api,276359,https://www.ea.com/games/ea-sports-fc/ratings?playerId=276359,ea-drop-api,ea-drop-api,,fc27,2026-08-28T08:51:40.553Z
227316,Wendie Renard,Wendie,Renard,,1990-07-20,36,France,France,18,187,70,OL Lyonnes,116033,Arkema PL,,CB,CB,,Defense,Right,85,,48,40,55,62,58,77,53,55,67,70,70,59,60,53,80,84,66,69,52,33,81,75,84,87,85,88,88,88,80,83,75,70,91,83,3,2,7,14,17,11,15,,,,,"Precision Header, Long Ball Pass, Jockey, Slide Tackle, Aerial Fortress",Anticipate+,Women's Football,1,ea-drop-api,227316,https://www.ea.com/games/ea-sports-fc/ratings?playerId=227316,ea-drop-api,ea-drop-api,,fc27,2026-08-28T08:51:40.553Z
273153,Linda Caicedo,Linda,Caicedo,,2005-02-22,21,Colombia,Colombia,56,163,54,Real Madrid,116326,Liga F Moeve,,LW,"LW, LM, CAM","LM, CAM",Attack,Right,85,,91,92,91,75,81,70,74,51,59,80,79,78,80,60,84,77,62,87,91,80,75,86,77,37,44,41,30,41,30,45,56,73,34,35,4,4,11,11,6,13,10,,,,,"Finesse Shot, Quick Step",Technical+,Women's Football,1,ea-drop-api,273153,https://www.ea.com/games/ea-sports-fc/ratings?playerId=273153,ea-drop-api,ea-drop-api,,fc27,2026-08-28T08:51:40.553Z
227013,Fridolina Rolfö,Fridolina,Rolfö,,1993-11-24,32,Sweden,Sweden,46,178,68,Manchester Utd,116012,Barclays WSL,,LB,"LB, LW, LM","LW, LM",Defense,Left,84,,81,82,80,81,80,85,79,77,85,79,81,82,80,63,87,75,70,82,77,68,87,85,81,81,80,76,83,81,77,80,84,81,84,69,4,4,7,11,16,14,9,,,,,"Whipped Pass, Jockey, First Touch, Trickster",,Women's Football,1,ea-drop-api,227013,https://www.ea.com/games/ea-sports-fc/ratings?playerId=227013,ea-drop-api,ea-drop-api,,fc27,2026-08-28T08:51:40.553Z
263009,Hannah Hampton,Hannah,Hampton,,2000-11-16,25,England,England,14,175,64,Chelsea,116010,Barclays WSL,,GK,GK,,Defense,Right,84,,82,61,58,83,8,62,13,11,24,7,82,45,22,18,31,35,27,84,35,47,83,30,38,60,11,9,12,13,14,85,64,25,50,25,3,1,82,83,82,85,84,,,,,"Long Ball Pass, Cross Claimer",Deflector+,Women's Football,1,ea-drop-api,263009,https://www.ea.com/games/ea-sports-fc/ratings?playerId=263009,ea-drop-api,ea-drop-api,,fc27,2026-08-28T08:51:40.553Z
227327,Sara Däbritz,Sara,Däbritz,,1995-02-15,31,Germany,Germany,21,170,63,Real Madrid,116326,Liga F Moeve,,CM,"CM, CDM, CAM","CDM, CAM",Midfielder,Left,84,,77,75,79,81,81,83,84,69,70,82,84,86,78,75,87,85,83,86,86,64,80,88,80,74,80,52,77,76,68,73,74,73,80,53,4,4,13,14,16,11,16,,,,,"Finesse Shot, Long Ball Pass, Aerial Fortress, Press Proven",,Women's Football,1,ea-drop-api,227327,https://www.ea.com/games/ea-sports-fc/ratings?playerId=227327,ea-drop-api,ea-drop-api,,fc27,2026-08-28T08:51:40.553Z
227119,Steph Catley,Steph,Catley,,1994-01-26,32,Australia,Australia,195,171,60,Arsenal,116009,Barclays WSL,,CB,"CB, LB",LB,Defense,Left,84,,81,83,80,66,70,68,60,60,52,70,80,69,83,75,87,76,82,80,82,74,85,86,80,84,86,80,87,83,81,83,91,84,83,78,2,3,14,8,15,9,8,,,,,"Whipped Pass, Rapid, Quick Step",,Women's Football,1,ea-drop-api,227119,https://www.ea.com/games/ea-sports-fc/ratings?playerId=227119,ea-drop-api,ea-drop-api,,fc27,2026-08-28T08:51:40.553Z
262457,Olga Carmona,Olga,Carmona García,Olga Carmona,2000-06-12,26,Spain,Spain,45,160,51,Paris SG,116034,Arkema PL,,LB,"LB, LM",LM,Defense,Left,84,,88,89,88,74,74,75,77,45,85,77,78,71,84,71,82,75,74,80,85,89,84,83,81,79,83,71,81,79,76,74,85,81,72,65,3,4,8,10,13,7,6,,,,,"Rapid, Quick Step, Relentless, Bruiser",,Women's Football,1,ea-drop-api,262457,https://www.ea.com/games/ea-sports-fc/ratings?playerId=262457,ea-drop-api,ea-drop-api,,fc27,2026-08-28T08:51:40.553Z
264936,Géraldine Reuteler,Géraldine,Reuteler,,1999-04-21,27,Switzerland,Switzerland,47,163,56,Frankfurt,115997,GPFBL,,ST,"ST, CM, CAM","CM, CAM",Attack,Right,84,,90,90,90,82,84,81,83,76,66,86,81,84,75,63,87,78,71,85,84,79,86,89,78,59,49,74,51,73,50,75,87,83,74,66,3,4,14,5,13,14,11,,,,,"Finesse Shot, Long Ball Pass, Whipped Pass, Anticipate, First Touch, Quick Step",,Women's Football,1,ea-drop-api,264936,https://www.ea.com/games/ea-sports-fc/ratings?playerId=264936,ea-drop-api,ea-drop-api,,fc27,2026-08-28T08:51:40.553Z
227392,Ashley Lawrence,Ashley,Lawrence,,1995-06-11,31,Canada,Canada,70,164,60,OL Lyonnes,116033,Arkema PL,,RB,"RB, RM",RM,Defense,Right,84,,82,80,83,67,58,79,76,66,67,73,82,82,83,70,84,81,78,80,84,87,82,78,83,82,80,73,83,84,81,76,82,80,72,80,4,3,14,10,11,9,14,,,,,"Whipped Pass, Jockey, Technical, Quick Step",,Women's Football,1,ea-drop-api,227392,https://www.ea.com/games/ea-sports-fc/ratings?playerId=227392,ea-drop-api,ea-drop-api,,fc27,2026-08-28T08:51:40.553Z
265063,Janina Minge,Janina,Minge,,1999-06-11,27,Germany,Germany,21,170,61,VfL Wolfsburg,115998,GPFBL,,CM,"CM, CDM, CB","CDM, CB",Midfielder,Right,84,,70,72,69,79,79,81,78,77,70,85,80,84,69,66,85,83,78,81,81,79,85,84,74,77,86,66,75,79,71,80,80,86,82,69,3,3,8,15,12,13,5,,,,,"Incisive Pass, Long Ball Pass, Intercept, Aerial Fortress, Relentless",,Women's Football,1,ea-drop-api,265063,https://www.ea.com/games/ea-sports-fc/ratings?playerId=265063,ea-drop-api,ea-drop-api,,fc27,2026-08-28T08:51:40.553Z
247788,Giulia Gwinn,Giulia,Gwinn,,1999-07-02,27,Germany,Germany,21,172,58,FC Bayern München,115995,GPFBL,,RB,"RB, LB, RM","LB, RM",Defense,Right,84,,83,84,83,68,66,68,65,65,84,78,79,73,79,79,82,81,81,84,88,80,84,83,77,82,80,77,84,85,80,70,82,83,62,70,3,4,5,8,10,15,5,,,,,"Anticipate, Rapid, First Touch, Long Throw",Jockey+,Women's Football,1,ea-drop-api,247788,https://www.ea.com/games/ea-sports-fc/ratings?playerId=247788,ea-drop-api,ea-drop-api,,fc27,2026-08-28T08:51:40.553Z
266973,Giada Greggi,Giada,Greggi,,2000-02-18,26,Italy,Italy,27,156,50,Roma,116282,Calcio A Femminile,,CM,"CM, CDM",CDM,Midfielder,Right,84,,84,83,84,71,69,73,77,62,60,82,73,86,34,78,85,82,57,85,86,80,81,87,78,76,78,58,77,81,74,73,73,88,63,80,5,3,9,7,10,13,13,,,,,"Anticipate, Technical",,Women's Football,1,ea-drop-api,266973,https://www.ea.com/games/ea-sports-fc/ratings?playerId=266973,ea-drop-api,ea-drop-api,,fc27,2026-08-28T08:51:40.553Z
268942,Cata Coll,Catalina Thomas,Coll Lluch,Cata Coll,2001-04-23,25,Spain,Spain,45,170,68,FC Barcelona,116325,Liga F Moeve,,GK,GK,,Defense,Right,84,,83,53,54,81,8,57,5,7,28,13,76,61,9,21,49,35,15,87,50,66,81,34,50,53,14,7,9,12,14,82,67,30,65,20,3,1,83,81,76,82,87,,,,,Cross Claimer,,Women's Football,1,ea-drop-api,268942,https://www.ea.com/games/ea-sports-fc/ratings?playerId=268942,ea-drop-api,ea-drop-api,,fc27,2026-08-28T08:51:40.553Z
269404,Salma Paralluelo,Salma Celeste,Paralluelo Ayingono,Salma Paralluelo,2003-11-13,22,Spain,Spain,45,175,68,FC Barcelona,116325,Liga F Moeve,,LW,"LW, ST, RW, LM","ST, RW, LM",Attack,Left,84,,92,92,92,84,88,82,83,75,63,85,78,81,79,65,81,70,77,83,88,70,80,84,75,46,42,75,42,45,40,77,91,77,83,56,4,4,6,6,12,6,13,,,,,"Finesse Shot, Gamechanger, Technical, Quick Step",,Women's Football,1,ea-drop-api,269404,https://www.ea.com/games/ea-sports-fc/ratings?playerId=269404,ea-drop-api,ea-drop-api,,fc27,2026-08-28T08:51:40.553Z
227254,Alex Greenwood,Alex,Greenwood,,1993-09-07,32,England,England,14,167,62,Manchester City,116017,Barclays WSL,,CB,"CB, LB, LM","LB, LM",Defense,Left,84,,71,70,72,65,62,78,65,43,85,47,82,60,80,82,92,93,80,74,65,71,82,84,85,85,87,83,87,84,80,82,85,86,76,90,3,2,12,10,12,15,14,,,,,Jockey,Block+,Women's Football,1,ea-drop-api,227254,https://www.ea.com/games/ea-sports-fc/ratings?playerId=227254,ea-drop-api,ea-drop-api,,fc27,2026-08-28T08:51:40.553Z
239761,Frida Maanum,Frida,Maanum,,1999-07-16,27,Norway,Norway,36,173,58,Arsenal,116009,Barclays WSL,,CAM,"CAM, ST",ST,Midfielder,Right,84,,72,70,73,82,85,82,86,57,67,85,83,86,77,76,86,85,75,83,75,67,80,85,80,72,82,60,61,80,74,67,68,83,61,60,3,3,13,17,15,9,17,,,,,"Power Shot, Incisive Pass, Press Proven, Relentless",,Women's Football,1,ea-drop-api,239761,https://www.ea.com/games/ea-sports-fc/ratings?playerId=239761,ea-drop-api,ea-drop-api,,fc27,2026-08-28T08:51:40.553Z
247789,Merle Frohms,Merle,Frohms,,1995-01-28,31,Germany,Germany,21,175,60,Real Madrid,116326,Liga F Moeve,,GK,GK,,Defense,Right,84,,81,45,59,82,8,57,7,7,18,7,76,31,9,10,28,38,11,84,61,44,80,20,44,51,18,10,6,13,11,85,67,29,70,20,3,1,81,82,76,85,84,,,,,Far Reach,Deflector+,Women's Football,1,ea-drop-api,247789,https://www.ea.com/games/ea-sports-fc/ratings?playerId=247789,ea-drop-api,ea-drop-api,,fc27,2026-08-28T08:51:40.553Z
262093,Sjoeke Nüsken,Sjoeke,Nüsken,,2001-01-22,25,Germany,Germany,21,173,58,Chelsea,116010,Barclays WSL,,CDM,"CDM, CB",CB,Midfielder,Right,84,,70,69,71,73,79,62,80,47,57,79,78,82,62,60,86,84,61,80,66,81,83,83,70,82,83,74,83,84,80,76,79,80,74,77,3,2,13,6,8,10,9,,,,,"Precision Header, Anticipate, Aerial Fortress, Bruiser",,Women's Football,1,ea-drop-api,262093,https://www.ea.com/games/ea-sports-fc/ratings?playerId=262093,ea-drop-api,ea-drop-api,,fc27,2026-08-28T08:51:40.553Z
265536,Damaris Egurrola,Damaris Berta,Egurrola Wienke,Damaris Egurrola,1999-08-26,27,Netherlands,Holland,34,176,65,OL Lyonnes,116033,Arkema PL,,CM,"CM, CDM, CAM","CDM, CAM",Midfielder,Left,84,,62,58,65,71,75,65,71,57,61,77,82,84,79,57,86,89,68,81,78,50,83,85,82,81,84,85,79,81,73,82,84,83,84,76,3,3,9,6,7,14,8,,,,,"Precision Header, Aerial Fortress",,Women's Football,1,ea-drop-api,265536,https://www.ea.com/games/ea-sports-fc/ratings?playerId=265536,ea-drop-api,ea-drop-api,,fc27,2026-08-28T08:51:40.553Z
240717,Lineth Beerensteyn,Lineth,Beerensteyn,,1996-10-11,29,Netherlands,Holland,34,162,60,VfL Wolfsburg,115998,GPFBL,,LW,"LW, ST, LM","ST, LM",Attack,Right,84,,90,91,90,80,88,77,74,65,64,84,73,72,71,57,82,61,72,86,82,88,85,87,77,52,48,69,52,52,45,76,85,80,76,68,2,4,14,16,16,13,16,,,,,"Finesse Shot, Precision Header, Gamechanger, Technical, Quick Step",,Women's Football,1,ea-drop-api,240717,https://www.ea.com/games/ea-sports-fc/ratings?playerId=240717,ea-drop-api,ea-drop-api,,fc27,2026-08-28T08:51:40.553Z
238470,Sara Doorsoun,Sara,Doorsoun,,1991-11-17,34,Germany,Germany,21,170,58,Angel City FC,116311,NWSL,,CB,CB,,Defense,Right,84,,77,74,79,62,58,68,63,58,81,57,74,74,66,42,83,79,64,76,82,83,84,81,79,85,83,81,86,85,86,82,88,83,81,82,3,2,11,15,12,13,8,,,,,"Long Ball Pass, Block, Slide Tackle",,Women's Football,1,ea-drop-api,238470,https://www.ea.com/games/ea-sports-fc/ratings?playerId=238470,ea-drop-api,ea-drop-api,,fc27,2026-08-28T08:51:40.553Z
242896,Ingrid Syrstad Engen,Ingrid Syrstad,Engen,,1998-04-29,28,Norway,Norway,36,177,67,OL Lyonnes,116033,Arkema PL,,CB,"CB, CDM, CM","CDM, CM",Defense,Right,84,,72,70,73,61,60,73,51,65,51,76,80,78,75,51,88,82,69,74,60,61,81,80,84,85,86,82,86,86,82,80,87,70,84,79,3,3,11,14,12,14,8,,,,,,,Women's Football,1,ea-drop-api,242896,https://www.ea.com/games/ea-sports-fc/ratings?playerId=242896,ea-drop-api,ea-drop-api,,fc27,2026-08-28T08:51:40.553Z
247504,Mary Earps,Mary,Earps,,1993-03-07,33,England,England,14,173,68,Paris SG,116034,Arkema PL,,GK,GK,,Defense,Right,84,,81,44,36,80,10,62,13,12,26,10,83,68,13,12,31,29,14,82,29,40,83,20,35,41,14,7,11,15,14,84,64,38,63,31,3,1,81,80,83,84,82,,,,,Footwork,,Women's Football,1,ea-drop-api,247504,https://www.ea.com/games/ea-sports-fc/ratings?playerId=247504,ea-drop-api,ea-drop-api,,fc27,2026-08-28T08:51:40.553Z
240030,Ellie Carpenter,Ellie,Carpenter,,2000-04-28,26,Australia,Australia,195,164,60,Chelsea,116010,Barclays WSL,,RB,"RB, RM",RM,Defense,Right,84,,82,84,81,51,45,68,48,42,43,60,79,67,87,41,84,85,77,77,71,77,78,80,84,82,83,68,79,87,83,79,85,74,81,78,3,3,9,17,15,11,14,,,,,"Block, Rapid, Long Throw",,Women's Football,1,ea-drop-api,240030,https://www.ea.com/games/ea-sports-fc/ratings?playerId=240030,ea-drop-api,ea-drop-api,,fc27,2026-08-28T08:51:40.553Z
265293,Maya Le Tissier,Maya,Le Tissier,,2002-04-18,24,England,England,14,171,59,Manchester Utd,116012,Barclays WSL,,CB,"CB, RB",RB,Defense,Right,84,,76,77,76,58,60,67,45,56,63,59,77,61,78,58,86,82,70,73,72,66,82,85,76,86,86,84,88,86,85,80,87,91,74,79,3,3,13,9,12,8,15,,,,,"Pinged Pass, Long Ball Pass, Block, Slide Tackle",Jockey+,Women's Football,1,ea-drop-api,265293,https://www.ea.com/games/ea-sports-fc/ratings?playerId=265293,ea-drop-api,ea-drop-api,,fc27,2026-08-28T08:51:40.553Z
248717,Lena Oberdorf,Lena,Oberdorf,,2001-12-19,24,Germany,Germany,21,174,68,FC Bayern München,115995,GPFBL,,CDM,"CDM, CM",CM,Midfielder,Right,84,,61,70,53,62,56,80,60,57,57,70,77,80,67,63,83,80,62,75,68,71,82,80,82,85,85,79,88,87,80,85,87,77,88,85,3,3,14,14,9,11,11,,,,,"Power Shot, Intercept, Slide Tackle, Aerial Fortress, Press Proven, Bruiser",Anticipate+,Women's Football,1,ea-drop-api,248717,https://www.ea.com/games/ea-sports-fc/ratings?playerId=248717,ea-drop-api,ea-drop-api,,fc27,2026-08-28T08:51:40.553Z
248343,Emily Fox,Emily,Fox,,1998-07-05,28,USA,United States,95,165,57,Arsenal,116009,Barclays WSL,,RB,"RB, LB, RM","LB, RM",Defense,Right,84,,73,71,75,47,45,50,50,33,47,59,71,57,80,50,79,68,71,79,81,76,82,85,74,83,84,68,86,83,85,74,76,92,72,57,4,3,15,6,14,8,12,,,,,"Tiki Taka, Rapid, Relentless",,Women's Football,1,ea-drop-api,248343,https://www.ea.com/games/ea-sports-fc/ratings?playerId=248343,ea-drop-api,ea-drop-api,,fc27,2026-08-28T08:51:40.553Z
264886,Glódís Perla Viggósdóttir,Glódís Perla,Viggósdóttir,,1995-06-27,31,Iceland,Iceland,24,173,68,FC Bayern München,115995,GPFBL,,CB,CB,,Defense,Right,84,,73,73,73,54,53,64,48,49,64,34,70,69,42,58,84,82,63,61,66,76,86,80,73,86,83,86,88,86,84,83,89,89,80,80,3,2,6,13,6,8,14,,,,,"Long Ball Pass, Slide Tackle, Aerial Fortress",,Women's Football,1,ea-drop-api,264886,https://www.ea.com/games/ea-sports-fc/ratings?playerId=264886,ea-drop-api,ea-drop-api,,fc27,2026-08-28T08:51:40.553Z
233244,Esther,Esther,González Rodríguez,Esther,1992-12-08,33,Spain,Spain,45,163,55,Gotham FC,116310,NWSL,,ST,ST,,Attack,Right,84,,80,79,80,84,87,82,80,80,76,87,72,78,58,63,84,63,53,83,68,71,87,87,65,31,21,80,24,29,30,72,83,72,66,82,4,3,10,6,13,9,11,,,,,"Precision Header, Gamechanger",,Women's Football,1,ea-drop-api,233244,https://www.ea.com/games/ea-sports-fc/ratings?playerId=233244,ea-drop-api,ea-drop-api,,fc27,2026-08-28T08:51:40.553Z
246774,Alba Redondo,Alba,Redondo Ferrer,Alba Redondo,1996-08-27,30,Spain,Spain,45,170,59,Real Madrid,116326,Liga F Moeve,,ST,"ST, LW, RW, LM","LW, RW, LM",Attack,Right,84,,84,85,83,85,87,85,82,80,75,87,70,66,65,59,81,64,59,84,83,76,88,85,75,26,21,82,16,23,18,64,86,75,67,37,3,4,10,13,6,9,7,,,,,"Finesse Shot, Low Driven Shot, Gamechanger, First Touch, Quick Step",,Women's Football,1,ea-drop-api,246774,https://www.ea.com/games/ea-sports-fc/ratings?playerId=246774,ea-drop-api,ea-drop-api,,fc27,2026-08-28T08:51:40.553Z
247790,Lena Lattwein,Lena,Lattwein,,2000-05-02,26,Germany,Germany,21,176,65,VfL Wolfsburg,115998,GPFBL,,CM,"CM, CDM",CDM,Midfielder,Right,83,,69,64,73,74,72,75,76,67,73,79,80,84,69,66,84,83,75,82,79,77,82,86,74,78,82,62,83,77,71,83,77,84,85,78,4,3,7,11,11,13,6,,,,,"Incisive Pass, Aerial Fortress, Press Proven",,Women's Football,1,ea-drop-api,247790,https://www.ea.com/games/ea-sports-fc/ratings?playerId=247790,ea-drop-api,ea-drop-api,,fc27,2026-08-28T08:51:40.553Z
266933,Arianna Caruso,Arianna,Caruso,,1999-11-06,26,Italy,Italy,27,165,55,FC Bayern München,115995,GPFBL,,CM,CM,,Midfielder,Right,83,,74,75,73,80,83,74,80,86,75,83,82,84,79,79,86,78,80,87,81,81,84,89,79,71,73,73,66,76,67,72,77,85,64,73,3,4,15,13,13,11,7,,,,,"Incisive Pass, Technical, First Touch, Relentless",,Women's Football,1,ea-drop-api,266933,https://www.ea.com/games/ea-sports-fc/ratings?playerId=266933,ea-drop-api,ea-drop-api,,fc27,2026-08-28T08:51:40.553Z
264947,Nicole Anyomi,Nicole,Anyomi,,2000-02-10,26,Germany,Germany,21,170,63,Frankfurt,115997,GPFBL,,ST,"ST, CAM",CAM,Attack,Right,83,,90,90,90,79,82,80,76,72,58,81,73,71,72,64,82,64,64,84,84,84,78,86,79,55,45,85,45,59,64,83,95,84,89,64,4,4,6,15,11,9,7,,,,,"Jockey, Technical, Trickster, Quick Step",,Women's Football,1,ea-drop-api,264947,https://www.ea.com/games/ea-sports-fc/ratings?playerId=264947,ea-drop-api,ea-drop-api,,fc27,2026-08-28T08:51:40.553Z
227353,Kenza Dali,Kenza,Dali,,1991-07-31,35,France,France,18,165,61,San Diego Wave,116312,NWSL,,CM,"CM, CDM",CDM,Midfielder,Right,83,,73,80,68,79,79,80,80,68,68,83,82,84,78,77,84,80,82,85,76,84,81,85,80,68,77,57,69,72,49,73,77,85,75,51,3,4,11,8,16,15,11,,,,,"Dead Ball, Incisive Pass, Inventive, Technical, First Touch, Relentless",,Women's Football,1,ea-drop-api,227353,https://www.ea.com/games/ea-sports-fc/ratings?playerId=227353,ea-drop-api,ea-drop-api,,fc27,2026-08-28T08:51:40.553Z
262330,Catarina Macario,Catarina,Cantanhede Macario,Catarina Macario,1999-10-04,26,USA,United States,95,165,58,Chelsea,116010,Barclays WSL,,CAM,"CAM, ST, CM","ST, CM",Midfielder,Right,83,,83,81,84,82,83,82,86,74,76,80,80,81,79,80,80,74,90,86,85,84,78,88,86,57,59,72,53,59,47,72,83,74,71,70,3,4,12,7,14,7,13,,,,,"Dead Ball, Gamechanger, Technical",,Women's Football,1,ea-drop-api,262330,https://www.ea.com/games/ea-sports-fc/ratings?playerId=262330,ea-drop-api,ea-drop-api,,fc27,2026-08-28T08:51:40.553Z
246178,Pauline Peyraud-Magnin,Pauline,Peyraud-Magnin,,1992-03-17,34,France,France,18,175,63,Juventus,116280,Calcio A Femminile,,GK,GK,,Defense,Left,83,,80,51,40,80,11,62,11,9,12,10,82,31,13,15,29,25,17,84,58,44,80,22,38,47,19,11,15,14,15,83,57,35,43,24,2,1,80,80,82,83,84,,,,,"Far Reach, Deflector",,Women's Football,1,ea-drop-api,246178,https://www.ea.com/games/ea-sports-fc/ratings?playerId=246178,ea-drop-api,ea-drop-api,,fc27,2026-08-28T08:51:40.553Z
261740,Jule Brand,Jule,Brand,,2002-10-16,23,Germany,Germany,21,177,62,OL Lyonnes,116033,Arkema PL,,LW,"LW, LM",LM,Attack,Right,83,,91,92,91,75,79,70,76,61,56,83,78,79,78,59,83,72,68,82,85,74,81,85,76,56,50,68,53,59,55,74,77,80,73,68,4,3,8,13,9,13,7,,,,,"Gamechanger, Incisive Pass, Whipped Pass, Inventive, Rapid, Quick Step",,Women's Football,1,ea-drop-api,261740,https://www.ea.com/games/ea-sports-fc/ratings?playerId=261740,ea-drop-api,ea-drop-api,,fc27,2026-08-28T08:51:40.553Z
233751,Daniëlle van de Donk,Daniëlle,van de Donk,,1991-08-05,35,Netherlands,Holland,34,160,54,London City,132176,Barclays WSL,,CM,"CM, CDM, CAM","CDM, CAM",Midfielder,Right,83,,72,74,70,77,79,74,79,69,73,79,81,83,74,69,86,83,79,86,85,88,82,88,84,67,77,56,55,77,62,72,70,73,65,87,3,3,15,9,17,11,10,,,,,"Incisive Pass, Aerial Fortress, First Touch, Relentless, Bruiser",Press Proven+,Women's Football,1,ea-drop-api,233751,https://www.ea.com/games/ea-sports-fc/ratings?playerId=233751,ea-drop-api,ea-drop-api,,fc27,2026-08-28T08:51:40.553Z
272001,Mayra Ramírez,Mayra,Ramírez,,1999-03-23,27,Colombia,Colombia,56,178,74,Chelsea,116010,Barclays WSL,,ST,"ST, CAM",CAM,Attack,Right,83,,90,89,90,84,86,83,81,80,80,80,75,81,75,61,78,65,68,86,91,90,80,84,81,33,22,79,32,24,34,87,95,93,90,71,3,4,5,8,11,10,5,,,,,"Finesse Shot, Technical, First Touch, Quick Step, Relentless, Bruiser, Enforcer",,Women's Football,1,ea-drop-api,272001,https://www.ea.com/games/ea-sports-fc/ratings?playerId=272001,ea-drop-api,ea-drop-api,,fc27,2026-08-28T08:51:40.553Z
233756,Dominique Janssen,Dominique,Janssen,,1995-01-17,31,Netherlands,Holland,34,174,63,Manchester Utd,116012,Barclays WSL,,CDM,"CDM, CB",CB,Midfielder,Right,83,,77,75,78,59,54,75,54,47,66,63,76,70,64,74,84,80,74,76,72,76,82,82,78,84,83,84,85,84,87,82,90,80,81,85,5,2,17,15,16,15,16,,,,,"Block, Aerial Fortress",,Women's Football,1,ea-drop-api,233756,https://www.ea.com/games/ea-sports-fc/ratings?playerId=233756,ea-drop-api,ea-drop-api,,fc27,2026-08-28T08:51:40.553Z
267212,Phallon Tullis-Joyce,Phallon,Tullis-Joyce,,1996-10-19,29,USA,United States,95,185,61,Manchester Utd,116012,Barclays WSL,,GK,GK,,Defense,Right,83,,82,44,45,81,11,60,19,9,18,13,80,31,12,15,24,28,12,84,53,58,83,17,32,44,8,12,12,15,13,83,65,26,65,17,2,1,82,81,80,83,84,,,,,"Far Throw, Cross Claimer, Deflector",,Women's Football,1,ea-drop-api,267212,https://www.ea.com/games/ea-sports-fc/ratings?playerId=267212,ea-drop-api,ea-drop-api,,fc27,2026-08-28T08:51:40.553Z
267268,Vanessa DiBernardo,Vanessa,DiBernardo,,1992-05-15,34,USA,United States,95,163,53,KC Current,116309,NWSL,,CAM,"CAM, CDM, CM","CDM, CM",Midfielder,Right,83,,75,76,75,76,76,76,77,66,71,86,81,85,75,77,85,78,70,84,85,85,80,85,81,65,73,53,60,73,48,73,72,82,71,65,3,4,14,6,6,12,14,,,,,Incisive Pass,,Women's Football,1,ea-drop-api,267268,https://www.ea.com/games/ea-sports-fc/ratings?playerId=267268,ea-drop-api,ea-drop-api,,fc27,2026-08-28T08:51:40.553Z
265025,Selina Cerci,Selina,Cerci,,2000-05-31,26,Germany,Germany,21,171,63,TSG Hoffenheim,115999,GPFBL,,ST,ST,,Attack,Right,83,,82,84,80,82,85,82,80,78,71,84,75,76,72,69,79,68,76,81,85,82,83,85,78,53,54,82,40,54,58,79,93,79,83,67,4,4,12,13,10,11,10,,,,,"Low Driven Shot, Technical",,Women's Football,1,ea-drop-api,265025,https://www.ea.com/games/ea-sports-fc/ratings?playerId=265025,ea-drop-api,ea-drop-api,,fc27,2026-08-28T08:51:40.553Z
232074,Emily Sonnett,Emily,Sonnett,,1993-11-25,32,USA,United States,95,170,62,Gotham FC,116310,NWSL,,CB,CB,,Defense,Right,83,,76,77,76,57,48,74,61,58,47,64,75,74,70,57,82,73,75,74,56,88,80,81,76,84,81,78,87,86,77,83,89,82,83,84,3,3,14,8,12,12,10,,,,,"Intercept, Anticipate, Relentless, Bruiser",,Women's Football,1,ea-drop-api,232074,https://www.ea.com/games/ea-sports-fc/ratings?playerId=232074,ea-drop-api,ea-drop-api,,fc27,2026-08-28T08:51:40.553Z
258680,Daphne van Domselaar,Daphne,van Domselaar,,2000-03-06,26,Netherlands,Holland,34,176,66,Arsenal,116009,Barclays WSL,,GK,GK,,Defense,Right,83,,82,36,45,81,6,61,8,7,19,8,81,46,12,14,31,16,10,82,37,46,83,18,25,40,8,10,6,14,13,83,49,21,34,18,2,1,82,81,81,83,82,,,,,"Footwork, Far Reach",,Women's Football,1,ea-drop-api,258680,https://www.ea.com/games/ea-sports-fc/ratings?playerId=258680,ea-drop-api,ea-drop-api,,fc27,2026-08-28T08:51:40.553Z
237673,Kailen Sheridan,Kailen,Sheridan,,1995-07-16,31,Canada,Canada,70,176,72,San Diego Wave,116312,NWSL,,GK,GK,,Defense,Right,83,,81,38,45,80,10,59,17,9,25,15,79,63,13,15,57,55,13,85,58,46,79,37,61,41,13,17,18,14,13,82,65,40,64,26,2,1,81,80,79,82,85,,,,,"Long Ball Pass, Far Throw, Far Reach",,Women's Football,1,ea-drop-api,237673,https://www.ea.com/games/ea-sports-fc/ratings?playerId=237673,ea-drop-api,ea-drop-api,,fc27,2026-08-28T08:51:40.553Z
266816,Aubrey Kingsbury,Aubrey,Kingsbury,,1991-11-20,34,USA,United States,95,175,65,Washington Spirit,116304,NWSL,,GK,GK,,Defense,Right,83,,84,37,47,82,8,54,5,7,11,13,72,60,10,12,54,52,10,85,53,45,79,38,50,41,13,11,13,14,11,83,50,23,35,23,2,1,84,82,72,83,85,,,,,Far Throw,,Women's Football,1,ea-drop-api,266816,https://www.ea.com/games/ea-sports-fc/ratings?playerId=266816,ea-drop-api,ea-drop-api,,fc27,2026-08-28T08:51:40.553Z
227072,Barbara Bonansea,Barbara,Bonansea,,1991-06-13,35,Italy,Italy,27,173,60,Juventus,116280,Calcio A Femminile,,LM,"LM, LW",LW,Midfielder,Right,83,,79,80,79,81,83,79,79,79,71,87,77,80,76,68,79,77,73,83,78,68,88,84,82,38,29,75,28,45,30,74,82,83,70,69,5,4,16,15,14,10,11,,,,,"Technical, Quick Step",,Women's Football,1,ea-drop-api,227072,https://www.ea.com/games/ea-sports-fc/ratings?playerId=227072,ea-drop-api,ea-drop-api,,fc27,2026-08-28T08:51:40.553Z
227255,Fran Kirby,Fran,Kirby,,1993-06-29,33,England,England,14,157,52,Brighton,116013,Barclays WSL,,CAM,"CAM, RW, CM","RW, CM",Midfielder,Right,83,,84,86,82,82,80,87,80,88,78,85,77,78,73,71,80,77,74,86,88,93,82,86,82,42,35,71,36,43,39,60,78,72,58,45,4,4,13,9,12,16,16,,,,,"Finesse Shot, Technical",,Women's Football,1,ea-drop-api,227255,https://www.ea.com/games/ea-sports-fc/ratings?playerId=227255,ea-drop-api,ea-drop-api,,fc27,2026-08-28T08:51:40.553Z
239345,Linda Dallmann,Linda,Dallmann,,1994-09-02,31,Germany,Germany,21,158,51,FC Bayern München,115995,GPFBL,,RM,"RM, CAM, RW","CAM, RW",Midfielder,Right,83,,77,79,75,76,84,67,70,69,65,84,80,82,74,65,85,79,75,87,91,91,84,86,76,46,50,34,46,48,44,58,55,79,49,57,4,4,8,13,16,9,13,,,,,"Finesse Shot, Incisive Pass, Technical",,Women's Football,1,ea-drop-api,239345,https://www.ea.com/games/ea-sports-fc/ratings?playerId=239345,ea-drop-api,ea-drop-api,,fc27,2026-08-28T08:51:40.553Z
259372,Athenea,Athenea,del Castillo,Athenea,2000-10-24,25,Spain,Spain,45,160,52,Real Madrid,116326,Liga F Moeve,,RW,"RW, RM, LM","RM, LM",Attack,Right,83,,86,84,87,78,82,75,72,85,63,82,75,80,82,60,81,57,60,83,83,73,81,85,72,25,26,74,16,20,16,72,83,78,69,70,5,4,10,10,11,11,8,,,,,"Low Driven Shot, Rapid, Quick Step",,Women's Football,1,ea-drop-api,259372,https://www.ea.com/games/ea-sports-fc/ratings?playerId=259372,ea-drop-api,ea-drop-api,,fc27,2026-08-28T08:51:40.553Z
227346,Griedge Mbock,Griedge,Mbock,,1995-02-26,31,France,France,18,172,68,Paris SG,116034,Arkema PL,,CB,CB,,Defense,Right,83,,64,64,64,55,51,73,48,44,59,53,66,50,59,45,80,77,54,66,61,53,76,73,79,84,81,88,81,88,82,83,83,68,90,84,3,2,7,16,12,12,15,,,,,"Pinged Pass, Aerial Fortress",,Women's Football,1,ea-drop-api,227346,https://www.ea.com/games/ea-sports-fc/ratings?playerId=227346,ea-drop-api,ea-drop-api,,fc27,2026-08-28T08:51:40.553Z
227069,Elena Linari,Elena,Linari,,1994-04-15,32,Italy,Italy,27,173,65,London City,132176,Barclays WSL,,CB,CB,,Defense,Right,83,,69,71,68,46,32,67,58,38,56,33,63,44,43,35,87,81,30,68,61,62,79,82,69,83,81,84,83,86,80,81,89,75,83,82,4,2,12,9,7,8,9,,,,,Long Ball Pass,,Women's Football,1,ea-drop-api,227069,https://www.ea.com/games/ea-sports-fc/ratings?playerId=227069,ea-drop-api,ea-drop-api,,fc27,2026-08-28T08:51:40.553Z
227383,Kadeisha Buchanan,Kadeisha,Buchanan,,1995-11-05,30,Canada,Canada,70,170,65,Chelsea,116010,Barclays WSL,,CB,CB,,Defense,Right,83,,67,66,68,44,34,63,49,43,45,46,58,47,31,56,75,71,51,65,64,63,76,68,81,85,84,81,90,84,81,84,88,79,88,77,3,2,13,17,9,10,17,,,,,"Long Ball Pass, Jockey, Intercept, Anticipate, Slide Tackle",,Women's Football,1,ea-drop-api,227383,https://www.ea.com/games/ea-sports-fc/ratings?playerId=227383,ea-drop-api,ea-drop-api,,fc27,2026-08-28T08:51:40.553Z
247513,Vanessa Gilles,Vanessa,Gilles,,1996-03-11,30,Canada,Canada,70,174,58,FC Bayern München,115995,GPFBL,,CB,CB,,Defense,Right,83,,58,50,64,38,27,68,32,33,38,50,54,32,25,35,79,74,38,55,44,67,76,66,64,86,82,89,87,89,81,81,79,65,89,79,3,2,8,10,9,14,12,,,,,"Precision Header, Long Ball Pass, Block, Aerial Fortress",Anticipate+,Women's Football,1,ea-drop-api,247513,https://www.ea.com/games/ea-sports-fc/ratings?playerId=247513,ea-drop-api,ea-drop-api,,fc27,2026-08-28T08:51:40.553Z
226336,Crystal Dunn,Crystal,Dunn,,1992-07-03,34,USA,United States,95,155,55,Paris SG,116034,Arkema PL,,CM,"CM, RM, LB, CAM","RM, LB, CAM",Midfielder,Right,82,,85,85,85,76,75,80,76,75,74,80,80,84,69,68,85,82,80,82,83,89,80,82,83,75,83,54,71,79,79,79,79,80,80,75,4,4,12,13,9,8,16,,,,,"Rapid, Quick Step, Relentless",,Women's Football,1,ea-drop-api,226336,https://www.ea.com/games/ea-sports-fc/ratings?playerId=226336,ea-drop-api,ea-drop-api,,fc27,2026-08-28T08:51:40.553Z
272076,Racheal Kundananji,Racheal,Kundananji,,2000-06-03,26,Zambia,Zambia,147,175,65,Bay FC,131477,NWSL,,LM,"LM, ST, LW","ST, LW",Midfielder,Right,82,,91,92,91,80,78,84,82,78,71,82,75,86,70,69,76,65,76,84,89,78,81,85,81,59,68,79,35,72,58,88,95,87,91,81,5,4,10,6,14,15,7,,,,,"Chip Shot, Precision Header, Inventive, Rapid, First Touch, Quick Step, Enforcer",,Women's Football,1,ea-drop-api,272076,https://www.ea.com/games/ea-sports-fc/ratings?playerId=272076,ea-drop-api,ea-drop-api,,fc27,2026-08-28T08:51:40.553Z
272201,Gabriela García,Gabriela,García,,1997-04-02,29,Venezuela,Venezuela,61,185,73,Atlético de Madrid,116327,Liga F Moeve,,CDM,"CDM, CM",CM,Midfielder,Right,82,,71,72,71,80,80,81,82,68,73,84,79,81,71,70,84,80,69,80,74,73,82,82,81,78,81,90,75,77,72,89,95,91,92,79,4,3,10,13,11,11,14,,,,,"Incisive Pass, Jockey, Press Proven, Relentless, Bruiser",Aerial Fortress+,Women's Football,1,ea-drop-api,272201,https://www.ea.com/games/ea-sports-fc/ratings?playerId=272201,ea-drop-api,ea-drop-api,,fc27,2026-08-28T08:51:40.553Z
245839,Hina Sugita,Hina,Sugita,,1997-01-31,29,Japan,Japan,163,161,53,Portland Thorns,116302,NWSL,,CDM,"CDM, CM",CM,Midfielder,Left,82,,75,79,71,78,80,78,77,77,69,83,82,86,78,66,86,82,68,84,92,85,84,85,76,77,81,65,77,80,72,77,79,93,73,68,5,4,12,6,14,9,12,,,,,"Finesse Shot, Incisive Pass, Block, Anticipate, Press Proven, Relentless",,Women's Football,1,ea-drop-api,245839,https://www.ea.com/games/ea-sports-fc/ratings?playerId=245839,ea-drop-api,ea-drop-api,,fc27,2026-08-28T08:51:40.553Z
267336,Lo'eau LaBonta,Lo'eau,LaBonta,,1993-03-18,33,USA,United States,95,155,55,KC Current,116309,NWSL,,CM,"CM, CDM",CDM,Midfielder,Right,82,,84,83,84,78,79,78,74,81,81,81,79,85,74,67,82,78,77,81,80,90,78,83,79,73,82,57,69,78,67,78,77,94,71,77,3,3,15,9,14,9,8,,,,,"Anticipate, Press Proven, Relentless",,Women's Football,1,ea-drop-api,267336,https://www.ea.com/games/ea-sports-fc/ratings?playerId=267336,ea-drop-api,ea-drop-api,,fc27,2026-08-28T08:51:40.553Z
233747,Sherida Spitse,Sherida,Spitse,,1990-05-29,36,Netherlands,Holland,34,167,61,Ajax,131359,Nederland Vrouwen Liga,,CB,"CB, CDM",CDM,Defense,Right,82,,67,65,69,76,67,86,84,78,87,64,83,73,82,87,86,88,91,75,69,70,77,83,87,83,84,68,85,85,86,81,78,80,83,78,3,2,16,16,7,8,11,,,,,"Dead Ball, Long Ball Pass",,Women's Football,1,ea-drop-api,233747,https://www.ea.com/games/ea-sports-fc/ratings?playerId=233747,ea-drop-api,ea-drop-api,,fc27,2026-08-28T08:51:40.553Z
227101,Emilie Haavi,Emilie,Haavi,,1992-06-16,34,Norway,Norway,36,164,59,Roma,116282,Calcio A Femminile,,LW,"LW, RW, LM","RW, LM",Attack,Right,82,,88,88,88,77,77,76,79,72,71,80,79,80,82,71,80,76,82,85,92,92,80,83,84,64,65,71,58,66,63,71,83,77,69,64,4,3,11,15,14,8,8,,,,,Rapid,,Women's Football,1,ea-drop-api,227101,https://www.ea.com/games/ea-sports-fc/ratings?playerId=227101,ea-drop-api,ea-drop-api,,fc27,2026-08-28T08:51:40.553Z
258789,Misa,María Isabel,Rodríguez Rivero,Misa,1999-07-22,27,Spain,Spain,45,173,66,Real Madrid,116326,Liga F Moeve,,GK,GK,,Defense,Left,82,,84,59,63,77,17,58,19,17,29,14,77,30,20,21,33,27,18,80,56,55,78,18,34,61,21,15,14,18,19,84,74,30,56,31,3,1,84,77,77,84,80,,,,,"Cross Claimer, Deflector",,Women's Football,1,ea-drop-api,258789,https://www.ea.com/games/ea-sports-fc/ratings?playerId=258789,ea-drop-api,ea-drop-api,,fc27,2026-08-28T08:51:40.553Z
267238,Denise O'Sullivan,Denise,O'Sullivan,,1994-02-04,32,Ireland,Republic of Ireland,25,163,56,NC Courage,116303,NWSL,,CDM,"CDM, CM",CM,Midfielder,Right,82,,82,80,83,72,71,78,71,51,67,81,71,78,45,59,81,78,58,78,74,72,82,80,79,79,81,64,78,84,78,81,82,81,81,82,3,3,5,11,7,14,10,,,,,"Jockey, Block, Intercept, Anticipate, Slide Tackle",,Women's Football,1,ea-drop-api,267238,https://www.ea.com/games/ea-sports-fc/ratings?playerId=267238,ea-drop-api,ea-drop-api,,fc27,2026-08-28T08:51:40.553Z
267217,Sam Coffey,Sam,Coffey,,1998-12-31,27,USA,United States,95,164,60,Portland Thorns,116302,NWSL,,CM,"CM, CDM",CDM,Midfielder,Right,82,,73,71,74,72,68,79,76,59,62,79,82,85,77,72,86,81,77,78,77,82,81,82,78,77,82,66,74,81,77,79,79,85,80,68,3,3,14,13,11,6,9,,,,,"Incisive Pass, Tiki Taka, Block, Anticipate",,Women's Football,1,ea-drop-api,267217,https://www.ea.com/games/ea-sports-fc/ratings?playerId=267217,ea-drop-api,ea-drop-api,,fc27,2026-08-28T08:51:40.553Z
226335,Alyssa Naeher,Alyssa,Naeher,,1988-04-20,38,USA,United States,95,173,64,Chicago Stars FC,116305,NWSL,,GK,GK,,Defense,Right,82,,83,45,48,81,19,62,14,12,42,14,83,64,17,15,55,45,14,80,57,56,70,40,62,46,21,16,18,19,20,87,62,39,54,25,3,1,83,81,83,87,80,,,,,Deflector,Far Throw+,Women's Football,1,ea-drop-api,226335,https://www.ea.com/games/ea-sports-fc/ratings?playerId=226335,ea-drop-api,ea-drop-api,,fc27,2026-08-28T08:51:40.553Z
265035,Elisa Senß,Elisa,Senß,,1997-10-01,28,Germany,Germany,21,161,55,Frankfurt,115997,GPFBL,,CM,"CM, CAM",CAM,Midfielder,Right,82,,80,86,75,71,69,68,77,63,68,79,77,79,63,72,84,82,71,84,84,84,81,87,80,76,79,43,78,83,75,71,67,82,62,80,3,4,12,12,15,6,8,,,,,"Tiki Taka, Jockey, Technical",,Women's Football,1,ea-drop-api,265035,https://www.ea.com/games/ea-sports-fc/ratings?playerId=265035,ea-drop-api,ea-drop-api,,fc27,2026-08-28T08:51:40.553Z
265275,Leah Galton,Leah,Galton,,1994-05-24,32,England,England,14,170,61,Manchester Utd,116012,Barclays WSL,,LM,"LM, CAM, LW","CAM, LW",Midfielder,Left,82,,73,72,73,82,82,86,83,76,62,85,81,83,82,67,85,77,76,80,65,66,85,83,84,62,61,68,56,67,60,79,82,81,85,62,3,4,5,14,14,5,7,,,,,"Aerial Fortress, Rapid, Enforcer",,Women's Football,1,ea-drop-api,265275,https://www.ea.com/games/ea-sports-fc/ratings?playerId=265275,ea-drop-api,ea-drop-api,,fc27,2026-08-28T08:51:40.553Z
236640,Lynn Biyendolo,Lynn,Biyendolo,,1993-05-21,33,USA,United States,95,172,62,Seattle Reign,116300,NWSL,,ST,"ST, CAM",CAM,Attack,Right,82,,89,89,89,80,79,83,78,78,76,86,75,77,75,73,78,69,70,82,85,81,84,84,83,53,46,81,40,66,42,75,92,83,75,59,3,4,14,8,14,8,10,,,,,"Finesse Shot, Aerial Fortress, Rapid, Quick Step",,Women's Football,1,ea-drop-api,236640,https://www.ea.com/games/ea-sports-fc/ratings?playerId=236640,ea-drop-api,ea-drop-api,,fc27,2026-08-28T08:51:40.553Z
273946,Korbin Shrader,Korbin,Shrader,,2003-10-13,22,USA,United States,95,172,62,OL Lyonnes,116033,Arkema PL,,CM,"CM, CDM",CDM,Midfielder,Right,82,,74,71,76,76,72,81,84,59,68,80,78,85,65,66,85,83,59,80,72,61,79,84,80,71,82,59,63,76,65,74,73,78,73,70,3,3,8,11,12,10,6,,,,,Technical,,Women's Football,1,ea-drop-api,273946,https://www.ea.com/games/ea-sports-fc/ratings?playerId=273946,ea-drop-api,ea-drop-api,,fc27,2026-08-28T08:51:40.553Z
264895,Constance Picaud,Constance,Picaud,,1998-07-05,28,France,France,18,180,62,FC Fleury 91,116036,Arkema PL,,GK,GK,,Defense,Right,82,,82,46,49,79,9,57,9,10,15,11,76,45,11,13,31,27,14,85,48,51,79,30,43,47,18,13,20,11,10,82,54,30,39,25,2,1,82,79,76,82,85,,,,,Far Reach,,Women's Football,1,ea-drop-api,264895,https://www.ea.com/games/ea-sports-fc/ratings?playerId=264895,ea-drop-api,ea-drop-api,,fc27,2026-08-28T08:51:40.553Z
272208,Manuela Vanegas,Manuela,Vanegas,,2000-11-09,25,Colombia,Colombia,56,167,68,Brighton,116013,Barclays WSL,,CB,CB,,Defense,Left,82,,80,78,81,61,50,77,73,43,70,60,73,61,64,75,83,77,77,72,84,82,80,72,81,82,82,88,80,82,81,83,95,72,89,77,2,2,13,9,11,6,8,,,,,"Dead Ball, Jockey, Slide Tackle, Aerial Fortress, Bruiser",,Women's Football,1,ea-drop-api,272208,https://www.ea.com/games/ea-sports-fc/ratings?playerId=272208,ea-drop-api,ea-drop-api,,fc27,2026-08-28T08:51:40.553Z
227348,Viviane Asseyi,Viviane,Asseyi,,1993-11-20,32,France,France,18,163,59,West Ham,116014,Barclays WSL,,LM,"LM, ST, LB","ST, LB",Midfielder,Right,82,,88,85,90,82,83,83,80,70,78,85,77,79,78,78,80,67,74,81,79,78,78,83,78,50,48,75,45,52,40,71,87,72,77,49,3,3,8,16,13,7,13,,,,,"Dead Ball, Rapid",,Women's Football,1,ea-drop-api,227348,https://www.ea.com/games/ea-sports-fc/ratings?playerId=227348,ea-drop-api,ea-drop-api,,fc27,2026-08-28T08:51:40.553Z
242024,Sofia Huerta,Sofia,Huerta,,1992-12-14,33,USA,United States,95,170,60,Seattle Reign,116300,NWSL,,RB,"RB, RM",RM,Defense,Right,82,,83,81,84,58,46,73,67,59,68,65,75,64,82,67,79,75,78,78,83,79,78,81,80,77,75,76,80,76,80,78,88,87,79,60,3,4,8,12,16,12,16,,,,,"Incisive Pass, Pinged Pass, Whipped Pass, Relentless",,Women's Football,1,ea-drop-api,242024,https://www.ea.com/games/ea-sports-fc/ratings?playerId=242024,ea-drop-api,ea-drop-api,,fc27,2026-08-28T08:51:40.553Z
243775,Casey Murphy,Casey,Murphy,,1996-04-25,30,USA,United States,95,185,70,NC Courage,116303,NWSL,,GK,GK,,Defense,Right,82,,84,40,41,78,12,59,11,11,19,13,78,57,16,14,51,50,14,82,58,51,71,31,54,40,15,15,12,12,16,86,60,27,54,18,2,1,84,78,78,86,82,,,,,Cross Claimer,,Women's Football,1,ea-drop-api,243775,https://www.ea.com/games/ea-sports-fc/ratings?playerId=243775,ea-drop-api,ea-drop-api,,fc27,2026-08-28T08:51:40.553Z
264980,Sofie Svava,Sofie,Svava,,2000-08-11,26,Denmark,Denmark,13,173,67,OL Lyonnes,116033,Arkema PL,,LB,"LB, LM",LM,Defense,Left,82,,86,85,86,53,52,51,54,50,68,60,73,73,79,57,75,69,72,77,73,51,78,81,71,79,79,80,78,79,78,80,85,81,81,73,3,4,12,7,14,9,11,,,,,Rapid,,Women's Football,1,ea-drop-api,264980,https://www.ea.com/games/ea-sports-fc/ratings?playerId=264980,ea-drop-api,ea-drop-api,,fc27,2026-08-28T08:51:40.553Z
265377,Vanessa Fudalla,Vanessa,Fudalla,,2001-10-21,24,Germany,Germany,21,155,54,Leverkusen,115996,GPFBL,,CAM,"CAM, ST, CM","ST, CM",Midfielder,Left,82,,85,87,84,84,85,86,86,72,77,85,74,83,57,77,79,75,69,79,71,82,83,82,69,55,67,67,33,68,44,71,80,75,69,67,3,3,10,12,7,6,11,,,,,"Power Shot, Dead Ball",,Women's Football,1,ea-drop-api,265377,https://www.ea.com/games/ea-sports-fc/ratings?playerId=265377,ea-drop-api,ea-drop-api,,fc27,2026-08-28T08:51:40.553Z
241545,Ouleymata Sarr,Ouleymata,Sarr,,1995-10-08,30,France,France,18,175,61,Washington Spirit,116304,NWSL,,ST,ST,,Attack,Right,82,,87,81,92,77,80,79,71,67,69,85,77,76,72,68,84,73,74,83,83,62,79,86,81,45,39,80,45,41,36,78,92,79,84,58,4,4,15,8,16,16,8,,,,,"Finesse Shot, Chip Shot, Rapid, Quick Step",,Women's Football,1,ea-drop-api,241545,https://www.ea.com/games/ea-sports-fc/ratings?playerId=241545,ea-drop-api,ea-drop-api,,fc27,2026-08-28T08:51:40.553Z
235659,Nikita Parris,Nikita,Parris,,1994-03-10,32,England,England,14,162,54,London City,132176,Barclays WSL,,ST,"ST, RM, RW","RM, RW",Attack,Right,82,,90,91,89,82,83,82,80,74,76,85,77,80,75,68,82,66,71,83,89,83,84,83,70,47,45,74,41,49,39,67,84,74,64,63,4,4,11,12,10,17,7,,,,,"Precision Header, Rapid, First Touch",,Women's Football,1,ea-drop-api,235659,https://www.ea.com/games/ea-sports-fc/ratings?playerId=235659,ea-drop-api,ea-drop-api,,fc27,2026-08-28T08:51:40.553Z
226897,Bia Zaneratto,Beatriz,Zaneratto João,Bia Zaneratto,1993-12-17,32,Brazil,Brazil,54,174,72,KC Current,116309,NWSL,,ST,"ST, CAM",CAM,Attack,Left,82,,72,74,71,81,86,83,76,72,64,82,73,81,60,60,79,71,72,83,84,59,86,87,74,50,46,73,40,54,50,83,86,82,85,78,3,4,13,12,17,8,11,,,,,Technical,,Women's Football,1,ea-drop-api,226897,https://www.ea.com/games/ea-sports-fc/ratings?playerId=226897,ea-drop-api,ea-drop-api,,fc27,2026-08-28T08:51:40.553Z
267339,Hailie Mace,Hailie,Mace,,1997-03-23,29,USA,United States,95,168,62,KC Current,116309,NWSL,,RB,"RB, LB, LM","LB, LM",Defense,Right,82,,76,77,75,60,48,76,72,59,47,62,75,70,75,69,79,71,79,74,81,54,80,77,74,82,82,77,84,83,80,75,85,81,73,68,3,3,12,6,15,6,14,,,,,"Incisive Pass, Pinged Pass, Long Ball Pass, Intercept",,Women's Football,1,ea-drop-api,267339,https://www.ea.com/games/ea-sports-fc/ratings?playerId=267339,ea-drop-api,ea-drop-api,,fc27,2026-08-28T08:51:40.553Z
239344,Carolin Simon,Carolin,Simon,,1992-11-24,33,Germany,Germany,21,173,66,FC Bayern München,115995,GPFBL,,LB,"LB, LM",LM,Defense,Left,82,,75,82,70,57,50,68,70,38,39,70,75,59,81,83,79,75,70,79,71,78,83,84,73,80,79,77,81,80,79,73,84,81,67,74,4,4,12,7,10,11,12,,,,,"Dead Ball, Whipped Pass, Long Throw, Bruiser",,Women's Football,1,ea-drop-api,239344,https://www.ea.com/games/ea-sports-fc/ratings?playerId=239344,ea-drop-api,ea-drop-api,,fc27,2026-08-28T08:51:40.553Z
264922,Kristin Kögel,Kristin,Kögel,,1999-09-21,26,Germany,Germany,21,157,54,Leverkusen,115996,GPFBL,,LM,"LM, LW",LW,Midfielder,Left,82,,86,88,85,79,83,73,76,75,70,84,77,79,76,78,80,74,65,80,80,84,83,83,71,46,55,69,39,40,39,69,80,79,65,65,4,3,14,9,10,8,9,,,,,Intercept,,Women's Football,1,ea-drop-api,264922,https://www.ea.com/games/ea-sports-fc/ratings?playerId=264922,ea-drop-api,ea-drop-api,,fc27,2026-08-28T08:51:40.553Z
264939,Lara Prašnikar,Lara,Prašnikar,,1998-08-08,28,Slovenia,Slovenia,44,171,64,Utah Royals FC,131478,NWSL,,ST,"ST, CAM",CAM,Attack,Right,82,,78,80,76,80,84,75,77,81,70,85,74,79,67,70,81,66,67,82,76,76,83,86,72,44,51,80,41,34,36,79,89,90,78,67,4,4,15,13,7,13,8,,,,,"Technical, First Touch",,Women's Football,1,ea-drop-api,264939,https://www.ea.com/games/ea-sports-fc/ratings?playerId=264939,ea-drop-api,ea-drop-api,,fc27,2026-08-28T08:51:40.553Z
241491,Johanna Kaneryd,Johanna,Kaneryd,,1997-02-12,29,Sweden,Sweden,46,163,58,Chelsea,116010,Barclays WSL,,RM,"RM, RW",RW,Midfielder,Right,82,,83,82,84,75,80,70,72,70,62,77,79,79,81,64,81,78,71,80,70,69,75,82,72,49,37,50,56,50,44,68,70,79,63,68,3,4,12,9,15,7,9,,,,,"Low Driven Shot, Technical, Quick Step",,Women's Football,1,ea-drop-api,241491,https://www.ea.com/games/ea-sports-fc/ratings?playerId=241491,ea-drop-api,ea-drop-api,,fc27,2026-08-28T08:51:40.553Z
258706,Melvine Malard,Melvine,Malard,,2000-06-28,26,France,France,18,171,62,Manchester Utd,116012,Barclays WSL,,LM,"LM, ST, LW","ST, LW",Midfielder,Right,82,,81,83,79,81,84,77,79,84,70,80,79,81,80,67,82,73,73,84,86,66,79,84,78,41,38,68,38,40,34,67,81,67,71,52,4,3,15,14,9,15,7,,,,,"Acrobatic, Quick Step",,Women's Football,1,ea-drop-api,258706,https://www.ea.com/games/ea-sports-fc/ratings?playerId=258706,ea-drop-api,ea-drop-api,,fc27,2026-08-28T08:51:40.553Z
226997,Saki Kumagai,Saki,Kumagai,,1990-10-17,35,Japan,Japan,163,172,63,London City,132176,Barclays WSL,,CB,"CB, CDM, CM","CDM, CM",Defense,Right,82,,45,47,44,70,77,62,74,20,60,84,76,82,60,66,85,77,57,79,56,83,82,84,70,84,81,81,87,83,83,78,78,76,77,83,4,3,9,12,14,7,9,,,,,"Long Ball Pass, Intercept, Anticipate, Press Proven",,Women's Football,1,ea-drop-api,226997,https://www.ea.com/games/ea-sports-fc/ratings?playerId=226997,ea-drop-api,ea-drop-api,,fc27,2026-08-28T08:51:40.553Z
266091,Ashley Sanchez,Ashley,Sanchez,,1999-03-16,27,USA,United States,95,163,56,NC Courage,116303,NWSL,,RW,"RW, RM, CAM","RM, CAM",Attack,Right,82,,83,84,82,75,72,76,81,76,71,84,81,86,78,70,85,76,70,84,87,83,87,85,82,38,32,75,37,31,33,70,86,81,74,42,3,4,7,6,10,9,5,,,,,"Long Ball Pass, Whipped Pass, Jockey, Anticipate, Technical",,Women's Football,1,ea-drop-api,266091,https://www.ea.com/games/ea-sports-fc/ratings?playerId=266091,ea-drop-api,ea-drop-api,,fc27,2026-08-28T08:51:40.553Z
257530,Sophia Kleinherne,Sophia,Kleinherne,,2000-04-12,26,Germany,Germany,21,169,56,VfL Wolfsburg,115998,GPFBL,,CB,CB,,Defense,Right,82,,79,73,84,46,48,62,33,33,50,33,73,65,73,30,82,79,60,73,77,83,79,83,73,84,81,82,86,84,82,74,85,72,72,79,4,3,10,6,9,9,13,,,,,"Long Ball Pass, Whipped Pass, Block, Slide Tackle",,Women's Football,1,ea-drop-api,257530,https://www.ea.com/games/ea-sports-fc/ratings?playerId=257530,ea-drop-api,ea-drop-api,,fc27,2026-08-28T08:51:40.553Z
273136,Lorena,Lorena,da Silva Leite,Lorena,1997-05-06,29,Brazil,Brazil,54,183,78,KC Current,116309,NWSL,,GK,GK,,Defense,Right,82,,79,29,29,81,15,59,22,19,33,11,78,57,17,22,55,52,20,82,24,57,82,36,46,29,12,13,11,15,14,80,55,40,50,28,2,1,79,81,78,80,82,,,,,,,Women's Football,1,ea-drop-api,273136,https://www.ea.com/games/ea-sports-fc/ratings?playerId=273136,ea-drop-api,ea-drop-api,,fc27,2026-08-28T08:51:40.553Z
264864,Kessya Bussy,Kessya,Bussy,,2001-06-19,25,France,France,18,165,52,VfL Wolfsburg,115998,GPFBL,,LW,"LW, RW, LM","RW, LM",Attack,Right,82,,84,82,86,79,81,77,80,63,74,81,76,77,78,63,78,71,74,85,83,81,75,85,77,43,37,66,34,48,43,58,69,77,49,53,3,3,8,5,7,6,6,,,,,"Finesse Shot, Low Driven Shot, Gamechanger, Technical, Quick Step",,Women's Football,1,ea-drop-api,264864,https://www.ea.com/games/ea-sports-fc/ratings?playerId=264864,ea-drop-api,ea-drop-api,,fc27,2026-08-28T08:51:40.553Z
233364,Stina Blackstenius,Stina,Blackstenius,,1996-02-05,30,Sweden,Sweden,46,174,65,Arsenal,116009,Barclays WSL,,ST,ST,,Attack,Right,82,,82,79,85,84,88,86,79,79,65,85,62,67,53,55,70,50,64,82,68,71,82,82,80,39,36,65,43,32,26,75,83,75,84,52,4,4,9,16,13,15,11,,,,,"Finesse Shot, Gamechanger, Rapid, Enforcer",,Women's Football,1,ea-drop-api,233364,https://www.ea.com/games/ea-sports-fc/ratings?playerId=233364,ea-drop-api,ea-drop-api,,fc27,2026-08-28T08:51:40.553Z
233150,Leila Ouahabi,Leila,Ouahabi El Ouahabi,Leila Ouahabi,1993-03-22,33,Spain,Spain,45,170,58,Manchester City,116017,Barclays WSL,,LB,"LB, LM",LM,Defense,Left,82,,73,74,73,52,51,59,54,30,46,60,71,47,80,44,83,73,70,72,70,72,80,81,68,81,79,77,85,81,81,74,85,79,77,58,3,3,15,7,15,13,16,,,,,Jockey,,Women's Football,1,ea-drop-api,233150,https://www.ea.com/games/ea-sports-fc/ratings?playerId=233150,ea-drop-api,ea-drop-api,,fc27,2026-08-28T08:51:40.553Z
243263,Ashley Hatch,Ashley,Hatch,,1995-05-25,31,USA,United States,95,173,65,Washington Spirit,116304,NWSL,,ST,"ST, LM, LW","LM, LW",Attack,Right,82,,70,71,69,83,83,84,82,77,79,86,73,70,63,72,84,70,61,80,83,64,84,85,81,47,45,80,40,48,39,69,85,73,77,41,4,4,12,16,12,14,14,,,,,"Precision Header, Aerial Fortress, Technical",,Women's Football,1,ea-drop-api,243263,https://www.ea.com/games/ea-sports-fc/ratings?playerId=243263,ea-drop-api,ea-drop-api,,fc27,2026-08-28T08:51:40.553Z
271944,Maria Méndez,Maria,Méndez Fernández,Maria Méndez,2001-04-10,25,Spain,Spain,45,173,63,Real Madrid,116326,Liga F Moeve,,CB,CB,,Defense,Right,82,,74,72,76,53,53,52,55,43,62,55,69,59,60,45,83,78,50,66,71,65,83,82,65,82,81,83,83,82,80,77,88,68,80,77,2,2,10,9,13,7,12,,,,,"Precision Header, Long Ball Pass, Jockey, Intercept, Aerial Fortress",,Women's Football,1,ea-drop-api,271944,https://www.ea.com/games/ea-sports-fc/ratings?playerId=271944,ea-drop-api,ea-drop-api,,fc27,2026-08-28T08:51:40.553Z
226375,Kathrin Hendrich,Kathrin,Hendrich,,1992-04-06,34,Germany,Germany,21,173,55,Chicago Stars FC,116305,NWSL,,CB,CB,,Defense,Right,82,,73,73,73,44,42,64,27,30,56,59,70,54,62,49,84,78,72,72,79,62,80,80,70,83,82,84,85,82,83,76,85,81,71,81,3,2,13,10,13,9,9,,,,,"Pinged Pass, Long Ball Pass, Jockey, Block, Anticipate, Slide Tackle",,Women's Football,1,ea-drop-api,226375,https://www.ea.com/games/ea-sports-fc/ratings?playerId=226375,ea-drop-api,ea-drop-api,,fc27,2026-08-28T08:51:40.553Z
226987,Kosovare Asllani,Kosovare,Asllani,,1989-07-29,37,Sweden,Sweden,46,166,58,London City,132176,Barclays WSL,,CAM,"CAM, CM",CM,Midfielder,Right,82,,76,77,75,80,80,78,78,85,88,85,81,86,72,78,84,82,81,79,79,79,82,80,77,46,45,62,66,28,30,56,68,71,53,44,4,4,12,12,7,11,12,,,,,"Inventive, Technical",,Women's Football,1,ea-drop-api,226987,https://www.ea.com/games/ea-sports-fc/ratings?playerId=226987,ea-drop-api,ea-drop-api,,fc27,2026-08-28T08:51:40.553Z
265849,Maëlle Lakrar,Maëlle,Lakrar,,2000-05-27,26,France,France,18,171,62,Real Madrid,116326,Liga F Moeve,,CB,CB,,Defense,Right,82,,74,70,77,46,42,61,46,36,39,48,67,59,54,39,81,76,60,70,65,56,79,79,76,83,80,83,81,87,83,77,86,75,78,76,3,2,6,9,7,12,11,,,,,Long Ball Pass,,Women's Football,1,ea-drop-api,265849,https://www.ea.com/games/ea-sports-fc/ratings?playerId=265849,ea-drop-api,ea-drop-api,,fc27,2026-08-28T08:51:40.553Z
264946,Signe Bruun,Signe,Bruun,,1998-04-06,28,Denmark,Denmark,13,178,68,Real Madrid,116326,Liga F Moeve,,ST,ST,,Attack,Right,82,,71,72,71,83,87,82,76,90,68,85,66,69,59,60,76,54,60,74,69,35,82,83,80,45,44,85,45,37,33,76,90,67,82,70,3,3,5,12,11,15,12,,,,,Precision Header,Acrobatic+,Women's Football,1,ea-drop-api,264946,https://www.ea.com/games/ea-sports-fc/ratings?playerId=264946,ea-drop-api,ea-drop-api,,fc27,2026-08-28T08:51:40.553Z
226998,Magdalena Eriksson,Magdalena,Eriksson,,1993-09-08,32,Sweden,Sweden,46,173,66,FC Bayern München,115995,GPFBL,,CB,CB,,Defense,Left,82,,58,56,59,46,40,56,44,47,56,54,72,57,73,52,80,83,63,66,70,59,83,71,84,83,79,87,88,80,80,82,85,77,83,86,3,2,7,17,12,10,9,,,,,"Precision Header, Block, Anticipate",,Women's Football,1,ea-drop-api,226998,https://www.ea.com/games/ea-sports-fc/ratings?playerId=226998,ea-drop-api,ea-drop-api,,fc27,2026-08-28T08:51:40.553Z
256489,Bethany England,Bethany,England,,1994-06-03,32,England,England,14,166,59,Spurs,116011,Barclays WSL,,ST,ST,,Attack,Right,82,,63,57,67,86,89,85,82,80,75,87,67,66,59,60,79,54,74,77,54,80,78,81,78,40,37,87,42,29,26,72,84,73,79,49,4,3,5,6,10,8,14,,,,,"Precision Header, Press Proven, Enforcer",,Women's Football,1,ea-drop-api,256489,https://www.ea.com/games/ea-sports-fc/ratings?playerId=256489,ea-drop-api,ea-drop-api,,fc27,2026-08-28T08:51:40.553Z
263012,Millie Turner,Millie,Turner,,1996-07-07,30,England,England,14,170,62,Manchester Utd,116012,Barclays WSL,,CB,"CB, CDM",CDM,Defense,Right,82,,53,56,51,50,49,62,45,35,56,48,65,54,35,48,84,80,60,66,50,66,80,78,74,84,82,78,85,87,81,77,80,69,79,82,4,2,9,11,6,7,7,,,,,"Block, Aerial Fortress",,Women's Football,1,ea-drop-api,263012,https://www.ea.com/games/ea-sports-fc/ratings?playerId=263012,ea-drop-api,ea-drop-api,,fc27,2026-08-28T08:51:40.553Z
265273,Katie Zelem,Katie,Zelem,,1996-01-20,30,England,England,14,163,53,London City,132176,Barclays WSL,,CDM,"CDM, CM",CM,Midfielder,Right,81,,68,68,68,78,79,80,79,68,79,63,82,86,75,75,85,79,87,79,66,76,77,86,84,78,75,76,80,78,75,82,83,89,79,78,3,4,5,10,13,7,6,,,,,"Dead Ball, Incisive Pass, Long Ball Pass, Aerial Fortress, Bruiser",,Women's Football,1,ea-drop-api,265273,https://www.ea.com/games/ea-sports-fc/ratings?playerId=265273,ea-drop-api,ea-drop-api,,fc27,2026-08-28T08:51:40.553Z
231736,Danielle Colaprico,Danielle,Colaprico,,1993-05-06,33,USA,United States,95,158,58,Houston Dash,116306,NWSL,,CM,"CM, CDM",CDM,Midfielder,Right,81,,81,81,81,76,77,75,76,73,71,80,78,79,68,67,84,81,70,81,81,87,79,84,76,76,81,56,80,78,69,73,73,87,65,73,4,3,7,15,16,12,8,,,,,,,Women's Football,1,ea-drop-api,231736,https://www.ea.com/games/ea-sports-fc/ratings?playerId=231736,ea-drop-api,ea-drop-api,,fc27,2026-08-28T08:51:40.553Z
227344,Sandie Toletti,Sandie,Toletti,,1995-07-13,31,France,France,18,169,58,Real Madrid,116326,Liga F Moeve,,CM,"CM, CDM, CAM","CDM, CAM",Midfielder,Right,81,,78,78,78,76,73,82,78,75,72,78,83,81,82,80,86,81,79,80,76,78,81,81,81,71,79,60,64,77,72,76,79,77,76,74,3,4,7,15,13,12,9,,,,,"Incisive Pass, Press Proven",,Women's Football,1,ea-drop-api,227344,https://www.ea.com/games/ea-sports-fc/ratings?playerId=227344,ea-drop-api,ea-drop-api,,fc27,2026-08-28T08:51:40.553Z
265252,Ashleigh Neville,Ashleigh,Neville,,1993-04-29,33,England,England,14,171,64,Spurs,116011,Barclays WSL,,RB,"RB, LB, LM, RM","LB, LM, RM",Defense,Right,81,,76,75,77,70,74,69,65,68,59,80,76,68,76,69,80,78,78,78,69,74,75,77,81,81,80,80,78,85,83,83,89,81,82,86,4,3,5,9,15,13,12,,,,,"Whipped Pass, Jockey, Intercept, Anticipate, Slide Tackle, Rapid, Relentless",,Women's Football,1,ea-drop-api,265252,https://www.ea.com/games/ea-sports-fc/ratings?playerId=265252,ea-drop-api,ea-drop-api,,fc27,2026-08-28T08:51:40.553Z
246287,Ángela Sosa,Ángela,Sosa Martín,Ángela Sosa,1993-01-16,33,Spain,Spain,45,166,56,Madrid CFF,116334,Liga F Moeve,,CAM,"CAM, CM, RM","CM, RM",Midfielder,Right,81,,77,78,77,77,73,83,79,70,80,80,83,82,84,80,85,79,90,83,83,85,70,83,84,64,63,45,70,67,55,77,77,87,72,75,3,4,7,6,9,8,13,,,,,"Finesse Shot, Dead Ball, Pinged Pass, Tiki Taka",,Women's Football,1,ea-drop-api,246287,https://www.ea.com/games/ea-sports-fc/ratings?playerId=246287,ea-drop-api,ea-drop-api,,fc27,2026-08-28T08:51:40.553Z
264963,Daphne Corboz,Daphne,Corboz,,1993-06-14,33,France,France,18,157,54,Paris FC,116035,Arkema PL,,CDM,"CDM, CM",CM,Midfielder,Right,81,,69,70,69,75,72,85,79,61,71,60,80,84,79,70,80,79,72,82,70,86,78,86,79,75,80,46,79,77,74,79,70,86,81,67,4,3,12,8,5,8,12,,,,,"Incisive Pass, Block, Anticipate",,Women's Football,1,ea-drop-api,264963,https://www.ea.com/games/ea-sports-fc/ratings?playerId=264963,ea-drop-api,ea-drop-api,,fc27,2026-08-28T08:51:40.553Z
272007,Paula Fernández,Paula,Fernández Jiménez,Paula Fernández,1999-07-01,27,Spain,Spain,45,167,62,Real Sociedad,116336,Liga F Moeve,,CM,"CM, CDM",CDM,Midfielder,Right,81,,77,76,77,70,69,72,75,63,61,76,78,80,69,70,84,79,66,79,75,74,80,81,77,78,81,72,81,81,61,78,85,89,81,56,3,3,9,6,14,9,7,,,,,"Tiki Taka, Intercept, Anticipate, First Touch, Press Proven, Relentless",,Women's Football,1,ea-drop-api,272007,https://www.ea.com/games/ea-sports-fc/ratings?playerId=272007,ea-drop-api,ea-drop-api,,fc27,2026-08-28T08:51:40.553Z
267384,Taylor Flint,Taylor,Flint,,1998-11-22,27,USA,United States,95,185,73,Rac. Louisville,116308,NWSL,,CDM,"CDM, CM",CM,Midfielder,Right,81,,69,66,71,74,74,80,74,58,72,74,74,81,62,69,80,70,67,77,69,49,81,80,86,79,85,86,70,85,70,86,84,83,90,80,4,3,15,7,5,9,12,,,,,"Precision Header, Intercept, Anticipate, Aerial Fortress",,Women's Football,1,ea-drop-api,267384,https://www.ea.com/games/ea-sports-fc/ratings?playerId=267384,ea-drop-api,ea-drop-api,,fc27,2026-08-28T08:51:40.553Z
235657,Rachel Daly,Rachel,Daly,,1991-12-06,34,England,England,14,167,62,Aston Villa,116015,Barclays WSL,,ST,"ST, CAM, CM","CAM, CM",Attack,Right,81,,79,82,77,81,82,85,75,77,85,85,76,79,79,52,80,66,77,80,76,67,82,83,70,64,45,77,69,68,64,76,90,81,80,54,3,4,12,9,14,9,17,,,,,"Finesse Shot, Low Driven Shot",,Women's Football,1,ea-drop-api,235657,https://www.ea.com/games/ea-sports-fc/ratings?playerId=235657,ea-drop-api,ea-drop-api,,fc27,2026-08-28T08:51:40.553Z
233852,Jackie Groenen,Jackie,Groenen,,1994-12-17,31,Netherlands,Holland,34,165,60,Paris SG,116034,Arkema PL,,CM,"CM, CDM",CDM,Midfielder,Right,81,,80,78,81,66,59,76,71,63,58,75,81,86,79,60,84,81,71,82,80,89,80,80,83,72,78,59,67,78,71,74,76,81,72,68,4,3,13,11,7,16,7,,,,,Press Proven,,Women's Football,1,ea-drop-api,233852,https://www.ea.com/games/ea-sports-fc/ratings?playerId=233852,ea-drop-api,ea-drop-api,,fc27,2026-08-28T08:51:40.553Z
258576,Tere Abelleira,Teresa José,Abelleira Dueñas,Tere Abelleira,2000-01-09,26,Spain,Spain,45,160,59,Real Madrid,116326,Liga F Moeve,,CM,"CM, CDM, CAM","CDM, CAM",Midfielder,Right,81,,74,72,76,76,73,83,83,55,65,74,79,81,64,80,84,82,79,82,86,88,77,83,82,72,81,48,80,70,62,72,68,82,71,65,4,4,14,10,11,11,13,,,,,"Dead Ball, Incisive Pass, Long Ball Pass, Tiki Taka, Inventive, First Touch, Press Proven",,Women's Football,1,ea-drop-api,258576,https://www.ea.com/games/ea-sports-fc/ratings?playerId=258576,ea-drop-api,ea-drop-api,,fc27,2026-08-28T08:51:40.553Z
267201,Jess Fishlock,Jess,Fishlock,,1987-01-14,39,Wales,Wales,50,157,54,Seattle Reign,116300,NWSL,,CM,"CM, CDM, CAM","CDM, CAM",Midfielder,Right,81,,73,74,72,77,77,79,77,78,71,83,79,86,66,69,85,78,75,82,74,89,77,86,83,73,75,54,76,76,67,71,70,79,69,67,4,4,5,13,5,14,7,,,,,Incisive Pass,,Women's Football,1,ea-drop-api,267201,https://www.ea.com/games/ea-sports-fc/ratings?playerId=267201,ea-drop-api,ea-drop-api,,fc27,2026-08-28T08:51:40.553Z
262545,Amaiur Sarriegi,Amaiur,Sarriegi Isasa,Amaiur Sarriegi,2000-12-13,25,Spain,Spain,45,168,59,Atlético de Madrid,116327,Liga F Moeve,,ST,"ST, RW, LW, RM","RW, LW, RM",Attack,Right,81,,88,87,88,78,82,78,75,65,67,80,75,74,75,58,79,73,70,84,89,92,80,84,82,47,35,79,32,58,49,81,93,91,82,61,4,4,11,12,9,12,9,,,,,"Finesse Shot, Low Driven Shot, Gamechanger, Technical, First Touch, Quick Step, Relentless",,Women's Football,1,ea-drop-api,262545,https://www.ea.com/games/ea-sports-fc/ratings?playerId=262545,ea-drop-api,ea-drop-api,,fc27,2026-08-28T08:51:40.553Z
263007,Niamh Charles,Niamh,Charles,,1999-06-21,27,England,England,14,172,64,Chelsea,116010,Barclays WSL,,LB,"LB, RM, RB, LM","RM, RB, LM",Defense,Right,81,,81,82,80,66,67,67,62,61,56,75,79,80,80,45,84,79,77,76,69,74,78,80,81,78,79,76,78,79,77,70,84,83,68,57,5,3,5,10,12,10,9,,,,,"Jockey, Aerial Fortress, Rapid, Long Throw",,Women's Football,1,ea-drop-api,263007,https://www.ea.com/games/ea-sports-fc/ratings?playerId=263007,ea-drop-api,ea-drop-api,,fc27,2026-08-28T08:51:40.553Z
227204,Lola Gallardo,Dolores,Gallardo Núñez,Lola Gallardo,1993-06-10,33,Spain,Spain,45,173,57,Atlético de Madrid,116327,Liga F Moeve,,GK,GK,,Defense,Right,81,,83,49,54,77,12,56,18,14,23,15,75,21,22,22,30,27,15,82,57,60,77,22,52,51,18,14,17,16,20,80,70,35,72,26,2,1,83,77,75,80,82,,,,,"Long Ball Pass, Footwork",Far Reach+,Women's Football,1,ea-drop-api,227204,https://www.ea.com/games/ea-sports-fc/ratings?playerId=227204,ea-drop-api,ea-drop-api,,fc27,2026-08-28T08:51:40.553Z
248794,Geyse,Geyse,da Silva Ferreira,Geyse,1998-03-27,28,Brazil,Brazil,54,169,60,Gotham FC,116310,NWSL,,RM,"RM, RW",RW,Midfielder,Right,81,,91,90,91,78,79,77,79,76,72,84,73,73,67,64,79,69,77,85,92,92,80,85,82,34,24,71,32,27,47,87,86,84,89,85,3,4,13,12,9,6,10,,,,,"Gamechanger, Technical, Trickster, Quick Step",,Women's Football,1,ea-drop-api,248794,https://www.ea.com/games/ea-sports-fc/ratings?playerId=248794,ea-drop-api,ea-drop-api,,fc27,2026-08-28T08:51:40.553Z
264903,Sarah Zadrazil,Sarah,Zadrazil,,1993-02-19,33,Austria,Austria,4,168,61,FC Bayern München,115995,GPFBL,,CDM,"CDM, CM",CM,Midfielder,Right,81,,66,63,68,69,69,70,73,54,65,71,73,79,45,56,86,80,61,80,73,89,84,83,67,75,74,68,76,78,70,85,80,88,90,72,3,4,8,10,15,12,8,,,,,"Incisive Pass, Aerial Fortress, Press Proven, Relentless, Bruiser",,Women's Football,1,ea-drop-api,264903,https://www.ea.com/games/ea-sports-fc/ratings?playerId=264903,ea-drop-api,ea-drop-api,,fc27,2026-08-28T08:51:40.553Z
265076,Rafaela Borggräfe,Rafaela,Borggräfe,,2000-03-05,26,Germany,Germany,21,174,64,Liverpool,116343,Barclays WSL,,GK,GK,,Defense,Right,81,,82,49,43,77,15,59,19,5,50,5,79,21,31,34,30,35,16,82,52,44,79,35,35,47,20,7,16,16,14,81,57,36,48,27,2,1,82,77,79,81,82,,,,,"Long Ball Pass, Far Throw, Footwork, Cross Claimer",,Women's Football,1,ea-drop-api,265076,https://www.ea.com/games/ea-sports-fc/ratings?playerId=265076,ea-drop-api,ea-drop-api,,fc27,2026-08-28T08:51:40.553Z
272115,Leicy Santos,Leicy,Santos,,1996-05-16,30,Colombia,Colombia,56,155,61,Washington Spirit,116304,NWSL,,CAM,"CAM, CM",CM,Midfielder,Right,81,,74,72,76,75,75,72,77,75,65,82,80,80,78,73,84,79,70,82,81,77,82,82,82,61,57,60,60,66,55,76,77,78,78,70,4,4,10,10,12,8,12,,,,,"Finesse Shot, Incisive Pass, Tiki Taka, Press Proven",,Women's Football,1,ea-drop-api,272115,https://www.ea.com/games/ea-sports-fc/ratings?playerId=272115,ea-drop-api,ea-drop-api,,fc27,2026-08-28T08:51:40.553Z
263964,Filippa Angeldahl,Filippa,Angeldahl,,1997-07-14,29,Sweden,Sweden,46,170,58,Real Madrid,116326,Liga F Moeve,,CM,"CM, CDM",CDM,Midfielder,Right,81,,74,73,75,70,71,63,81,52,57,77,79,82,68,68,85,80,68,78,59,66,80,85,76,72,75,58,74,74,63,74,77,75,80,58,3,3,10,8,11,14,5,,,,,"Incisive Pass, Anticipate",,Women's Football,1,ea-drop-api,263964,https://www.ea.com/games/ea-sports-fc/ratings?playerId=263964,ea-drop-api,ea-drop-api,,fc27,2026-08-28T08:51:40.553Z
238212,Jane Campbell,Jane,Campbell,,1995-02-17,31,USA,United States,95,175,66,Houston Dash,116306,NWSL,,GK,GK,,Defense,Right,81,,79,38,44,78,18,62,14,12,32,14,83,57,17,15,56,53,14,82,54,55,77,30,57,40,19,17,12,18,19,84,53,39,42,21,2,1,79,78,83,84,82,,,,,"Far Throw, Footwork",,Women's Football,1,ea-drop-api,238212,https://www.ea.com/games/ea-sports-fc/ratings?playerId=238212,ea-drop-api,ea-drop-api,,fc27,2026-08-28T08:51:40.553Z
272050,Martín-Prieto,Cristina,Martín-Prieto,Martín-Prieto,1993-03-14,33,Spain,Spain,45,173,73,SL Benfica,131358,Liga Portugal Feminino,,ST,ST,,Attack,Right,81,,78,76,79,82,83,84,79,84,80,82,71,80,66,67,72,60,76,75,80,80,77,81,75,51,50,84,45,50,45,87,93,92,87,80,2,3,9,15,5,9,11,,,,,"Power Shot, Precision Header, Aerial Fortress",,Women's Football,1,ea-drop-api,272050,https://www.ea.com/games/ea-sports-fc/ratings?playerId=272050,ea-drop-api,ea-drop-api,,fc27,2026-08-28T08:51:40.553Z
264933,Barbara Dunst,Barbara,Dunst,,1997-09-25,28,Austria,Austria,4,168,60,FC Bayern München,115995,GPFBL,,CM,"CM, CAM",CAM,Midfielder,Right,81,,64,78,53,71,73,64,74,64,67,77,79,77,74,66,86,79,69,81,83,82,86,84,69,74,78,55,77,77,70,72,72,85,66,70,3,4,12,14,13,14,10,,,,,"Technical, Relentless",,Women's Football,1,ea-drop-api,264933,https://www.ea.com/games/ea-sports-fc/ratings?playerId=264933,ea-drop-api,ea-drop-api,,fc27,2026-08-28T08:51:40.553Z
265340,Jess Park,Jess,Park,,2001-10-21,24,England,England,14,161,56,Manchester Utd,116012,Barclays WSL,,CM,"CM, RW, RM","RW, RM",Midfielder,Right,81,,83,84,82,73,78,71,70,63,60,80,77,81,72,48,82,77,66,86,86,80,80,88,75,59,75,49,37,73,58,63,67,81,56,57,3,4,8,8,11,9,7,,,,,"Inventive, Technical, First Touch, Trickster, Quick Step",,Women's Football,1,ea-drop-api,265340,https://www.ea.com/games/ea-sports-fc/ratings?playerId=265340,ea-drop-api,ea-drop-api,,fc27,2026-08-28T08:51:40.553Z
233838,Felicitas Rauch,Felicitas,Rauch,,1996-04-30,30,Germany,Germany,21,167,61,NC Courage,116303,NWSL,,LB,"LB, LM, LW","LM, LW",Defense,Left,81,,80,78,82,57,46,71,67,41,57,68,71,50,75,76,79,70,77,76,84,91,80,78,73,80,78,74,82,81,76,76,83,83,73,73,3,3,17,15,16,13,9,,,,,Precision Header,,Women's Football,1,ea-drop-api,233838,https://www.ea.com/games/ea-sports-fc/ratings?playerId=233838,ea-drop-api,ea-drop-api,,fc27,2026-08-28T08:51:40.553Z
264994,Katharina Naschenweng,Katharina,Naschenweng,,1997-12-16,28,Austria,Austria,4,168,57,FC Bayern München,115995,GPFBL,,LB,"LB, LM",LM,Defense,Left,81,,77,74,79,56,55,54,60,41,62,69,77,70,80,57,81,82,65,77,80,76,78,79,71,81,80,76,82,82,78,72,80,81,65,78,3,3,11,6,13,6,6,,,,,"Jockey, Block",,Women's Football,1,ea-drop-api,264994,https://www.ea.com/games/ea-sports-fc/ratings?playerId=264994,ea-drop-api,ea-drop-api,,fc27,2026-08-28T08:51:40.553Z
267215,Bella Bixby,Bella,Bixby,,1995-11-20,30,USA,United States,95,183,70,Portland Thorns,116302,NWSL,,GK,GK,,Defense,Right,81,,81,41,43,79,25,56,15,7,27,18,74,54,12,10,48,51,11,84,57,44,75,31,52,42,9,8,13,15,12,80,63,39,67,27,2,1,81,79,74,80,84,,,,,"Footwork, Far Reach",,Women's Football,1,ea-drop-api,267215,https://www.ea.com/games/ea-sports-fc/ratings?playerId=267215,ea-drop-api,ea-drop-api,,fc27,2026-08-28T08:51:40.553Z
272009,Antônia Silva,Antônia,da Costa Silva,Antônia Silva,1994-04-26,32,Brazil,Brazil,54,170,64,Real Madrid,116326,Liga F Moeve,,RB,"RB, RM",RM,Defense,Right,81,,80,79,80,50,41,61,58,37,49,66,71,70,71,42,79,72,53,79,76,74,84,80,81,80,84,75,80,79,78,80,86,82,80,75,3,4,6,10,7,10,9,,,,,Intercept,,Women's Football,1,ea-drop-api,272009,https://www.ea.com/games/ea-sports-fc/ratings?playerId=272009,ea-drop-api,ea-drop-api,,fc27,2026-08-28T08:51:40.553Z
243261,Andi Sullivan,Andi,Sullivan,,1995-12-20,30,USA,United States,95,168,57,Washington Spirit,116304,NWSL,,CDM,"CDM, CM",CM,Midfielder,Right,81,,63,64,62,64,57,75,70,50,78,56,78,75,73,68,84,82,66,75,72,77,72,82,83,79,79,57,83,83,73,79,74,77,82,74,3,3,9,14,8,10,17,,,,,"Intercept, Aerial Fortress",,Women's Football,1,ea-drop-api,243261,https://www.ea.com/games/ea-sports-fc/ratings?playerId=243261,ea-drop-api,ea-drop-api,,fc27,2026-08-28T08:51:40.553Z
265856,Anna Moorhouse,Anna,Moorhouse,,1995-03-30,31,England,England,14,185,71,Orlando Pride,116307,NWSL,,GK,GK,,Defense,Right,81,,78,39,43,78,8,56,11,7,18,8,75,58,12,11,25,22,14,82,38,57,82,13,25,41,8,8,10,14,12,83,61,35,62,12,2,1,78,78,75,83,82,,,,,Footwork,,Women's Football,1,ea-drop-api,265856,https://www.ea.com/games/ea-sports-fc/ratings?playerId=265856,ea-drop-api,ea-drop-api,,fc27,2026-08-28T08:51:40.553Z
265861,Maëlle Garbino,Maëlle,Garbino,,1996-08-09,30,France,France,18,162,54,Paris FC,116035,Arkema PL,,RM,"RM, RW",RW,Midfielder,Left,81,,79,72,84,79,85,68,81,66,65,80,79,80,75,71,83,78,74,82,80,83,78,85,80,53,57,52,53,56,41,63,65,80,59,53,4,4,14,8,14,10,13,,,,,"Gamechanger, Tiki Taka, Inventive, Technical, First Touch, Relentless",,Women's Football,1,ea-drop-api,265861,https://www.ea.com/games/ea-sports-fc/ratings?playerId=265861,ea-drop-api,ea-drop-api,,fc27,2026-08-28T08:51:40.553Z
264954,Tanja Pawollek,Tanja,Pawollek,,1999-01-18,27,Poland,Poland,37,170,63,Union Berlin,132589,GPFBL,,CM,"CM, CDM",CDM,Midfielder,Left,81,,48,66,33,73,76,71,71,59,65,78,76,83,57,69,83,77,70,78,74,76,84,80,70,78,82,54,82,80,75,81,71,90,80,73,4,3,9,14,8,6,9,,,,,"Long Ball Pass, Press Proven, Relentless",,Women's Football,1,ea-drop-api,264954,https://www.ea.com/games/ea-sports-fc/ratings?playerId=264954,ea-drop-api,ea-drop-api,,fc27,2026-08-28T08:51:40.553Z
265860,Julie Dufour,Julie,Dufour,,2001-05-29,25,France,France,18,163,56,Portland Thorns,116302,NWSL,,LM,"LM, RM, LW","RM, LW",Midfielder,Right,81,,84,83,84,77,80,75,76,72,67,80,78,79,75,70,82,76,78,82,86,80,78,82,78,51,53,54,51,52,41,61,67,77,53,59,3,4,12,14,5,7,5,,,,,"Whipped Pass, Technical, Quick Step, Relentless",,Women's Football,1,ea-drop-api,265860,https://www.ea.com/games/ea-sports-fc/ratings?playerId=265860,ea-drop-api,ea-drop-api,,fc27,2026-08-28T08:51:40.553Z
265059,Giovanna Hoffmann,Giovanna,Hoffmann,,1998-09-20,27,Germany,Germany,21,178,60,RB Leipzig,116021,GPFBL,,ST,"ST, CAM",CAM,Attack,Right,81,,81,82,80,80,83,79,77,74,70,84,71,68,72,66,79,56,64,78,76,76,79,82,75,47,39,80,26,64,40,75,90,64,79,73,2,3,7,15,12,15,11,,,,,,,Women's Football,1,ea-drop-api,265059,https://www.ea.com/games/ea-sports-fc/ratings?playerId=265059,ea-drop-api,ea-drop-api,,fc27,2026-08-28T08:51:40.553Z
265058,Erëleta Memeti,Erëleta,Memeti,,1999-06-30,27,Kosovo,Kosovo,219,166,57,Frankfurt,115997,GPFBL,,RM,"RM, LM, CM, RW","LM, CM, RW",Midfielder,Right,81,,85,83,86,73,76,69,73,68,55,87,76,77,78,66,79,71,71,81,90,80,78,84,67,53,51,33,53,64,40,63,62,70,61,58,3,4,11,7,12,15,9,,,,,"Finesse Shot, Gamechanger, Incisive Pass, Whipped Pass, Technical, Quick Step",,Women's Football,1,ea-drop-api,265058,https://www.ea.com/games/ea-sports-fc/ratings?playerId=265058,ea-drop-api,ea-drop-api,,fc27,2026-08-28T08:51:40.553Z
256095,Perle Morroni,Perle,Morroni,,1997-10-15,28,France,France,18,158,53,San Diego Wave,116312,NWSL,,LB,"LB, LM",LM,Defense,Left,81,,84,83,84,45,44,47,41,44,56,58,76,76,76,43,83,72,67,79,76,86,80,81,75,77,81,65,76,80,79,67,76,74,63,67,3,4,5,8,13,10,9,,,,,"Block, Slide Tackle, Technical, Quick Step",,Women's Football,1,ea-drop-api,256095,https://www.ea.com/games/ea-sports-fc/ratings?playerId=256095,ea-drop-api,ea-drop-api,,fc27,2026-08-28T08:51:40.553Z
264968,Mathilde Bourdieu,Mathilde,Bourdieu,,1999-04-15,27,France,France,18,165,67,Marseille,132370,Arkema PL,,ST,"ST, CAM",CAM,Attack,Right,81,,83,84,83,82,85,83,79,78,71,84,70,71,64,69,78,59,71,80,73,83,78,85,80,36,26,71,34,34,30,76,89,72,85,53,4,3,7,12,8,9,11,,,,,"Finesse Shot, Power Shot, Acrobatic, First Touch, Press Proven",,Women's Football,1,ea-drop-api,264968,https://www.ea.com/games/ea-sports-fc/ratings?playerId=264968,ea-drop-api,ea-drop-api,,fc27,2026-08-28T08:51:40.553Z
227074,Cecilia Salvai,Cecilia,Salvai,,1993-12-02,32,Italy,Italy,27,175,61,Juventus,116280,Calcio A Femminile,,CB,"CB, LB, LM","LB, LM",Defense,Left,81,,73,70,75,49,43,58,52,50,52,54,70,54,65,43,82,84,46,67,74,70,82,76,76,82,79,79,86,82,78,80,85,79,80,78,3,2,10,17,9,9,17,,,,,"Long Ball Pass, Block, Anticipate",,Women's Football,1,ea-drop-api,227074,https://www.ea.com/games/ea-sports-fc/ratings?playerId=227074,ea-drop-api,ea-drop-api,,fc27,2026-08-28T08:51:40.553Z
241546,Théa Gréboval,Théa,Gréboval,,1997-04-05,29,France,France,18,168,61,Paris FC,116035,Arkema PL,,CB,CB,,Defense,Left,81,,60,53,65,60,47,81,76,38,64,51,72,60,71,77,79,75,70,65,67,69,76,70,71,82,82,84,82,82,79,82,85,70,88,83,3,2,14,14,11,7,15,,,,,"Long Ball Pass, Jockey, Block, Aerial Fortress",,Women's Football,1,ea-drop-api,241546,https://www.ea.com/games/ea-sports-fc/ratings?playerId=241546,ea-drop-api,ea-drop-api,,fc27,2026-08-28T08:51:40.553Z
247797,Hannah Blundell,Hannah,Blundell,,1994-05-25,32,England,England,14,163,54,Manchester Utd,116012,Barclays WSL,,LB,"LB, RB",RB,Defense,Right,81,,69,69,69,54,56,61,43,43,52,65,71,48,79,56,81,76,63,73,69,75,84,80,76,82,83,75,84,82,80,70,76,75,65,77,4,2,13,14,5,11,12,,,,,"Anticipate, Bruiser",,Women's Football,1,ea-drop-api,247797,https://www.ea.com/games/ea-sports-fc/ratings?playerId=247797,ea-drop-api,ea-drop-api,,fc27,2026-08-28T08:51:40.553Z
273466,Alyssa Thompson,Alyssa,Thompson,,2004-11-07,21,USA,United States,95,163,58,Chelsea,116010,Barclays WSL,,LM,"LM, RM, LW","RM, LW",Midfielder,Right,81,,86,84,88,74,85,64,63,59,68,80,74,78,75,58,77,68,71,82,88,81,80,83,65,41,34,64,35,45,38,62,76,70,62,46,3,4,13,10,7,8,11,,,,,"Low Driven Shot, Technical, First Touch, Quick Step",,Women's Football,1,ea-drop-api,273466,https://www.ea.com/games/ea-sports-fc/ratings?playerId=273466,ea-drop-api,ea-drop-api,,fc27,2026-08-28T08:51:40.553Z
266254,Elisabeth Terland,Elisabeth,Terland,,2001-06-28,25,Norway,Norway,36,171,63,Manchester Utd,116012,Barclays WSL,,ST,ST,,Attack,Right,81,,79,80,78,80,83,80,79,75,65,83,73,71,69,60,80,72,61,79,76,72,84,81,69,36,24,78,25,40,37,71,86,72,74,59,4,3,14,13,10,12,11,,,,,Low Driven Shot,,Women's Football,1,ea-drop-api,266254,https://www.ea.com/games/ea-sports-fc/ratings?playerId=266254,ea-drop-api,ea-drop-api,,fc27,2026-08-28T08:51:40.553Z
226979,Amanda Ilestedt,Amanda,Ilestedt,,1993-01-17,33,Sweden,Sweden,46,178,63,Frankfurt,115997,GPFBL,,CB,CB,,Defense,Right,81,,66,62,70,48,52,51,40,35,58,37,65,46,58,52,82,70,51,63,35,38,77,75,79,83,80,81,85,84,81,76,83,73,76,80,3,2,15,9,9,7,14,,,,,Anticipate,,Women's Football,1,ea-drop-api,226979,https://www.ea.com/games/ea-sports-fc/ratings?playerId=226979,ea-drop-api,ea-drop-api,,fc27,2026-08-28T08:51:40.553Z
253469,Élisa De Almeida,Élisa,De Almeida,,1998-01-11,28,France,France,18,173,61,Paris SG,116034,Arkema PL,,CB,"CB, RB",RB,Defense,Right,81,,74,72,75,34,30,45,30,34,34,41,64,47,64,30,80,70,45,61,45,72,80,72,67,82,80,81,82,83,80,80,89,68,83,85,2,2,13,9,11,9,9,,,,,"Pinged Pass, Jockey, Aerial Fortress, Bruiser",,Women's Football,1,ea-drop-api,253469,https://www.ea.com/games/ea-sports-fc/ratings?playerId=253469,ea-drop-api,ea-drop-api,,fc27,2026-08-28T08:51:40.553Z
264884,Paulina Dudek,Paulina,Dudek,,1997-06-16,29,Poland,Poland,37,169,62,Paris SG,116034,Arkema PL,,CB,CB,,Defense,Left,81,,60,52,66,46,44,59,35,39,66,49,62,53,45,41,75,74,62,68,60,66,76,69,73,85,83,86,85,87,81,72,79,62,72,85,2,2,14,11,13,15,14,,,,,"Intercept, Anticipate",,Women's Football,1,ea-drop-api,264884,https://www.ea.com/games/ea-sports-fc/ratings?playerId=264884,ea-drop-api,ea-drop-api,,fc27,2026-08-28T08:51:40.553Z
272084,Lauren,Lauren,Eduarda Leal Costa,Lauren,2002-09-13,23,Brazil,Brazil,54,178,68,Atlético de Madrid,116327,Liga F Moeve,,CB,CB,,Defense,Right,81,,72,73,72,33,30,51,20,26,55,22,58,38,40,35,80,70,40,64,74,66,78,70,61,82,82,77,86,81,80,83,90,72,90,76,2,2,11,8,6,6,7,,,,,"Jockey, Aerial Fortress",,Women's Football,1,ea-drop-api,272084,https://www.ea.com/games/ea-sports-fc/ratings?playerId=272084,ea-drop-api,ea-drop-api,,fc27,2026-08-28T08:51:40.553Z
253435,Laia Aleixandri,Laia,Aleixandri López,Laia Aleixandri,2000-08-25,26,Spain,Spain,45,170,53,FC Barcelona,116325,Liga F Moeve,,CB,"CB, RB, LB","RB, LB",Defense,Right,81,,77,74,79,35,38,40,27,22,38,22,63,31,59,42,84,79,37,59,64,70,78,82,64,82,82,76,83,83,81,74,85,67,76,76,4,2,8,13,11,11,10,,,,,Intercept,,Women's Football,1,ea-drop-api,253435,https://www.ea.com/games/ea-sports-fc/ratings?playerId=253435,ea-drop-api,ea-drop-api,,fc27,2026-08-28T08:51:40.553Z
247791,Sydney Lohmann,Sydney,Lohmann,,2000-06-19,26,Germany,Germany,21,176,67,Manchester City,116017,Barclays WSL,,RM,"RM, CAM, RW","CAM, RW",Midfielder,Right,80,,74,74,74,76,78,79,74,58,61,81,78,81,70,62,83,82,67,82,81,69,83,85,76,70,78,60,78,60,73,81,82,73,91,68,3,3,13,9,13,13,11,,,,,"Block, Aerial Fortress, Rapid",,Women's Football,1,ea-drop-api,247791,https://www.ea.com/games/ea-sports-fc/ratings?playerId=247791,ea-drop-api,ea-drop-api,,fc27,2026-08-28T08:51:40.553Z
259334,Nerea Eizagirre,Nerea,Eizagirre Lasa,Nerea Eizagirre,2000-01-04,26,Spain,Spain,45,165,65,Real Sociedad,116336,Liga F Moeve,,CM,"CM, LM, LW, CAM","LM, LW, CAM",Midfielder,Right,80,,79,80,78,83,84,84,85,60,81,80,78,81,71,83,81,75,84,82,86,90,78,83,75,62,65,79,45,72,60,75,87,88,75,56,3,4,11,11,9,7,15,,,,,"Finesse Shot, Dead Ball, Pinged Pass, Inventive, First Touch",,Women's Football,1,ea-drop-api,259334,https://www.ea.com/games/ea-sports-fc/ratings?playerId=259334,ea-drop-api,ea-drop-api,,fc27,2026-08-28T08:51:40.553Z
233155,Claudia Zornoza,Claudia,Zornoza Sánchez,Claudia Zornoza,1990-10-20,35,Spain,Spain,45,164,57,Utah Royals FC,131478,NWSL,,CDM,"CDM, CM",CM,Midfielder,Left,80,,73,72,74,77,80,80,76,47,70,75,79,81,70,75,84,79,74,81,75,77,84,83,81,71,79,48,68,76,74,75,67,80,70,84,3,3,12,14,13,13,13,,,,,"Dead Ball, Long Ball Pass, Press Proven",,Women's Football,1,ea-drop-api,233155,https://www.ea.com/games/ea-sports-fc/ratings?playerId=233155,ea-drop-api,ea-drop-api,,fc27,2026-08-28T08:51:40.553Z
256303,Shei,Sheila,García Gómez,Shei,1997-03-15,29,Spain,Spain,45,164,51,Real Madrid,116326,Liga F Moeve,,RB,"RB, RM",RM,Defense,Right,80,,85,86,85,71,70,74,75,64,65,72,73,68,71,56,81,72,62,82,84,90,71,82,74,75,77,78,75,73,74,67,82,90,55,64,3,4,5,13,14,13,12,,,,,"Rapid, Relentless",,Women's Football,1,ea-drop-api,256303,https://www.ea.com/games/ea-sports-fc/ratings?playerId=256303,ea-drop-api,ea-drop-api,,fc27,2026-08-28T08:51:40.553Z
267530,Esmee Brugts,Esmee,Brugts,,2003-07-28,23,Netherlands,Holland,34,172,63,FC Barcelona,116325,Liga F Moeve,,LB,"LB, LW, ST, LM","LW, ST, LM",Defense,Right,80,,79,80,78,72,73,73,76,61,57,72,76,77,81,53,81,67,69,79,81,78,78,81,72,76,76,69,77,76,76,70,80,77,72,54,3,3,6,13,9,6,13,,,,,Low Driven Shot,,Women's Football,1,ea-drop-api,267530,https://www.ea.com/games/ea-sports-fc/ratings?playerId=267530,ea-drop-api,ea-drop-api,,fc27,2026-08-28T08:51:40.553Z
272217,Gift Monday,Gift,Monday,,2001-12-09,24,Nigeria,Nigeria,133,168,57,Washington Spirit,116304,NWSL,,ST,"ST, LM, LW","LM, LW",Attack,Left,80,,88,89,87,75,77,81,71,68,59,81,70,71,70,49,77,61,65,80,87,82,81,81,75,61,63,75,45,73,57,77,92,68,85,65,3,3,11,13,10,11,12,,,,,"Precision Header, Aerial Fortress, Rapid, Quick Step",,Women's Football,1,ea-drop-api,272217,https://www.ea.com/games/ea-sports-fc/ratings?playerId=272217,ea-drop-api,ea-drop-api,,fc27,2026-08-28T08:51:40.553Z
253417,Lynn Wilms,Lynn,Wilms,,2000-10-03,25,Netherlands,Holland,34,176,68,Aston Villa,116015,Barclays WSL,,RB,"RB, RM",RM,Defense,Right,80,,79,81,77,66,61,73,69,62,70,69,77,75,82,82,78,72,74,73,76,68,75,77,70,77,80,65,78,79,78,77,82,81,77,70,3,2,7,10,13,15,11,,,,,"Dead Ball, Incisive Pass, Anticipate",,Women's Football,1,ea-drop-api,253417,https://www.ea.com/games/ea-sports-fc/ratings?playerId=253417,ea-drop-api,ea-drop-api,,fc27,2026-08-28T08:51:40.553Z
265069,Lisa Karl,Lisa,Karl,,1997-01-15,29,Germany,Germany,21,168,60,SC Freiburg,116002,GPFBL,,LB,"LB, RB, RM","RB, RM",Defense,Right,80,,81,82,81,64,72,64,55,51,60,43,69,59,67,67,78,67,63,80,87,79,77,79,69,79,79,79,79,79,78,73,89,78,76,57,3,3,12,12,9,10,7,,,,,"Whipped Pass, Block, Quick Step",,Women's Football,1,ea-drop-api,265069,https://www.ea.com/games/ea-sports-fc/ratings?playerId=265069,ea-drop-api,ea-drop-api,,fc27,2026-08-28T08:51:40.553Z
264955,Verena Hanshaw,Verena,Hanshaw,,1994-01-20,32,Austria,Austria,4,170,58,West Ham,116014,Barclays WSL,,LB,"LB, LM",LM,Defense,Left,80,,78,77,79,62,61,69,55,61,66,66,77,74,71,63,85,74,72,77,72,83,85,81,79,78,76,69,85,76,77,73,77,81,67,75,3,3,12,11,10,8,14,,,,,"Long Ball Pass, Intercept, Aerial Fortress, Long Throw",,Women's Football,1,ea-drop-api,264955,https://www.ea.com/games/ea-sports-fc/ratings?playerId=264955,ea-drop-api,ea-drop-api,,fc27,2026-08-28T08:51:40.553Z
265054,Stina Johannes,Stina,Johannes,,2000-01-23,26,Germany,Germany,21,177,66,VfL Wolfsburg,115998,GPFBL,,GK,GK,,Defense,Right,80,,78,52,52,80,7,58,7,6,13,10,77,69,12,14,25,36,11,78,51,35,79,13,51,52,13,7,13,11,9,79,67,28,69,23,3,1,78,80,77,79,78,,,,,"Footwork, Deflector",Far Throw+,Women's Football,1,ea-drop-api,265054,https://www.ea.com/games/ea-sports-fc/ratings?playerId=265054,ea-drop-api,ea-drop-api,,fc27,2026-08-28T08:51:40.553Z
272123,Nerea Nevado,Nerea,Nevado Gómez,Nerea Nevado,2001-04-27,25,Spain,Spain,45,160,55,Athletic Club,116328,Liga F Moeve,,LB,"LB, LM",LM,Defense,Left,80,,81,80,81,60,61,60,58,54,60,70,77,71,81,73,81,77,70,77,75,72,71,80,74,76,75,71,75,79,74,73,82,84,71,60,3,4,12,13,14,15,8,,,,,"Whipped Pass, Block, Technical, Quick Step, Long Throw",,Women's Football,1,ea-drop-api,272123,https://www.ea.com/games/ea-sports-fc/ratings?playerId=272123,ea-drop-api,ea-drop-api,,fc27,2026-08-28T08:51:40.553Z
268303,Deyna Castellanos,Deyna,Castellanos,,1999-04-18,27,Venezuela,Venezuela,61,170,63,Portland Thorns,116302,NWSL,,ST,"ST, CM, CAM","CM, CAM",Attack,Right,80,,74,75,74,80,81,80,78,77,71,83,80,82,76,71,83,77,80,82,71,71,78,85,77,55,59,79,37,65,42,72,85,76,73,60,4,4,11,7,13,14,9,,,,,"Power Shot, Technical",,Women's Football,1,ea-drop-api,268303,https://www.ea.com/games/ea-sports-fc/ratings?playerId=268303,ea-drop-api,ea-drop-api,,fc27,2026-08-28T08:51:40.553Z
264899,Maria-Luisa Grohs,Maria-Luisa,Grohs,,2001-06-13,25,Germany,Germany,21,180,73,FC Bayern München,115995,GPFBL,,GK,GK,,Defense,Right,80,,78,55,52,79,6,56,6,5,19,7,74,55,12,15,22,34,11,78,56,53,81,23,23,54,12,6,13,11,10,79,68,19,68,21,3,1,78,79,74,79,78,,,,,"Cross Claimer, Far Reach",,Women's Football,1,ea-drop-api,264899,https://www.ea.com/games/ea-sports-fc/ratings?playerId=264899,ea-drop-api,ea-drop-api,,fc27,2026-08-28T08:51:40.553Z
267227,Yazmeen Ryan,Yazmeen,Ryan,,1999-02-25,27,USA,United States,95,168,66,Houston Dash,116306,NWSL,,LM,"LM, LW",LW,Midfielder,Right,80,,82,81,83,75,76,76,78,51,65,82,76,78,76,70,79,70,72,78,77,71,79,81,63,52,47,54,41,68,44,79,77,91,77,70,3,3,9,10,6,13,13,,,,,"Block, Anticipate",,Women's Football,1,ea-drop-api,267227,https://www.ea.com/games/ea-sports-fc/ratings?playerId=267227,ea-drop-api,ea-drop-api,,fc27,2026-08-28T08:51:40.553Z
231347,Marion Torrent,Marion,Torrent,,1992-04-17,34,France,France,18,164,53,Montpellier,116037,Arkema PL,,CDM,"CDM, CM",CM,Midfielder,Right,80,,75,72,78,58,52,69,63,45,59,65,75,66,78,53,80,79,67,76,72,87,78,77,76,82,82,75,77,88,84,75,83,72,76,76,3,3,13,10,8,13,16,,,,,"Intercept, Slide Tackle, Aerial Fortress, Relentless, Bruiser",,Women's Football,1,ea-drop-api,231347,https://www.ea.com/games/ea-sports-fc/ratings?playerId=231347,ea-drop-api,ea-drop-api,,fc27,2026-08-28T08:51:40.553Z
238422,Gabi Nunes,Gabriela,Nunes da Silva,Gabi Nunes,1997-03-10,29,Brazil,Brazil,54,169,59,Aston Villa,116015,Barclays WSL,,ST,ST,,Attack,Right,80,,85,85,85,79,80,78,80,72,69,82,74,75,68,70,80,70,77,81,76,83,81,80,80,39,15,73,41,41,44,83,92,74,90,75,4,3,13,11,13,15,8,,,,,"Finesse Shot, Acrobatic, Gamechanger, Rapid, First Touch, Quick Step",,Women's Football,1,ea-drop-api,238422,https://www.ea.com/games/ea-sports-fc/ratings?playerId=238422,ea-drop-api,ea-drop-api,,fc27,2026-08-28T08:51:40.553Z
267240,Carson Pickett,Carson,Pickett,,1993-09-15,32,USA,United States,95,173,58,Orlando Pride,116307,NWSL,,LB,"LB, LM",LM,Defense,Left,80,,81,82,80,57,47,68,69,51,47,65,75,63,80,69,78,75,81,72,81,47,76,77,78,77,74,70,80,78,76,77,82,91,73,66,4,3,14,8,15,7,9,,,,,"Whipped Pass, Intercept, Quick Step, Relentless",,Women's Football,1,ea-drop-api,267240,https://www.ea.com/games/ea-sports-fc/ratings?playerId=267240,ea-drop-api,ea-drop-api,,fc27,2026-08-28T08:51:40.553Z
226973,Sofia Jakobsson,Sofia,Jakobsson,,1990-04-23,36,Sweden,Sweden,46,174,62,London City,132176,Barclays WSL,,LM,"LM, RM, LW","RM, LW",Midfielder,Right,80,,81,80,81,77,80,72,75,76,79,80,78,75,81,62,80,76,76,78,80,53,76,80,77,54,60,69,63,40,41,70,80,78,72,54,3,3,9,10,10,7,10,,,,,"Finesse Shot, Incisive Pass, Technical",,Women's Football,1,ea-drop-api,226973,https://www.ea.com/games/ea-sports-fc/ratings?playerId=226973,ea-drop-api,ea-drop-api,,fc27,2026-08-28T08:51:40.553Z
264969,Oriane Jean-François,Oriane,Jean-François,,2001-08-14,25,France,France,18,164,58,Chelsea,116010,Barclays WSL,,CDM,"CDM, CM",CM,Midfielder,Right,80,,71,71,71,68,68,72,69,54,53,76,72,78,53,49,81,79,58,72,68,74,75,79,68,79,80,63,79,83,77,75,78,72,78,70,2,3,12,9,13,7,13,,,,,"Intercept, Anticipate, Press Proven",,Women's Football,1,ea-drop-api,264969,https://www.ea.com/games/ea-sports-fc/ratings?playerId=264969,ea-drop-api,ea-drop-api,,fc27,2026-08-28T08:51:40.553Z
266384,Sveindís Jane Jónsdóttir,Sveindís Jane,Jónsdóttir,,2001-06-05,25,Iceland,Iceland,24,178,63,Angel City FC,116311,NWSL,,RM,"RM, RW",RW,Midfielder,Right,80,,92,91,92,72,73,71,71,70,59,81,74,71,76,64,77,72,73,81,87,70,81,83,69,46,50,76,27,49,51,71,86,72,79,47,3,3,9,7,13,7,7,,,,,"Rapid, Quick Step",Long Throw+,Women's Football,1,ea-drop-api,266384,https://www.ea.com/games/ea-sports-fc/ratings?playerId=266384,ea-drop-api,ea-drop-api,,fc27,2026-08-28T08:51:40.553Z
268262,Rosemonde Kouassi,Rosemonde,Kouassi,,2001-12-26,24,Ivory Coast,Côte d'Ivoire,108,164,54,Washington Spirit,116304,NWSL,,LM,"LM, RM, LW","RM, LW",Midfielder,Right,80,,94,94,94,79,80,82,77,74,67,82,71,69,68,59,78,66,68,80,88,81,79,82,80,37,28,66,35,36,32,75,84,77,73,73,4,4,11,9,10,6,9,,,,,Rapid,Quick Step+,Women's Football,1,ea-drop-api,268262,https://www.ea.com/games/ea-sports-fc/ratings?playerId=268262,ea-drop-api,ea-drop-api,,fc27,2026-08-28T08:51:40.553Z
226327,Christen Press,Christen,Press,,1988-12-29,37,USA,United States,95,168,58,Angel City FC,116311,NWSL,,ST,"ST, LM",LM,Attack,Right,80,,79,77,80,75,74,76,75,80,72,84,80,79,75,72,86,75,76,83,77,64,78,86,84,46,43,83,42,42,38,72,89,70,75,62,3,4,15,14,9,11,11,,,,,"Technical, First Touch, Trickster",,Women's Football,1,ea-drop-api,226327,https://www.ea.com/games/ea-sports-fc/ratings?playerId=226327,ea-drop-api,ea-drop-api,,fc27,2026-08-28T08:51:40.553Z
227387,Jessie Fleming,Jessie,Fleming,,1998-03-11,28,Canada,Canada,70,164,54,Portland Thorns,116302,NWSL,,CM,"CM, RM, CDM, RW","RM, CDM, RW",Midfielder,Right,80,,82,85,79,74,75,77,77,43,67,79,78,80,69,65,84,81,65,82,84,93,78,81,82,68,69,58,66,76,62,51,62,81,36,50,4,4,9,8,6,9,10,,,,,Press Proven,,Women's Football,1,ea-drop-api,227387,https://www.ea.com/games/ea-sports-fc/ratings?playerId=227387,ea-drop-api,ea-drop-api,,fc27,2026-08-28T08:51:40.553Z
265900,Naomie Feller,Naomie,Feller,,2001-11-06,24,France,France,18,170,65,Real Madrid,116326,Liga F Moeve,,RW,"RW, ST, RM","ST, RM",Attack,Right,80,,91,91,91,80,82,81,81,73,66,81,70,70,73,61,75,59,67,81,82,73,73,81,78,37,31,69,30,40,25,75,89,71,83,58,3,3,10,8,12,6,10,,,,,"Precision Header, Rapid, Quick Step",,Women's Football,1,ea-drop-api,265900,https://www.ea.com/games/ea-sports-fc/ratings?playerId=265900,ea-drop-api,ea-drop-api,,fc27,2026-08-28T08:51:40.553Z
264866,Océane Deslandes,Océane,Deslandes,,2000-07-26,26,France,France,18,169,61,Aston Villa,116015,Barclays WSL,,CB,"CB, LB",LB,Defense,Left,80,,69,63,74,55,43,71,70,39,60,52,75,69,60,67,84,81,82,74,46,65,79,83,81,80,80,80,80,83,75,79,83,84,78,76,3,3,11,8,8,5,8,,,,,"Dead Ball, Incisive Pass, Pinged Pass, Long Ball Pass, Anticipate",,Women's Football,1,ea-drop-api,264866,https://www.ea.com/games/ea-sports-fc/ratings?playerId=264866,ea-drop-api,ea-drop-api,,fc27,2026-08-28T08:51:40.553Z
272212,Adriana Nanclares,Adriana,Nanclares Romero,Adriana Nanclares,2002-05-09,24,Spain,Spain,45,170,52,Athletic Club,116328,Liga F Moeve,,GK,GK,,Defense,Left,80,,80,50,37,77,9,53,10,7,12,7,70,27,9,11,15,23,10,81,56,44,78,11,32,45,14,11,9,17,18,79,53,16,36,18,2,1,80,77,70,79,81,,,,,"Long Ball Pass, Footwork, Cross Claimer",,Women's Football,1,ea-drop-api,272212,https://www.ea.com/games/ea-sports-fc/ratings?playerId=272212,ea-drop-api,ea-drop-api,,fc27,2026-08-28T08:51:40.553Z
226316,Sydney Leroux,Sydney,Leroux,,1990-05-07,36,USA,United States,95,168,66,Angel City FC,116311,NWSL,,ST,ST,,Attack,Right,80,,75,76,74,80,80,81,77,78,76,87,78,74,71,73,86,76,71,77,80,60,77,81,82,44,41,80,40,41,37,77,82,80,80,64,4,4,10,8,12,9,15,,,,,"Aerial Fortress, Enforcer",,Women's Football,1,ea-drop-api,226316,https://www.ea.com/games/ea-sports-fc/ratings?playerId=226316,ea-drop-api,ea-drop-api,,fc27,2026-08-28T08:51:40.553Z
261843,Andreia Jacinto,Andreia,de Jesus Jacinto,Andreia Jacinto,2002-06-08,24,Portugal,Portugal,38,170,63,Real Sociedad,116336,Liga F Moeve,,CM,"CM, CDM",CDM,Midfielder,Right,80,,74,73,74,65,69,59,68,32,67,74,78,80,69,72,85,83,45,77,71,75,75,84,63,65,80,56,49,74,61,72,74,83,75,48,3,3,11,10,6,12,15,,,,,"Long Ball Pass, Inventive, Anticipate, Aerial Fortress, Press Proven, Relentless",,Women's Football,1,ea-drop-api,261843,https://www.ea.com/games/ea-sports-fc/ratings?playerId=261843,ea-drop-api,ea-drop-api,,fc27,2026-08-28T08:51:40.553Z
265004,Sarai Linder,Sarai,Linder,,1999-10-26,26,Germany,Germany,21,173,63,VfL Wolfsburg,115998,GPFBL,,LB,"LB, RB, LM","RB, LM",Defense,Right,80,,79,80,79,52,50,61,47,42,53,65,71,63,78,64,78,64,63,76,81,81,80,81,67,77,81,75,82,73,72,76,85,79,75,70,3,2,12,13,8,14,12,,,,,"Block, Anticipate, Bruiser",,Women's Football,1,ea-drop-api,265004,https://www.ea.com/games/ea-sports-fc/ratings?playerId=265004,ea-drop-api,ea-drop-api,,fc27,2026-08-28T08:51:40.553Z
243769,Midge Purce,Midge,Purce,,1995-09-18,30,USA,United States,95,163,56,Gotham FC,116310,NWSL,,RM,"RM, LM, RW","LM, RW",Midfielder,Right,80,,86,87,86,74,75,74,73,67,72,82,76,75,78,63,79,72,74,79,82,77,76,80,70,42,46,50,38,41,43,73,78,79,76,55,3,4,8,10,14,14,14,,,,,"Jockey, Technical",,Women's Football,1,ea-drop-api,243769,https://www.ea.com/games/ea-sports-fc/ratings?playerId=243769,ea-drop-api,ea-drop-api,,fc27,2026-08-28T08:51:40.553Z
267234,Kerolin Nicoli,Kerolin Nicoli,Israel Ferraz,Kerolin Nicoli,1999-11-17,26,Brazil,Brazil,54,164,60,Manchester City,116017,Barclays WSL,,RM,"RM, ST, RW","ST, RW",Midfielder,Right,80,,81,82,81,74,76,71,70,75,71,77,76,73,78,56,80,75,74,81,81,86,78,79,73,42,46,54,41,38,41,75,75,87,71,68,4,4,13,7,9,8,14,,,,,"Inventive, Jockey, Technical",,Women's Football,1,ea-drop-api,267234,https://www.ea.com/games/ea-sports-fc/ratings?playerId=267234,ea-drop-api,ea-drop-api,,fc27,2026-08-28T08:51:40.553Z
267318,Savannah DeMelo,Savannah,DeMelo,,1998-03-26,28,USA,United States,95,163,57,Rac. Louisville,116308,NWSL,,CM,"CM, CAM",CAM,Midfielder,Right,80,,66,69,64,76,78,74,79,65,70,80,81,82,77,82,84,76,78,80,74,56,81,86,77,59,68,57,49,68,49,67,66,72,61,78,3,4,8,10,12,8,10,,,,,"Dead Ball, Technical",,Women's Football,1,ea-drop-api,267318,https://www.ea.com/games/ea-sports-fc/ratings?playerId=267318,ea-drop-api,ea-drop-api,,fc27,2026-08-28T08:51:40.553Z
265055,Vivien Endemann,Vivien,Endemann,,2001-08-07,25,Germany,Germany,21,171,63,VfL Wolfsburg,115998,GPFBL,,RW,"RW, RM",RM,Attack,Right,80,,85,82,87,75,78,71,73,74,59,80,74,75,77,69,78,62,69,79,83,72,82,82,71,45,48,69,30,47,55,69,74,66,71,64,4,3,10,9,6,6,8,,,,,"Low Driven Shot, Block",,Women's Football,1,ea-drop-api,265055,https://www.ea.com/games/ea-sports-fc/ratings?playerId=265055,ea-drop-api,ea-drop-api,,fc27,2026-08-28T08:51:40.553Z
266568,Khiara Keating,Khiara,Keating,,2004-06-27,22,England,England,14,167,70,Manchester City,116017,Barclays WSL,,GK,GK,,Defense,Right,80,,78,33,29,79,8,61,15,7,21,9,81,52,11,15,31,33,15,80,35,55,79,17,37,31,9,9,15,17,15,78,61,25,66,32,3,1,78,79,81,78,80,,,,,"Long Ball Pass, Far Reach",,Women's Football,1,ea-drop-api,266568,https://www.ea.com/games/ea-sports-fc/ratings?playerId=266568,ea-drop-api,ea-drop-api,,fc27,2026-08-28T08:51:40.553Z
264905,Jade Le Guilly,Jade,Le Guilly,,2002-06-18,24,France,France,18,171,63,Paris SG,116034,Arkema PL,,RB,"RB, RM",RM,Defense,Right,80,,72,72,72,55,59,59,46,46,52,53,73,63,79,49,81,70,66,72,72,73,76,80,62,79,79,76,78,82,79,73,85,75,78,56,3,2,9,14,11,7,15,,,,,"Aerial Fortress, Rapid",,Women's Football,1,ea-drop-api,264905,https://www.ea.com/games/ea-sports-fc/ratings?playerId=264905,ea-drop-api,ea-drop-api,,fc27,2026-08-28T08:51:40.553Z
264971,Ewelina Kamczyk,Ewelina,Kamczyk,,1996-02-22,30,Poland,Poland,37,165,54,FC Fleury 91,116036,Arkema PL,,CAM,"CAM, ST, CM","ST, CM",Midfielder,Right,80,,78,74,81,76,78,75,75,62,73,82,79,84,77,69,80,73,80,82,86,77,76,83,78,42,38,59,42,42,35,65,71,79,65,48,3,3,10,9,11,12,10,,,,,,,Women's Football,1,ea-drop-api,264971,https://www.ea.com/games/ea-sports-fc/ratings?playerId=264971,ea-drop-api,ea-drop-api,,fc27,2026-08-28T08:51:40.553Z
264924,Lilla Turányi,Lilla,Turányi,,1998-12-20,27,Hungary,Hungary,23,175,66,Leverkusen,115996,GPFBL,,CB,CB,,Defense,Left,80,,71,69,73,55,58,72,42,32,62,31,66,62,50,64,78,73,39,63,51,73,73,71,73,79,78,82,78,80,79,86,90,80,90,82,3,2,11,13,11,10,10,,,,,"Precision Header, Intercept, Anticipate, Aerial Fortress",,Women's Football,1,ea-drop-api,264924,https://www.ea.com/games/ea-sports-fc/ratings?playerId=264924,ea-drop-api,ea-drop-api,,fc27,2026-08-28T08:51:40.553Z
277452,Edna Imade,Edna,Imade,,2000-10-10,25,Nigeria,Nigeria,133,179,80,Real Sociedad,116336,Liga F Moeve,,ST,ST,,Attack,Right,80,,76,77,76,81,85,78,75,85,67,85,64,68,60,60,67,60,60,74,73,71,79,80,69,45,41,81,39,44,38,80,95,72,91,60,3,3,12,9,12,13,8,,,,,"Precision Header, Aerial Fortress, Enforcer",,Women's Football,1,ea-drop-api,277452,https://www.ea.com/games/ea-sports-fc/ratings?playerId=277452,ea-drop-api,ea-drop-api,,fc27,2026-08-28T08:51:40.553Z
271446,Vicky López,Victoria,López Serrano Felix,Vicky López,2006-07-26,20,Spain,Spain,45,160,53,FC Barcelona,116325,Liga F Moeve,,CAM,"CAM, RW, CM, ST","RW, CM, ST",Midfielder,Right,80,,82,81,83,75,78,75,74,75,55,75,77,79,72,70,83,72,77,81,84,79,75,82,71,47,43,58,45,52,38,57,70,65,56,44,4,4,5,14,14,13,11,,,,,"Finesse Shot, Low Driven Shot, Inventive, Technical, Trickster",,Women's Football,1,ea-drop-api,271446,https://www.ea.com/games/ea-sports-fc/ratings?playerId=271446,ea-drop-api,ea-drop-api,,fc27,2026-08-28T08:51:40.553Z
264925,Lisanne Gräwe,Lisanne,Gräwe,,2003-02-11,23,Germany,Germany,21,161,56,Frankfurt,115997,GPFBL,,CM,"CM, CDM",CDM,Midfielder,Right,80,,54,70,41,71,70,73,78,58,60,72,75,80,54,61,84,81,68,78,78,61,76,83,72,69,77,54,63,77,65,69,67,79,66,64,3,3,14,6,9,6,8,,,,,Intercept,,Women's Football,1,ea-drop-api,264925,https://www.ea.com/games/ea-sports-fc/ratings?playerId=264925,ea-drop-api,ea-drop-api,,fc27,2026-08-28T08:51:40.553Z
272112,Carmen Menayo,Carmen,Menayo Montero,Carmen Menayo,1998-04-14,28,Spain,Spain,45,170,65,Atlético de Madrid,116327,Liga F Moeve,,CB,"CB, LB, LM","LB, LM",Defense,Left,80,,76,78,74,47,55,36,40,33,60,55,68,55,62,37,83,74,56,72,60,70,72,81,81,81,80,84,80,84,78,72,87,66,70,80,3,2,8,8,8,9,7,,,,,"Jockey, Block, Slide Tackle",,Women's Football,1,ea-drop-api,272112,https://www.ea.com/games/ea-sports-fc/ratings?playerId=272112,ea-drop-api,ea-drop-api,,fc27,2026-08-28T08:51:40.553Z
265271,Hayley Ladd,Hayley,Ladd,,1993-10-06,32,Wales,Wales,50,172,64,Everton,116016,Barclays WSL,,CDM,"CDM, CM, CB","CM, CB",Midfielder,Right,80,,53,54,53,57,57,71,46,61,47,59,72,70,56,55,84,78,58,70,64,62,73,76,75,78,78,69,81,79,77,78,72,73,76,90,3,3,5,5,9,11,8,,,,,"Press Proven, Bruiser",,Women's Football,1,ea-drop-api,265271,https://www.ea.com/games/ea-sports-fc/ratings?playerId=265271,ea-drop-api,ea-drop-api,,fc27,2026-08-28T08:51:40.553Z
248715,Marina Hegering,Marina,Hegering,,1990-04-17,36,Germany,Germany,21,170,59,1. FC Köln,116003,GPFBL,,CB,CB,,Defense,Right,80,,52,55,50,57,60,50,66,37,58,49,63,42,40,60,81,78,64,71,73,77,78,78,83,82,77,86,84,82,81,76,81,75,74,82,3,3,12,14,7,12,11,,,,,"Long Ball Pass, Aerial Fortress",,Women's Football,1,ea-drop-api,248715,https://www.ea.com/games/ea-sports-fc/ratings?playerId=248715,ea-drop-api,ea-drop-api,,fc27,2026-08-28T08:51:40.553Z
256302,Ainhoa Moraza,Ainhoa,Vicente Moraza,Ainhoa Moraza,1995-08-20,31,Spain,Spain,45,167,55,Real Sociedad,116336,Liga F Moeve,,RB,"RB, LB, LM","LB, LM",Defense,Right,80,,80,80,80,45,41,61,40,20,45,54,67,32,80,49,80,70,74,66,70,77,79,80,81,77,79,66,80,77,74,66,73,78,59,66,3,3,14,13,14,11,6,,,,,"Jockey, Block, Intercept, Relentless",,Women's Football,1,ea-drop-api,256302,https://www.ea.com/games/ea-sports-fc/ratings?playerId=256302,ea-drop-api,ea-drop-api,,fc27,2026-08-28T08:51:40.553Z
261514,Évelyne Viens,Évelyne,Viens,,1997-02-06,29,Canada,Canada,70,173,64,Roma,116282,Calcio A Femminile,,ST,ST,,Attack,Right,80,,81,83,79,79,80,78,76,79,72,86,62,59,44,51,80,58,50,80,76,78,80,84,66,28,35,74,19,21,15,63,88,50,80,32,4,3,6,9,13,11,10,,,,,Finesse Shot,,Women's Football,1,ea-drop-api,261514,https://www.ea.com/games/ea-sports-fc/ratings?playerId=261514,ea-drop-api,ea-drop-api,,fc27,2026-08-28T08:51:40.553Z
227357,Annaïg Butel,Annaïg,Butel,,1992-02-15,34,France,France,18,167,53,FC Fleury 91,116036,Arkema PL,,CB,CB,,Defense,Right,80,,60,65,55,42,37,61,34,36,49,46,65,56,53,44,80,72,49,64,43,51,80,75,79,82,82,79,87,80,78,77,82,72,76,86,3,2,8,10,10,13,14,,,,,Intercept,Block+,Women's Football,1,ea-drop-api,227357,https://www.ea.com/games/ea-sports-fc/ratings?playerId=227357,ea-drop-api,ea-drop-api,,fc27,2026-08-28T08:51:40.553Z
263013,Lotte Wubben-Moy,Lotte,Wubben-Moy,,1999-01-11,27,England,England,14,178,67,Arsenal,116009,Barclays WSL,,CB,CB,,Defense,Right,80,,58,62,54,42,38,50,42,30,58,40,62,57,32,32,80,79,55,65,59,44,75,74,84,83,80,82,88,81,80,76,85,66,81,76,3,2,12,10,11,8,13,,,,,"Precision Header, Aerial Fortress",,Women's Football,1,ea-drop-api,263013,https://www.ea.com/games/ea-sports-fc/ratings?playerId=263013,ea-drop-api,ea-drop-api,,fc27,2026-08-28T08:51:40.553Z
236641,Abby Dahlkemper,Abby,Dahlkemper,,1993-05-13,33,USA,United States,95,170,60,Bay FC,131477,NWSL,,CB,CB,,Defense,Right,80,,41,50,34,50,43,67,55,36,42,52,62,56,55,41,70,69,61,63,54,77,74,67,74,83,77,82,84,86,82,74,81,50,81,83,3,2,10,9,14,14,14,,,,,Long Ball Pass,,Women's Football,1,ea-drop-api,236641,https://www.ea.com/games/ea-sports-fc/ratings?playerId=236641,ea-drop-api,ea-drop-api,,fc27,2026-08-28T08:51:40.553Z
268940,Ana-Maria Crnogorčević,Ana-Maria,Crnogorčević,,1990-10-03,35,Switzerland,Switzerland,47,175,65,Seattle Reign,116300,NWSL,,RM,"RM, RW",RW,Midfielder,Right,79,,78,76,79,78,79,79,75,74,71,84,75,73,71,62,81,74,71,82,82,89,84,80,80,72,70,81,69,74,71,79,85,67,84,80,3,3,5,5,11,12,10,,,,,"Technical, Bruiser",,Women's Football,1,ea-drop-api,268940,https://www.ea.com/games/ea-sports-fc/ratings?playerId=268940,ea-drop-api,ea-drop-api,,fc27,2026-08-28T08:51:40.553Z
227067,Martina Rosucci,Martina,Rosucci,,1992-05-09,34,Italy,Italy,27,171,61,Juventus,116280,Calcio A Femminile,,CB,"CB, CM",CM,Defense,Right,79,,71,69,72,68,61,75,77,70,62,75,79,82,65,64,88,80,73,78,70,75,80,80,83,80,82,72,84,79,78,76,78,78,73,79,3,2,15,14,14,13,15,,,,,"Slide Tackle, Technical",,Women's Football,1,ea-drop-api,227067,https://www.ea.com/games/ea-sports-fc/ratings?playerId=227067,ea-drop-api,ea-drop-api,,fc27,2026-08-28T08:51:40.553Z
272008,Leire Baños,Leire,Baños Indakoetxea,Leire Baños,1996-11-29,29,Spain,Spain,45,166,62,Athletic Club,116328,Liga F Moeve,,CDM,"CDM, CM, CB","CM, CB",Midfielder,Right,79,,74,73,75,70,69,74,68,61,64,78,74,74,61,69,83,77,68,76,78,76,79,78,77,75,76,71,79,74,70,81,84,84,82,74,3,3,14,14,14,11,14,,,,,"Jockey, Aerial Fortress, Press Proven",,Women's Football,1,ea-drop-api,272008,https://www.ea.com/games/ea-sports-fc/ratings?playerId=272008,ea-drop-api,ea-drop-api,,fc27,2026-08-28T08:51:40.553Z
265053,Sophia Winkler,Sophia,Winkler,,2003-06-29,23,Germany,Germany,21,175,64,Frankfurt,115997,GPFBL,,GK,GK,,Defense,Right,79,,81,57,62,77,18,56,12,12,23,12,75,59,29,20,13,11,33,81,54,69,75,20,35,59,18,11,12,16,10,76,72,15,71,22,2,1,81,77,75,76,81,,,,,"Far Throw, Footwork, Cross Claimer",,Women's Football,1,ea-drop-api,265053,https://www.ea.com/games/ea-sports-fc/ratings?playerId=265053,ea-drop-api,ea-drop-api,,fc27,2026-08-28T08:51:40.553Z
247724,Julia Grosso,Julia,Grosso,,2000-08-29,25,Canada,Canada,70,171,52,Chicago Stars FC,116305,NWSL,,LM,"LM, CDM, LB","CDM, LB",Midfielder,Left,79,,75,75,75,68,68,70,66,58,63,73,79,77,73,62,88,79,68,80,80,79,75,86,76,71,75,56,74,71,67,75,73,80,71,78,4,3,8,9,15,6,11,,,,,"Incisive Pass, Technical",,Women's Football,1,ea-drop-api,247724,https://www.ea.com/games/ea-sports-fc/ratings?playerId=247724,ea-drop-api,ea-drop-api,,fc27,2026-08-28T08:51:40.553Z
227115,Katrina Gorry,Katrina,Gorry,,1992-08-13,34,Australia,Australia,195,154,54,West Ham,116014,Barclays WSL,,CM,"CM, CDM",CDM,Midfielder,Right,79,,75,80,70,74,72,76,80,62,61,77,78,82,64,78,84,76,74,80,77,83,78,82,81,68,68,44,72,71,67,70,65,71,65,84,4,4,15,17,10,7,15,,,,,"Jockey, Slide Tackle",,Women's Football,1,ea-drop-api,227115,https://www.ea.com/games/ea-sports-fc/ratings?playerId=227115,ea-drop-api,ea-drop-api,,fc27,2026-08-28T08:51:40.553Z
264089,Rinsola Babajide,Rinsola,Babajide,,1998-06-17,28,Nigeria,Nigeria,133,172,68,Roma,116282,Calcio A Femminile,,LW,"LW, ST, LM","ST, LM",Attack,Left,79,,89,89,89,77,76,81,80,67,74,76,73,74,80,65,72,66,72,78,87,82,76,75,67,50,43,70,32,66,54,78,90,74,87,58,4,4,10,12,10,8,14,,,,,"Rapid, Quick Step",,Women's Football,1,ea-drop-api,264089,https://www.ea.com/games/ea-sports-fc/ratings?playerId=264089,ea-drop-api,ea-drop-api,,fc27,2026-08-28T08:51:40.553Z
272010,Viola Calligaris,Viola,Calligaris,,1996-03-17,30,Switzerland,Switzerland,47,167,58,Juventus,116280,Calcio A Femminile,,CB,CB,,Defense,Right,79,,79,77,81,59,52,71,66,45,67,58,72,63,74,57,80,71,62,75,75,74,74,82,75,80,76,77,78,85,78,80,83,76,84,75,4,2,14,6,9,13,11,,,,,"Jockey, Intercept, Slide Tackle",,Women's Football,1,ea-drop-api,272010,https://www.ea.com/games/ea-sports-fc/ratings?playerId=272010,ea-drop-api,ea-drop-api,,fc27,2026-08-28T08:51:40.553Z
228628,Maitane,Maitane,López Millán,Maitane,1995-03-13,31,Spain,Spain,45,176,61,Chicago Stars FC,116305,NWSL,,CDM,"CDM, CB",CB,Midfielder,Right,79,,69,71,67,62,54,75,69,55,57,66,76,76,75,62,80,74,71,74,81,62,77,80,72,79,76,81,79,80,77,82,90,82,83,77,3,3,10,9,10,6,5,,,,,"Incisive Pass, Intercept, Press Proven, Bruiser",,Women's Football,1,ea-drop-api,228628,https://www.ea.com/games/ea-sports-fc/ratings?playerId=228628,ea-drop-api,ea-drop-api,,fc27,2026-08-28T08:51:40.553Z
272213,Elene Lete,Elene,Lete Para,Elene Lete,2002-05-08,24,Spain,Spain,45,173,66,London City,132176,Barclays WSL,,GK,GK,,Defense,Right,79,,80,52,57,75,10,56,8,8,11,9,75,30,9,12,15,20,11,80,60,45,77,12,30,54,15,15,10,16,20,78,62,20,36,18,2,1,80,75,75,78,80,,,,,,,Women's Football,1,ea-drop-api,272213,https://www.ea.com/games/ea-sports-fc/ratings?playerId=272213,ea-drop-api,ea-drop-api,,fc27,2026-08-28T08:51:40.553Z
262092,Paulina Krumbiegel,Paulina,Krumbiegel,,2000-10-27,25,Germany,Germany,21,174,59,Juventus,116280,Calcio A Femminile,,LM,"LM, RM, LW","RM, LW",Midfielder,Right,79,,84,82,86,72,75,69,72,58,57,78,74,74,78,64,75,70,65,78,86,76,74,79,68,61,56,46,66,65,61,72,71,81,71,65,4,3,7,8,13,14,10,,,,,"Whipped Pass, Rapid",,Women's Football,1,ea-drop-api,262092,https://www.ea.com/games/ea-sports-fc/ratings?playerId=262092,ea-drop-api,ea-drop-api,,fc27,2026-08-28T08:51:40.553Z
264892,Ramona Bachmann,Ramona,Bachmann,,1990-12-25,35,Switzerland,Switzerland,47,162,59,Houston Dash,116306,NWSL,,LM,"LM, LW",LW,Midfielder,Right,79,,72,74,71,78,80,77,76,69,69,86,77,80,70,69,83,72,74,81,78,80,78,86,75,53,56,61,53,51,43,78,79,71,80,79,3,3,5,14,13,15,13,,,,,"Incisive Pass, Technical, First Touch",,Women's Football,1,ea-drop-api,264892,https://www.ea.com/games/ea-sports-fc/ratings?playerId=264892,ea-drop-api,ea-drop-api,,fc27,2026-08-28T08:51:40.553Z
271568,Jelena Čanković,Jelena,Čanković,,1995-08-13,31,Serbia,Serbia,51,162,57,Brighton,116013,Barclays WSL,,CM,"CM, CAM",CAM,Midfielder,Left,79,,73,73,73,79,80,79,81,78,65,85,75,77,65,65,80,77,78,82,67,71,77,86,78,59,67,69,44,67,58,71,75,76,68,70,3,4,10,13,8,13,13,,,,,"Chip Shot, Power Shot, Long Ball Pass, Technical",,Women's Football,1,ea-drop-api,271568,https://www.ea.com/games/ea-sports-fc/ratings?playerId=271568,ea-drop-api,ea-drop-api,,fc27,2026-08-28T08:51:40.553Z
272094,Fiamma Benítez,Fiamma,Benítez Ianuzzi,Fiamma Benítez,2004-06-19,22,Spain,Spain,45,168,58,Atlético de Madrid,116327,Liga F Moeve,,CAM,"CAM, CM",CM,Midfielder,Right,79,,78,80,76,73,77,65,72,62,70,77,77,80,71,72,82,76,67,79,79,76,75,80,70,60,63,59,52,67,55,72,77,84,72,55,3,4,7,15,12,12,13,,,,,"Incisive Pass, Inventive, Press Proven",,Women's Football,1,ea-drop-api,272094,https://www.ea.com/games/ea-sports-fc/ratings?playerId=272094,ea-drop-api,ea-drop-api,,fc27,2026-08-28T08:51:40.553Z
227925,Mackenzie Arnold,Mackenzie,Arnold,,1994-02-25,32,Australia,Australia,195,181,76,Portland Thorns,116302,NWSL,,GK,GK,,Defense,Right,79,,78,54,46,73,13,58,15,15,22,10,77,50,15,13,32,31,15,81,41,54,78,25,53,51,20,8,20,12,16,78,64,36,59,22,2,1,78,73,77,78,81,,,,,Far Throw,,Women's Football,1,ea-drop-api,227925,https://www.ea.com/games/ea-sports-fc/ratings?playerId=227925,ea-drop-api,ea-drop-api,,fc27,2026-08-28T08:51:40.553Z
271945,Oihane Hernández,Oihane,Hernández Zurbano,Oihane Hernández,2000-05-04,26,Spain,Spain,45,165,59,Orlando Pride,116307,NWSL,,RB,"RB, RM",RM,Defense,Right,79,,78,79,78,62,61,60,64,55,61,69,75,70,75,58,79,75,80,73,77,73,77,81,71,76,77,55,79,79,77,74,75,83,72,66,4,3,14,13,13,12,8,,,,,Rapid,,Women's Football,1,ea-drop-api,271945,https://www.ea.com/games/ea-sports-fc/ratings?playerId=271945,ea-drop-api,ea-drop-api,,fc27,2026-08-28T08:51:40.553Z
233246,Lauren Barnes,Lauren,Barnes,,1989-05-31,37,USA,United States,95,165,57,Seattle Reign,116300,NWSL,,CB,CB,,Defense,Left,79,,74,73,75,53,41,68,66,57,47,58,73,62,72,66,81,74,78,76,70,81,79,81,81,81,80,68,84,83,77,80,80,81,80,78,3,2,5,7,11,13,15,,,,,"Long Ball Pass, Bruiser",,Women's Football,1,ea-drop-api,233246,https://www.ea.com/games/ea-sports-fc/ratings?playerId=233246,ea-drop-api,ea-drop-api,,fc27,2026-08-28T08:51:40.553Z
265242,Manuela Zinsberger,Manuela,Zinsberger,,1995-10-19,30,Austria,Austria,4,177,67,Arsenal,116009,Barclays WSL,,GK,GK,,Defense,Right,79,,78,48,42,77,18,59,25,12,53,11,78,70,31,24,23,15,19,78,46,62,77,36,56,46,10,6,20,13,16,80,70,22,78,26,4,1,78,77,78,80,78,,,,,"Cross Claimer, Rush Out",,Women's Football,1,ea-drop-api,265242,https://www.ea.com/games/ea-sports-fc/ratings?playerId=265242,ea-drop-api,ea-drop-api,,fc27,2026-08-28T08:51:40.553Z
264807,Marie Levasseur,Marie,Levasseur,,1997-05-18,29,Canada,Canada,70,172,63,Montpellier,116037,Arkema PL,,RB,"RB, RM",RM,Defense,Right,79,,77,72,81,66,68,63,64,68,57,66,65,53,72,52,73,60,63,74,71,68,74,79,69,76,75,80,74,77,78,78,86,88,77,67,4,3,7,10,12,14,13,,,,,"Intercept, Anticipate, Aerial Fortress, Long Throw, Bruiser",,Women's Football,1,ea-drop-api,264807,https://www.ea.com/games/ea-sports-fc/ratings?playerId=264807,ea-drop-api,ea-drop-api,,fc27,2026-08-28T08:51:40.553Z
272110,Andrea Medina,Andrea,Medina Martin,Andrea Medina,2004-05-11,22,Spain,Spain,45,162,58,Atlético de Madrid,116327,Liga F Moeve,,LB,"LB, LM",LM,Defense,Left,79,,80,81,79,53,52,62,48,40,52,69,74,68,77,51,82,70,59,74,79,74,75,75,80,78,75,78,79,79,74,76,87,77,72,80,4,3,13,8,14,10,8,,,,,"Block, Slide Tackle, Aerial Fortress, Relentless",,Women's Football,1,ea-drop-api,272110,https://www.ea.com/games/ea-sports-fc/ratings?playerId=272110,ea-drop-api,ea-drop-api,,fc27,2026-08-28T08:51:40.553Z
228630,Esther Sullastres,Esther,Sullastres Ayuso,Esther Sullastres,1993-03-20,33,Spain,Spain,45,175,58,Sevilla FC,116337,Liga F Moeve,,GK,GK,,Defense,Right,79,,80,50,46,77,17,56,14,17,28,11,74,22,12,14,22,20,12,76,58,65,78,21,21,48,18,13,29,15,16,79,59,41,49,17,3,1,80,77,74,79,76,,,,,Far Throw,,Women's Football,1,ea-drop-api,228630,https://www.ea.com/games/ea-sports-fc/ratings?playerId=228630,ea-drop-api,ea-drop-api,,fc27,2026-08-28T08:51:40.553Z
261855,Kika Nazareth,Francisca Ramos,Nazareth Sousa,Kika Nazareth,2002-11-17,23,Portugal,Portugal,38,170,67,FC Barcelona,116325,Liga F Moeve,,LW,"LW, CM, ST, LM","CM, ST, LM",Attack,Right,79,,79,78,79,76,80,71,75,71,76,76,77,78,70,68,83,73,74,80,72,72,77,83,77,56,50,69,38,71,65,66,77,73,66,53,4,4,5,8,10,9,11,,,,,"Chip Shot, Incisive Pass, Technical",,Women's Football,1,ea-drop-api,261855,https://www.ea.com/games/ea-sports-fc/ratings?playerId=261855,ea-drop-api,ea-drop-api,,fc27,2026-08-28T08:51:40.553Z
264986,Chantal Hagel,Chantal,Hagel,,1998-07-20,28,Germany,Germany,21,172,67,Sevilla FC,116337,Liga F Moeve,,CM,"CM, CDM, CAM","CDM, CAM",Midfielder,Left,79,,49,60,40,75,73,81,74,78,72,80,76,79,69,68,80,76,74,79,73,74,81,83,81,72,75,65,69,77,64,80,76,78,84,72,3,3,11,6,8,11,13,,,,,Press Proven,,Women's Football,1,ea-drop-api,264986,https://www.ea.com/games/ea-sports-fc/ratings?playerId=264986,ea-drop-api,ea-drop-api,,fc27,2026-08-28T08:51:40.553Z
265280,Vilde Bøe Risa,Vilde,Bøe Risa,,1995-07-13,31,Norway,Norway,36,165,62,Atlético de Madrid,116327,Liga F Moeve,,CM,"CM, CDM, CAM","CDM, CAM",Midfielder,Right,79,,64,67,61,71,64,79,80,64,76,75,77,77,70,73,83,81,60,79,69,71,75,82,82,63,77,75,39,77,52,75,83,79,81,52,4,3,7,13,11,13,15,,,,,"Dead Ball, Long Ball Pass",,Women's Football,1,ea-drop-api,265280,https://www.ea.com/games/ea-sports-fc/ratings?playerId=265280,ea-drop-api,ea-drop-api,,fc27,2026-08-28T08:51:40.553Z
264890,Jovana Damnjanović,Jovana,Damnjanović,,1994-11-24,31,Serbia,Serbia,51,170,64,FC Bayern München,115995,GPFBL,,CAM,"CAM, ST, CM","ST, CM",Midfielder,Right,79,,80,77,82,78,82,71,79,73,63,83,72,77,67,68,77,63,62,77,75,73,85,80,68,43,33,79,38,41,44,78,88,79,76,79,3,3,11,9,10,6,5,,,,,Rapid,,Women's Football,1,ea-drop-api,264890,https://www.ea.com/games/ea-sports-fc/ratings?playerId=264890,ea-drop-api,ea-drop-api,,fc27,2026-08-28T08:51:40.553Z
265905,Vicki Becho,Vicki,Becho,,2003-10-03,22,France,France,18,168,62,OL Lyonnes,116033,Arkema PL,,RW,"RW, ST, RM","ST, RM",Attack,Right,79,,85,82,87,76,77,75,76,74,68,80,69,65,68,63,76,62,68,85,83,69,75,85,84,45,38,72,40,46,39,68,84,70,71,52,3,4,6,5,11,7,12,,,,,"Gamechanger, Technical, Trickster, Quick Step",,Women's Football,1,ea-drop-api,265905,https://www.ea.com/games/ea-sports-fc/ratings?playerId=265905,ea-drop-api,ea-drop-api,,fc27,2026-08-28T08:51:40.553Z
267321,Katie Lund,Katie,Lund,,1996-11-27,29,USA,United States,95,185,65,Rac. Louisville,116308,NWSL,,GK,GK,,Defense,Right,79,,78,38,43,78,12,55,9,7,25,12,73,53,11,10,27,32,13,80,58,38,76,16,40,40,8,8,12,11,8,79,61,39,64,19,2,1,78,78,73,79,80,,,,,Deflector,,Women's Football,1,ea-drop-api,267321,https://www.ea.com/games/ea-sports-fc/ratings?playerId=267321,ea-drop-api,ea-drop-api,,fc27,2026-08-28T08:51:40.553Z
267368,Didi Haračić,Didi,Haračić,,1992-04-12,34,Bosnia and Herzegovina,Bosnia and Herzegovina,8,173,65,San Diego Wave,116312,NWSL,,GK,GK,,Defense,Right,79,,78,45,41,77,14,55,21,11,26,14,73,55,14,10,25,29,11,80,54,47,78,19,45,43,16,18,13,19,18,77,67,39,67,15,2,1,78,77,73,77,80,,,,,Footwork,,Women's Football,1,ea-drop-api,267368,https://www.ea.com/games/ea-sports-fc/ratings?playerId=267368,ea-drop-api,ea-drop-api,,fc27,2026-08-28T08:51:40.553Z
271739,Honoka Hayashi,Honoka,Hayashi,,1998-05-19,28,Japan,Japan,163,157,54,Everton,116016,Barclays WSL,,CM,"CM, LM",LM,Midfielder,Right,79,,78,78,78,71,64,77,79,64,68,78,78,83,73,65,80,79,75,80,77,80,79,85,72,62,65,57,59,66,62,57,60,81,40,68,5,3,6,14,8,8,5,,,,,,,Women's Football,1,ea-drop-api,271739,https://www.ea.com/games/ea-sports-fc/ratings?playerId=271739,ea-drop-api,ea-drop-api,,fc27,2026-08-28T08:51:40.553Z
265326,Sarah Mayling,Sarah,Mayling,,1997-03-20,29,England,England,14,166,58,Aston Villa,116015,Barclays WSL,,RB,"RB, RM",RM,Defense,Right,79,,70,67,72,59,58,67,56,43,70,54,71,60,82,73,72,70,68,71,74,64,73,76,74,78,78,76,81,77,76,76,81,83,73,73,3,3,13,6,12,7,7,,,,,Anticipate,,Women's Football,1,ea-drop-api,265326,https://www.ea.com/games/ea-sports-fc/ratings?playerId=265326,ea-drop-api,ea-drop-api,,fc27,2026-08-28T08:51:40.553Z
267199,Angelina,Angelina,Alonso Costantino,Angelina,2000-01-26,26,Brazil,Brazil,54,164,58,Orlando Pride,116307,NWSL,,LM,"LM, CM, LW","CM, LW",Midfielder,Right,79,,72,73,71,69,66,74,72,71,58,77,78,77,76,65,83,75,72,80,78,83,82,84,69,59,64,57,48,68,55,65,67,76,59,68,4,4,10,13,7,9,9,,,,,,,Women's Football,1,ea-drop-api,267199,https://www.ea.com/games/ea-sports-fc/ratings?playerId=267199,ea-drop-api,ea-drop-api,,fc27,2026-08-28T08:51:40.553Z
227405,Sophie Schmidt,Sophie,Schmidt,,1988-06-28,38,Canada,Canada,70,172,66,Houston Dash,116306,NWSL,,CDM,"CDM, CM, CB","CM, CB",Midfielder,Right,79,,44,47,42,74,74,76,73,65,71,80,75,76,62,68,83,74,67,78,52,71,78,85,82,77,80,63,78,80,75,72,66,77,72,68,4,3,11,10,9,16,8,,,,,"Anticipate, Aerial Fortress",,Women's Football,1,ea-drop-api,227405,https://www.ea.com/games/ea-sports-fc/ratings?playerId=227405,ea-drop-api,ea-drop-api,,fc27,2026-08-28T08:51:40.553Z
248799,Mary Fowler,Mary,Fowler,,2003-02-14,23,Australia,Australia,195,170,66,Manchester City,116017,Barclays WSL,,RW,"RW, ST, LW, RM","ST, LW, RM",Attack,Left,79,,80,84,76,77,80,75,80,59,65,79,73,78,67,56,78,71,69,81,76,77,78,81,74,47,35,61,38,60,49,62,77,66,68,38,5,3,7,14,6,8,14,,,,,Dead Ball,,Women's Football,1,ea-drop-api,248799,https://www.ea.com/games/ea-sports-fc/ratings?playerId=248799,ea-drop-api,ea-drop-api,,fc27,2026-08-28T08:51:40.553Z
264875,Kerstin Casparij,Kerstin,Casparij,,2000-08-19,26,Netherlands,Holland,34,169,57,Manchester City,116017,Barclays WSL,,RB,"RB, RM",RM,Defense,Right,79,,76,76,76,58,66,57,45,43,47,60,72,59,77,47,80,73,66,74,74,68,76,78,60,77,77,59,78,82,78,62,69,70,58,60,4,3,9,13,10,12,6,,,,,Anticipate,,Women's Football,1,ea-drop-api,264875,https://www.ea.com/games/ea-sports-fc/ratings?playerId=264875,ea-drop-api,ea-drop-api,,fc27,2026-08-28T08:51:40.553Z
272203,Maddi Torre,Maddi,Torre Larrañaga,Maddi Torre,1996-03-30,30,Spain,Spain,45,172,61,Athletic Club,116328,Liga F Moeve,,CB,CB,,Defense,Right,79,,62,55,67,56,50,62,61,59,59,61,76,77,70,50,84,75,62,69,68,64,74,75,70,82,82,80,85,81,80,74,79,83,75,60,4,3,10,15,9,8,15,,,,,Long Ball Pass,,Women's Football,1,ea-drop-api,272203,https://www.ea.com/games/ea-sports-fc/ratings?playerId=272203,ea-drop-api,ea-drop-api,,fc27,2026-08-28T08:51:40.553Z
244059,Katja Snoeijs,Katja,Snoeijs,,1996-08-31,29,Netherlands,Holland,34,172,63,Everton,116016,Barclays WSL,,ST,"ST, CAM, CM","CAM, CM",Attack,Right,79,,81,79,83,79,80,79,80,76,73,84,66,66,57,56,74,66,64,79,76,54,72,83,79,43,38,73,41,41,31,70,82,85,70,48,3,3,9,11,16,15,10,,,,,,,Women's Football,1,ea-drop-api,244059,https://www.ea.com/games/ea-sports-fc/ratings?playerId=244059,ea-drop-api,ea-drop-api,,fc27,2026-08-28T08:51:40.553Z
269972,Lou Bogaert,Lou,Bogaert,,2004-06-25,22,France,France,18,165,58,Paris FC,116035,Arkema PL,,LB,"LB, LM",LM,Defense,Left,79,,77,76,77,51,48,72,44,41,43,44,71,54,73,41,81,78,64,75,72,71,77,80,60,78,75,79,76,81,79,66,83,66,68,57,3,3,10,11,8,13,15,,,,,,,Women's Football,1,ea-drop-api,269972,https://www.ea.com/games/ea-sports-fc/ratings?playerId=269972,ea-drop-api,ea-drop-api,,fc27,2026-08-28T08:51:40.553Z
266996,Sofia Cantore,Sofia,Cantore,,1999-09-30,26,Italy,Italy,27,167,60,Washington Spirit,116304,NWSL,,RW,"RW, ST, RM","ST, RM",Attack,Right,79,,79,77,80,78,84,73,73,71,62,77,73,75,76,58,82,57,54,79,74,65,77,83,73,42,50,67,30,42,34,66,76,63,68,60,3,3,7,15,13,7,11,,,,,Chip Shot,,Women's Football,1,ea-drop-api,266996,https://www.ea.com/games/ea-sports-fc/ratings?playerId=266996,ea-drop-api,ea-drop-api,,fc27,2026-08-28T08:51:40.553Z
73014,Cornelia Kramer,Cornelia,Kramer,,2002-12-01,23,Denmark,Denmark,13,172,60,Leverkusen,115996,GPFBL,,ST,ST,,Attack,Right,79,,81,81,81,80,82,81,77,73,78,83,58,53,49,65,73,48,38,76,73,63,78,79,74,48,37,72,34,64,39,73,85,74,74,68,2,2,10,7,9,11,9,,,,,,,Women's Football,1,ea-drop-api,73014,https://www.ea.com/games/ea-sports-fc/ratings?playerId=73014,ea-drop-api,ea-drop-api,,fc27,2026-08-28T08:51:40.553Z
266937,Martina Lenzini,Martina,Lenzini,,1998-07-23,28,Italy,Italy,27,173,63,Juventus,116280,Calcio A Femminile,,CB,CB,,Defense,Right,79,,74,73,75,47,41,66,47,29,65,34,71,63,66,55,82,74,54,68,69,59,82,77,69,79,78,78,82,78,77,77,84,80,73,79,3,2,12,13,11,6,9,,,,,"Long Ball Pass, Long Throw",,Women's Football,1,ea-drop-api,266937,https://www.ea.com/games/ea-sports-fc/ratings?playerId=266937,ea-drop-api,ea-drop-api,,fc27,2026-08-28T08:51:40.553Z
247811,Jun Endo,Jun,Endo,,2000-05-24,26,Japan,Japan,163,163,60,Angel City FC,116311,NWSL,,LM,"LM, LW",LW,Midfielder,Left,79,,78,77,78,74,74,74,74,71,70,85,74,78,70,62,79,70,69,78,76,74,76,80,72,45,47,51,43,43,42,66,71,80,70,35,3,4,8,10,14,13,8,,,,,Press Proven,,Women's Football,1,ea-drop-api,247811,https://www.ea.com/games/ea-sports-fc/ratings?playerId=247811,ea-drop-api,ea-drop-api,,fc27,2026-08-28T08:51:40.553Z
264896,Celin Bizet,Celin,Bizet,,2001-10-24,24,Norway,Norway,36,167,56,Manchester Utd,116012,Barclays WSL,,RM,"RM, RW, ST","RW, ST",Midfielder,Right,79,,84,85,83,72,76,69,68,62,63,75,75,75,79,47,78,73,65,79,81,81,73,79,71,37,36,31,37,41,30,67,64,69,67,65,3,4,12,11,12,14,14,,,,,"Gamechanger, Whipped Pass, Intercept, Rapid",,Women's Football,1,ea-drop-api,264896,https://www.ea.com/games/ea-sports-fc/ratings?playerId=264896,ea-drop-api,ea-drop-api,,fc27,2026-08-28T08:51:40.553Z
268941,Jana,Jana,Fernández Velasco,Jana,2002-02-18,24,Spain,Spain,45,163,53,London City,132176,Barclays WSL,,RB,"RB, CB, RM","CB, RM",Defense,Right,79,,71,70,71,53,52,60,50,40,51,53,71,72,66,48,81,68,45,67,65,65,78,77,71,79,80,72,80,81,79,73,78,75,72,74,3,2,9,7,5,6,5,,,,,"Slide Tackle, Relentless",,Women's Football,1,ea-drop-api,268941,https://www.ea.com/games/ea-sports-fc/ratings?playerId=268941,ea-drop-api,ea-drop-api,,fc27,2026-08-28T08:51:40.553Z
253175,Luana,Luana,Bertolucci Paixão,Luana,1993-05-02,33,Brazil,Brazil,54,163,60,Orlando Pride,116307,NWSL,,CM,CM,,Midfielder,Right,79,,50,35,62,72,72,74,75,47,67,78,78,80,75,63,84,77,51,81,65,60,74,86,78,66,70,52,64,70,65,65,54,65,65,66,4,3,14,5,13,13,11,,,,,Technical,,Women's Football,1,ea-drop-api,253175,https://www.ea.com/games/ea-sports-fc/ratings?playerId=253175,ea-drop-api,ea-drop-api,,fc27,2026-08-28T08:51:40.553Z
246059,Lizbeth Ovalle,Lizbeth,Ovalle,,1999-10-19,26,Mexico,Mexico,83,162,55,Orlando Pride,116307,NWSL,,LM,"LM, RM, LW","RM, LW",Midfielder,Left,79,,72,71,73,81,82,85,81,80,67,79,76,68,77,70,80,73,81,80,78,78,78,83,69,42,49,30,46,43,27,60,55,76,58,45,3,3,6,9,15,14,11,,,,,"Technical, First Touch",,Women's Football,1,ea-drop-api,246059,https://www.ea.com/games/ea-sports-fc/ratings?playerId=246059,ea-drop-api,ea-drop-api,,fc27,2026-08-28T08:51:40.553Z
247461,Nathalie Björn,Nathalie,Björn,,1997-05-04,29,Sweden,Sweden,46,174,67,Chelsea,116010,Barclays WSL,,CB,"CB, CM, RB","CM, RB",Defense,Right,79,,77,76,77,40,35,42,47,35,43,52,71,58,68,56,81,79,65,65,66,75,78,70,79,80,80,78,81,79,79,78,88,76,77,78,3,2,7,14,9,8,12,,,,,Intercept,,Women's Football,1,ea-drop-api,247461,https://www.ea.com/games/ea-sports-fc/ratings?playerId=247461,ea-drop-api,ea-drop-api,,fc27,2026-08-28T08:51:40.553Z
245826,Risa Shimizu,Risa,Shimizu,,1996-06-15,30,Japan,Japan,163,160,47,Liverpool,116343,Barclays WSL,,RB,RB,,Defense,Right,79,,81,79,82,53,58,57,44,45,50,45,71,62,80,53,76,68,70,71,79,82,74,72,63,78,76,70,80,79,77,56,65,75,42,65,3,3,15,11,8,7,7,,,,,Intercept,,Women's Football,1,ea-drop-api,245826,https://www.ea.com/games/ea-sports-fc/ratings?playerId=245826,ea-drop-api,ea-drop-api,,fc27,2026-08-28T08:51:40.553Z
267531,Romée Leuchter,Romée,Leuchter,,2001-01-12,25,Netherlands,Holland,34,167,60,Paris SG,116034,Arkema PL,,ST,"ST, LW, CAM","LW, CAM",Attack,Right,79,,82,84,81,80,83,79,76,70,69,84,67,61,67,78,75,53,68,79,76,68,79,81,68,28,21,71,25,24,23,70,83,71,69,68,4,3,14,6,10,10,8,,,,,"Incisive Pass, Technical",,Women's Football,1,ea-drop-api,267531,https://www.ea.com/games/ea-sports-fc/ratings?playerId=267531,ea-drop-api,ea-drop-api,,fc27,2026-08-28T08:51:40.553Z
273520,Maika Hamano,Maika,Hamano,,2004-05-09,22,Japan,Japan,163,165,50,Chelsea,116010,Barclays WSL,,CAM,"CAM, CM",CM,Midfielder,Right,79,,76,76,76,72,78,62,68,76,67,80,71,79,50,60,79,76,54,81,83,89,75,83,65,51,50,58,48,56,43,54,67,68,54,33,4,4,8,14,7,11,10,,,,,"Finesse Shot, Incisive Pass, Technical, First Touch",,Women's Football,1,ea-drop-api,273520,https://www.ea.com/games/ea-sports-fc/ratings?playerId=273520,ea-drop-api,ea-drop-api,,fc27,2026-08-28T08:51:40.553Z
245824,Ayaka Yamashita,Ayaka,Yamashita,,1995-09-29,30,Japan,Japan,163,170,64,Manchester City,116017,Barclays WSL,,GK,GK,,Defense,Left,79,,78,18,20,76,8,56,7,6,22,10,74,70,20,25,15,18,11,80,48,68,80,22,40,19,11,8,12,10,12,76,53,41,59,18,3,1,78,76,74,76,80,,,,,,,Women's Football,1,ea-drop-api,245824,https://www.ea.com/games/ea-sports-fc/ratings?playerId=245824,ea-drop-api,ea-drop-api,,fc27,2026-08-28T08:51:40.553Z
247805,Moeka Minami,Moeka,Minami,,1998-12-07,27,Japan,Japan,163,172,62,Brighton,116013,Barclays WSL,,CB,CB,,Defense,Right,79,,64,59,68,56,63,56,47,32,60,50,58,44,41,41,82,58,25,70,68,60,76,80,63,81,79,73,88,78,79,74,77,63,76,81,3,2,13,8,10,11,10,,,,,"Long Ball Pass, Block, Intercept",,Women's Football,1,ea-drop-api,247805,https://www.ea.com/games/ea-sports-fc/ratings?playerId=247805,ea-drop-api,ea-drop-api,,fc27,2026-08-28T08:51:40.553Z
244045,Tierna Davidson,Tierna,Davidson,,1998-09-19,27,USA,United States,95,177,65,Gotham FC,116310,NWSL,,CB,CB,,Defense,Left,79,,63,62,64,50,36,70,68,36,41,48,66,62,54,65,75,73,55,65,58,55,78,71,82,82,81,75,85,84,79,76,80,71,78,77,4,2,11,11,12,9,8,,,,,,,Women's Football,1,ea-drop-api,244045,https://www.ea.com/games/ea-sports-fc/ratings?playerId=244045,ea-drop-api,ea-drop-api,,fc27,2026-08-28T08:51:40.553Z
276552,Olivia Smith,Olivia,Smith,,2004-08-05,22,Canada,Canada,70,163,54,Arsenal,116009,Barclays WSL,,ST,"ST, RM, CAM","RM, CAM",Attack,Right,79,,79,81,77,78,80,78,76,68,75,80,68,65,58,55,77,70,67,82,76,75,79,83,75,24,14,72,21,21,17,66,84,64,72,47,4,4,6,14,11,12,12,,,,,"Finesse Shot, Technical",,Women's Football,1,ea-drop-api,276552,https://www.ea.com/games/ea-sports-fc/ratings?playerId=276552,ea-drop-api,ea-drop-api,,fc27,2026-08-28T08:51:40.553Z
265247,Jess Carter,Jess,Carter,,1997-10-27,28,England,England,14,165,70,Gotham FC,116310,NWSL,,CB,"CB, RB",RB,Defense,Right,79,,58,56,60,46,43,50,45,45,56,50,67,55,68,45,77,72,51,65,50,78,80,75,61,82,83,67,86,86,74,78,75,75,81,76,3,2,10,7,11,6,9,,,,,"Long Ball Pass, Block, Long Throw, Bruiser",,Women's Football,1,ea-drop-api,265247,https://www.ea.com/games/ea-sports-fc/ratings?playerId=265247,ea-drop-api,ea-drop-api,,fc27,2026-08-28T08:51:40.553Z
226350,Katie Stengel,Katie,Stengel,,1992-02-29,34,USA,United States,95,175,67,Gotham FC,116310,NWSL,,ST,"ST, LM",LM,Attack,Right,79,,72,73,71,80,84,79,76,72,78,79,62,65,39,56,77,58,48,74,50,70,79,78,63,33,21,79,38,22,24,74,88,66,82,60,3,3,13,6,7,14,14,,,,,"Chip Shot, Precision Header",,Women's Football,1,ea-drop-api,226350,https://www.ea.com/games/ea-sports-fc/ratings?playerId=226350,ea-drop-api,ea-drop-api,,fc27,2026-08-28T08:51:40.553Z
227421,Rafaelle,Rafaelle Leone,Carvalho Souza,Rafaelle,1991-06-18,35,Brazil,Brazil,54,175,64,Orlando Pride,116307,NWSL,,CB,CB,,Defense,Left,79,,55,51,58,39,35,48,34,27,56,52,68,48,69,30,80,78,60,65,71,54,77,73,78,81,80,78,84,80,77,79,80,74,81,80,3,2,16,16,8,12,7,,,,,"Jockey, Intercept",,Women's Football,1,ea-drop-api,227421,https://www.ea.com/games/ea-sports-fc/ratings?playerId=227421,ea-drop-api,ea-drop-api,,fc27,2026-08-28T08:51:40.553Z
227109,Alanna Kennedy,Alanna,Kennedy,,1995-01-21,31,Australia,Australia,195,177,66,London City,132176,Barclays WSL,,CDM,"CDM, CM",CM,Midfielder,Right,79,,44,43,45,46,37,63,49,43,57,43,70,57,51,71,85,80,68,64,38,48,78,79,79,79,79,77,80,80,77,75,75,71,76,76,4,2,10,10,10,16,13,,,,,"Slide Tackle, Aerial Fortress",,Women's Football,1,ea-drop-api,227109,https://www.ea.com/games/ea-sports-fc/ratings?playerId=227109,ea-drop-api,ea-drop-api,,fc27,2026-08-28T08:51:40.553Z
265893,Julie Pasquereau,Julie,Pasquereau,,1994-07-08,32,France,France,18,176,64,FC Nantes,116417,Arkema PL,,CB,CB,,Defense,Right,79,,54,39,66,38,33,53,31,35,40,47,65,53,47,39,81,83,50,60,31,44,76,69,72,80,76,80,80,83,79,81,79,71,88,75,3,2,10,14,9,13,12,,,,,"Block, Intercept, Aerial Fortress",,Women's Football,1,ea-drop-api,265893,https://www.ea.com/games/ea-sports-fc/ratings?playerId=265893,ea-drop-api,ea-drop-api,,fc27,2026-08-28T08:51:40.553Z
242797,Rocío Gálvez,Rocío,Gálvez Luna,Rocío Gálvez,1997-04-15,29,Spain,Spain,45,174,68,Real Madrid,116326,Liga F Moeve,,CB,CB,,Defense,Right,79,,69,70,68,29,25,41,26,24,39,30,55,33,31,40,79,72,27,66,66,81,77,74,72,79,80,81,81,77,76,78,87,69,80,80,3,2,10,12,15,10,11,,,,,Long Ball Pass,,Women's Football,1,ea-drop-api,242797,https://www.ea.com/games/ea-sports-fc/ratings?playerId=242797,ea-drop-api,ea-drop-api,,fc27,2026-08-28T08:51:40.553Z
246364,Aldana Cometti,Aldana,Cometti,,1996-03-03,30,Argentina,Argentina,52,168,56,FC Fleury 91,116036,Arkema PL,,CB,CB,,Defense,Right,79,,62,63,62,30,25,42,26,23,50,31,56,35,28,41,79,78,32,63,65,76,76,70,65,80,80,81,81,80,77,80,86,77,82,76,3,2,11,8,9,12,12,,,,,"Precision Header, Jockey, Intercept, Anticipate, Slide Tackle",,Women's Football,1,ea-drop-api,246364,https://www.ea.com/games/ea-sports-fc/ratings?playerId=246364,ea-drop-api,ea-drop-api,,fc27,2026-08-28T08:51:40.553Z
264011,Alana Cook,Alana,Cook,,1997-04-11,29,USA,United States,95,172,63,KC Current,116309,NWSL,,CB,CB,,Defense,Right,79,,40,37,43,44,34,58,56,37,41,43,61,62,41,40,72,70,45,61,33,67,78,68,72,82,81,78,87,80,77,78,76,64,84,83,3,2,7,15,15,13,6,,,,,Bruiser,,Women's Football,1,ea-drop-api,264011,https://www.ea.com/games/ea-sports-fc/ratings?playerId=264011,ea-drop-api,ea-drop-api,,fc27,2026-08-28T08:51:40.553Z
267289,Katie Lind,Katie,Lind,,1994-02-15,32,USA,United States,95,178,66,Houston Dash,116306,NWSL,,CB,CB,,Defense,Right,79,,50,48,52,43,39,52,43,37,42,43,57,47,46,36,70,62,49,63,51,65,74,69,72,83,76,80,88,84,79,69,78,39,79,77,2,2,10,7,13,13,8,,,,,,,Women's Football,1,ea-drop-api,267289,https://www.ea.com/games/ea-sports-fc/ratings?playerId=267289,ea-drop-api,ea-drop-api,,fc27,2026-08-28T08:51:40.553Z
272051,Toni Payne,Toni,Payne,,1995-04-22,31,Nigeria,Nigeria,133,161,55,Everton,116016,Barclays WSL,,RM,"RM, ST, RW","ST, RW",Midfielder,Right,78,,88,90,87,72,73,74,69,65,67,78,73,76,70,55,76,70,76,76,80,77,75,76,75,72,75,70,70,75,69,80,89,90,83,59,4,4,10,8,12,11,7,,,,,"Rapid, Quick Step, Relentless",,Women's Football,1,ea-drop-api,272051,https://www.ea.com/games/ea-sports-fc/ratings?playerId=272051,ea-drop-api,ea-drop-api,,fc27,2026-08-28T08:51:40.553Z
265304,Kateřina Svitková,Kateřina,Svitková,,1996-03-20,30,Czechia,Czech Republic,12,167,60,Slavia Praha,131360,Ceska Liga Žen,,CAM,"CAM, LM, CM","LM, CM",Midfielder,Right,78,,74,72,75,78,80,79,78,70,72,76,76,75,79,69,76,72,86,82,78,72,78,84,65,71,75,73,68,73,67,69,77,80,63,68,5,4,13,11,10,11,10,,,,,"Power Shot, Technical",,Women's Football,1,ea-drop-api,265304,https://www.ea.com/games/ea-sports-fc/ratings?playerId=265304,ea-drop-api,ea-drop-api,,fc27,2026-08-28T08:51:40.553Z
272163,Elena Julve,Elena,Julve Pérez,Elena Julve,2000-12-08,25,Spain,Spain,45,154,45,Badalona Women,131125,Liga F Moeve,,RW,"RW, RM, ST","RM, ST",Attack,Right,78,,90,90,90,71,69,80,71,69,55,77,73,75,69,70,74,70,80,83,92,91,70,81,81,66,60,67,73,69,50,67,80,90,65,40,4,4,9,8,7,10,9,,,,,"Pinged Pass, Whipped Pass, Anticipate, Technical, First Touch, Trickster, Quick Step",,Women's Football,1,ea-drop-api,272163,https://www.ea.com/games/ea-sports-fc/ratings?playerId=272163,ea-drop-api,ea-drop-api,,fc27,2026-08-28T08:51:40.553Z
265121,Nina Lührßen,Nina,Lührßen,,1999-11-21,26,Germany,Germany,21,165,67,Frankfurt,115997,GPFBL,,LB,"LB, LM",LM,Defense,Left,78,,75,76,74,70,68,71,74,62,77,77,77,74,83,77,78,73,66,76,74,81,72,80,73,73,75,59,72,78,74,77,78,80,77,71,4,3,13,9,5,9,8,,,,,"Finesse Shot, Dead Ball, Whipped Pass, Technical, Bruiser",,Women's Football,1,ea-drop-api,265121,https://www.ea.com/games/ea-sports-fc/ratings?playerId=265121,ea-drop-api,ea-drop-api,,fc27,2026-08-28T08:51:40.553Z
247796,Ellie Roebuck,Ellie,Roebuck,,1999-09-23,26,England,England,14,174,67,Aston Villa,116015,Barclays WSL,,GK,GK,,Defense,Right,78,,81,58,61,77,10,57,13,12,21,10,76,68,10,10,28,31,11,78,54,51,67,25,52,59,15,11,13,12,13,76,67,31,61,26,3,1,81,77,76,76,78,,,,,Footwork,,Women's Football,1,ea-drop-api,247796,https://www.ea.com/games/ea-sports-fc/ratings?playerId=247796,ea-drop-api,ea-drop-api,,fc27,2026-08-28T08:51:40.553Z
272053,Rosa Otermín,Rosa,Otermín Abella,Rosa Otermín,2000-10-02,25,Spain,Spain,45,167,60,Atlético de Madrid,116327,Liga F Moeve,,LB,"LB, LM",LM,Defense,Left,78,,78,74,81,65,65,61,75,38,69,69,75,65,75,69,81,73,82,75,80,80,71,75,69,74,76,61,74,78,75,80,80,79,81,80,3,3,11,13,11,6,15,,,,,"Whipped Pass, Block, Bruiser",,Women's Football,1,ea-drop-api,272053,https://www.ea.com/games/ea-sports-fc/ratings?playerId=272053,ea-drop-api,ea-drop-api,,fc27,2026-08-28T08:51:40.553Z
272135,Clara Pinedo,Clara,Pinedo Castresana,Clara Pinedo,2003-09-09,22,Spain,Spain,45,165,57,Athletic Club,116328,Liga F Moeve,,CAM,"CAM, CM, LM","CM, LM",Midfielder,Right,78,,82,83,81,76,80,72,77,64,73,72,76,75,73,70,80,74,71,78,78,83,77,80,62,63,59,55,69,65,50,67,72,77,60,72,3,3,14,12,6,13,13,,,,,Finesse Shot,,Women's Football,1,ea-drop-api,272135,https://www.ea.com/games/ea-sports-fc/ratings?playerId=272135,ea-drop-api,ea-drop-api,,fc27,2026-08-28T08:51:40.553Z
265333,Grace Clinton,Grace,Clinton,,2003-03-31,23,England,England,14,172,64,Manchester City,116017,Barclays WSL,,CAM,"CAM, CM, ST","CM, ST",Midfielder,Right,78,,75,75,75,75,78,73,75,56,62,79,74,79,70,60,78,75,49,77,75,61,76,80,70,65,58,45,68,72,66,75,71,73,78,72,3,3,6,10,11,7,5,,,,,"Precision Header, Aerial Fortress",,Women's Football,1,ea-drop-api,265333,https://www.ea.com/games/ea-sports-fc/ratings?playerId=265333,ea-drop-api,ea-drop-api,,fc27,2026-08-28T08:51:40.553Z
272012,Silvia Lloris,Silvia,Lloris Nicolás,Silvia Lloris,2004-05-15,22,Spain,Spain,45,168,65,Atlético de Madrid,116327,Liga F Moeve,,CB,"CB, LB, LM","LB, LM",Defense,Right,78,,80,79,80,62,60,64,64,63,59,60,71,60,62,66,82,74,60,72,73,77,74,80,67,79,82,75,75,82,77,76,86,72,77,75,4,3,14,8,9,6,9,,,,,Intercept,,Women's Football,1,ea-drop-api,272012,https://www.ea.com/games/ea-sports-fc/ratings?playerId=272012,ea-drop-api,ea-drop-api,,fc27,2026-08-28T08:51:40.553Z
265274,Kirsty Hanson,Kirsty,Hanson,,1998-04-17,28,Scotland,Scotland,42,163,58,Aston Villa,116015,Barclays WSL,,LM,"LM, LW",LW,Midfielder,Right,78,,81,80,82,74,75,78,77,57,56,77,77,78,77,62,80,76,62,77,80,82,76,78,74,57,41,43,45,79,70,72,71,69,78,63,5,4,6,6,15,13,15,,,,,"Pinged Pass, Anticipate, Rapid",,Women's Football,1,ea-drop-api,265274,https://www.ea.com/games/ea-sports-fc/ratings?playerId=265274,ea-drop-api,ea-drop-api,,fc27,2026-08-28T08:51:40.553Z
262458,Maite Oroz,Maite,Oroz Areta,Maite Oroz,1998-03-25,28,Spain,Spain,45,155,49,Spurs,116011,Barclays WSL,,CM,"CM, CDM",CDM,Midfielder,Right,78,,77,77,77,67,74,57,71,42,54,73,76,80,61,62,83,78,76,81,80,82,78,83,81,63,68,48,61,70,54,73,78,78,75,60,4,4,9,7,5,7,6,,,,,"Incisive Pass, Tiki Taka, Press Proven",,Women's Football,1,ea-drop-api,262458,https://www.ea.com/games/ea-sports-fc/ratings?playerId=262458,ea-drop-api,ea-drop-api,,fc27,2026-08-28T08:51:40.553Z
264940,Laura Feiersinger,Laura,Feiersinger,,1993-04-05,33,Austria,Austria,4,167,56,1. FC Köln,116003,GPFBL,,CM,"CM, CDM",CDM,Midfielder,Right,78,,82,83,82,66,66,62,68,61,63,78,76,81,69,55,81,75,68,78,80,72,85,82,65,67,76,57,65,66,64,68,73,82,60,71,3,4,8,6,7,11,11,,,,,Rapid,,Women's Football,1,ea-drop-api,264940,https://www.ea.com/games/ea-sports-fc/ratings?playerId=264940,ea-drop-api,ea-drop-api,,fc27,2026-08-28T08:51:40.553Z
265903,Sonia Ouchene,Sonia,Ouchene,,2000-03-14,26,France,France,18,158,52,Montpellier,116037,Arkema PL,,LM,"LM, CM, CDM, LB","CM, CDM, LB",Midfielder,Right,78,,80,81,79,68,70,59,71,59,68,77,77,79,68,68,81,80,67,79,72,87,75,80,75,62,70,51,62,63,52,70,70,79,62,77,3,3,5,11,14,10,6,,,,,"Finesse Shot, Dead Ball, Technical",,Women's Football,1,ea-drop-api,265903,https://www.ea.com/games/ea-sports-fc/ratings?playerId=265903,ea-drop-api,ea-drop-api,,fc27,2026-08-28T08:51:40.553Z
227330,Laura Benkarth,Laura,Benkarth,,1992-10-14,33,Germany,Germany,21,176,73,SC Freiburg,116002,GPFBL,,GK,GK,,Defense,Right,78,,81,42,50,77,8,59,11,13,20,10,79,44,12,12,29,25,16,77,42,42,73,14,60,45,13,14,16,11,12,76,68,37,75,26,3,1,81,77,79,76,77,,,,,,,Women's Football,1,ea-drop-api,227330,https://www.ea.com/games/ea-sports-fc/ratings?playerId=227330,ea-drop-api,ea-drop-api,,fc27,2026-08-28T08:51:40.553Z
246414,Rebecca Knaak,Rebecca,Knaak,,1996-06-23,30,Germany,Germany,21,175,56,Manchester City,116017,Barclays WSL,,CB,CB,,Defense,Right,78,,65,64,65,69,75,60,65,60,70,76,78,75,75,65,85,75,68,73,65,70,76,84,73,79,77,83,79,81,72,71,83,67,73,68,3,2,5,5,5,13,6,,,,,,,Women's Football,1,ea-drop-api,246414,https://www.ea.com/games/ea-sports-fc/ratings?playerId=246414,ea-drop-api,ea-drop-api,,fc27,2026-08-28T08:51:40.553Z
241182,Gemma Gili,Gemma,Gili Giner,Gemma Gili,1994-05-21,32,Spain,Spain,45,175,58,Sevilla FC,116337,Liga F Moeve,,CM,"CM, CAM, ST","CAM, ST",Midfielder,Right,78,,65,67,63,72,71,70,80,68,53,80,73,79,56,71,80,72,75,75,64,70,77,79,81,71,77,65,68,73,68,78,76,83,79,69,3,3,16,14,15,17,15,,,,,"Incisive Pass, Inventive",,Women's Football,1,ea-drop-api,241182,https://www.ea.com/games/ea-sports-fc/ratings?playerId=241182,ea-drop-api,ea-drop-api,,fc27,2026-08-28T08:51:40.553Z
266093,Morgan Weaver,Morgan,Weaver,,1997-10-18,28,USA,United States,95,178,65,Portland Thorns,116302,NWSL,,LW,"LW, LM",LM,Attack,Right,78,,82,80,83,76,77,79,74,66,71,78,76,75,73,62,80,75,79,77,75,51,78,79,71,45,43,78,37,43,42,77,92,81,83,54,4,3,11,9,6,5,6,,,,,"Chip Shot, Precision Header",,Women's Football,1,ea-drop-api,266093,https://www.ea.com/games/ea-sports-fc/ratings?playerId=266093,ea-drop-api,ea-drop-api,,fc27,2026-08-28T08:51:40.553Z
272056,Inma Gabarro,Inma,Gabarro Romero,Inma Gabarro,2002-11-05,23,Spain,Spain,45,160,57,Everton,116016,Barclays WSL,,LM,"LM, RW, LW","RW, LW",Midfielder,Right,78,,86,86,86,75,82,67,70,75,68,75,72,75,72,60,75,66,66,78,78,76,71,80,71,52,50,75,50,50,45,70,87,66,73,62,3,4,11,11,13,11,7,,,,,"Low Driven Shot, Technical",,Women's Football,1,ea-drop-api,272056,https://www.ea.com/games/ea-sports-fc/ratings?playerId=272056,ea-drop-api,ea-drop-api,,fc27,2026-08-28T08:51:40.553Z
265319,Mayumi Pacheco,Mayumi,Pacheco,,1998-08-25,28,Philippines,Philippines,181,164,55,Everton,116016,Barclays WSL,,LB,"LB, LM",LM,Defense,Left,78,,82,81,82,51,46,63,46,48,68,63,72,61,75,69,78,73,70,76,85,63,72,72,63,74,75,67,78,72,71,77,78,89,66,90,3,3,15,14,6,8,12,,,,,"Pinged Pass, Whipped Pass, Intercept, Anticipate",,Women's Football,1,ea-drop-api,265319,https://www.ea.com/games/ea-sports-fc/ratings?playerId=265319,ea-drop-api,ea-drop-api,,fc27,2026-08-28T08:51:40.553Z
267221,Natalia Kuikka,Natalia,Kuikka,,1995-12-01,30,Finland,Finland,17,168,58,Chicago Stars FC,116305,NWSL,,RB,"RB, LB, CB, LM","LB, CB, LM",Defense,Right,78,,78,79,77,53,46,57,60,55,65,52,70,57,69,55,80,68,68,74,70,57,75,80,70,77,74,70,80,79,70,80,85,79,82,75,4,2,14,11,13,6,8,,,,,"Tiki Taka, Anticipate, Enforcer",,Women's Football,1,ea-drop-api,267221,https://www.ea.com/games/ea-sports-fc/ratings?playerId=267221,ea-drop-api,ea-drop-api,,fc27,2026-08-28T08:51:40.553Z
272011,Paula Tomás,Paula,Tomás Serer,Paula Tomás,2001-09-11,24,Spain,Spain,45,170,61,Aston Villa,116015,Barclays WSL,,LB,"LB, LM",LM,Defense,Right,78,,82,80,83,49,44,61,45,38,50,68,74,70,74,45,79,77,75,76,78,77,72,76,81,75,72,79,71,80,70,76,88,82,74,69,3,4,6,12,7,9,14,,,,,"Jockey, Anticipate, Press Proven, Relentless",,Women's Football,1,ea-drop-api,272011,https://www.ea.com/games/ea-sports-fc/ratings?playerId=272011,ea-drop-api,ea-drop-api,,fc27,2026-08-28T08:51:40.553Z
275787,Laura Pérez,Laura,Pérez Martín,Laura Pérez,1998-06-15,28,Spain,Spain,45,167,58,Granada CF,131391,Liga F Moeve,,RM,"RM, CAM, RW","CAM, RW",Midfielder,Right,78,,81,82,81,72,70,73,76,69,60,75,77,81,77,74,77,72,74,77,82,69,74,77,69,58,65,42,61,59,50,66,66,77,67,49,3,3,13,10,13,8,5,,,,,"Dead Ball, Whipped Pass, Technical",,Women's Football,1,ea-drop-api,275787,https://www.ea.com/games/ea-sports-fc/ratings?playerId=275787,ea-drop-api,ea-drop-api,,fc27,2026-08-28T08:51:40.553Z
271860,Ena Mahmutovic,Ena,Mahmutovic,,2003-12-23,22,Germany,Germany,21,177,65,FC Bayern München,115995,GPFBL,,GK,GK,,Defense,Right,78,,76,50,45,72,13,56,20,17,14,5,75,51,20,25,13,37,11,80,53,56,78,12,49,48,11,12,10,20,13,78,60,30,50,20,4,1,76,72,75,78,80,,,,,"Long Ball Pass, Footwork, Far Reach",,Women's Football,1,ea-drop-api,271860,https://www.ea.com/games/ea-sports-fc/ratings?playerId=271860,ea-drop-api,ea-drop-api,,fc27,2026-08-28T08:51:40.553Z
264915,Friederike Repohl,Friederike,Repohl,,1994-07-07,32,Germany,Germany,21,177,68,Leverkusen,115996,GPFBL,,GK,GK,,Defense,Right,78,,78,47,41,77,15,56,8,15,15,13,75,21,27,17,13,37,32,74,47,55,74,13,55,45,14,6,21,14,12,79,65,40,70,12,2,1,78,77,75,79,74,,,,,"Footwork, Far Reach",,Women's Football,1,ea-drop-api,264915,https://www.ea.com/games/ea-sports-fc/ratings?playerId=264915,ea-drop-api,ea-drop-api,,fc27,2026-08-28T08:51:40.553Z
267350,Caprice Dydasco,Caprice,Dydasco,,1993-08-19,33,USA,United States,95,158,55,Bay FC,131477,NWSL,,RB,"RB, LB, RM","LB, RM",Defense,Right,78,,80,80,80,56,47,70,68,49,40,52,71,63,73,67,76,69,71,73,71,79,77,78,70,73,80,40,75,78,73,75,66,92,70,67,3,3,8,15,7,9,13,,,,,"Jockey, Block, Intercept, Press Proven, Relentless",,Women's Football,1,ea-drop-api,267350,https://www.ea.com/games/ea-sports-fc/ratings?playerId=267350,ea-drop-api,ea-drop-api,,fc27,2026-08-28T08:51:40.553Z
267519,Kerry Abello,Kerry,Abello,,1999-09-17,26,USA,United States,95,163,56,Orlando Pride,116307,NWSL,,LB,LB,,Defense,Left,78,,69,71,68,64,67,64,67,46,46,65,74,68,77,55,82,68,67,76,67,72,78,83,68,75,75,65,72,79,77,70,74,74,69,68,3,2,12,7,7,8,14,,,,,"Anticipate, Slide Tackle, First Touch",,Women's Football,1,ea-drop-api,267519,https://www.ea.com/games/ea-sports-fc/ratings?playerId=267519,ea-drop-api,ea-drop-api,,fc27,2026-08-28T08:51:40.553Z
267660,Aïssata Traoré,Aïssata,Traoré,,1997-09-09,28,Mali,Mali,126,172,59,FC Fleury 91,116036,Arkema PL,,ST,"ST, CAM",CAM,Attack,Right,78,,84,83,84,77,83,72,75,64,69,78,71,76,69,58,74,64,64,77,85,70,75,77,77,42,35,81,43,36,32,77,91,81,74,75,3,3,13,9,9,6,9,,,,,"Precision Header, Aerial Fortress, Technical, Quick Step, Relentless",,Women's Football,1,ea-drop-api,267660,https://www.ea.com/games/ea-sports-fc/ratings?playerId=267660,ea-drop-api,ea-drop-api,,fc27,2026-08-28T08:51:40.553Z
275923,Kiko Seike,Kiko,Seike,,1996-08-08,30,Japan,Japan,163,166,62,Brighton,116013,Barclays WSL,,RW,"RW, LW, RM","LW, RM",Attack,Right,78,,77,76,78,73,79,62,70,77,72,78,75,77,77,60,78,70,69,77,79,79,78,78,62,59,52,77,58,60,50,66,82,73,65,56,3,3,15,8,6,14,15,,,,,"Finesse Shot, Low Driven Shot, Rapid",,Women's Football,1,ea-drop-api,275923,https://www.ea.com/games/ea-sports-fc/ratings?playerId=275923,ea-drop-api,ea-drop-api,,fc27,2026-08-28T08:51:40.553Z
264865,Mylène Chavas,Mylène,Chavas,,1998-01-07,28,France,France,18,178,63,Paris FC,116035,Arkema PL,,GK,GK,,Defense,Left,78,,78,37,41,78,10,56,9,8,14,8,75,41,10,12,29,32,13,79,30,41,73,18,45,39,16,12,11,18,16,77,60,25,60,30,2,1,78,78,75,77,79,,,,,Cross Claimer,,Women's Football,1,ea-drop-api,264865,https://www.ea.com/games/ea-sports-fc/ratings?playerId=264865,ea-drop-api,ea-drop-api,,fc27,2026-08-28T08:51:40.553Z
264967,Katarzyna Kiedrzynek,Katarzyna,Kiedrzynek,,1991-03-19,35,Poland,Poland,37,180,67,Paris SG,116034,Arkema PL,,GK,GK,,Defense,Right,78,,78,41,35,77,6,56,5,7,35,12,74,61,9,21,36,35,9,80,43,41,73,15,58,39,17,7,22,12,13,78,66,32,74,30,3,1,78,77,74,78,80,,,,,,,Women's Football,1,ea-drop-api,264967,https://www.ea.com/games/ea-sports-fc/ratings?playerId=264967,ea-drop-api,ea-drop-api,,fc27,2026-08-28T08:51:40.553Z
267328,Ebony Salmon,Ebony,Salmon,,2001-01-27,25,England,England,14,163,58,Aston Villa,116015,Barclays WSL,,ST,"ST, LM, CAM","LM, CAM",Attack,Right,78,,88,90,87,79,80,76,79,74,78,79,75,66,83,71,78,70,79,76,83,79,74,78,70,41,34,79,37,38,38,67,91,64,74,45,3,3,9,11,14,10,9,,,,,"Technical, Quick Step",,Women's Football,1,ea-drop-api,267328,https://www.ea.com/games/ea-sports-fc/ratings?playerId=267328,ea-drop-api,ea-drop-api,,fc27,2026-08-28T08:51:40.553Z
272127,Maite Zubieta,Maite,Zubieta Aranbarri,Maite Zubieta,2004-05-28,22,Spain,Spain,45,173,57,Athletic Club,116328,Liga F Moeve,,CM,"CM, CB, CDM","CB, CDM",Midfielder,Right,78,,68,63,72,64,64,60,70,55,53,68,76,69,65,76,85,83,65,77,71,47,77,83,65,72,70,59,72,76,72,69,67,76,67,66,3,3,6,12,13,13,7,,,,,Long Ball Pass,,Women's Football,1,ea-drop-api,272127,https://www.ea.com/games/ea-sports-fc/ratings?playerId=272127,ea-drop-api,ea-drop-api,,fc27,2026-08-28T08:51:40.553Z
265020,Melissa Kössler,Melissa,Kössler,,2000-03-04,26,Germany,Germany,21,178,66,TSG Hoffenheim,115999,GPFBL,,ST,ST,,Attack,Right,78,,81,78,83,78,79,81,74,80,70,80,68,66,72,69,74,51,71,75,82,75,77,75,74,45,44,78,39,42,41,78,91,66,83,77,2,3,12,10,6,15,9,,,,,"Finesse Shot, Aerial Fortress",,Women's Football,1,ea-drop-api,265020,https://www.ea.com/games/ea-sports-fc/ratings?playerId=265020,ea-drop-api,ea-drop-api,,fc27,2026-08-28T08:51:40.553Z
273227,Hinata Miyazawa,Hinata,Miyazawa,,1999-11-28,26,Japan,Japan,163,160,53,Manchester Utd,116012,Barclays WSL,,CDM,"CDM, LM, CM","LM, CM",Midfielder,Right,78,,67,69,66,63,69,52,63,43,56,80,78,79,70,67,84,81,58,74,63,59,80,83,59,71,75,57,73,73,64,72,69,80,69,70,3,3,8,15,8,9,14,,,,,Technical,,Women's Football,1,ea-drop-api,273227,https://www.ea.com/games/ea-sports-fc/ratings?playerId=273227,ea-drop-api,ea-drop-api,,fc27,2026-08-28T08:51:40.553Z
264950,Shekiera Martinez,Shekiera,Martinez,,2001-07-04,25,Germany,Germany,21,163,60,West Ham,116014,Barclays WSL,,ST,"ST, CAM",CAM,Attack,Right,78,,83,82,84,75,80,73,68,72,60,79,69,71,59,57,79,64,63,80,71,79,80,81,72,44,33,73,34,49,50,73,85,72,73,71,3,3,11,12,14,5,14,,,,,"Technical, Quick Step",,Women's Football,1,ea-drop-api,264950,https://www.ea.com/games/ea-sports-fc/ratings?playerId=264950,ea-drop-api,ea-drop-api,,fc27,2026-08-28T08:51:40.553Z
271444,Nuria Rábano,Nuria,Rábano Blanco,Nuria Rábano,1999-06-15,27,Spain,Spain,45,165,57,Utah Royals FC,131478,NWSL,,LB,"LB, LM",LM,Defense,Left,78,,78,77,78,60,57,63,62,57,63,69,73,74,69,60,82,69,55,74,76,76,78,79,73,78,78,69,79,81,71,60,70,67,52,69,3,3,5,11,14,10,11,,,,,Jockey,,Women's Football,1,ea-drop-api,271444,https://www.ea.com/games/ea-sports-fc/ratings?playerId=271444,ea-drop-api,ea-drop-api,,fc27,2026-08-28T08:51:40.553Z
272338,Natasha Kowalski,Natasha,Kowalski,,2003-06-12,23,Germany,Germany,21,170,63,,,GPFBL,,CAM,"CAM, CM",CM,Midfielder,Right,78,,75,80,70,78,80,74,77,70,87,77,77,77,79,81,77,75,71,77,80,57,75,80,74,45,49,67,38,40,55,71,80,72,73,64,5,4,14,13,12,8,7,,,,,"Dead Ball, Incisive Pass, Whipped Pass",,Women's Football,1,ea-drop-api,272338,https://www.ea.com/games/ea-sports-fc/ratings?playerId=272338,ea-drop-api,ea-drop-api,,fc27,2026-08-28T08:51:40.553Z
264989,Gia Corley,Gia,Corley,,2002-05-20,24,Germany,Germany,21,159,55,San Diego Wave,116312,NWSL,,CAM,"CAM, CM",CM,Midfielder,Right,78,,65,64,65,71,73,68,72,62,60,82,75,82,66,63,78,74,67,78,70,75,80,82,67,63,76,58,58,67,45,70,68,80,69,58,2,3,5,8,11,11,10,,,,,"Chip Shot, Block",,Women's Football,1,ea-drop-api,264989,https://www.ea.com/games/ea-sports-fc/ratings?playerId=264989,ea-drop-api,ea-drop-api,,fc27,2026-08-28T08:51:40.553Z
265057,Cora Zicai,Cora,Zicai,,2004-11-29,21,Germany,Germany,21,175,64,VfL Wolfsburg,115998,GPFBL,,LM,"LM, LW",LW,Midfielder,Right,78,,76,80,73,76,79,74,78,71,54,77,74,76,75,68,74,69,78,79,75,51,75,84,67,51,43,74,44,50,63,66,84,70,71,43,4,4,12,14,13,7,15,,,,,"Finesse Shot, Rapid",,Women's Football,1,ea-drop-api,265057,https://www.ea.com/games/ea-sports-fc/ratings?playerId=265057,ea-drop-api,ea-drop-api,,fc27,2026-08-28T08:51:40.553Z
265853,Nérilia Mondésir,Nérilia,Mondésir,,1999-01-17,27,Haiti,Haiti,80,163,57,Seattle Reign,116300,NWSL,,LM,"LM, ST, LW","ST, LW",Midfielder,Right,78,,87,88,86,75,75,75,77,69,68,79,70,70,70,60,75,64,70,81,84,78,74,83,76,40,34,69,37,39,33,69,84,71,74,51,3,4,10,14,14,15,11,,,,,"Rapid, Quick Step",,Women's Football,1,ea-drop-api,265853,https://www.ea.com/games/ea-sports-fc/ratings?playerId=265853,ea-drop-api,ea-drop-api,,fc27,2026-08-28T08:51:40.553Z
267386,Kristen McNabb,Kristen,McNabb,,1994-04-17,32,USA,United States,95,164,57,San Diego Wave,116312,NWSL,,CB,CB,,Defense,Left,78,,75,72,78,49,44,57,52,52,46,57,72,57,77,57,80,70,71,73,62,71,76,78,70,79,77,78,78,81,80,74,84,75,73,73,3,2,5,10,9,9,8,,,,,,,Women's Football,1,ea-drop-api,267386,https://www.ea.com/games/ea-sports-fc/ratings?playerId=267386,ea-drop-api,ea-drop-api,,fc27,2026-08-28T08:51:40.553Z
261848,Inês Pereira,Inês,Teixeira Pereira,Inês Pereira,1999-05-26,27,Portugal,Portugal,38,170,67,RC Deportivo,131720,Liga F Moeve,,GK,GK,,Defense,Left,78,,78,38,36,74,11,59,8,9,11,11,78,37,12,13,32,28,18,80,33,44,78,24,47,37,12,12,14,15,13,74,49,34,37,23,3,1,78,74,78,74,80,,,,,"Footwork, Cross Claimer",,Women's Football,1,ea-drop-api,261848,https://www.ea.com/games/ea-sports-fc/ratings?playerId=261848,ea-drop-api,ea-drop-api,,fc27,2026-08-28T08:51:40.553Z
265901,Rachel Corboz,Rachel,Corboz,,1996-05-01,30,USA,United States,95,165,58,,,Arkema PL,,CM,"CM, CDM",CDM,Midfielder,Right,78,,61,57,65,71,70,70,73,58,78,75,78,78,75,74,82,77,65,78,68,74,76,81,77,70,75,49,76,74,55,63,58,75,62,53,4,2,14,9,13,10,6,,,,,"Incisive Pass, Whipped Pass, Anticipate",,Women's Football,1,ea-drop-api,265901,https://www.ea.com/games/ea-sports-fc/ratings?playerId=265901,ea-drop-api,ea-drop-api,,fc27,2026-08-28T08:51:40.553Z
265258,Jessica Naz,Jessica,Naz,,2000-09-24,25,England,England,14,165,54,Spurs,116011,Barclays WSL,,ST,"ST, CAM, LM","CAM, LM",Attack,Right,78,,83,84,83,77,77,78,78,75,60,82,69,70,60,60,79,58,67,82,79,77,73,83,75,43,47,65,41,39,29,66,78,71,66,58,4,3,6,11,11,13,14,,,,,Rapid,,Women's Football,1,ea-drop-api,265258,https://www.ea.com/games/ea-sports-fc/ratings?playerId=265258,ea-drop-api,ea-drop-api,,fc27,2026-08-28T08:51:40.553Z
265243,Noëlle Maritz,Noëlle,Maritz,,1995-12-23,30,Switzerland,Switzerland,47,165,58,Aston Villa,116015,Barclays WSL,,LB,"LB, CB, LM","CB, LM",Defense,Right,78,,76,76,76,47,38,62,49,43,57,59,74,62,76,44,84,75,77,71,81,79,72,74,82,78,80,74,81,77,72,73,80,76,68,80,4,3,14,9,7,6,13,,,,,,,Women's Football,1,ea-drop-api,265243,https://www.ea.com/games/ea-sports-fc/ratings?playerId=265243,ea-drop-api,ea-drop-api,,fc27,2026-08-28T08:51:40.553Z
265262,Molly Bartrip,Molly,Bartrip,,1996-06-01,30,England,England,14,164,58,Spurs,116011,Barclays WSL,,CB,CB,,Defense,Right,78,,70,72,68,56,50,66,61,41,73,54,69,51,60,70,80,80,65,68,70,75,79,77,78,79,81,80,84,75,74,77,83,86,70,82,3,2,11,5,9,9,11,,,,,"Block, Anticipate",,Women's Football,1,ea-drop-api,265262,https://www.ea.com/games/ea-sports-fc/ratings?playerId=265262,ea-drop-api,ea-drop-api,,fc27,2026-08-28T08:51:40.553Z
276285,Wieke Kaptein,Wieke,Kaptein,,2005-08-29,20,Netherlands,Holland,34,173,64,Chelsea,116010,Barclays WSL,,CM,CM,,Midfielder,Right,78,,67,67,67,69,70,65,75,53,58,76,71,75,42,61,82,83,59,76,69,71,73,80,62,69,75,62,61,76,66,67,70,72,67,62,3,3,5,14,8,10,7,,,,,,,Women's Football,1,ea-drop-api,276285,https://www.ea.com/games/ea-sports-fc/ratings?playerId=276285,ea-drop-api,ea-drop-api,,fc27,2026-08-28T08:51:40.553Z
227381,Janine Sonis,Janine,Sonis,,1994-08-20,32,Canada,Canada,70,173,61,Rac. Louisville,116308,NWSL,,LM,"LM, LW",LW,Midfielder,Right,78,,84,83,84,73,70,78,74,68,67,77,75,75,79,68,76,73,72,78,79,71,74,80,72,44,47,64,41,41,40,64,74,76,59,61,3,3,8,10,10,7,13,,,,,Technical,,Women's Football,1,ea-drop-api,227381,https://www.ea.com/games/ea-sports-fc/ratings?playerId=227381,ea-drop-api,ea-drop-api,,fc27,2026-08-28T08:51:40.553Z
235962,Nichelle Prince,Nichelle,Prince,,1995-02-19,31,Canada,Canada,70,163,65,KC Current,116309,NWSL,,ST,"ST, CM, CAM","CM, CAM",Attack,Right,78,,83,83,83,74,78,72,68,68,72,83,72,73,74,59,77,64,69,80,82,75,83,81,70,40,31,72,38,39,37,69,86,80,75,35,3,3,9,7,17,8,14,,,,,,,Women's Football,1,ea-drop-api,235962,https://www.ea.com/games/ea-sports-fc/ratings?playerId=235962,ea-drop-api,ea-drop-api,,fc27,2026-08-28T08:51:40.553Z
265937,Louise Fleury,Louise,Fleury,,1997-08-08,29,France,France,18,167,59,FC Nantes,116417,Arkema PL,,LM,"LM, LB, LW","LB, LW",Midfielder,Left,78,,85,83,87,73,75,74,69,65,60,80,74,77,71,58,79,72,67,77,72,75,73,80,76,44,42,56,46,41,35,65,75,75,67,44,3,4,6,11,13,6,12,,,,,Rapid,,Women's Football,1,ea-drop-api,265937,https://www.ea.com/games/ea-sports-fc/ratings?playerId=265937,ea-drop-api,ea-drop-api,,fc27,2026-08-28T08:51:40.553Z
266551,Gabrielle George,Gabrielle,George,,1997-02-02,29,England,England,14,171,70,Manchester Utd,116012,Barclays WSL,,LB,"LB, CB, LM","CB, LM",Defense,Left,78,,60,60,60,57,56,66,59,38,49,55,71,57,77,44,80,68,69,68,46,64,78,79,78,80,86,78,82,77,74,82,84,75,85,84,3,3,5,5,7,10,12,,,,,Dead Ball,,Women's Football,1,ea-drop-api,266551,https://www.ea.com/games/ea-sports-fc/ratings?playerId=266551,ea-drop-api,ea-drop-api,,fc27,2026-08-28T08:51:40.553Z
266970,Lucia Di Guglielmo,Lucia,Di Guglielmo,,1997-06-26,29,Italy,Italy,27,160,55,Roma,116282,Calcio A Femminile,,LB,"LB, RB, LM","RB, LM",Defense,Right,78,,85,81,89,41,37,45,43,24,56,45,71,60,76,61,78,70,63,71,79,75,77,77,74,74,75,70,75,77,66,76,82,85,73,73,3,2,9,6,12,9,12,,,,,"Block, Bruiser",,Women's Football,1,ea-drop-api,266970,https://www.ea.com/games/ea-sports-fc/ratings?playerId=266970,ea-drop-api,ea-drop-api,,fc27,2026-08-28T08:51:40.553Z
239791,Hanna Glas,Hanna,Glas,,1993-04-16,33,Sweden,Sweden,46,172,64,Seattle Reign,116300,NWSL,,RB,"RB, RM",RM,Defense,Right,78,,71,67,75,50,59,50,40,32,44,38,70,67,70,31,78,73,55,70,77,54,77,75,75,80,77,78,84,78,77,76,84,76,78,71,3,3,10,17,11,16,7,,,,,,,Women's Football,1,ea-drop-api,239791,https://www.ea.com/games/ea-sports-fc/ratings?playerId=239791,ea-drop-api,ea-drop-api,,fc27,2026-08-28T08:51:40.553Z
265845,Inès Belloumou,Inès,Belloumou,,2001-06-21,25,Algeria,Algeria,97,160,55,West Ham,116014,Barclays WSL,,LB,"LB, LM",LM,Defense,Left,78,,81,78,83,52,49,63,47,43,52,59,67,56,74,47,75,63,66,71,73,82,77,72,71,75,76,58,75,79,75,70,72,79,64,71,2,3,12,15,6,6,6,,,,,"Anticipate, Technical, Long Throw",,Women's Football,1,ea-drop-api,265845,https://www.ea.com/games/ea-sports-fc/ratings?playerId=265845,ea-drop-api,ea-drop-api,,fc27,2026-08-28T08:51:40.553Z
267269,Rachel Hill,Rachel,Hill,,1995-04-17,31,USA,United States,95,163,56,Bay FC,131477,NWSL,,RM,"RM, RW",RW,Midfielder,Right,78,,81,82,81,71,69,70,76,61,73,78,77,82,69,69,82,71,71,77,82,46,75,80,78,48,47,58,48,44,47,62,68,82,52,62,4,3,15,8,13,13,10,,,,,,,Women's Football,1,ea-drop-api,267269,https://www.ea.com/games/ea-sports-fc/ratings?playerId=267269,ea-drop-api,ea-drop-api,,fc27,2026-08-28T08:51:40.553Z
243403,Claire Emslie,Claire,Emslie,,1994-03-08,32,Scotland,Scotland,42,170,66,Angel City FC,116311,NWSL,,RM,"RM, RW",RW,Midfielder,Right,78,,75,77,74,72,73,74,70,60,80,70,79,75,84,85,78,77,78,76,65,76,73,79,73,45,47,55,42,44,42,68,77,80,76,32,4,4,13,7,7,6,8,,,,,"Finesse Shot, Dead Ball, Whipped Pass, First Touch",,Women's Football,1,ea-drop-api,243403,https://www.ea.com/games/ea-sports-fc/ratings?playerId=243403,ea-drop-api,ea-drop-api,,fc27,2026-08-28T08:51:40.553Z
265023,Sara Agrež,Sara,Agrež,,2000-12-09,25,Slovenia,Slovenia,44,172,66,1. FC Köln,116003,GPFBL,,CB,"CB, LB",LB,Defense,Left,78,,76,74,77,48,51,40,50,43,60,34,68,60,68,59,76,62,67,65,57,48,79,76,73,78,76,80,82,76,74,80,89,76,82,77,3,2,5,9,7,11,7,,,,,,,Women's Football,1,ea-drop-api,265023,https://www.ea.com/games/ea-sports-fc/ratings?playerId=265023,ea-drop-api,ea-drop-api,,fc27,2026-08-28T08:51:40.553Z
267247,Ryan Williams,Ryan,Williams,,1996-02-23,30,USA,United States,95,168,55,NC Courage,116303,NWSL,,RB,"RB, RM",RM,Defense,Right,78,,74,73,75,50,48,51,52,57,44,58,71,67,74,49,74,70,69,71,73,74,74,74,72,77,80,68,71,84,73,70,74,84,65,65,3,2,5,10,11,14,13,,,,,"Block, Intercept, Anticipate",,Women's Football,1,ea-drop-api,267247,https://www.ea.com/games/ea-sports-fc/ratings?playerId=267247,ea-drop-api,ea-drop-api,,fc27,2026-08-28T08:51:40.553Z
250751,Jayde Riviere,Jayde,Riviere,,2001-01-22,25,Canada,Canada,70,163,55,Manchester Utd,116012,Barclays WSL,,RB,"RB, RM",RM,Defense,Right,78,,74,72,75,51,48,58,50,41,48,59,70,54,78,57,78,65,69,71,67,66,74,78,62,77,77,75,75,80,78,68,77,71,63,76,4,2,5,11,5,7,7,,,,,"Slide Tackle, Long Throw",,Women's Football,1,ea-drop-api,250751,https://www.ea.com/games/ea-sports-fc/ratings?playerId=250751,ea-drop-api,ea-drop-api,,fc27,2026-08-28T08:51:40.553Z
279812,Croix Bethune,Croix,Bethune,,2001-03-14,25,USA,United States,95,160,56,Washington Spirit,116304,NWSL,,CAM,"CAM, CM",CM,Midfielder,Left,78,,70,74,67,71,75,72,68,54,55,80,74,75,70,67,80,70,68,79,76,69,76,84,60,55,67,50,50,54,52,61,65,67,60,55,4,4,9,11,6,14,8,,,,,"Incisive Pass, Inventive, Technical",,Women's Football,1,ea-drop-api,279812,https://www.ea.com/games/ea-sports-fc/ratings?playerId=279812,ea-drop-api,ea-drop-api,,fc27,2026-08-28T08:51:40.553Z
235594,Shelina Zadorsky,Shelina,Zadorsky,,1992-10-24,33,Canada,Canada,70,172,67,West Ham,116014,Barclays WSL,,CB,CB,,Defense,Left,78,,71,68,73,48,41,66,54,34,60,25,69,46,58,71,82,85,67,64,57,61,77,76,81,79,79,78,81,79,75,78,82,83,75,79,3,2,13,7,15,14,7,,,,,"Jockey, Block",,Women's Football,1,ea-drop-api,235594,https://www.ea.com/games/ea-sports-fc/ratings?playerId=235594,ea-drop-api,ea-drop-api,,fc27,2026-08-28T08:51:40.553Z
267371,Paige Nielsen,Paige,Nielsen,,1993-10-14,32,USA,United States,95,163,68,Houston Dash,116306,NWSL,,CB,"CB, LB",LB,Defense,Right,78,,75,73,76,48,43,66,46,36,42,52,61,32,74,44,68,66,69,65,70,86,75,66,72,78,77,64,80,81,83,82,83,62,90,85,2,2,7,7,11,9,7,,,,,"Intercept, Slide Tackle, Bruiser",,Women's Football,1,ea-drop-api,267371,https://www.ea.com/games/ea-sports-fc/ratings?playerId=267371,ea-drop-api,ea-drop-api,,fc27,2026-08-28T08:51:40.553Z
272113,Cinta Rodríguez,Cinta Del Mar,Rodríguez Costa,Cinta Rodríguez,1999-11-07,26,Spain,Spain,45,178,67,C. Adeje Tenerife,116332,Liga F Moeve,,CB,CB,,Defense,Right,78,,72,68,75,46,51,35,37,30,68,66,68,65,66,38,78,70,46,67,66,73,81,80,75,77,77,70,78,79,76,79,81,71,86,73,2,2,6,7,10,7,10,,,,,,,Women's Football,1,ea-drop-api,272113,https://www.ea.com/games/ea-sports-fc/ratings?playerId=272113,ea-drop-api,ea-drop-api,,fc27,2026-08-28T08:51:40.553Z
265073,Meret Felde,Meret,Felde,,1999-07-10,27,Germany,Germany,21,170,63,SC Freiburg,116002,GPFBL,,CDM,"CDM, CM",CM,Midfielder,Left,78,,45,55,37,70,72,67,71,50,63,78,75,79,66,57,81,79,63,73,54,34,78,83,70,73,76,62,74,78,64,72,70,67,75,73,4,3,9,6,9,7,13,,,,,Bruiser,,Women's Football,1,ea-drop-api,265073,https://www.ea.com/games/ea-sports-fc/ratings?playerId=265073,ea-drop-api,ea-drop-api,,fc27,2026-08-28T08:51:40.553Z
267272,Tatumn Milazzo,Tatumn,Milazzo,,1998-04-17,28,USA,United States,95,170,58,Utah Royals FC,131478,NWSL,,RB,"RB, CB, RM","CB, RM",Defense,Right,78,,67,68,67,42,37,51,44,35,41,49,69,55,77,38,78,70,58,70,72,54,75,79,64,79,76,75,85,78,76,81,84,71,84,83,4,2,8,14,10,11,14,,,,,Bruiser,,Women's Football,1,ea-drop-api,267272,https://www.ea.com/games/ea-sports-fc/ratings?playerId=267272,ea-drop-api,ea-drop-api,,fc27,2026-08-28T08:51:40.553Z
276765,Klaudia Jedlińska,Klaudia,Jedlińska,,2000-02-09,26,Poland,Poland,37,163,50,Paris FC,116035,Arkema PL,,RM,"RM, LM, RW","LM, RW",Midfielder,Right,78,,83,80,86,69,72,66,69,58,67,74,73,72,76,63,75,72,70,77,82,73,73,79,68,48,33,54,36,66,50,57,64,83,50,39,3,3,8,13,7,9,10,,,,,"Low Driven Shot, Technical",,Women's Football,1,ea-drop-api,276765,https://www.ea.com/games/ea-sports-fc/ratings?playerId=276765,ea-drop-api,ea-drop-api,,fc27,2026-08-28T08:51:40.553Z
227397,Adriana Leon,Adriana,Leon,,1992-10-02,33,Canada,Canada,70,161,54,San Diego Wave,116312,NWSL,,ST,"ST, LM, CAM","LM, CAM",Attack,Right,78,,81,79,82,77,78,78,78,78,59,80,69,70,67,65,77,56,51,79,75,79,77,81,73,35,32,69,32,33,26,65,80,70,71,40,3,4,8,11,17,15,12,,,,,,,Women's Football,1,ea-drop-api,227397,https://www.ea.com/games/ea-sports-fc/ratings?playerId=227397,ea-drop-api,ea-drop-api,,fc27,2026-08-28T08:51:40.553Z
264725,Eva Navarro,Eva María,Navarro García,Eva Navarro,2001-01-27,25,Spain,Spain,45,160,54,Real Madrid,116326,Liga F Moeve,,RW,"RW, LW, RM","LW, RM",Attack,Right,78,,83,80,86,76,81,68,77,69,61,81,70,70,75,59,74,59,71,79,82,85,62,81,80,26,17,39,16,35,31,72,68,71,74,69,5,4,8,13,8,14,9,,,,,Technical,,Women's Football,1,ea-drop-api,264725,https://www.ea.com/games/ea-sports-fc/ratings?playerId=264725,ea-drop-api,ea-drop-api,,fc27,2026-08-28T08:51:40.553Z
248728,Riko Ueki,Riko,Ueki,,1999-07-30,27,Japan,Japan,163,162,53,West Ham,116014,Barclays WSL,,ST,ST,,Attack,Right,78,,70,74,66,78,83,75,74,66,66,86,67,64,53,63,79,68,48,77,66,63,78,82,69,46,42,68,30,59,38,67,76,71,69,57,3,4,10,11,10,13,6,,,,,,,Women's Football,1,ea-drop-api,248728,https://www.ea.com/games/ea-sports-fc/ratings?playerId=248728,ea-drop-api,ea-drop-api,,fc27,2026-08-28T08:51:40.553Z
276825,Melween N'Dongala,Melween,N'Dongala,,2004-09-06,21,France,France,18,166,58,Paris FC,116035,Arkema PL,,RB,"RB, RM",RM,Defense,Right,78,,81,80,82,40,38,47,35,27,42,56,65,48,70,37,78,63,55,68,75,74,70,77,58,77,72,72,78,81,79,74,86,67,79,65,3,2,14,11,14,13,13,,,,,Bruiser,,Women's Football,1,ea-drop-api,276825,https://www.ea.com/games/ea-sports-fc/ratings?playerId=276825,ea-drop-api,ea-drop-api,,fc27,2026-08-28T08:51:40.553Z
246208,Chantelle Swaby,Chantelle,Swaby,,1998-08-06,28,Jamaica,Jamaica,82,180,70,,,Barclays WSL,,CB,CB,,Defense,Right,78,,74,71,77,42,38,58,33,37,45,44,65,53,66,43,75,68,59,63,61,42,72,71,68,79,75,78,80,81,74,81,83,69,89,73,4,2,6,8,15,8,10,,,,,"Block, Anticipate",,Women's Football,1,ea-drop-api,246208,https://www.ea.com/games/ea-sports-fc/ratings?playerId=246208,ea-drop-api,ea-drop-api,,fc27,2026-08-28T08:51:40.553Z
265854,Sarah Puntigam,Sarah,Puntigam,,1992-10-13,33,Austria,Austria,4,173,69,Houston Dash,116306,NWSL,,CDM,"CDM, CM",CM,Midfielder,Left,78,,38,46,32,59,52,70,65,60,63,58,72,67,57,77,81,73,81,75,52,55,75,80,79,76,75,72,74,79,74,83,75,88,82,79,3,3,14,8,6,7,6,,,,,Relentless,,Women's Football,1,ea-drop-api,265854,https://www.ea.com/games/ea-sports-fc/ratings?playerId=265854,ea-drop-api,ea-drop-api,,fc27,2026-08-28T08:51:40.553Z
261829,Carole Costa,Carole,da Silva Costa,Carole Costa,1990-05-03,36,Portugal,Portugal,38,171,61,SL Benfica,131358,Liga Portugal Feminino,,CB,CB,,Defense,Right,78,,64,60,67,56,49,66,65,34,68,53,66,45,68,70,73,71,66,63,54,68,73,73,72,79,79,76,80,80,79,74,81,65,77,77,3,2,13,15,12,8,12,,,,,,,Women's Football,1,ea-drop-api,261829,https://www.ea.com/games/ea-sports-fc/ratings?playerId=261829,ea-drop-api,ea-drop-api,,fc27,2026-08-28T08:51:40.553Z
227734,Lena Petermann,Lena,Petermann,,1994-02-05,32,Germany,Germany,21,175,65,SV Werder Bremen,116004,GPFBL,,ST,ST,,Attack,Right,78,,65,69,62,79,79,78,77,76,85,85,66,68,58,67,71,59,69,73,62,51,78,80,81,43,30,88,45,38,33,74,88,77,76,61,3,4,17,16,9,16,10,,,,,Press Proven,,Women's Football,1,ea-drop-api,227734,https://www.ea.com/games/ea-sports-fc/ratings?playerId=227734,ea-drop-api,ea-drop-api,,fc27,2026-08-28T08:51:40.553Z
272005,Nataša Andonova,Nataša,Andonova,,1993-12-04,32,North Macedonia,North Macedonia,19,170,64,Madrid CFF,116334,Liga F Moeve,,CAM,"CAM, CM, ST","CM, ST",Midfielder,Left,78,,72,73,71,79,79,79,80,75,76,79,76,80,73,80,78,71,75,80,73,80,79,80,81,28,25,75,19,25,20,64,77,77,61,52,4,4,14,7,13,11,11,,,,,"Finesse Shot, Gamechanger, Press Proven",,Women's Football,1,ea-drop-api,272005,https://www.ea.com/games/ea-sports-fc/ratings?playerId=272005,ea-drop-api,ea-drop-api,,fc27,2026-08-28T08:51:40.553Z
244064,Victoria Pelova,Victoria,Pelova,,1999-06-03,27,Netherlands,Holland,34,163,55,Arsenal,116009,Barclays WSL,,CAM,"CAM, CM, RW","CM, RW",Midfielder,Right,78,,76,75,76,71,73,67,71,71,66,80,75,82,72,61,76,73,63,80,78,85,79,81,73,35,31,45,37,32,40,60,62,73,57,52,4,4,12,17,7,14,16,,,,,Press Proven,,Women's Football,1,ea-drop-api,244064,https://www.ea.com/games/ea-sports-fc/ratings?playerId=244064,ea-drop-api,ea-drop-api,,fc27,2026-08-28T08:51:40.553Z
267264,Sam Staab,Sam,Staab,,1997-03-28,29,USA,United States,95,170,64,Chicago Stars FC,116305,NWSL,,CB,CB,,Defense,Left,78,,56,59,54,52,38,75,70,36,41,45,69,53,75,72,70,74,77,64,59,80,76,68,75,79,77,82,78,80,77,77,84,68,80,79,3,2,10,8,12,11,9,,,,,"Dead Ball, Slide Tackle, Aerial Fortress, Bruiser",,Women's Football,1,ea-drop-api,267264,https://www.ea.com/games/ea-sports-fc/ratings?playerId=267264,ea-drop-api,ea-drop-api,,fc27,2026-08-28T08:51:40.553Z
265052,Selina Ostermeier,Selina,Ostermeier,,1999-01-15,27,Germany,Germany,21,177,61,Leverkusen,115996,GPFBL,,CB,CB,,Defense,Right,78,,59,54,63,50,52,59,39,29,64,39,62,60,31,39,78,79,53,66,59,72,74,65,64,78,78,81,80,76,77,76,83,63,82,77,3,2,12,8,11,6,13,,,,,Precision Header,,Women's Football,1,ea-drop-api,265052,https://www.ea.com/games/ea-sports-fc/ratings?playerId=265052,ea-drop-api,ea-drop-api,,fc27,2026-08-28T08:51:40.553Z
270407,Agnes Beever-Jones,Agnes,Beever-Jones,,2003-07-27,23,England,England,14,173,65,Chelsea,116010,Barclays WSL,,ST,"ST, LM, LW","LM, LW",Attack,Right,78,,67,69,66,80,86,78,75,72,70,81,61,58,46,50,75,62,38,77,75,51,76,79,63,37,28,77,30,38,30,68,81,59,71,66,3,3,8,14,9,8,15,,,,,"Precision Header, Gamechanger",,Women's Football,1,ea-drop-api,270407,https://www.ea.com/games/ea-sports-fc/ratings?playerId=270407,ea-drop-api,ea-drop-api,,fc27,2026-08-28T08:51:40.553Z
265092,Alice Sombath,Alice,Sombath,,2003-10-16,22,France,France,18,167,60,OL Lyonnes,116033,Arkema PL,,CB,"CB, RB, RM","RB, RM",Defense,Right,78,,70,67,72,37,33,49,31,33,32,53,64,48,60,29,77,70,66,65,67,63,76,73,65,80,77,75,79,83,80,70,77,63,70,79,3,2,6,13,11,10,5,,,,,,,Women's Football,1,ea-drop-api,265092,https://www.ea.com/games/ea-sports-fc/ratings?playerId=265092,ea-drop-api,ea-drop-api,,fc27,2026-08-28T08:51:40.553Z
274644,Clare Hunt,Clare,Hunt,,1999-03-12,27,Australia,Australia,195,176,63,Spurs,116011,Barclays WSL,,CB,CB,,Defense,Right,78,,63,56,68,45,45,51,41,33,41,43,61,48,38,45,79,74,52,63,54,49,75,74,69,79,77,79,79,82,78,74,81,67,79,68,3,2,8,6,8,8,8,,,,,Block,,Women's Football,1,ea-drop-api,274644,https://www.ea.com/games/ea-sports-fc/ratings?playerId=274644,ea-drop-api,ea-drop-api,,fc27,2026-08-28T08:51:40.553Z
267329,Elizabeth Ball,Elizabeth,Ball,,1995-10-20,30,USA,United States,95,168,60,KC Current,116309,NWSL,,CB,"CB, RB",RB,Defense,Right,78,,33,33,33,44,37,62,45,36,41,42,59,59,43,39,71,62,41,63,33,69,77,70,71,81,80,79,81,82,78,74,75,51,82,82,3,2,12,5,9,10,7,,,,,Jockey,,Women's Football,1,ea-drop-api,267329,https://www.ea.com/games/ea-sports-fc/ratings?playerId=267329,ea-drop-api,ea-drop-api,,fc27,2026-08-28T08:51:40.553Z
262460,Rosa Márquez,Rosa,Márquez Baena,Rosa Márquez,2000-12-22,25,Spain,Spain,45,158,46,Sevilla FC,116337,Liga F Moeve,,CM,"CM, CDM, RM","CDM, RM",Midfielder,Right,77,,84,84,84,72,73,71,72,53,77,77,75,75,63,72,81,80,69,80,83,83,63,82,77,71,71,48,71,80,71,72,73,75,72,69,3,4,13,8,12,13,10,,,,,"Finesse Shot, Tiki Taka, Jockey, Anticipate, Press Proven, Quick Step, Bruiser",,Women's Football,1,ea-drop-api,262460,https://www.ea.com/games/ea-sports-fc/ratings?playerId=262460,ea-drop-api,ea-drop-api,,fc27,2026-08-28T08:51:40.553Z
265072,Marie Müller,Marie,Müller,,2000-07-25,26,Germany,Germany,21,168,60,Portland Thorns,116302,NWSL,,LB,"LB, LM",LM,Defense,Right,77,,81,82,81,69,68,75,66,68,60,78,77,77,75,69,80,76,68,80,75,82,74,79,73,76,77,67,80,76,67,70,79,73,69,64,3,3,7,12,6,9,11,,,,,"Whipped Pass, Jockey, Block, Anticipate, Long Throw",,Women's Football,1,ea-drop-api,265072,https://www.ea.com/games/ea-sports-fc/ratings?playerId=265072,ea-drop-api,ea-drop-api,,fc27,2026-08-28T08:51:40.553Z
243264,Savannah McCaskill,Savannah,McCaskill,,1996-07-31,30,USA,United States,95,163,65,San Diego Wave,116312,NWSL,,CDM,"CDM, CM, CAM","CM, CAM",Midfielder,Right,77,,64,64,64,77,74,83,78,70,70,80,75,77,70,65,80,70,70,78,69,76,78,83,75,71,72,71,70,73,68,83,83,72,88,83,3,3,17,8,9,8,15,,,,,"Precision Header, Incisive Pass, Bruiser, Enforcer",,Women's Football,1,ea-drop-api,243264,https://www.ea.com/games/ea-sports-fc/ratings?playerId=243264,ea-drop-api,ea-drop-api,,fc27,2026-08-28T08:51:40.553Z
262866,Kyra Cooney-Cross,Kyra,Cooney-Cross,,2002-02-15,24,Australia,Australia,195,164,58,Arsenal,116009,Barclays WSL,,CDM,"CDM, CM",CM,Midfielder,Right,77,,75,73,76,75,76,75,76,74,66,79,77,79,63,68,83,81,73,76,77,82,78,79,75,70,77,53,76,68,65,71,68,82,66,70,3,3,13,10,12,9,5,,,,,,,Women's Football,1,ea-drop-api,262866,https://www.ea.com/games/ea-sports-fc/ratings?playerId=262866,ea-drop-api,ea-drop-api,,fc27,2026-08-28T08:51:40.553Z
264900,Laurina Fazer,Laurina,Fazer,,2003-10-13,22,France,France,18,165,55,San Diego Wave,116312,NWSL,,CM,"CM, CDM, CAM","CDM, CAM",Midfielder,Right,77,,84,80,87,71,68,78,76,59,61,77,71,77,57,59,79,71,68,85,90,84,78,84,80,67,74,56,65,69,59,64,70,72,59,66,3,3,10,11,9,13,14,,,,,Technical,,Women's Football,1,ea-drop-api,264900,https://www.ea.com/games/ea-sports-fc/ratings?playerId=264900,ea-drop-api,ea-drop-api,,fc27,2026-08-28T08:51:40.553Z
272125,Ane Elexpuru,Ane,Elexpuru Añorga,Ane Elexpuru,2003-05-02,23,Spain,Spain,45,160,55,Athletic Club,116328,Liga F Moeve,,RB,"RB, RM, CB","RM, CB",Defense,Right,77,,86,85,86,68,70,68,69,69,50,69,74,70,80,65,77,71,71,77,85,78,64,80,67,73,73,61,72,80,71,62,76,67,63,50,3,4,10,13,12,12,6,,,,,"Finesse Shot, Rapid, First Touch",,Women's Football,1,ea-drop-api,272125,https://www.ea.com/games/ea-sports-fc/ratings?playerId=272125,ea-drop-api,ea-drop-api,,fc27,2026-08-28T08:51:40.553Z
272101,Anita Marcos,Ana,Marcos Moral,Anita Marcos,2000-07-09,26,Spain,Spain,45,169,58,Madrid CFF,116334,Liga F Moeve,,ST,ST,,Attack,Right,77,,75,76,74,79,82,79,80,70,70,75,72,70,70,79,75,69,72,79,83,74,78,79,71,51,45,70,35,63,53,75,83,72,79,69,4,3,6,15,13,7,8,,,,,"Finesse Shot, Press Proven",,Women's Football,1,ea-drop-api,272101,https://www.ea.com/games/ea-sports-fc/ratings?playerId=272101,ea-drop-api,ea-drop-api,,fc27,2026-08-28T08:51:40.553Z
71527,Ally Sentnor,Ally,Sentnor,,2004-02-18,22,USA,United States,95,162,57,KC Current,116309,NWSL,,CAM,"CAM, ST, CM","ST, CM",Midfielder,Right,77,,71,72,71,72,68,77,81,56,67,75,74,74,71,67,79,73,67,79,74,69,75,82,68,64,70,54,65,66,54,70,72,70,74,60,4,3,6,12,5,14,14,,,,,"Finesse Shot, Power Shot, Technical",,Women's Football,1,ea-drop-api,71527,https://www.ea.com/games/ea-sports-fc/ratings?playerId=71527,ea-drop-api,ea-drop-api,,fc27,2026-08-28T08:51:40.553Z
265040,Barbora Votíková,Barbora,Votíková,,1996-09-13,29,Czechia,Czech Republic,12,178,67,Slavia Praha,131360,Ceska Liga Žen,,GK,GK,,Defense,Right,77,,80,48,52,69,10,53,8,7,17,11,70,35,14,13,29,29,15,81,50,56,67,27,45,50,18,13,19,17,13,79,62,30,57,38,2,1,80,69,70,79,81,,,,,Cross Claimer,,Women's Football,1,ea-drop-api,265040,https://www.ea.com/games/ea-sports-fc/ratings?playerId=265040,ea-drop-api,ea-drop-api,,fc27,2026-08-28T08:51:40.553Z
267661,Sarah Cambot,Sarah,Cambot,,1993-01-04,33,France,France,18,166,60,,,Arkema PL,,ST,"ST, CAM",CAM,Attack,Right,77,,81,80,82,79,78,82,79,76,75,83,73,72,77,78,74,65,70,77,73,79,81,78,82,48,48,64,45,49,39,70,77,87,70,45,3,3,15,5,8,10,8,,,,,"Finesse Shot, Dead Ball, Long Ball Pass, Press Proven, Relentless",,Women's Football,1,ea-drop-api,267661,https://www.ea.com/games/ea-sports-fc/ratings?playerId=267661,ea-drop-api,ea-drop-api,,fc27,2026-08-28T08:51:40.553Z
267261,Tara McKeown,Tara,McKeown,,1999-07-02,27,USA,United States,95,172,61,Washington Spirit,116304,NWSL,,CB,CB,,Defense,Right,77,,65,68,63,66,60,73,74,66,61,67,72,73,68,62,79,67,68,69,67,40,75,75,75,78,77,78,75,80,79,77,85,75,80,69,3,2,6,6,6,14,12,,,,,"Intercept, Slide Tackle, Aerial Fortress",,Women's Football,1,ea-drop-api,267261,https://www.ea.com/games/ea-sports-fc/ratings?playerId=267261,ea-drop-api,ea-drop-api,,fc27,2026-08-28T08:51:40.553Z
269805,Kinga Szemik,Kinga,Szemik,,1997-06-25,29,Poland,Poland,37,182,70,West Ham,116014,Barclays WSL,,GK,GK,,Defense,Right,77,,77,51,45,75,13,54,8,8,19,9,72,41,12,12,31,24,16,78,42,45,76,22,33,49,14,11,10,15,13,76,54,32,42,22,2,1,77,75,72,76,78,,,,,"Far Throw, Cross Claimer, Rush Out",,Women's Football,1,ea-drop-api,269805,https://www.ea.com/games/ea-sports-fc/ratings?playerId=269805,ea-drop-api,ea-drop-api,,fc27,2026-08-28T08:51:40.553Z
233343,Ali Riley,Ali,Riley,,1987-10-30,38,New Zealand,New Zealand,198,163,56,Angel City FC,116311,NWSL,,RB,"RB, LB, RM","LB, RM",Defense,Right,77,,73,72,74,58,48,72,62,59,68,63,72,63,77,60,77,70,72,76,74,71,76,77,79,74,73,68,78,71,79,73,80,68,78,67,3,3,11,13,8,13,8,,,,,Anticipate,,Women's Football,1,ea-drop-api,233343,https://www.ea.com/games/ea-sports-fc/ratings?playerId=233343,ea-drop-api,ea-drop-api,,fc27,2026-08-28T08:51:40.553Z
236642,Casey Krueger,Casey,Krueger,,1990-08-23,36,USA,United States,95,168,63,Washington Spirit,116304,NWSL,,LB,"LB, CB, LM","CB, LM",Defense,Right,77,,73,72,74,56,46,76,61,58,45,59,71,61,76,57,77,70,75,73,54,62,75,79,83,75,72,74,76,75,74,77,84,72,80,76,3,3,15,9,16,16,16,,,,,"Jockey, Press Proven, Bruiser",,Women's Football,1,ea-drop-api,236642,https://www.ea.com/games/ea-sports-fc/ratings?playerId=236642,ea-drop-api,ea-drop-api,,fc27,2026-08-28T08:51:40.553Z
245443,Aurora Galli,Aurora,Galli,,1996-12-13,29,Italy,Italy,27,168,56,Everton,116016,Barclays WSL,,CM,"CM, CDM",CDM,Midfielder,Right,77,,73,76,70,72,72,76,72,56,56,80,74,76,60,60,83,77,73,78,85,78,72,79,73,66,69,34,69,72,69,61,55,77,54,58,3,3,16,17,11,11,8,,,,,,,Women's Football,1,ea-drop-api,245443,https://www.ea.com/games/ea-sports-fc/ratings?playerId=245443,ea-drop-api,ea-drop-api,,fc27,2026-08-28T08:51:40.553Z
265086,Elvira Herzog,Elvira,Herzog,,2000-03-05,26,Switzerland,Switzerland,47,179,74,RB Leipzig,116021,GPFBL,,GK,GK,,Defense,Right,77,,76,49,44,75,14,55,11,10,30,12,73,40,22,27,34,28,14,77,48,55,74,29,21,47,21,13,23,19,12,76,57,21,45,12,3,1,76,75,73,76,77,,,,,"Far Throw, Footwork, Rush Out",,Women's Football,1,ea-drop-api,265086,https://www.ea.com/games/ea-sports-fc/ratings?playerId=265086,ea-drop-api,ea-drop-api,,fc27,2026-08-28T08:51:40.553Z
274780,Luany,Luany Vitória,da Silva Rosa,Luany,2003-02-03,23,Brazil,Brazil,54,164,54,Atlético de Madrid,116327,Liga F Moeve,,ST,"ST, RW, RM, CAM","RW, RM, CAM",Attack,Right,77,,83,81,85,76,81,77,70,66,62,82,69,76,62,57,75,61,56,80,81,72,71,81,77,43,50,64,41,37,35,73,78,85,69,68,5,3,6,10,9,7,9,,,,,Technical,,Women's Football,1,ea-drop-api,274780,https://www.ea.com/games/ea-sports-fc/ratings?playerId=274780,ea-drop-api,ea-drop-api,,fc27,2026-08-28T08:51:40.553Z
266401,Jaelin Howell,Jaelin,Howell,,1999-11-21,26,USA,United States,95,172,64,Gotham FC,116310,NWSL,,CM,"CM, CDM",CDM,Midfielder,Right,77,,65,63,66,62,63,62,64,44,54,69,68,74,43,58,80,74,53,78,73,77,79,83,72,74,80,60,76,77,63,76,71,84,72,79,4,4,12,14,12,9,11,,,,,"Anticipate, Aerial Fortress, Press Proven",,Women's Football,1,ea-drop-api,266401,https://www.ea.com/games/ea-sports-fc/ratings?playerId=266401,ea-drop-api,ea-drop-api,,fc27,2026-08-28T08:51:40.553Z
266939,Amanda Nildén,Amanda,Nildén,,1998-08-07,28,Sweden,Sweden,46,168,58,Spurs,116011,Barclays WSL,,LB,"LB, LM",LM,Defense,Left,77,,83,86,81,52,55,56,45,43,62,44,72,58,72,60,79,79,72,71,70,70,82,72,61,74,76,70,78,72,71,71,80,73,66,78,4,3,10,6,11,6,11,,,,,,,Women's Football,1,ea-drop-api,266939,https://www.ea.com/games/ea-sports-fc/ratings?playerId=266939,ea-drop-api,ea-drop-api,,fc27,2026-08-28T08:51:40.553Z
267497,Shea Groom,Shea,Groom,,1993-03-04,33,USA,United States,95,168,60,Chicago Stars FC,116305,NWSL,,CM,"CM, CAM",CAM,Midfielder,Right,77,,80,79,80,73,76,72,70,63,71,81,78,77,76,61,83,75,75,77,73,47,74,81,73,61,73,67,43,70,57,54,61,75,33,78,3,3,12,5,12,9,6,,,,,"Aerial Fortress, Relentless",,Women's Football,1,ea-drop-api,267497,https://www.ea.com/games/ea-sports-fc/ratings?playerId=267497,ea-drop-api,ea-drop-api,,fc27,2026-08-28T08:51:40.553Z
267223,Olivia Moultrie,Olivia,Moultrie,,2005-09-17,20,USA,United States,95,170,60,Portland Thorns,116302,NWSL,,CM,"CM, LM, RM, CAM","LM, RM, CAM",Midfielder,Right,77,,69,70,69,74,73,77,79,59,65,76,76,75,75,70,79,76,73,76,64,69,77,79,70,66,73,53,64,70,59,61,60,79,52,62,3,4,8,8,15,14,13,,,,,"Power Shot, Dead Ball, Incisive Pass",,Women's Football,1,ea-drop-api,267223,https://www.ea.com/games/ea-sports-fc/ratings?playerId=267223,ea-drop-api,ea-drop-api,,fc27,2026-08-28T08:51:40.553Z
272206,Ana Tejada,Ana,Tejada Jiménez,Ana Tejada,2002-06-02,24,Spain,Spain,45,170,69,Utah Royals FC,131478,NWSL,,CB,"CB, CM",CM,Defense,Right,77,,72,71,73,61,58,68,67,43,51,66,70,66,63,46,80,73,56,70,68,68,75,75,70,78,78,77,78,80,77,71,83,67,72,70,2,2,7,7,11,13,13,,,,,"Block, Slide Tackle",,Women's Football,1,ea-drop-api,272206,https://www.ea.com/games/ea-sports-fc/ratings?playerId=272206,ea-drop-api,ea-drop-api,,fc27,2026-08-28T08:51:40.553Z
265968,Cindy Caputo,Cindy,Caputo,,1999-02-07,27,France,France,18,168,57,FC Fleury 91,116036,Arkema PL,,LM,"LM, RM, LW","RM, LW",Midfielder,Left,77,,84,85,83,75,79,72,73,64,70,76,72,69,72,70,76,65,75,78,72,70,71,80,72,45,44,59,42,47,40,67,77,72,69,52,3,4,8,10,7,6,7,,,,,Gamechanger,,Women's Football,1,ea-drop-api,265968,https://www.ea.com/games/ea-sports-fc/ratings?playerId=265968,ea-drop-api,ea-drop-api,,fc27,2026-08-28T08:51:40.553Z
267391,Christen Westphal,Christen,Westphal,,1993-09-02,32,USA,United States,95,168,60,Houston Dash,116306,NWSL,,RB,"RB, CB",CB,Defense,Right,77,,79,78,79,50,45,57,53,52,45,52,73,68,75,51,76,75,71,72,75,71,74,73,75,76,75,73,80,74,70,71,84,74,73,57,3,3,7,12,5,15,11,,,,,"Block, Long Throw",,Women's Football,1,ea-drop-api,267391,https://www.ea.com/games/ea-sports-fc/ratings?playerId=267391,ea-drop-api,ea-drop-api,,fc27,2026-08-28T08:51:40.553Z
263966,Hanna Bennison,Hanna,Bennison,,2002-10-16,23,Sweden,Sweden,46,165,53,Real Madrid,116326,Liga F Moeve,,CM,CM,,Midfielder,Right,77,,75,77,74,73,72,75,75,60,73,76,77,75,70,71,84,75,72,83,84,78,73,85,74,55,60,48,45,66,53,57,58,76,47,60,3,4,14,5,10,6,12,,,,,"Technical, First Touch",,Women's Football,1,ea-drop-api,263966,https://www.ea.com/games/ea-sports-fc/ratings?playerId=263966,ea-drop-api,ea-drop-api,,fc27,2026-08-28T08:51:40.553Z
272020,Andrea Tarazona,Andrea,Tarazona Brisa,Andrea Tarazona,2004-03-21,22,Spain,Spain,45,168,56,,,Liga F Moeve,,GK,GK,,Defense,Right,77,,77,35,33,74,9,56,10,11,12,8,75,25,10,11,15,15,9,81,57,40,69,11,33,34,17,15,11,20,12,78,48,18,34,22,2,1,77,74,75,78,81,,,,,,,Women's Football,1,ea-drop-api,272020,https://www.ea.com/games/ea-sports-fc/ratings?playerId=272020,ea-drop-api,ea-drop-api,,fc27,2026-08-28T08:51:40.553Z
267381,Makenzy Robbe,Makenzy,Robbe,,1994-02-25,32,USA,United States,95,173,63,San Diego Wave,116312,NWSL,,LM,"LM, RM, LW","RM, LW",Midfielder,Right,77,,80,78,82,79,81,80,77,75,71,80,72,63,74,71,77,68,68,75,73,59,76,82,70,40,33,70,38,39,36,71,83,70,77,55,4,3,9,6,8,11,5,,,,,,,Women's Football,1,ea-drop-api,267381,https://www.ea.com/games/ea-sports-fc/ratings?playerId=267381,ea-drop-api,ea-drop-api,,fc27,2026-08-28T08:51:40.553Z
243771,Abby Smith,Abby,Smith,,1993-10-04,32,USA,United States,95,173,66,Houston Dash,116306,NWSL,,GK,GK,,Defense,Right,77,,72,33,47,80,7,53,11,10,12,11,70,56,16,12,21,21,14,77,36,46,77,15,47,39,8,15,10,16,13,78,47,24,34,19,2,1,72,80,70,78,77,,,,,Rush Out,,Women's Football,1,ea-drop-api,243771,https://www.ea.com/games/ea-sports-fc/ratings?playerId=243771,ea-drop-api,ea-drop-api,,fc27,2026-08-28T08:51:40.553Z
264987,Eseosa Aigbogun,Eseosa,Aigbogun,,1993-05-23,33,Switzerland,Switzerland,47,166,56,Strasbourg,131724,Arkema PL,,LB,"LB, RM, RB, LM","RM, RB, LM",Defense,Right,77,,78,77,79,56,55,63,53,55,52,59,69,57,74,49,76,69,65,71,72,70,71,75,69,75,76,60,75,78,75,67,72,74,61,70,3,2,8,5,12,13,9,,,,,"Block, Intercept",,Women's Football,1,ea-drop-api,264987,https://www.ea.com/games/ea-sports-fc/ratings?playerId=264987,ea-drop-api,ea-drop-api,,fc27,2026-08-28T08:51:40.553Z
267653,Margaux Le Mouël,Margaux,Le Mouël,,2001-08-08,25,France,France,18,168,61,Marseille,132370,Arkema PL,,CDM,"CDM, CM",CM,Midfielder,Right,77,,68,72,65,64,63,61,72,52,60,73,71,77,50,51,81,79,60,75,63,58,72,80,65,73,75,58,73,76,74,65,67,85,57,59,3,3,7,13,15,12,6,,,,,,,Women's Football,1,ea-drop-api,267653,https://www.ea.com/games/ea-sports-fc/ratings?playerId=267653,ea-drop-api,ea-drop-api,,fc27,2026-08-28T08:51:40.553Z
267281,Arin Wright,Arin,Wright,,1992-12-25,33,USA,United States,95,168,60,Rac. Louisville,116308,NWSL,,CB,CB,,Defense,Right,77,,61,58,64,54,48,60,60,53,47,58,67,48,76,42,76,67,67,75,74,63,76,77,83,78,74,77,80,78,76,78,81,75,79,76,3,2,8,6,11,8,8,,,,,Block,,Women's Football,1,ea-drop-api,267281,https://www.ea.com/games/ea-sports-fc/ratings?playerId=267281,ea-drop-api,ea-drop-api,,fc27,2026-08-28T08:51:40.553Z
227369,Synne Jensen,Synne,Jensen,,1996-02-15,30,Norway,Norway,36,173,64,Atlético de Madrid,116327,Liga F Moeve,,RW,"RW, ST, RM","ST, RM",Attack,Right,77,,78,80,77,80,80,80,80,77,76,78,73,74,70,73,73,70,80,78,76,72,79,80,76,30,23,68,32,21,30,73,82,74,76,64,5,3,10,15,16,8,9,,,,,Aerial Fortress,,Women's Football,1,ea-drop-api,227369,https://www.ea.com/games/ea-sports-fc/ratings?playerId=227369,ea-drop-api,ea-drop-api,,fc27,2026-08-28T08:51:40.553Z
265879,Léna Goetsch,Léna,Goetsch,,1999-10-07,26,France,France,18,171,63,FC Fleury 91,116036,Arkema PL,,RB,"RB, RM",RM,Defense,Left,77,,81,75,85,46,43,59,41,45,49,48,66,58,70,44,73,61,61,67,73,72,72,71,65,75,75,63,78,78,72,75,77,87,73,63,3,3,14,7,11,8,13,,,,,"Jockey, Intercept",,Women's Football,1,ea-drop-api,265879,https://www.ea.com/games/ea-sports-fc/ratings?playerId=265879,ea-drop-api,ea-drop-api,,fc27,2026-08-28T08:51:40.553Z
272078,Grace Chanda,Grace,Chanda,,1997-06-11,29,Zambia,Zambia,147,160,52,Orlando Pride,116307,NWSL,,ST,ST,,Attack,Right,77,,81,81,81,78,82,75,76,77,67,77,67,70,50,69,73,69,65,79,72,73,72,81,75,35,35,70,30,27,41,70,83,70,75,55,3,3,9,10,12,10,10,,,,,,,Women's Football,1,ea-drop-api,272078,https://www.ea.com/games/ea-sports-fc/ratings?playerId=272078,ea-drop-api,ea-drop-api,,fc27,2026-08-28T08:51:40.553Z
267311,Marisa DiGrande,Marisa,DiGrande,,1997-02-05,29,USA,United States,95,163,57,Rac. Louisville,116308,NWSL,,CDM,"CDM, CM",CM,Midfielder,Right,77,,65,64,66,55,50,62,60,52,48,52,68,73,48,51,78,77,54,73,62,72,71,80,67,75,74,62,79,76,79,72,69,79,68,75,3,3,10,10,10,9,11,,,,,,,Women's Football,1,ea-drop-api,267311,https://www.ea.com/games/ea-sports-fc/ratings?playerId=267311,ea-drop-api,ea-drop-api,,fc27,2026-08-28T08:51:40.553Z
267278,Ella Stevens,Ella,Stevens,,1997-12-11,28,USA,United States,95,173,60,Gotham FC,116310,NWSL,,ST,"ST, LM, CAM","LM, CAM",Attack,Right,77,,77,80,75,73,73,75,72,68,65,81,68,66,58,66,77,66,61,79,83,60,79,82,62,43,38,76,38,41,37,67,84,65,69,58,3,4,13,12,13,6,11,,,,,"Incisive Pass, Technical, Trickster",,Women's Football,1,ea-drop-api,267278,https://www.ea.com/games/ea-sports-fc/ratings?playerId=267278,ea-drop-api,ea-drop-api,,fc27,2026-08-28T08:51:40.553Z
245834,Yuka Momiki,Yuka,Momiki,,1996-04-09,30,Japan,Japan,163,153,49,Everton,116016,Barclays WSL,,CAM,"CAM, CM",CM,Midfielder,Left,77,,78,77,79,74,78,73,68,74,60,79,73,80,68,65,73,77,67,78,66,89,76,78,75,45,50,60,57,30,28,57,71,78,58,24,4,3,6,7,8,12,13,,,,,,,Women's Football,1,ea-drop-api,245834,https://www.ea.com/games/ea-sports-fc/ratings?playerId=245834,ea-drop-api,ea-drop-api,,fc27,2026-08-28T08:51:40.553Z
265277,Martha Thomas,Martha,Thomas,,1996-05-31,30,Scotland,Scotland,42,170,62,Spurs,116011,Barclays WSL,,ST,ST,,Attack,Right,77,,77,76,78,78,79,80,78,75,56,81,61,57,59,58,71,50,60,77,78,71,77,78,74,39,46,69,33,35,26,72,81,72,76,59,3,3,14,12,13,7,11,,,,,,,Women's Football,1,ea-drop-api,265277,https://www.ea.com/games/ea-sports-fc/ratings?playerId=265277,ea-drop-api,ea-drop-api,,fc27,2026-08-28T08:51:40.553Z
271839,Selina Vobian,Selina,Vobian,,2002-09-27,23,Germany,Germany,21,167,59,SC Freiburg,116002,GPFBL,,CAM,"CAM, RM, CM","RM, CM",Midfielder,Right,77,,78,75,80,70,75,62,73,43,64,75,78,76,80,73,80,75,68,78,69,90,71,82,67,44,42,32,33,56,59,56,54,62,54,53,2,3,12,6,13,14,11,,,,,"Dead Ball, Incisive Pass, Technical",,Women's Football,1,ea-drop-api,271839,https://www.ea.com/games/ea-sports-fc/ratings?playerId=271839,ea-drop-api,ea-drop-api,,fc27,2026-08-28T08:51:40.553Z
227191,Marta Torrejón,Marta,Torrejón Moya,Marta Torrejón,1990-02-27,36,Spain,Spain,45,171,59,FC Barcelona,116325,Liga F Moeve,,CB,"CB, RB",RB,Defense,Right,77,,53,52,54,53,48,71,47,60,47,45,73,68,75,48,82,67,65,70,54,69,80,81,84,77,77,84,79,73,75,75,80,79,73,72,3,2,12,7,13,15,16,,,,,"Precision Header, Aerial Fortress",,Women's Football,1,ea-drop-api,227191,https://www.ea.com/games/ea-sports-fc/ratings?playerId=227191,ea-drop-api,ea-drop-api,,fc27,2026-08-28T08:51:40.553Z
276846,Madison Haley,Madison,Haley,,1998-10-25,27,USA,United States,95,170,64,Brighton,116013,Barclays WSL,,ST,"ST, RW, CAM","RW, CAM",Attack,Right,77,,79,79,79,75,77,78,68,76,66,79,64,68,51,60,76,64,29,73,57,43,77,77,76,35,20,78,23,40,45,68,90,63,80,41,3,3,12,12,7,13,14,,,,,,,Women's Football,1,ea-drop-api,276846,https://www.ea.com/games/ea-sports-fc/ratings?playerId=276846,ea-drop-api,ea-drop-api,,fc27,2026-08-28T08:51:40.553Z
277815,Danique Tolhoek,Danique,Tolhoek,,2005-03-17,21,Netherlands,Holland,34,167,58,Ajax,131359,Nederland Vrouwen Liga,,ST,ST,,Attack,Right,77,,74,77,71,80,84,80,76,72,65,82,56,48,39,56,71,51,62,72,69,57,71,77,66,46,36,73,33,58,42,65,80,60,67,63,2,2,14,13,8,7,14,,,,,,,Women's Football,1,ea-drop-api,277815,https://www.ea.com/games/ea-sports-fc/ratings?playerId=277815,ea-drop-api,ea-drop-api,,fc27,2026-08-28T08:51:40.553Z
265079,Samantha Steuerwald,Samantha,Steuerwald,,1998-10-11,27,Germany,Germany,21,173,63,Union Berlin,132589,GPFBL,,CB,CB,,Defense,Right,77,,54,41,65,50,50,64,43,41,57,32,63,50,53,36,78,68,54,65,55,74,71,72,71,78,78,76,79,78,75,80,77,74,84,79,2,2,13,10,11,13,9,,,,,"Aerial Fortress, Long Throw, Bruiser",,Women's Football,1,ea-drop-api,265079,https://www.ea.com/games/ea-sports-fc/ratings?playerId=265079,ea-drop-api,ea-drop-api,,fc27,2026-08-28T08:51:40.553Z
278225,Tara Elimbi Gilbert,Tara,Elimbi Gilbert,,2005-06-09,21,France,France,18,162,55,Paris SG,116034,Arkema PL,,LB,"LB, LM",LM,Defense,Left,77,,80,80,80,39,39,42,35,29,39,55,67,56,77,49,75,57,55,70,76,74,75,79,58,73,74,63,78,72,68,58,64,88,44,55,3,3,9,14,10,12,7,,,,,Rapid,,Women's Football,1,ea-drop-api,278225,https://www.ea.com/games/ea-sports-fc/ratings?playerId=278225,ea-drop-api,ea-drop-api,,fc27,2026-08-28T08:51:40.553Z
265571,Cloé Lacasse,Cloé,Lacasse,,1993-07-07,33,Canada,Canada,70,170,56,Utah Royals FC,131478,NWSL,,LM,"LM, RM, LW","RM, LW",Midfielder,Right,77,,81,84,79,75,78,73,73,64,63,80,72,76,72,60,75,65,62,76,75,62,76,79,75,26,20,60,19,25,28,55,75,64,60,28,5,3,14,7,7,8,12,,,,,Quick Step,,Women's Football,1,ea-drop-api,265571,https://www.ea.com/games/ea-sports-fc/ratings?playerId=265571,ea-drop-api,ea-drop-api,,fc27,2026-08-28T08:51:40.553Z
267220,Kelli Hubly,Kelli,Hubly,,1994-08-09,32,USA,United States,95,175,65,Bay FC,131477,NWSL,,CB,CB,,Defense,Right,77,,52,57,48,46,42,58,46,35,41,48,66,55,75,33,70,69,69,62,48,52,74,67,73,80,77,79,78,84,77,76,83,65,81,75,3,2,14,14,12,7,13,,,,,,,Women's Football,1,ea-drop-api,267220,https://www.ea.com/games/ea-sports-fc/ratings?playerId=267220,ea-drop-api,ea-drop-api,,fc27,2026-08-28T08:51:40.553Z
275906,Aoba Fujino,Aoba,Fujino,,2004-01-27,22,Japan,Japan,163,162,56,Manchester City,116017,Barclays WSL,,RW,"RW, RM",RM,Attack,Right,77,,77,77,77,73,74,76,70,63,62,75,75,78,78,61,79,66,60,77,82,84,73,77,61,23,20,59,17,20,17,56,69,74,57,27,4,3,10,6,11,6,7,,,,,,,Women's Football,1,ea-drop-api,275906,https://www.ea.com/games/ea-sports-fc/ratings?playerId=275906,ea-drop-api,ea-drop-api,,fc27,2026-08-28T08:51:40.553Z
275961,Isa Kardinaal,Isa,Kardinaal,,2005-03-31,21,Netherlands,Holland,34,168,59,London City,132176,Barclays WSL,,CB,CB,,Defense,Left,77,,67,66,68,50,49,60,52,23,59,28,50,28,28,32,78,59,28,60,63,60,75,69,61,79,79,75,81,80,76,71,78,67,71,73,2,2,5,11,13,12,12,,,,,,,Women's Football,1,ea-drop-api,275961,https://www.ea.com/games/ea-sports-fc/ratings?playerId=275961,ea-drop-api,ea-drop-api,,fc27,2026-08-28T08:51:40.553Z
267276,Kayla Sharples,Kayla,Sharples,,1997-06-17,29,USA,United States,95,180,59,KC Current,116309,NWSL,,CB,CB,,Defense,Right,77,,44,57,33,45,46,53,39,34,36,44,51,31,33,30,73,65,36,64,66,76,77,70,64,79,80,72,80,81,75,71,79,47,82,72,2,2,10,8,10,13,12,,,,,"Precision Header, Aerial Fortress",,Women's Football,1,ea-drop-api,267276,https://www.ea.com/games/ea-sports-fc/ratings?playerId=267276,ea-drop-api,ea-drop-api,,fc27,2026-08-28T08:51:40.553Z
267388,Kaleigh Riehl,Kaleigh,Riehl,,1996-10-21,29,USA,United States,95,173,64,Utah Royals FC,131478,NWSL,,CB,CB,,Defense,Right,77,,42,34,49,43,38,55,44,35,41,45,57,51,43,37,70,62,48,66,59,62,77,72,70,79,75,78,77,84,79,66,73,35,78,74,2,2,13,13,6,12,12,,,,,,,Women's Football,1,ea-drop-api,267388,https://www.ea.com/games/ea-sports-fc/ratings?playerId=267388,ea-drop-api,ea-drop-api,,fc27,2026-08-28T08:51:40.553Z
265894,Kethna Louis,Kethna,Louis,,1996-08-05,30,Haiti,Haiti,80,170,68,Montpellier,116037,Arkema PL,,LB,"LB, LM",LM,Defense,Left,76,,87,85,89,70,71,71,72,67,47,75,68,68,70,47,72,61,65,78,82,73,75,79,70,72,75,64,72,71,74,82,88,70,89,77,2,3,15,12,10,15,7,,,,,"Rapid, Long Throw",,Women's Football,1,ea-drop-api,265894,https://www.ea.com/games/ea-sports-fc/ratings?playerId=265894,ea-drop-api,ea-drop-api,,fc27,2026-08-28T08:51:40.553Z
246786,Valentina Bergamaschi,Valentina,Bergamaschi,,1997-01-27,29,Italy,Italy,27,168,57,Roma,116282,Calcio A Femminile,,LM,"LM, RM, LW","RM, LW",Midfielder,Right,76,,84,84,84,66,73,62,66,23,57,70,72,76,74,57,74,68,63,72,79,76,78,74,78,77,78,66,80,77,73,78,84,85,78,70,3,3,15,10,7,14,6,,,,,Rapid,,Women's Football,1,ea-drop-api,246786,https://www.ea.com/games/ea-sports-fc/ratings?playerId=246786,ea-drop-api,ea-drop-api,,fc27,2026-08-28T08:51:40.553Z
264975,Pia-Sophie Wolter,Pia-Sophie,Wolter,,1997-11-13,28,Germany,Germany,21,167,62,Frankfurt,115997,GPFBL,,RB,"RB, RM",RM,Defense,Right,76,,78,78,78,72,72,75,74,71,62,68,70,70,73,57,71,69,65,76,66,72,77,80,68,73,72,69,76,75,68,74,82,82,76,56,3,3,6,9,9,14,9,,,,,,,Women's Football,1,ea-drop-api,264975,https://www.ea.com/games/ea-sports-fc/ratings?playerId=264975,ea-drop-api,ea-drop-api,,fc27,2026-08-28T08:51:40.553Z
264991,Jana Feldkamp,Jana,Feldkamp,,1998-03-15,28,Germany,Germany,21,171,60,,,GPFBL,,CM,"CM, CDM",CDM,Midfielder,Right,76,,71,70,72,65,66,69,62,47,69,71,77,76,72,70,81,77,71,75,82,84,73,80,69,78,80,77,78,78,74,76,83,80,74,76,3,2,12,12,10,5,15,,,,,"Whipped Pass, Block",,Women's Football,1,ea-drop-api,264991,https://www.ea.com/games/ea-sports-fc/ratings?playerId=264991,ea-drop-api,ea-drop-api,,fc27,2026-08-28T08:51:40.553Z
272224,Natalia Ramos,Natalia,Ramos Álvarez,Natalia Ramos,1999-02-10,27,Spain,Spain,45,171,63,C. Adeje Tenerife,116332,Liga F Moeve,,CDM,"CDM, CM",CM,Midfielder,Right,76,,74,74,74,70,69,72,71,65,69,75,71,69,69,72,75,68,72,72,67,64,75,75,70,76,78,75,76,77,74,79,86,80,80,75,3,3,6,12,14,8,5,,,,,"Anticipate, Slide Tackle, Relentless, Bruiser",,Women's Football,1,ea-drop-api,272224,https://www.ea.com/games/ea-sports-fc/ratings?playerId=272224,ea-drop-api,ea-drop-api,,fc27,2026-08-28T08:51:40.553Z
266947,Celeste Boureille,Celeste,Boureille,,1994-04-20,32,USA,United States,95,175,60,,,Barclays WSL,,CB,"CB, CDM, CM","CDM, CM",Defense,Right,76,,72,69,74,70,69,75,74,58,55,71,72,75,57,57,81,77,59,75,66,51,76,81,70,76,80,72,72,79,73,75,81,76,77,68,3,3,10,11,13,9,6,,,,,Press Proven,,Women's Football,1,ea-drop-api,266947,https://www.ea.com/games/ea-sports-fc/ratings?playerId=266947,ea-drop-api,ea-drop-api,,fc27,2026-08-28T08:51:40.553Z
268640,Laurie Cance,Laurie,Cance,,1995-05-11,31,France,France,18,168,65,FC Fleury 91,116036,Arkema PL,,ST,"ST, CM, CAM","CM, CAM",Attack,Right,76,,80,73,86,74,76,73,71,69,71,77,74,79,69,71,78,71,65,77,71,76,75,81,72,55,58,68,44,63,49,78,77,89,72,77,4,3,10,14,10,14,13,,,,,"Incisive Pass, Block, Anticipate, Relentless, Bruiser",,Women's Football,1,ea-drop-api,268640,https://www.ea.com/games/ea-sports-fc/ratings?playerId=268640,ea-drop-api,ea-drop-api,,fc27,2026-08-28T08:51:40.553Z
265878,Léa Declercq,Léa,Declercq,,1995-05-12,31,France,France,18,168,62,,,Arkema PL,,CDM,"CDM, CM, CB","CM, CB",Midfielder,Right,76,,71,63,77,69,69,71,73,55,67,64,74,69,72,81,78,73,68,75,79,78,75,76,72,72,74,51,74,77,70,76,67,86,74,70,3,3,9,8,12,13,10,,,,,"Dead Ball, Long Ball Pass, Intercept",,Women's Football,1,ea-drop-api,265878,https://www.ea.com/games/ea-sports-fc/ratings?playerId=265878,ea-drop-api,ea-drop-api,,fc27,2026-08-28T08:51:40.553Z
265952,Julie Rabanne,Julie,Rabanne,,1989-04-18,37,France,France,18,153,57,FC Nantes,116417,Arkema PL,,RB,"RB, LB, RM","LB, RM",Defense,Right,76,,68,70,66,73,73,76,75,60,67,77,76,75,76,73,78,74,66,75,71,72,73,76,75,74,73,74,71,76,75,71,82,71,77,55,4,3,11,9,8,12,6,,,,,"Whipped Pass, Technical, Long Throw",,Women's Football,1,ea-drop-api,265952,https://www.ea.com/games/ea-sports-fc/ratings?playerId=265952,ea-drop-api,ea-drop-api,,fc27,2026-08-28T08:51:40.553Z
266922,Ceri Holland,Ceri,Holland,,1997-12-12,28,Wales,Wales,50,165,57,Liverpool,116343,Barclays WSL,,CM,"CM, CAM",CAM,Midfielder,Right,76,,78,78,78,71,71,77,71,66,52,77,73,75,70,55,75,74,68,76,70,77,77,78,66,67,75,54,56,75,73,70,71,79,68,64,3,3,12,13,6,8,10,,,,,"Power Shot, Slide Tackle, Aerial Fortress, Press Proven, Relentless",,Women's Football,1,ea-drop-api,266922,https://www.ea.com/games/ea-sports-fc/ratings?playerId=266922,ea-drop-api,ea-drop-api,,fc27,2026-08-28T08:51:40.553Z
272049,Ornella Vignola,Ornella María,Vignola Cabot,Ornella Vignola,2004-09-30,21,Spain,Spain,45,164,57,Everton,116016,Barclays WSL,,LM,"LM, RM, LW","RM, LW",Midfielder,Right,76,,82,81,82,69,65,77,74,68,46,71,72,72,75,55,73,69,73,77,80,64,70,77,68,58,60,59,59,59,49,76,82,73,82,64,3,4,5,8,10,9,7,,,,,"Whipped Pass, Technical",,Women's Football,1,ea-drop-api,272049,https://www.ea.com/games/ea-sports-fc/ratings?playerId=272049,ea-drop-api,ea-drop-api,,fc27,2026-08-28T08:51:40.553Z
264904,Léa Khelifi,Léa,Khelifi,,1999-05-12,27,France,France,18,171,63,FC Nantes,116417,Arkema PL,,CAM,"CAM, RM, CM","RM, CM",Midfielder,Left,76,,79,86,73,68,68,72,67,62,62,75,74,77,68,74,77,71,72,80,81,65,66,82,75,66,69,73,61,69,62,66,83,69,64,63,2,4,11,10,13,11,12,,,,,"Precision Header, Incisive Pass, Technical, Trickster",,Women's Football,1,ea-drop-api,264904,https://www.ea.com/games/ea-sports-fc/ratings?playerId=264904,ea-drop-api,ea-drop-api,,fc27,2026-08-28T08:51:40.553Z
272225,Paola Hernández,Paola,Hernández Díaz,Paola Hernández,2002-07-25,24,Spain,Spain,45,163,57,C. Adeje Tenerife,116332,Liga F Moeve,,CM,"CM, CAM, RM","CAM, RM",Midfielder,Right,76,,72,76,68,74,79,70,71,65,68,75,74,75,70,71,78,75,66,78,78,74,69,79,68,69,70,69,61,78,65,63,76,73,65,40,3,3,7,11,13,13,12,,,,,Press Proven,,Women's Football,1,ea-drop-api,272225,https://www.ea.com/games/ea-sports-fc/ratings?playerId=272225,ea-drop-api,ea-drop-api,,fc27,2026-08-28T08:51:40.553Z
265102,Weronika Zawistowska,Weronika,Zawistowska,,1999-12-17,26,Poland,Poland,37,169,60,1. FC Köln,116003,GPFBL,,LM,"LM, CAM, LW","CAM, LW",Midfielder,Right,76,,80,81,80,73,75,72,70,79,55,80,72,70,72,70,75,66,74,76,81,74,73,78,64,47,42,78,46,44,40,79,93,75,81,73,3,4,13,12,6,12,6,,,,,"Jockey, Anticipate, Technical, First Touch, Quick Step",,Women's Football,1,ea-drop-api,265102,https://www.ea.com/games/ea-sports-fc/ratings?playerId=265102,ea-drop-api,ea-drop-api,,fc27,2026-08-28T08:51:40.553Z
272064,Itziar Pinillos,Itziar,Pinillos Moreno,Itziar Pinillos,2000-10-21,25,Spain,Spain,45,164,54,Badalona Women,131125,Liga F Moeve,,RB,"RB, RM",RM,Defense,Right,76,,73,74,72,58,59,51,61,49,54,70,73,75,69,50,80,72,61,78,79,81,81,79,75,72,74,43,75,76,74,73,64,82,70,69,3,3,11,7,15,8,7,,,,,"Jockey, Block, Relentless, Long Throw",,Women's Football,1,ea-drop-api,272064,https://www.ea.com/games/ea-sports-fc/ratings?playerId=272064,ea-drop-api,ea-drop-api,,fc27,2026-08-28T08:51:40.553Z
272114,Hanna Lundkvist,Hanna,Lundkvist,,2002-07-17,24,Sweden,Sweden,46,167,62,San Diego Wave,116312,NWSL,,RB,"RB, RM",RM,Defense,Right,76,,77,77,77,58,60,62,55,41,51,60,71,65,75,37,80,70,61,70,75,70,70,77,63,75,71,77,79,73,70,76,89,74,79,66,3,3,12,12,15,13,9,,,,,,,Women's Football,1,ea-drop-api,272114,https://www.ea.com/games/ea-sports-fc/ratings?playerId=272114,ea-drop-api,ea-drop-api,,fc27,2026-08-28T08:51:40.553Z
276862,Kaja Korošec,Kaja,Korošec,,2001-11-17,24,Slovenia,Slovenia,44,170,62,Paris FC,116035,Arkema PL,,CM,"CM, CDM",CDM,Midfielder,Left,76,,69,72,66,75,73,83,77,52,66,75,72,77,59,72,76,76,68,76,79,67,69,80,68,62,68,57,49,74,57,72,74,81,75,52,2,2,10,5,14,10,8,,,,,,,Women's Football,1,ea-drop-api,276862,https://www.ea.com/games/ea-sports-fc/ratings?playerId=276862,ea-drop-api,ea-drop-api,,fc27,2026-08-28T08:51:40.553Z
265341,Laura Coombs,Laura,Coombs,,1991-06-29,35,England,England,14,164,58,Manchester City,116017,Barclays WSL,,CM,"CM, CAM",CAM,Midfielder,Right,76,,69,68,69,76,76,75,82,71,59,72,74,73,58,65,85,79,53,75,65,74,73,78,67,68,70,45,68,72,70,63,61,65,64,60,3,4,11,5,15,13,12,,,,,Anticipate,,Women's Football,1,ea-drop-api,265341,https://www.ea.com/games/ea-sports-fc/ratings?playerId=265341,ea-drop-api,ea-drop-api,,fc27,2026-08-28T08:51:40.553Z
245833,Narumi Miura,Narumi,Miura,,1997-07-03,29,Japan,Japan,163,156,49,Washington Spirit,116304,NWSL,,CDM,"CDM, CM",CM,Midfielder,Right,76,,62,59,65,71,72,73,72,53,65,67,76,78,71,71,79,75,70,75,71,83,76,78,67,73,72,58,72,80,69,67,64,76,62,69,3,3,6,7,8,12,13,,,,,"Tiki Taka, Intercept, Anticipate",,Women's Football,1,ea-drop-api,245833,https://www.ea.com/games/ea-sports-fc/ratings?playerId=245833,ea-drop-api,ea-drop-api,,fc27,2026-08-28T08:51:40.553Z
272129,Irene Oguiza,Irene,Oguiza Martínez,Irene Oguiza,2000-01-05,26,Spain,Spain,45,179,70,Athletic Club,116328,Liga F Moeve,,CDM,"CDM, CM",CM,Midfielder,Right,76,,74,73,74,59,62,52,58,55,60,65,66,62,52,51,75,72,67,70,75,75,65,74,66,78,79,68,77,81,77,77,82,69,82,72,3,3,5,7,14,11,9,,,,,,,Women's Football,1,ea-drop-api,272129,https://www.ea.com/games/ea-sports-fc/ratings?playerId=272129,ea-drop-api,ea-drop-api,,fc27,2026-08-28T08:51:40.553Z
267226,Rocky Rodríguez,Rocky,Rodríguez,,1993-10-28,32,Costa Rica,Costa Rica,72,165,63,KC Current,116309,NWSL,,CDM,"CDM, CM",CM,Midfielder,Right,76,,44,36,50,75,72,82,76,83,69,73,74,77,64,73,79,75,59,77,72,71,74,79,81,72,75,63,76,70,64,81,69,72,87,80,4,3,6,11,7,9,11,,,,,Power Shot,,Women's Football,1,ea-drop-api,267226,https://www.ea.com/games/ea-sports-fc/ratings?playerId=267226,ea-drop-api,ea-drop-api,,fc27,2026-08-28T08:51:40.553Z
227356,Inès Jaurena,Inès,Jaurena,,1991-05-14,35,France,France,18,158,55,FC Fleury 91,116036,Arkema PL,,CM,"CM, CB, CDM","CB, CDM",Midfielder,Left,76,,61,67,56,66,67,65,65,53,57,77,71,72,65,53,78,73,58,76,70,82,80,79,73,78,82,67,75,83,74,70,71,70,66,80,3,3,8,11,11,13,11,,,,,Tiki Taka,,Women's Football,1,ea-drop-api,227356,https://www.ea.com/games/ea-sports-fc/ratings?playerId=227356,ea-drop-api,ea-drop-api,,fc27,2026-08-28T08:51:40.553Z
271942,Ane Azkona,Ane,Azkona Fuente,Ane Azkona,1998-07-15,28,Spain,Spain,45,164,56,Athletic Club,116328,Liga F Moeve,,RM,"RM, ST, RW","ST, RW",Midfielder,Right,76,,80,79,81,73,79,70,65,62,74,75,69,72,67,69,72,62,65,77,78,84,74,79,70,54,52,67,52,53,49,68,76,79,65,60,3,4,10,15,11,7,14,,,,,"Precision Header, Technical",,Women's Football,1,ea-drop-api,271942,https://www.ea.com/games/ea-sports-fc/ratings?playerId=271942,ea-drop-api,ea-drop-api,,fc27,2026-08-28T08:51:40.553Z
227349,Laëtitia Philippe,Laëtitia,Philippe,,1991-04-30,35,France,France,18,173,61,Havre AC,116416,Arkema PL,,GK,GK,,Defense,Right,76,,79,49,44,73,18,50,18,17,25,11,67,32,21,17,25,27,16,77,40,60,70,25,35,47,19,14,16,19,18,77,63,29,58,22,3,1,79,73,67,77,77,,,,,,,Women's Football,1,ea-drop-api,227349,https://www.ea.com/games/ea-sports-fc/ratings?playerId=227349,ea-drop-api,ea-drop-api,,fc27,2026-08-28T08:51:40.553Z
227359,Claire Lavogez,Claire,Lavogez,,1994-06-18,32,France,France,18,173,63,Real Sociedad,116336,Liga F Moeve,,CAM,"CAM, ST, CM","ST, CM",Midfielder,Right,76,,73,76,71,75,75,74,76,70,72,76,76,79,75,72,79,70,72,74,74,58,74,76,78,51,55,63,48,48,48,71,76,75,70,68,4,4,9,12,8,8,12,,,,,,,Women's Football,1,ea-drop-api,227359,https://www.ea.com/games/ea-sports-fc/ratings?playerId=227359,ea-drop-api,ea-drop-api,,fc27,2026-08-28T08:51:40.553Z
265126,Tuana Mahmoud,Tuana,Mahmoud,,2003-03-03,23,Germany,Germany,21,167,55,SV Werder Bremen,116004,GPFBL,,LM,"LM, RM, ST, LW","RM, ST, LW",Midfielder,Right,76,,81,83,80,66,74,67,49,63,50,74,73,71,79,64,74,70,58,74,74,45,67,76,70,60,61,53,60,62,63,66,72,74,66,54,4,3,13,14,6,11,12,,,,,"Dead Ball, Inventive, Technical",,Women's Football,1,ea-drop-api,265126,https://www.ea.com/games/ea-sports-fc/ratings?playerId=265126,ea-drop-api,ea-drop-api,,fc27,2026-08-28T08:51:40.553Z
268993,Lucía Rodríguez,Lucía Maria,Rodríguez Herrero,Lucía Rodríguez,1999-05-24,27,Spain,Spain,45,164,60,Real Sociedad,116336,Liga F Moeve,,RB,"RB, LB, CB","LB, CB",Defense,Right,76,,76,76,76,52,48,55,54,45,62,59,74,71,73,58,80,71,64,75,73,67,75,79,80,73,73,65,74,74,72,70,75,73,66,73,3,3,14,13,8,8,10,,,,,,,Women's Football,1,ea-drop-api,268993,https://www.ea.com/games/ea-sports-fc/ratings?playerId=268993,ea-drop-api,ea-drop-api,,fc27,2026-08-28T08:51:40.553Z
272081,Ana González,Ana,González Rosa,Ana González,1995-03-26,31,Spain,Spain,45,160,61,Badalona Women,131125,Liga F Moeve,,CDM,"CDM, CM, CB","CM, CB",Midfielder,Right,76,,66,66,66,64,57,69,73,55,78,67,69,68,55,52,79,71,62,70,74,68,80,77,81,74,78,80,75,69,69,77,84,80,77,70,3,3,10,10,11,8,9,,,,,Slide Tackle,,Women's Football,1,ea-drop-api,272081,https://www.ea.com/games/ea-sports-fc/ratings?playerId=272081,ea-drop-api,ea-drop-api,,fc27,2026-08-28T08:51:40.553Z
276519,Bernadette Amani,Bernadette,Amani,,1997-09-05,28,Ivory Coast,Côte d'Ivoire,108,164,60,C. Adeje Tenerife,116332,Liga F Moeve,,CDM,"CDM, CM",CM,Midfielder,Right,76,,70,70,70,53,42,65,64,51,45,69,68,72,66,47,72,69,45,72,79,77,75,72,71,76,72,60,80,81,76,81,80,72,90,72,3,2,6,9,8,14,5,,,,,"Intercept, Anticipate, Aerial Fortress, Technical, Bruiser",,Women's Football,1,ea-drop-api,276519,https://www.ea.com/games/ea-sports-fc/ratings?playerId=276519,ea-drop-api,ea-drop-api,,fc27,2026-08-28T08:51:40.553Z
266598,Eveliina Summanen,Eveliina,Summanen,,1998-05-29,28,Finland,Finland,17,173,65,Spurs,116011,Barclays WSL,,CM,"CM, CDM",CDM,Midfielder,Right,76,,47,38,54,67,65,78,68,47,56,76,76,73,70,70,82,76,71,74,65,76,70,75,73,74,72,70,69,82,70,81,72,80,86,73,3,3,15,8,12,6,6,,,,,"Dead Ball, Incisive Pass, Long Ball Pass, Aerial Fortress, Bruiser",,Women's Football,1,ea-drop-api,266598,https://www.ea.com/games/ea-sports-fc/ratings?playerId=266598,ea-drop-api,ea-drop-api,,fc27,2026-08-28T08:51:40.553Z
267219,Shelby Hogan,Shelby,Hogan,,1998-05-10,28,USA,United States,95,180,69,Gotham FC,116310,NWSL,,GK,GK,,Defense,Right,76,,76,44,45,72,10,58,15,8,24,9,77,54,12,9,27,30,11,76,48,41,76,16,34,44,9,12,12,12,9,74,65,35,68,14,2,1,76,72,77,74,76,,,,,Deflector,,Women's Football,1,ea-drop-api,267219,https://www.ea.com/games/ea-sports-fc/ratings?playerId=267219,ea-drop-api,ea-drop-api,,fc27,2026-08-28T08:51:40.553Z
265106,Anneke Borbe,Anneke,Borbe,,2000-09-17,25,Germany,Germany,21,180,67,Arsenal,116009,Barclays WSL,,GK,GK,,Defense,Right,76,,73,47,41,74,16,56,18,5,56,12,74,60,21,23,15,14,15,76,43,32,73,14,19,45,12,12,9,17,19,76,65,22,65,31,2,1,73,74,74,76,76,,,,,"Far Throw, Footwork, Cross Claimer",,Women's Football,1,ea-drop-api,265106,https://www.ea.com/games/ea-sports-fc/ratings?playerId=265106,ea-drop-api,ea-drop-api,,fc27,2026-08-28T08:51:40.553Z
269829,Madeline Roth,Madeline,Roth,,2001-09-16,24,France,France,18,173,62,Havre AC,116416,Arkema PL,,RM,"RM, ST, RB","ST, RB",Midfielder,Right,76,,72,70,74,74,77,69,75,68,70,76,70,73,62,59,75,69,67,77,74,75,74,80,78,56,63,69,45,62,48,69,75,87,71,41,3,3,9,11,8,6,12,,,,,"Gamechanger, Tiki Taka, Aerial Fortress, Press Proven, Relentless",,Women's Football,1,ea-drop-api,269829,https://www.ea.com/games/ea-sports-fc/ratings?playerId=269829,ea-drop-api,ea-drop-api,,fc27,2026-08-28T08:51:40.553Z
72149,Ainhoa Marín,Ainhoa,Marín Martín,Ainhoa Marín,2001-03-21,25,Spain,Spain,45,165,60,RC Deportivo,131720,Liga F Moeve,,RW,"RW, RM",RM,Attack,Right,76,,87,86,87,72,74,69,72,61,67,72,70,72,71,60,71,67,69,80,85,79,71,76,77,41,41,55,32,44,41,67,75,81,65,51,3,3,12,11,11,8,11,,,,,"Incisive Pass, Whipped Pass, Technical, Quick Step",,Women's Football,1,ea-drop-api,72149,https://www.ea.com/games/ea-sports-fc/ratings?playerId=72149,ea-drop-api,ea-drop-api,,fc27,2026-08-28T08:51:40.553Z
266941,Sofie Junge Pedersen,Sofie Junge,Pedersen,,1992-04-24,34,Denmark,Denmark,13,176,61,Badalona Women,131125,Liga F Moeve,,CDM,"CDM, CM",CM,Midfielder,Right,76,,74,73,74,58,63,52,54,51,62,57,73,70,59,55,83,81,57,67,66,60,76,74,78,74,72,69,76,76,70,71,76,73,70,69,4,3,12,14,11,10,14,,,,,,,Women's Football,1,ea-drop-api,266941,https://www.ea.com/games/ea-sports-fc/ratings?playerId=266941,ea-drop-api,ea-drop-api,,fc27,2026-08-28T08:51:40.553Z
264998,Luana Bühler,Luana,Bühler,,1996-04-28,30,Switzerland,Switzerland,47,171,60,Spurs,116011,Barclays WSL,,CB,CB,,Defense,Right,76,,72,71,72,56,50,65,62,39,61,57,70,56,74,62,78,73,54,67,71,68,76,78,71,77,76,73,78,77,75,74,81,77,73,72,2,2,7,14,15,13,8,,,,,"Block, Intercept, Anticipate",,Women's Football,1,ea-drop-api,264998,https://www.ea.com/games/ea-sports-fc/ratings?playerId=264998,ea-drop-api,ea-drop-api,,fc27,2026-08-28T08:51:40.553Z
266915,Taylor Hinds,Taylor,Hinds,,1999-04-25,27,England,England,14,160,55,Arsenal,116009,Barclays WSL,,LB,"LB, LM",LM,Defense,Left,76,,76,74,77,61,67,63,56,40,52,54,71,60,76,65,79,67,66,73,77,58,74,78,56,71,68,58,75,75,70,64,67,78,56,68,4,3,9,14,10,8,8,,,,,,,Women's Football,1,ea-drop-api,266915,https://www.ea.com/games/ea-sports-fc/ratings?playerId=266915,ea-drop-api,ea-drop-api,,fc27,2026-08-28T08:51:40.553Z
267367,Sarah Gorden,Sarah,Gorden,,1992-09-13,33,USA,United States,95,163,58,Angel City FC,116311,NWSL,,CB,CB,,Defense,Right,76,,85,86,85,54,41,75,73,33,41,45,55,37,38,65,73,61,41,67,80,81,74,69,68,77,73,69,81,80,70,78,88,69,82,75,3,2,8,10,9,15,10,,,,,,,Women's Football,1,ea-drop-api,267367,https://www.ea.com/games/ea-sports-fc/ratings?playerId=267367,ea-drop-api,ea-drop-api,,fc27,2026-08-28T08:51:40.553Z
247477,Julia Zigiotti,Julia,Zigiotti,,1997-12-24,28,Sweden,Sweden,46,160,59,Manchester Utd,116012,Barclays WSL,,CDM,"CDM, CM",CM,Midfielder,Right,76,,67,70,65,63,62,67,64,57,51,71,75,77,63,70,80,79,69,76,81,86,73,77,62,71,72,40,73,77,74,63,55,75,55,69,3,3,15,10,8,12,14,,,,,Aerial Fortress,,Women's Football,1,ea-drop-api,247477,https://www.ea.com/games/ea-sports-fc/ratings?playerId=247477,ea-drop-api,ea-drop-api,,fc27,2026-08-28T08:51:40.553Z
265080,Svenja Fölmli,Svenja,Fölmli,,2002-08-19,24,Switzerland,Switzerland,47,170,59,SC Freiburg,116002,GPFBL,,ST,ST,,Attack,Right,76,,75,77,74,74,76,72,74,71,67,81,70,60,71,68,78,65,72,76,74,58,80,80,70,53,50,75,42,63,43,67,84,65,71,55,3,4,10,11,9,14,7,,,,,Technical,,Women's Football,1,ea-drop-api,265080,https://www.ea.com/games/ea-sports-fc/ratings?playerId=265080,ea-drop-api,ea-drop-api,,fc27,2026-08-28T08:51:40.553Z
265409,Janou Levels,Janou,Levels,,2000-10-30,25,Netherlands,Holland,34,164,56,VfL Wolfsburg,115998,GPFBL,,LB,"LB, LM",LM,Defense,Left,76,,82,84,81,63,65,64,64,52,41,61,69,62,75,59,72,68,66,73,69,69,71,76,68,72,72,61,73,74,72,56,64,83,40,59,4,4,12,13,8,12,9,,,,,,,Women's Football,1,ea-drop-api,265409,https://www.ea.com/games/ea-sports-fc/ratings?playerId=265409,ea-drop-api,ea-drop-api,,fc27,2026-08-28T08:51:40.553Z
266962,Lindsey Thomas,Lindsey,Thomas,,1995-04-27,31,France,France,18,171,57,Juventus,116280,Calcio A Femminile,,RM,"RM, RW",RW,Midfielder,Right,76,,90,88,92,74,74,71,76,71,70,78,68,67,65,63,74,62,57,74,66,66,73,76,69,42,35,78,36,42,34,67,88,70,68,55,3,3,13,7,9,6,12,,,,,"Rapid, Quick Step",,Women's Football,1,ea-drop-api,266962,https://www.ea.com/games/ea-sports-fc/ratings?playerId=266962,ea-drop-api,ea-drop-api,,fc27,2026-08-28T08:51:40.553Z
276299,Michelle Agyemang,Michelle,Agyemang,,2006-02-03,20,England,England,14,169,65,Brighton,116013,Barclays WSL,,ST,ST,,Attack,Right,76,,69,71,68,76,80,79,70,64,69,77,59,65,36,46,71,58,56,73,52,59,75,78,67,60,53,73,58,63,55,77,86,70,83,68,3,3,6,7,14,5,13,,,,,Enforcer,,Women's Football,1,ea-drop-api,276299,https://www.ea.com/games/ea-sports-fc/ratings?playerId=276299,ea-drop-api,ea-drop-api,,fc27,2026-08-28T08:51:40.553Z
267325,Lauren Milliet,Lauren,Milliet,,1996-12-01,29,USA,United States,95,155,54,Rac. Louisville,116308,NWSL,,RB,"RB, RM",RM,Defense,Right,76,,75,78,72,58,51,66,63,48,66,69,73,64,77,65,77,74,61,76,78,76,78,77,68,72,70,58,73,76,70,57,63,78,46,57,4,3,10,11,15,14,10,,,,,Whipped Pass,,Women's Football,1,ea-drop-api,267325,https://www.ea.com/games/ea-sports-fc/ratings?playerId=267325,ea-drop-api,ea-drop-api,,fc27,2026-08-28T08:51:40.553Z
265331,Courtney Brosnan,Courtney,Brosnan,,1995-11-10,30,Ireland,Republic of Ireland,25,175,73,Everton,116016,Barclays WSL,,GK,GK,,Defense,Right,76,,72,42,40,73,8,51,14,9,23,13,68,46,13,16,30,35,17,78,38,53,77,25,42,41,9,7,10,11,12,78,65,25,72,21,3,1,72,73,68,78,78,,,,,"Far Throw, Deflector",,Women's Football,1,ea-drop-api,265331,https://www.ea.com/games/ea-sports-fc/ratings?playerId=265331,ea-drop-api,ea-drop-api,,fc27,2026-08-28T08:51:40.553Z
267309,Kylie Nadaner,Kylie,Nadaner,,1993-03-18,33,USA,United States,95,173,58,Orlando Pride,116307,NWSL,,CB,CB,,Defense,Left,76,,74,75,73,49,46,53,51,46,46,52,69,60,67,46,77,71,66,66,59,43,77,74,67,77,78,69,76,80,77,75,79,78,74,75,3,2,6,7,7,7,7,,,,,"Intercept, Anticipate, Aerial Fortress",,Women's Football,1,ea-drop-api,267309,https://www.ea.com/games/ea-sports-fc/ratings?playerId=267309,ea-drop-api,ea-drop-api,,fc27,2026-08-28T08:51:40.553Z
269131,Sanni Franssi,Sanni,Franssi,,1995-03-19,31,Finland,Finland,17,175,63,London City,132176,Barclays WSL,,ST,"ST, RM, CAM","RM, CAM",Attack,Right,76,,82,81,82,75,75,79,73,70,73,77,70,69,76,53,73,62,72,78,77,72,79,78,75,31,20,64,32,24,37,71,81,69,75,59,3,4,13,15,8,6,8,,,,,"Rapid, Quick Step",,Women's Football,1,ea-drop-api,269131,https://www.ea.com/games/ea-sports-fc/ratings?playerId=269131,ea-drop-api,ea-drop-api,,fc27,2026-08-28T08:51:40.553Z
275927,Nycole Raysla,Nycole Raysla,Silva Sobrinho,Nycole Raysla,2000-03-26,26,Brazil,Brazil,54,173,64,SL Benfica,131358,Liga Portugal Feminino,,LW,"LW, RW, ST, LM","RW, ST, LM",Attack,Left,76,,80,83,78,77,76,82,78,69,73,74,74,73,75,75,77,70,73,76,68,65,67,78,76,33,25,73,31,27,30,67,87,63,75,46,2,3,8,13,14,10,10,,,,,"Incisive Pass, Technical",,Women's Football,1,ea-drop-api,275927,https://www.ea.com/games/ea-sports-fc/ratings?playerId=275927,ea-drop-api,ea-drop-api,,fc27,2026-08-28T08:51:40.553Z
265042,Katharina Piljić,Katharina,Piljić,,2003-09-05,22,Germany,Germany,21,171,62,Leverkusen,115996,GPFBL,,CM,"CM, CDM",CDM,Midfielder,Right,76,,46,61,34,70,68,74,72,65,70,74,75,76,69,66,79,76,71,72,66,66,78,76,76,73,74,56,76,75,72,70,66,76,67,73,4,3,14,10,5,11,13,,,,,Long Throw,,Women's Football,1,ea-drop-api,265042,https://www.ea.com/games/ea-sports-fc/ratings?playerId=265042,ea-drop-api,ea-drop-api,,fc27,2026-08-28T08:51:40.553Z
226355,Pauline Bremer,Pauline,Bremer,,1996-04-10,30,Germany,Germany,21,170,65,1. FC Köln,116003,GPFBL,,ST,"ST, LW, CAM","LW, CAM",Attack,Right,76,,74,74,74,72,73,78,66,73,61,76,68,68,70,60,75,53,57,75,71,72,79,78,66,37,36,82,26,34,33,78,91,82,81,60,4,4,9,14,7,17,10,,,,,Precision Header,,Women's Football,1,ea-drop-api,226355,https://www.ea.com/games/ea-sports-fc/ratings?playerId=226355,ea-drop-api,ea-drop-api,,fc27,2026-08-28T08:51:40.553Z
246568,Falone Meffometou,Falone,Meffometou,,1990-07-01,36,Cameroon,Cameroon,103,163,64,FC Fleury 91,116036,Arkema PL,,CB,"CB, RB, RM","RB, RM",Defense,Right,76,,56,61,52,56,52,59,65,42,53,60,67,55,71,47,76,66,61,72,73,75,75,70,72,77,80,72,78,76,78,75,79,70,79,69,4,3,9,12,9,14,12,,,,,"Intercept, Anticipate, Press Proven, Long Throw, Bruiser",,Women's Football,1,ea-drop-api,246568,https://www.ea.com/games/ea-sports-fc/ratings?playerId=246568,ea-drop-api,ea-drop-api,,fc27,2026-08-28T08:51:40.553Z
227137,Hayley Raso,Hayley,Raso,,1994-09-05,31,Australia,Australia,195,161,55,Frankfurt,115997,GPFBL,,RM,"RM, RW",RW,Midfielder,Right,76,,90,87,92,70,73,72,62,64,59,78,67,70,66,48,70,62,66,80,87,92,59,80,81,34,42,41,26,37,23,60,59,82,49,60,4,3,16,15,10,13,14,,,,,"Finesse Shot, Rapid, Quick Step",,Women's Football,1,ea-drop-api,227137,https://www.ea.com/games/ea-sports-fc/ratings?playerId=227137,ea-drop-api,ea-drop-api,,fc27,2026-08-28T08:51:40.553Z
264930,Sylwia Matysik,Sylwia,Matysik,,1997-05-20,29,Poland,Poland,37,172,62,1. FC Köln,116003,GPFBL,,RB,"RB, CB",CB,Defense,Right,76,,63,57,67,57,54,70,55,55,58,38,65,59,64,64,75,50,62,63,56,68,76,68,66,79,80,74,79,82,76,74,76,74,74,74,3,2,7,5,13,12,14,,,,,"Jockey, Intercept, Anticipate",,Women's Football,1,ea-drop-api,264930,https://www.ea.com/games/ea-sports-fc/ratings?playerId=264930,ea-drop-api,ea-drop-api,,fc27,2026-08-28T08:51:40.553Z
265246,Drew Spence,Drew,Spence,,1992-10-23,33,Jamaica,Jamaica,82,164,62,Spurs,116011,Barclays WSL,,CM,"CM, CAM, ST","CAM, ST",Midfielder,Right,76,,41,40,41,76,78,77,75,60,65,79,74,79,67,56,79,77,65,73,41,71,76,78,70,62,75,62,45,71,59,74,70,61,87,60,4,3,8,14,10,14,5,,,,,"Power Shot, Precision Header, Technical",,Women's Football,1,ea-drop-api,265246,https://www.ea.com/games/ea-sports-fc/ratings?playerId=265246,ea-drop-api,ea-drop-api,,fc27,2026-08-28T08:51:40.553Z
73023,Larissa Mühlhaus,Larissa,Mühlhaus,,2003-01-13,23,Germany,Germany,21,177,71,SV Werder Bremen,116004,GPFBL,,ST,"ST, LW, LM","LW, LM",Attack,Right,76,,77,76,78,75,77,76,74,67,56,78,55,44,33,79,72,51,53,71,69,51,75,76,68,48,48,76,38,55,30,73,90,59,83,63,2,2,6,12,13,9,8,,,,,Enforcer,,Women's Football,1,ea-drop-api,73023,https://www.ea.com/games/ea-sports-fc/ratings?playerId=73023,ea-drop-api,ea-drop-api,,fc27,2026-08-28T08:51:40.553Z
247725,Gabrielle Carle,Gabrielle,Carle,,1998-10-12,27,Canada,Canada,70,168,55,Washington Spirit,116304,NWSL,,RB,"RB, LB, RM","LB, RM",Defense,Right,76,,73,73,73,49,46,51,58,48,44,42,66,55,70,49,72,63,68,67,61,65,76,72,60,76,74,67,77,80,75,66,72,76,61,63,5,2,13,8,15,14,11,,,,,Long Throw,,Women's Football,1,ea-drop-api,247725,https://www.ea.com/games/ea-sports-fc/ratings?playerId=247725,ea-drop-api,ea-drop-api,,fc27,2026-08-28T08:51:40.553Z
276505,Lilli Purtscheller,Lilli,Purtscheller,,2003-08-12,23,Austria,Austria,4,171,63,,,GPFBL,,RM,"RM, RW",RW,Midfielder,Right,76,,80,76,83,70,73,67,71,53,57,80,69,68,73,48,73,68,51,73,69,49,72,75,62,39,27,60,28,54,30,66,72,81,62,57,2,3,9,6,14,6,10,,,,,Press Proven,,Women's Football,1,ea-drop-api,276505,https://www.ea.com/games/ea-sports-fc/ratings?playerId=276505,ea-drop-api,ea-drop-api,,fc27,2026-08-28T08:51:40.553Z
272054,Klára Cahynová,Klára,Cahynová,,1993-12-20,32,Czechia,Czech Republic,12,178,66,Real Sociedad,116336,Liga F Moeve,,CDM,"CDM, CM, CB","CM, CB",Midfielder,Right,76,,61,60,61,37,35,35,40,37,50,45,71,64,70,39,82,72,62,72,68,62,64,79,75,77,76,81,75,79,74,78,86,74,83,70,2,2,9,6,8,7,7,,,,,"Precision Header, Anticipate, Aerial Fortress",,Women's Football,1,ea-drop-api,272054,https://www.ea.com/games/ea-sports-fc/ratings?playerId=272054,ea-drop-api,ea-drop-api,,fc27,2026-08-28T08:51:40.553Z
273411,Livia Peng,Livia,Peng,,2002-03-14,24,Switzerland,Switzerland,47,174,64,Chelsea,116010,Barclays WSL,,GK,GK,,Defense,Right,76,,74,24,18,71,9,57,6,6,13,7,76,35,9,10,16,11,12,77,22,32,75,18,15,22,11,8,9,15,12,76,41,22,33,19,2,1,74,71,76,76,77,,,,,"Long Ball Pass, Footwork, Far Reach",,Women's Football,1,ea-drop-api,273411,https://www.ea.com/games/ea-sports-fc/ratings?playerId=273411,ea-drop-api,ea-drop-api,,fc27,2026-08-28T08:51:40.553Z
247512,Jordyn Huitema,Jordyn,Huitema,,2001-05-08,25,Canada,Canada,70,181,70,Seattle Reign,116300,NWSL,,ST,ST,,Attack,Right,76,,77,78,77,72,73,71,69,68,70,82,66,66,58,63,74,65,55,73,77,32,77,80,69,42,37,77,38,38,37,64,90,50,79,37,3,4,6,12,11,7,10,,,,,"Aerial Fortress, Technical",,Women's Football,1,ea-drop-api,247512,https://www.ea.com/games/ea-sports-fc/ratings?playerId=247512,ea-drop-api,ea-drop-api,,fc27,2026-08-28T08:51:40.553Z
266975,Sophie Román Haug,Sophie Román,Haug,,1999-06-04,27,Norway,Norway,36,178,68,Liverpool,116343,Barclays WSL,,ST,ST,,Attack,Right,76,,74,75,74,75,75,77,76,70,68,76,64,65,58,63,68,59,63,72,61,60,76,77,66,40,32,82,35,39,31,69,90,73,76,42,3,3,5,12,8,5,11,,,,,Precision Header,,Women's Football,1,ea-drop-api,266975,https://www.ea.com/games/ea-sports-fc/ratings?playerId=266975,ea-drop-api,ea-drop-api,,fc27,2026-08-28T08:51:40.553Z
264959,Célina Ould Hocine,Célina,Ould Hocine,,2002-02-03,24,France,France,18,167,55,Paris FC,116035,Arkema PL,,CB,"CB, RB",RB,Defense,Right,76,,58,62,54,53,57,54,53,38,41,39,65,45,68,38,78,68,68,68,54,67,74,76,66,78,76,75,79,79,76,71,78,64,73,75,3,3,11,11,12,12,12,,,,,,,Women's Football,1,ea-drop-api,264959,https://www.ea.com/games/ea-sports-fc/ratings?playerId=264959,ea-drop-api,ea-drop-api,,fc27,2026-08-28T08:51:40.553Z
239756,Tuva Hansen,Tuva,Hansen,,1997-08-04,29,Norway,Norway,36,165,55,FC Bayern München,115995,GPFBL,,CB,"CB, RB",RB,Defense,Right,76,,63,72,55,48,54,51,38,35,44,38,68,63,69,36,77,62,62,66,64,67,71,68,74,79,79,73,80,81,79,68,78,68,66,70,2,2,13,12,7,10,11,,,,,Whipped Pass,,Women's Football,1,ea-drop-api,239756,https://www.ea.com/games/ea-sports-fc/ratings?playerId=239756,ea-drop-api,ea-drop-api,,fc27,2026-08-28T08:51:40.553Z
241847,Joelle Wedemeyer,Joelle,Wedemeyer,,1996-08-12,30,Germany,Germany,21,169,70,VfL Wolfsburg,115998,GPFBL,,RB,"RB, CB, RM","CB, RM",Defense,Right,76,,73,76,71,38,40,40,33,29,38,31,60,37,66,56,75,53,55,64,71,80,77,72,72,78,75,76,79,78,80,77,90,63,81,79,3,2,15,7,9,16,10,,,,,Slide Tackle,,Women's Football,1,ea-drop-api,241847,https://www.ea.com/games/ea-sports-fc/ratings?playerId=241847,ea-drop-api,ea-drop-api,,fc27,2026-08-28T08:51:40.553Z
256094,Estelle Cascarino,Estelle,Cascarino,,1997-02-05,29,France,France,18,161,52,Juventus,116280,Calcio A Femminile,,CB,CB,,Defense,Left,76,,67,66,68,45,36,56,55,39,46,40,65,51,67,31,75,70,58,65,58,67,73,73,67,77,77,72,77,80,77,71,78,66,71,73,2,2,6,11,14,7,13,,,,,,,Women's Football,1,ea-drop-api,256094,https://www.ea.com/games/ea-sports-fc/ratings?playerId=256094,ea-drop-api,ea-drop-api,,fc27,2026-08-28T08:51:40.553Z
265119,Michelle Ulbrich,Michelle,Ulbrich,,1996-11-03,29,Germany,Germany,21,175,65,SV Werder Bremen,116004,GPFBL,,CB,CB,,Defense,Right,76,,42,46,38,57,55,63,56,44,76,56,68,63,57,62,78,75,55,68,50,65,74,76,64,77,76,76,79,77,72,78,77,82,78,75,3,2,11,10,14,15,7,,,,,"Long Ball Pass, Bruiser",,Women's Football,1,ea-drop-api,265119,https://www.ea.com/games/ea-sports-fc/ratings?playerId=265119,ea-drop-api,ea-drop-api,,fc27,2026-08-28T08:51:40.553Z
265850,Maelys Mpome,Maelys,Mpome,,2003-02-23,23,France,France,18,180,69,Brighton,116013,Barclays WSL,,CB,"CB, RB, RM","RB, RM",Defense,Right,76,,71,69,73,37,33,53,31,35,36,41,64,52,56,32,80,69,56,67,59,35,74,74,75,77,73,76,76,81,74,74,82,69,75,78,3,2,14,8,7,7,12,,,,,,,Women's Football,1,ea-drop-api,265850,https://www.ea.com/games/ea-sports-fc/ratings?playerId=265850,ea-drop-api,ea-drop-api,,fc27,2026-08-28T08:51:40.553Z
70816,Eva Gaetino,Eva,Gaetino,,2002-12-17,23,USA,United States,95,180,68,Paris SG,116034,Arkema PL,,CB,CB,,Defense,Right,76,,58,64,53,42,41,52,34,31,41,48,67,66,49,36,79,75,58,67,69,76,74,74,68,76,75,75,77,78,69,79,84,65,87,77,4,2,6,15,14,13,13,,,,,,,Women's Football,1,ea-drop-api,70816,https://www.ea.com/games/ea-sports-fc/ratings?playerId=70816,ea-drop-api,ea-drop-api,,fc27,2026-08-28T08:51:40.553Z
267251,Camryn Biegalski,Camryn,Biegalski,,1998-08-11,28,USA,United States,95,173,63,Chicago Stars FC,116305,NWSL,,RB,"RB, LB, RM","LB, RM",Defense,Right,76,,59,67,53,48,47,50,53,38,42,51,68,58,75,47,75,66,66,70,63,57,76,75,73,77,76,70,79,79,73,64,70,75,61,56,3,3,12,12,9,12,10,,,,,,,Women's Football,1,ea-drop-api,267251,https://www.ea.com/games/ea-sports-fc/ratings?playerId=267251,ea-drop-api,ea-drop-api,,fc27,2026-08-28T08:51:40.553Z
273404,Seraina Piubel,Seraina,Piubel,,2000-06-02,26,Switzerland,Switzerland,47,168,60,West Ham,116014,Barclays WSL,,RM,"RM, ST, RB","ST, RB",Midfielder,Right,76,,67,68,66,70,75,65,71,45,60,77,74,76,76,50,78,73,60,76,63,57,73,81,60,43,32,44,27,65,45,56,56,51,58,55,3,3,11,13,9,8,9,,,,,Technical,,Women's Football,1,ea-drop-api,273404,https://www.ea.com/games/ea-sports-fc/ratings?playerId=273404,ea-drop-api,ea-drop-api,,fc27,2026-08-28T08:51:40.553Z
265082,Adriana Achcińska,Adriana,Achcińska,,2002-04-22,24,Poland,Poland,37,165,56,1. FC Köln,116003,GPFBL,,CM,"CM, CDM",CDM,Midfielder,Right,76,,41,49,34,64,65,63,68,38,60,73,69,74,42,75,78,76,60,71,37,76,77,77,68,69,78,45,68,74,65,71,57,81,70,66,3,3,11,7,10,7,9,,,,,"Intercept, Aerial Fortress",,Women's Football,1,ea-drop-api,265082,https://www.ea.com/games/ea-sports-fc/ratings?playerId=265082,ea-drop-api,ea-drop-api,,fc27,2026-08-28T08:51:40.553Z
258915,Emma Kullberg,Emma,Kullberg,,1991-09-25,34,Sweden,Sweden,46,170,62,Juventus,116280,Calcio A Femminile,,CB,CB,,Defense,Right,76,,71,68,74,37,39,41,30,33,47,30,65,37,74,42,80,67,59,65,70,75,77,70,59,77,78,72,80,77,74,69,76,65,68,76,4,2,6,10,12,9,8,,,,,"Block, Intercept",,Women's Football,1,ea-drop-api,258915,https://www.ea.com/games/ea-sports-fc/ratings?playerId=258915,ea-drop-api,ea-drop-api,,fc27,2026-08-28T08:51:40.553Z
267376,Dani Weatherholt,Dani,Weatherholt,,1994-03-17,32,USA,United States,95,173,65,NC Courage,116303,NWSL,,CDM,"CDM, CM, CB","CM, CB",Midfielder,Right,76,,47,57,39,55,51,63,58,52,48,58,67,74,43,54,78,76,48,68,42,69,74,75,77,75,76,67,80,75,70,72,69,73,70,75,3,3,10,10,8,11,10,,,,,"Aerial Fortress, Bruiser",,Women's Football,1,ea-drop-api,267376,https://www.ea.com/games/ea-sports-fc/ratings?playerId=267376,ea-drop-api,ea-drop-api,,fc27,2026-08-28T08:51:40.553Z
265703,Lisa Doorn,Lisa,Doorn,,2000-12-08,25,Netherlands,Holland,34,183,69,TSG Hoffenheim,115999,GPFBL,,CB,CB,,Defense,Left,76,,53,54,53,56,60,61,55,29,60,24,61,30,53,47,82,69,52,60,33,42,73,72,69,77,74,75,76,81,74,76,80,63,85,71,3,2,14,13,7,9,15,,,,,Slide Tackle,,Women's Football,1,ea-drop-api,265703,https://www.ea.com/games/ea-sports-fc/ratings?playerId=265703,ea-drop-api,ea-drop-api,,fc27,2026-08-28T08:51:40.553Z
267235,Kaleigh Kurtz,Kaleigh,Kurtz,,1994-09-09,31,USA,United States,95,172,60,NC Courage,116303,NWSL,,CB,CB,,Defense,Right,76,,61,60,61,50,38,67,66,35,41,43,57,38,41,65,72,68,50,58,39,60,74,66,67,80,80,74,82,80,77,73,79,75,77,58,3,2,7,10,11,5,7,,,,,"Long Ball Pass, Tiki Taka, Block, Aerial Fortress",,Women's Football,1,ea-drop-api,267235,https://www.ea.com/games/ea-sports-fc/ratings?playerId=267235,ea-drop-api,ea-drop-api,,fc27,2026-08-28T08:51:40.553Z
273468,Emily Sams,Emily,Sams,,1999-07-01,27,USA,United States,95,170,63,Orlando Pride,116307,NWSL,,CB,CB,,Defense,Right,76,,61,64,59,46,38,67,48,32,40,46,59,48,43,38,73,70,48,63,62,53,74,68,63,79,76,74,78,83,76,70,76,68,69,74,3,2,6,10,14,14,9,,,,,"Long Ball Pass, Block",,Women's Football,1,ea-drop-api,273468,https://www.ea.com/games/ea-sports-fc/ratings?playerId=273468,ea-drop-api,ea-drop-api,,fc27,2026-08-28T08:51:40.553Z
265060,Greta Stegemann,Greta,Stegemann,,2001-02-12,25,Germany,Germany,21,171,64,SC Freiburg,116002,GPFBL,,CB,"CB, RB, RM","RB, RM",Defense,Right,76,,45,35,54,49,44,70,44,32,60,40,65,61,45,64,78,69,50,63,40,77,71,68,68,76,75,80,77,76,75,79,77,71,84,76,2,2,13,13,11,6,15,,,,,Precision Header,,Women's Football,1,ea-drop-api,265060,https://www.ea.com/games/ea-sports-fc/ratings?playerId=265060,ea-drop-api,ea-drop-api,,fc27,2026-08-28T08:51:40.553Z
267203,Sam Hiatt,Sam,Hiatt,,1998-01-06,28,USA,United States,95,177,66,Portland Thorns,116302,NWSL,,CB,CB,,Defense,Right,76,,64,61,67,39,37,43,41,35,39,43,59,60,41,40,71,66,47,63,61,58,77,68,69,78,78,77,80,79,74,71,80,64,74,70,2,2,11,9,15,5,13,,,,,,,Women's Football,1,ea-drop-api,267203,https://www.ea.com/games/ea-sports-fc/ratings?playerId=267203,ea-drop-api,ea-drop-api,,fc27,2026-08-28T08:51:40.553Z
272119,Landaluze,Naia,Landaluze Marquínez,Landaluze,2000-09-25,25,Spain,Spain,45,170,57,Athletic Club,116328,Liga F Moeve,,CB,"CB, RB",RB,Defense,Right,76,,64,66,63,33,30,35,32,37,45,43,65,51,66,36,80,62,47,61,69,58,62,70,71,78,80,80,74,80,77,71,84,69,76,60,2,2,10,12,9,13,6,,,,,Intercept,,Women's Football,1,ea-drop-api,272119,https://www.ea.com/games/ea-sports-fc/ratings?playerId=272119,ea-drop-api,ea-drop-api,,fc27,2026-08-28T08:51:40.553Z
236648,Aïssatou Tounkara,Aïssatou,Tounkara,,1995-03-16,31,France,France,18,174,60,FC Fleury 91,116036,Arkema PL,,CB,CB,,Defense,Right,76,,63,65,62,35,32,43,31,36,41,35,56,37,42,30,75,74,33,62,52,60,73,66,76,78,74,73,80,81,76,77,82,70,81,73,2,2,16,8,9,13,10,,,,,,,Women's Football,1,ea-drop-api,236648,https://www.ea.com/games/ea-sports-fc/ratings?playerId=236648,ea-drop-api,ea-drop-api,,fc27,2026-08-28T08:51:40.553Z
258704,Julie Thibaud,Julie,Thibaud,,1998-04-20,28,France,France,18,167,64,,,Barclays WSL,,CB,"CB, RB",RB,Defense,Right,76,,38,37,39,47,42,73,40,35,44,40,56,49,39,36,72,59,49,62,47,61,76,71,63,79,76,76,80,82,76,76,74,72,79,72,2,2,8,7,14,9,12,,,,,"Block, Intercept",,Women's Football,1,ea-drop-api,258704,https://www.ea.com/games/ea-sports-fc/ratings?playerId=258704,ea-drop-api,ea-drop-api,,fc27,2026-08-28T08:51:40.553Z
80327,Yu Endo,Yu,Endo,,1997-10-29,28,Japan,Japan,163,157,54,West Ham,116014,Barclays WSL,,RB,"RB, RM",RM,Defense,Right,76,,67,68,66,33,27,39,32,50,39,38,67,50,77,40,78,59,68,62,58,80,77,75,60,75,78,48,79,78,74,52,53,70,45,49,3,2,13,5,9,8,13,,,,,,,Women's Football,1,ea-drop-api,80327,https://www.ea.com/games/ea-sports-fc/ratings?playerId=80327,ea-drop-api,ea-drop-api,,fc27,2026-08-28T08:51:40.553Z
272148,María Llompart,María,Llompart Pons,María Llompart,2000-10-19,25,Spain,Spain,45,161,55,Badalona Women,131125,Liga F Moeve,,CM,"CM, LM, ST, CAM","LM, ST, CAM",Midfielder,Right,75,,80,80,80,72,74,70,69,60,78,70,73,72,64,69,80,72,65,79,81,82,72,79,71,67,74,57,67,68,61,75,78,78,76,70,3,4,11,10,7,11,8,,,,,"Gamechanger, Technical",,Women's Football,1,ea-drop-api,272148,https://www.ea.com/games/ea-sports-fc/ratings?playerId=272148,ea-drop-api,ea-drop-api,,fc27,2026-08-28T08:51:40.553Z
262089,Sandra Starke,Sandra,Starke,,1993-07-31,33,Germany,Germany,21,165,59,RB Leipzig,116021,GPFBL,,CM,"CM, CDM",CDM,Midfielder,Right,75,,82,81,82,72,73,72,70,65,69,75,71,75,60,51,79,70,72,80,69,85,78,83,71,60,67,66,50,66,48,72,79,72,70,75,3,3,14,13,12,14,11,,,,,,,Women's Football,1,ea-drop-api,262089,https://www.ea.com/games/ea-sports-fc/ratings?playerId=262089,ea-drop-api,ea-drop-api,,fc27,2026-08-28T08:51:40.553Z
268647,Zoé Stiévenart,Zoé,Stiévenart,,2002-02-12,24,France,France,18,167,57,Havre AC,116416,Arkema PL,,RM,"RM, LM, RW","LM, RW",Midfielder,Right,75,,80,79,80,72,74,71,72,69,68,72,69,68,69,62,75,59,69,76,78,70,70,80,70,67,66,67,66,70,65,72,80,77,73,63,3,3,14,6,9,6,7,,,,,,,Women's Football,1,ea-drop-api,268647,https://www.ea.com/games/ea-sports-fc/ratings?playerId=268647,ea-drop-api,ea-drop-api,,fc27,2026-08-28T08:51:40.553Z
277339,Alexia Férnandez,Alexia,Férnandez Díaz,Alexia Férnandez,2002-05-28,24,Spain,Spain,45,164,60,Atlético de Madrid,116327,Liga F Moeve,,LB,"LB, LW, RB, LM","LW, RB, LM",Defense,Right,75,,82,81,82,64,70,61,63,57,49,56,66,67,68,42,71,62,46,76,79,70,70,76,64,71,75,61,73,72,68,73,80,80,74,62,3,2,10,14,14,5,5,,,,,"Block, Rapid, Relentless",,Women's Football,1,ea-drop-api,277339,https://www.ea.com/games/ea-sports-fc/ratings?playerId=277339,ea-drop-api,ea-drop-api,,fc27,2026-08-28T08:51:40.553Z
267277,Bianca St-Georges,Bianca,St-Georges,,1997-07-28,29,Canada,Canada,70,165,59,Utah Royals FC,131478,NWSL,,RM,"RM, LM, RW","LM, RW",Midfielder,Right,75,,69,68,69,64,66,66,64,52,41,73,74,70,77,61,78,68,71,74,77,70,77,78,62,70,73,56,66,76,70,78,75,78,81,70,4,3,7,7,6,9,11,,,,,Press Proven,,Women's Football,1,ea-drop-api,267277,https://www.ea.com/games/ea-sports-fc/ratings?playerId=267277,ea-drop-api,ea-drop-api,,fc27,2026-08-28T08:51:40.553Z
264944,Inès Benyahia,Inès,Benyahia,,2003-03-26,23,France,France,18,175,63,OL Lyonnes,116033,Arkema PL,,ST,"ST, CM, CAM","CM, CAM",Attack,Right,75,,73,72,73,74,75,73,72,68,70,77,73,74,69,69,76,69,72,76,73,64,75,79,73,63,69,72,48,72,62,68,81,72,73,48,3,3,13,7,12,11,9,,,,,Incisive Pass,,Women's Football,1,ea-drop-api,264944,https://www.ea.com/games/ea-sports-fc/ratings?playerId=264944,ea-drop-api,ea-drop-api,,fc27,2026-08-28T08:51:40.553Z
265101,Sharon Beck,Sharon,Beck,,1995-03-22,31,Israel,Israel,26,180,68,SV Werder Bremen,116004,GPFBL,,CAM,"CAM, CM",CM,Midfielder,Left,75,,68,71,66,72,73,71,72,75,66,76,73,75,71,67,74,71,79,77,66,69,76,83,80,62,65,80,54,64,53,75,89,62,82,70,3,3,14,6,10,12,15,,,,,"Finesse Shot, Precision Header, Technical",,Women's Football,1,ea-drop-api,265101,https://www.ea.com/games/ea-sports-fc/ratings?playerId=265101,ea-drop-api,ea-drop-api,,fc27,2026-08-28T08:51:40.553Z
265859,Ella Palis,Ella,Palis,,1999-03-24,27,France,France,18,164,56,Montpellier,116037,Arkema PL,,CM,"CM, CDM",CDM,Midfielder,Right,75,,66,65,67,69,67,79,72,51,51,69,70,70,56,52,80,77,60,73,75,77,76,71,74,75,81,55,76,79,69,74,69,88,71,67,3,3,11,8,7,5,15,,,,,"Power Shot, Anticipate, Press Proven",,Women's Football,1,ea-drop-api,265859,https://www.ea.com/games/ea-sports-fc/ratings?playerId=265859,ea-drop-api,ea-drop-api,,fc27,2026-08-28T08:51:40.553Z
261785,Janice Cayman,Janice,Cayman,,1988-10-12,37,Belgium,Belgium,7,167,61,,,Barclays WSL,,CDM,"CDM, LB",LB,Midfielder,Right,75,,53,50,56,75,71,77,79,72,77,81,77,77,77,78,80,69,74,79,76,68,78,80,80,74,76,74,73,74,70,68,73,62,72,66,4,3,10,14,13,12,8,,,,,"Whipped Pass, Aerial Fortress",,Women's Football,1,ea-drop-api,261785,https://www.ea.com/games/ea-sports-fc/ratings?playerId=261785,ea-drop-api,ea-drop-api,,fc27,2026-08-28T08:51:40.553Z
265305,Lisa Evans,Lisa,Evans,,1992-05-21,34,Scotland,Scotland,42,166,54,Glasgow City FC,131363,Scottish Women's League,,RB,"RB, RM, RW","RM, RW",Defense,Right,75,,77,78,76,69,70,72,68,63,57,62,74,75,76,70,75,68,76,77,76,86,75,77,70,71,73,69,72,70,67,58,68,75,47,63,3,4,10,15,8,9,7,,,,,Whipped Pass,,Women's Football,1,ea-drop-api,265305,https://www.ea.com/games/ea-sports-fc/ratings?playerId=265305,ea-drop-api,ea-drop-api,,fc27,2026-08-28T08:51:40.553Z
273563,Annabel Schasching,Annabel,Schasching,,2002-07-26,24,Austria,Austria,4,163,57,RB Leipzig,116021,GPFBL,,CDM,"CDM, CM, CAM","CM, CAM",Midfielder,Right,75,,76,76,76,65,70,57,65,40,71,72,74,73,70,69,80,79,51,72,71,37,73,78,68,70,69,58,72,74,66,68,72,77,64,65,3,2,12,12,5,6,13,,,,,,,Women's Football,1,ea-drop-api,273563,https://www.ea.com/games/ea-sports-fc/ratings?playerId=273563,ea-drop-api,ea-drop-api,,fc27,2026-08-28T08:51:40.553Z
270892,Fuka Nagano,Fuka,Nagano,,1999-03-09,27,Japan,Japan,163,160,53,Liverpool,116343,Barclays WSL,,CDM,"CDM, CM",CM,Midfielder,Right,75,,78,78,78,60,62,52,66,49,51,72,73,76,58,57,83,77,55,79,82,76,70,79,78,69,68,45,73,75,66,64,64,80,59,58,3,3,8,14,14,10,13,,,,,"Tiki Taka, Technical, First Touch",,Women's Football,1,ea-drop-api,270892,https://www.ea.com/games/ea-sports-fc/ratings?playerId=270892,ea-drop-api,ea-drop-api,,fc27,2026-08-28T08:51:40.553Z
264999,Martina Tufeković,Martina,Tufeković,,1994-07-16,32,Germany,Germany,21,170,60,VfL Wolfsburg,115998,GPFBL,,GK,GK,,Defense,Right,75,,75,48,53,74,16,56,19,11,16,14,74,35,11,21,13,11,15,76,52,27,74,23,20,50,19,12,21,17,16,73,61,16,56,25,2,1,75,74,74,73,76,,,,,"Footwork, Deflector",,Women's Football,1,ea-drop-api,264999,https://www.ea.com/games/ea-sports-fc/ratings?playerId=264999,ea-drop-api,ea-drop-api,,fc27,2026-08-28T08:51:40.553Z
270525,Franziska Kett,Franziska,Kett,,2004-10-24,21,Germany,Germany,21,171,62,FC Bayern München,115995,GPFBL,,LM,"LM, LB",LB,Midfielder,Left,75,,76,72,80,68,71,60,70,59,56,78,70,74,68,59,76,62,64,76,79,60,76,78,67,65,64,54,66,67,64,67,71,59,71,64,4,3,13,11,10,11,10,,,,,Technical,,Women's Football,1,ea-drop-api,270525,https://www.ea.com/games/ea-sports-fc/ratings?playerId=270525,ea-drop-api,ea-drop-api,,fc27,2026-08-28T08:51:40.553Z
265033,Beke Sterner,Beke,Sterner,,2003-02-22,23,Germany,Germany,21,164,57,,,GPFBL,,RB,"RB, RM",RM,Defense,Right,75,,73,75,72,59,57,64,58,51,64,62,73,69,73,65,77,73,64,72,78,77,74,73,72,74,75,61,77,78,68,70,76,73,71,63,2,2,7,11,14,11,6,,,,,"Anticipate, Aerial Fortress, Long Throw",,Women's Football,1,ea-drop-api,265033,https://www.ea.com/games/ea-sports-fc/ratings?playerId=265033,ea-drop-api,ea-drop-api,,fc27,2026-08-28T08:51:40.553Z
268451,Jill Janssens,Jill,Janssens,,2003-10-03,22,Belgium,Belgium,7,164,58,TSG Hoffenheim,115999,GPFBL,,RB,"RB, RM",RM,Defense,Right,75,,84,83,85,72,74,74,73,66,61,65,69,63,75,63,74,60,70,75,83,92,73,73,73,68,68,67,67,70,68,53,66,82,43,39,3,3,13,10,10,10,8,,,,,Technical,,Women's Football,1,ea-drop-api,268451,https://www.ea.com/games/ea-sports-fc/ratings?playerId=268451,ea-drop-api,ea-drop-api,,fc27,2026-08-28T08:51:40.553Z
275916,Jennifer Echegini,Jennifer,Echegini,,2001-03-22,25,Nigeria,Nigeria,133,173,59,Paris SG,116034,Arkema PL,,CM,"CM, ST, CAM","ST, CAM",Midfielder,Right,75,,74,73,75,69,75,63,72,47,54,73,67,73,50,52,77,73,43,78,74,73,75,80,68,62,72,77,46,69,54,71,85,73,74,58,4,3,9,11,15,10,9,,,,,Technical,,Women's Football,1,ea-drop-api,275916,https://www.ea.com/games/ea-sports-fc/ratings?playerId=275916,ea-drop-api,ea-drop-api,,fc27,2026-08-28T08:51:40.553Z
243262,Haley McCutcheon,Haley,McCutcheon,,1996-02-22,30,USA,United States,95,168,56,Orlando Pride,116307,NWSL,,CM,"CM, CDM",CDM,Midfielder,Right,75,,66,68,64,64,65,68,68,39,47,70,73,70,70,60,80,68,67,73,56,71,76,81,68,74,73,65,74,78,68,70,71,84,68,56,3,3,16,16,8,7,14,,,,,"Jockey, Block, Aerial Fortress",,Women's Football,1,ea-drop-api,243262,https://www.ea.com/games/ea-sports-fc/ratings?playerId=243262,ea-drop-api,ea-drop-api,,fc27,2026-08-28T08:51:40.553Z
264876,Jill Baijings,Jill,Baijings,,2001-02-23,25,Netherlands,Holland,34,168,58,Aston Villa,116015,Barclays WSL,,CAM,"CAM, CM",CM,Midfielder,Left,75,,68,64,72,73,74,67,82,67,64,76,74,78,74,66,74,70,70,77,72,78,73,77,67,64,71,55,59,68,62,64,65,71,64,56,4,3,14,12,12,8,14,,,,,"Finesse Shot, Whipped Pass, Technical",,Women's Football,1,ea-drop-api,264876,https://www.ea.com/games/ea-sports-fc/ratings?playerId=264876,ea-drop-api,ea-drop-api,,fc27,2026-08-28T08:51:40.553Z
272015,Estela Carbonell,Estela,Carbonell Muñoz,Estela Carbonell,2004-10-18,21,Spain,Spain,45,169,57,Juventus,116280,Calcio A Femminile,,LB,"LB, LM",LM,Defense,Left,75,,83,82,83,51,47,60,46,67,49,57,70,72,71,42,76,68,51,72,80,56,69,72,55,74,72,73,77,74,69,69,88,67,76,51,4,3,7,11,14,13,13,,,,,Long Throw,,Women's Football,1,ea-drop-api,272015,https://www.ea.com/games/ea-sports-fc/ratings?playerId=272015,ea-drop-api,ea-drop-api,,fc27,2026-08-28T08:51:40.553Z
272207,Alejandra Bernabé,Alejandra,Bernabé de Santiago,Alejandra Bernabé,2001-11-12,24,Spain,Spain,45,158,59,Liverpool,116343,Barclays WSL,,LB,"LB, LM",LM,Defense,Left,75,,76,79,74,54,55,66,40,40,57,69,68,65,69,40,76,66,53,72,72,69,69,77,72,74,73,64,76,76,72,75,81,76,77,65,3,3,11,11,12,14,12,,,,,Jockey,,Women's Football,1,ea-drop-api,272207,https://www.ea.com/games/ea-sports-fc/ratings?playerId=272207,ea-drop-api,ea-drop-api,,fc27,2026-08-28T08:51:40.553Z
264982,Dominika Grabowska,Dominika,Grabowska,,1998-12-26,27,Poland,Poland,37,165,55,TSG Hoffenheim,115999,GPFBL,,LM,"LM, LB",LB,Midfielder,Left,75,,69,70,68,70,72,69,71,61,69,71,75,77,68,67,77,78,79,78,77,80,76,81,80,63,69,45,61,68,58,63,58,70,57,70,3,3,9,14,11,6,12,,,,,"Incisive Pass, Whipped Pass, Technical, First Touch",,Women's Football,1,ea-drop-api,264982,https://www.ea.com/games/ea-sports-fc/ratings?playerId=264982,ea-drop-api,ea-drop-api,,fc27,2026-08-28T08:51:40.553Z
267369,Tyler Lussi,Tyler,Lussi,,1995-01-26,31,USA,United States,95,168,59,NC Courage,116303,NWSL,,LM,"LM, LW",LW,Midfielder,Right,75,,79,80,79,69,70,73,66,67,53,76,71,72,70,56,75,68,71,74,78,74,77,77,72,68,66,66,68,68,71,56,64,72,41,72,3,3,9,7,10,9,14,,,,,,,Women's Football,1,ea-drop-api,267369,https://www.ea.com/games/ea-sports-fc/ratings?playerId=267369,ea-drop-api,ea-drop-api,,fc27,2026-08-28T08:51:40.553Z
272235,Noelia Ramos,Noelia,Ramos Álvarez,Noelia Ramos,1999-02-10,27,Spain,Spain,45,168,60,C. Adeje Tenerife,116332,Liga F Moeve,,GK,GK,,Defense,Right,75,,76,45,45,76,17,53,13,16,20,12,70,22,11,13,20,19,11,76,55,65,60,20,20,45,15,12,20,14,15,74,60,40,55,40,2,1,76,76,70,74,76,,,,,Rush Out,,Women's Football,1,ea-drop-api,272235,https://www.ea.com/games/ea-sports-fc/ratings?playerId=272235,ea-drop-api,ea-drop-api,,fc27,2026-08-28T08:51:40.553Z
267273,Cassie Miller,Cassie,Miller,,1998-04-28,28,USA,United States,95,180,67,Seattle Reign,116300,NWSL,,GK,GK,,Defense,Right,75,,77,39,43,70,16,56,12,8,30,10,75,60,11,9,26,28,10,77,51,56,68,15,33,41,15,9,13,14,11,76,61,39,65,15,2,1,77,70,75,76,77,,,,,Cross Claimer,,Women's Football,1,ea-drop-api,267273,https://www.ea.com/games/ea-sports-fc/ratings?playerId=267273,ea-drop-api,ea-drop-api,,fc27,2026-08-28T08:51:40.553Z
272004,Érika González,Érika,González Lombídez,Érika González,2004-07-31,22,Spain,Spain,45,168,63,,,Liga F Moeve,,ST,"ST, LM, CAM","LM, CAM",Attack,Right,75,,81,79,82,76,76,74,77,73,78,79,72,73,67,65,77,69,59,77,83,76,72,77,61,48,51,65,40,50,44,61,77,62,70,31,3,4,8,15,14,13,7,,,,,"Gamechanger, Technical",,Women's Football,1,ea-drop-api,272004,https://www.ea.com/games/ea-sports-fc/ratings?playerId=272004,ea-drop-api,ea-drop-api,,fc27,2026-08-28T08:51:40.553Z
261845,Andreia Faria,Andreia,Martins Faria,Andreia Faria,2000-04-19,26,Portugal,Portugal,38,164,55,SL Benfica,131358,Liga Portugal Feminino,,CDM,"CDM, CM",CM,Midfielder,Right,75,,67,66,68,63,63,70,62,44,50,69,73,69,68,48,80,77,74,75,72,80,74,77,69,72,73,58,72,76,69,63,64,71,58,65,3,3,14,12,15,12,12,,,,,Long Ball Pass,,Women's Football,1,ea-drop-api,261845,https://www.ea.com/games/ea-sports-fc/ratings?playerId=261845,ea-drop-api,ea-drop-api,,fc27,2026-08-28T08:51:40.553Z
273177,Olivia Holdt,Olivia,Holdt,,2001-06-07,25,Denmark,Denmark,13,172,62,Spurs,116011,Barclays WSL,,ST,"ST, CM, RM, CAM","CM, RM, CAM",Attack,Right,75,,74,76,72,73,73,77,72,70,60,79,68,70,60,56,76,73,41,73,68,61,80,76,62,57,59,72,45,64,49,68,85,70,76,42,2,4,9,11,14,7,10,,,,,Chip Shot,,Women's Football,1,ea-drop-api,273177,https://www.ea.com/games/ea-sports-fc/ratings?playerId=273177,ea-drop-api,ea-drop-api,,fc27,2026-08-28T08:51:40.553Z
71494,Emma Sears,Emma,Sears,,2001-02-23,25,USA,United States,95,175,65,Rac. Louisville,116308,NWSL,,RW,"RW, RM",RM,Attack,Right,75,,87,86,88,69,75,65,67,55,57,71,70,65,70,62,76,68,66,74,79,67,70,76,66,44,30,65,32,59,42,68,82,66,71,57,3,3,5,9,6,7,13,,,,,"Precision Header, Whipped Pass, Aerial Fortress, Rapid",,Women's Football,1,ea-drop-api,71494,https://www.ea.com/games/ea-sports-fc/ratings?playerId=71494,ea-drop-api,ea-drop-api,,fc27,2026-08-28T08:51:40.553Z
266393,Rachel McLauchlan,Rachel,McLauchlan,,1997-07-07,29,Scotland,Scotland,42,169,59,Brighton,116013,Barclays WSL,,RB,"RB, RM, RW","RM, RW",Defense,Right,75,,75,76,75,53,50,62,53,47,39,61,69,67,76,34,75,68,51,69,64,78,74,74,63,72,70,60,75,74,70,74,77,76,73,74,3,2,8,10,12,9,8,,,,,,,Women's Football,1,ea-drop-api,266393,https://www.ea.com/games/ea-sports-fc/ratings?playerId=266393,ea-drop-api,ea-drop-api,,fc27,2026-08-28T08:51:40.553Z
275917,Emilia Larsson,Emilia,Larsson,,1998-07-13,28,Sweden,Sweden,46,163,58,FC Rosengård,131362,Sverige Liga,,LM,"LM, RM, LW","RM, LW",Midfielder,Right,75,,67,68,66,71,76,69,64,65,61,72,74,75,73,55,78,72,63,76,60,77,75,79,64,62,58,62,69,60,59,62,69,70,63,49,3,3,8,5,14,7,14,,,,,,,Women's Football,1,ea-drop-api,275917,https://www.ea.com/games/ea-sports-fc/ratings?playerId=275917,ea-drop-api,ea-drop-api,,fc27,2026-08-28T08:51:40.553Z
267320,CeCe Kizer,CeCe,Kizer,,1997-08-07,29,USA,United States,95,173,57,Utah Royals FC,131478,NWSL,,ST,"ST, LM, CAM","LM, CAM",Attack,Right,75,,74,74,74,74,75,73,74,69,69,79,74,75,66,67,80,74,61,76,76,48,79,80,74,46,47,66,42,45,39,67,73,86,62,55,4,3,11,8,6,9,13,,,,,"Incisive Pass, Press Proven",,Women's Football,1,ea-drop-api,267320,https://www.ea.com/games/ea-sports-fc/ratings?playerId=267320,ea-drop-api,ea-drop-api,,fc27,2026-08-28T08:51:40.553Z
78602,Lisa Heiseler,Lisa,Heiseler,,1998-06-29,28,Germany,Germany,21,160,52,Union Berlin,132589,GPFBL,,CAM,"CAM, CM",CM,Midfielder,Left,75,,70,73,68,74,76,73,73,67,71,74,74,76,72,72,75,71,75,75,78,69,69,78,69,58,52,57,58,63,55,59,64,69,52,63,3,4,7,14,14,10,7,,,,,,,Women's Football,1,ea-drop-api,78602,https://www.ea.com/games/ea-sports-fc/ratings?playerId=78602,ea-drop-api,ea-drop-api,,fc27,2026-08-28T08:51:40.553Z
261831,Ana Borges,Ana Catarina,Marques Borges,Ana Borges,1990-06-15,36,Portugal,Portugal,38,158,49,SL Benfica,131358,Liga Portugal Feminino,,CB,"CB, RB",RB,Defense,Right,75,,77,78,77,51,47,55,55,38,45,65,65,63,72,33,68,63,63,68,66,80,75,70,68,77,74,75,73,82,80,71,85,76,73,58,3,2,12,11,9,9,14,,,,,,,Women's Football,1,ea-drop-api,261831,https://www.ea.com/games/ea-sports-fc/ratings?playerId=261831,ea-drop-api,ea-drop-api,,fc27,2026-08-28T08:51:40.553Z
265295,Megan Walsh,Megan,Walsh,,1994-11-12,31,Ireland,Republic of Ireland,25,172,64,West Ham,116014,Barclays WSL,,GK,GK,,Defense,Right,75,,73,35,33,70,7,57,14,8,23,10,76,59,21,10,17,30,11,79,37,55,71,12,58,34,8,8,17,15,16,76,61,37,70,27,3,1,73,70,76,76,79,,,,,Far Throw,,Women's Football,1,ea-drop-api,265295,https://www.ea.com/games/ea-sports-fc/ratings?playerId=265295,ea-drop-api,ea-drop-api,,fc27,2026-08-28T08:51:40.553Z
269959,Justine Lerond,Justine,Lerond,,2000-02-29,26,France,France,18,169,74,Montpellier,116037,Arkema PL,,GK,GK,,Defense,Right,75,,74,40,42,73,11,50,10,9,19,11,67,31,13,14,26,21,16,79,38,45,72,17,41,41,13,12,15,14,11,74,63,32,68,29,2,1,74,73,67,74,79,,,,,"Far Throw, Far Reach",,Women's Football,1,ea-drop-api,269959,https://www.ea.com/games/ea-sports-fc/ratings?playerId=269959,ea-drop-api,ea-drop-api,,fc27,2026-08-28T08:51:40.553Z
261838,Andreia Norton,Andreia,Norton,Andreia Norton,1996-08-15,30,Portugal,Portugal,38,162,62,SL Benfica,131358,Liga Portugal Feminino,,CM,"CM, CAM",CAM,Midfielder,Right,75,,67,70,65,65,69,58,66,43,65,75,73,73,65,63,76,80,72,77,82,80,73,75,80,60,68,52,48,73,52,65,65,73,64,57,3,4,14,10,10,9,13,,,,,,,Women's Football,1,ea-drop-api,261838,https://www.ea.com/games/ea-sports-fc/ratings?playerId=261838,ea-drop-api,ea-drop-api,,fc27,2026-08-28T08:51:40.553Z
267358,Paige Monaghan,Paige,Monaghan,,1996-11-13,29,USA,United States,95,172,59,Utah Royals FC,131478,NWSL,,RM,"RM, RB, RW","RB, RW",Midfielder,Right,75,,71,73,70,70,71,72,68,61,67,78,73,75,75,61,76,66,71,76,74,74,74,76,79,47,46,52,48,45,42,70,71,70,72,64,3,3,8,10,12,14,9,,,,,,,Women's Football,1,ea-drop-api,267358,https://www.ea.com/games/ea-sports-fc/ratings?playerId=267358,ea-drop-api,ea-drop-api,,fc27,2026-08-28T08:51:40.553Z
274758,Yasmim,Yasmim,Assis Ribeiro,Yasmim,1996-10-28,29,Brazil,Brazil,54,163,57,Real Madrid,116326,Liga F Moeve,,LB,"LB, LM",LM,Defense,Left,75,,73,74,73,58,61,52,58,55,53,68,69,61,77,50,72,70,65,68,70,60,72,78,63,72,73,64,73,74,71,67,73,73,63,67,2,3,9,7,11,6,8,,,,,,,Women's Football,1,ea-drop-api,274758,https://www.ea.com/games/ea-sports-fc/ratings?playerId=274758,ea-drop-api,ea-drop-api,,fc27,2026-08-28T08:51:40.553Z
227384,Allysha Chapman,Allysha,Chapman,,1989-01-25,37,Canada,Canada,70,160,57,Houston Dash,116306,NWSL,,LB,"LB, CB, LM","CB, LM",Defense,Left,75,,71,74,68,51,46,56,59,54,47,45,62,40,70,53,70,61,70,73,68,78,70,77,78,75,72,76,77,75,76,73,84,67,71,84,3,2,10,16,12,17,11,,,,,,,Women's Football,1,ea-drop-api,227384,https://www.ea.com/games/ea-sports-fc/ratings?playerId=227384,ea-drop-api,ea-drop-api,,fc27,2026-08-28T08:51:40.553Z
245871,Lee Gibson,Lee,Gibson,,1991-09-23,34,Scotland,Scotland,42,170,65,Glasgow City FC,131363,Scottish Women's League,,GK,GK,,Defense,Right,75,,76,31,34,71,10,55,14,11,17,13,73,60,11,10,24,21,13,77,37,45,70,13,33,32,15,14,21,13,15,76,54,30,53,25,2,1,76,71,73,76,77,,,,,Footwork,,Women's Football,1,ea-drop-api,245871,https://www.ea.com/games/ea-sports-fc/ratings?playerId=245871,ea-drop-api,ea-drop-api,,fc27,2026-08-28T08:51:40.553Z
271443,Emma Ramírez,Emma,Ramírez Gorgoso,Emma Ramírez,2002-05-10,24,Spain,Spain,45,169,63,Real Sociedad,116336,Liga F Moeve,,RB,"RB, RM",RM,Defense,Right,75,,70,70,70,55,60,62,40,35,66,59,71,65,76,40,78,72,62,70,54,60,68,78,69,74,74,58,75,77,73,65,65,75,57,71,2,2,8,6,10,8,9,,,,,"Relentless, Long Throw",,Women's Football,1,ea-drop-api,271443,https://www.ea.com/games/ea-sports-fc/ratings?playerId=271443,ea-drop-api,ea-drop-api,,fc27,2026-08-28T08:51:40.553Z
275887,Alayah Pilgrim,Alayah,Pilgrim,,2003-04-29,23,Switzerland,Switzerland,47,171,64,Roma,116282,Calcio A Femminile,,LW,"LW, RW, LM","RW, LM",Attack,Right,75,,71,72,70,73,74,74,71,70,66,76,72,74,73,63,77,68,51,73,66,56,76,77,58,48,22,72,49,59,39,68,81,70,72,51,3,3,7,7,11,11,10,,,,,Rapid,,Women's Football,1,ea-drop-api,275887,https://www.ea.com/games/ea-sports-fc/ratings?playerId=275887,ea-drop-api,ea-drop-api,,fc27,2026-08-28T08:51:40.553Z
272145,Sheila,Sheila,Guijarro Gómez,Sheila,1996-09-26,29,Spain,Spain,45,169,69,Atlético de Madrid,116327,Liga F Moeve,,ST,ST,,Attack,Right,75,,73,73,73,74,70,79,78,74,74,79,65,69,53,70,71,57,68,72,70,81,80,73,75,51,53,80,45,48,40,69,85,75,72,52,4,4,13,9,9,15,6,,,,,"Precision Header, Press Proven",,Women's Football,1,ea-drop-api,272145,https://www.ea.com/games/ea-sports-fc/ratings?playerId=272145,ea-drop-api,ea-drop-api,,fc27,2026-08-28T08:51:40.553Z
275811,Olivie Lukášová,Olivie,Lukášová,,2001-06-04,25,Czechia,Czech Republic,12,181,71,Roma,116282,Calcio A Femminile,,GK,GK,,Defense,Right,75,,71,40,43,71,6,53,7,8,21,11,70,48,13,15,43,31,13,76,39,41,77,14,51,41,13,10,10,16,15,75,67,31,77,31,3,1,71,71,70,75,76,,,,,"Cross Claimer, Deflector",,Women's Football,1,ea-drop-api,275811,https://www.ea.com/games/ea-sports-fc/ratings?playerId=275811,ea-drop-api,ea-drop-api,,fc27,2026-08-28T08:51:40.553Z
264995,Laura Dick,Laura,Dick,,2003-06-13,23,Germany,Germany,21,177,66,TSG Hoffenheim,115999,GPFBL,,GK,GK,,Defense,Right,75,,73,35,43,74,19,52,13,17,52,14,69,59,11,15,65,42,20,76,41,55,74,31,43,38,12,18,11,11,16,73,56,31,50,40,2,1,73,74,69,73,76,,,,,Cross Claimer,,Women's Football,1,ea-drop-api,264995,https://www.ea.com/games/ea-sports-fc/ratings?playerId=264995,ea-drop-api,ea-drop-api,,fc27,2026-08-28T08:51:40.553Z
267200,Claudia Dickey,Claudia,Dickey,,2000-01-06,26,USA,United States,95,178,72,Seattle Reign,116300,NWSL,,GK,GK,,Defense,Right,75,,71,35,41,74,9,53,8,9,18,9,70,63,9,14,27,25,13,75,37,54,75,14,28,37,8,12,9,18,11,76,61,34,65,13,2,1,71,74,70,76,75,,,,,Cross Claimer,,Women's Football,1,ea-drop-api,267200,https://www.ea.com/games/ea-sports-fc/ratings?playerId=267200,ea-drop-api,ea-drop-api,,fc27,2026-08-28T08:51:40.553Z
273142,Antonia Canales,Antonia,Canales,,2002-10-16,23,Chile,Chile,55,175,77,Badalona Women,131125,Liga F Moeve,,GK,GK,,Defense,Right,75,,77,32,43,74,9,51,10,10,14,7,68,34,9,15,16,11,11,74,22,31,73,20,15,36,11,9,10,14,11,73,43,21,32,17,2,1,77,74,68,73,74,,,,,Far Reach,,Women's Football,1,ea-drop-api,273142,https://www.ea.com/games/ea-sports-fc/ratings?playerId=273142,ea-drop-api,ea-drop-api,,fc27,2026-08-28T08:51:40.553Z
276548,Océane Picard,Océane,Picard,,2002-04-21,24,France,France,18,169,60,Paris FC,116035,Arkema PL,,CM,"CM, CAM",CAM,Midfielder,Right,75,,66,69,63,68,72,57,73,55,67,77,74,80,68,65,77,73,66,77,59,73,64,81,70,50,66,48,33,60,42,67,66,71,73,47,3,3,5,14,5,7,13,,,,,,,Women's Football,1,ea-drop-api,276548,https://www.ea.com/games/ea-sports-fc/ratings?playerId=276548,ea-drop-api,ea-drop-api,,fc27,2026-08-28T08:51:40.553Z
271742,Gio Garbelini,Giovana,Queiroz Costa,Gio Garbelini,2003-06-21,23,Brazil,Brazil,54,167,58,Atlético de Madrid,116327,Liga F Moeve,,ST,"ST, LM, CAM","LM, CAM",Attack,Right,75,,81,82,80,81,82,82,81,81,62,82,63,65,52,62,73,50,68,79,79,83,72,80,71,24,22,36,21,25,24,71,67,69,73,67,4,3,14,8,5,7,6,,,,,"Chip Shot, Gamechanger, Rapid",,Women's Football,1,ea-drop-api,271742,https://www.ea.com/games/ea-sports-fc/ratings?playerId=271742,ea-drop-api,ea-drop-api,,fc27,2026-08-28T08:51:40.553Z
272122,Valdezate,Oihane,Valdezate Cabornero,Valdezate,2000-04-10,26,Spain,Spain,45,180,70,Roma,116282,Calcio A Femminile,,CB,"CB, CDM",CDM,Defense,Right,75,,74,72,75,50,50,49,50,55,55,35,61,45,40,35,85,65,49,64,68,70,60,78,60,75,74,80,72,75,76,75,88,70,78,69,2,2,6,8,14,6,12,,,,,"Long Ball Pass, Anticipate, Aerial Fortress",,Women's Football,1,ea-drop-api,272122,https://www.ea.com/games/ea-sports-fc/ratings?playerId=272122,ea-drop-api,ea-drop-api,,fc27,2026-08-28T08:51:40.553Z
265039,Jacqueline Meißner,Jacqueline,Meißner,,1994-02-04,32,Germany,Germany,21,168,60,,,GPFBL,,CB,CB,,Defense,Right,75,,60,56,64,54,53,64,50,45,55,55,69,64,63,51,74,77,63,68,72,87,76,73,69,77,77,73,80,76,77,70,75,67,71,71,2,2,5,12,11,9,11,,,,,"Intercept, Anticipate",,Women's Football,1,ea-drop-api,265039,https://www.ea.com/games/ea-sports-fc/ratings?playerId=265039,ea-drop-api,ea-drop-api,,fc27,2026-08-28T08:51:40.553Z
273099,Amalie Vangsgaard,Amalie,Vangsgaard,,1996-11-29,29,Denmark,Denmark,13,182,65,Juventus,116280,Calcio A Femminile,,ST,"ST, RW",RW,Attack,Right,75,,73,66,79,75,78,69,74,72,71,78,67,68,59,61,75,58,66,69,48,35,72,77,70,48,48,79,43,47,37,66,82,67,74,41,3,3,7,12,8,5,12,,,,,Finesse Shot,,Women's Football,1,ea-drop-api,273099,https://www.ea.com/games/ea-sports-fc/ratings?playerId=273099,ea-drop-api,ea-drop-api,,fc27,2026-08-28T08:51:40.553Z
265864,Melissa Herrera,Melissa,Herrera,,1996-10-10,29,Costa Rica,Costa Rica,72,160,56,Marseille,132370,Arkema PL,,RM,"RM, RW",RW,Midfielder,Right,75,,84,87,82,64,66,53,69,60,64,75,69,68,65,61,75,67,61,79,89,89,74,78,58,44,51,45,40,45,40,57,58,69,44,72,4,3,12,7,11,11,8,,,,,"Technical, Quick Step",,Women's Football,1,ea-drop-api,265864,https://www.ea.com/games/ea-sports-fc/ratings?playerId=265864,ea-drop-api,ea-drop-api,,fc27,2026-08-28T08:51:40.553Z
267207,Veronica Latsko,Veronica,Latsko,,1995-12-12,30,USA,United States,95,172,63,Seattle Reign,116300,NWSL,,RM,"RM, RW",RW,Midfielder,Right,75,,69,70,69,73,76,71,69,72,70,80,72,69,77,61,77,68,53,73,71,65,79,77,66,42,38,72,38,39,37,68,77,66,70,62,3,3,15,12,5,14,15,,,,,Precision Header,,Women's Football,1,ea-drop-api,267207,https://www.ea.com/games/ea-sports-fc/ratings?playerId=267207,ea-drop-api,ea-drop-api,,fc27,2026-08-28T08:51:40.553Z
267213,Ally Watt,Ally,Watt,,1997-03-12,29,USA,United States,95,173,59,Orlando Pride,116307,NWSL,,ST,"ST, RM, RW","RM, RW",Attack,Right,75,,85,82,87,72,74,71,68,68,67,77,63,49,51,59,77,66,57,70,78,38,76,75,66,42,38,71,40,38,37,65,88,36,79,61,3,3,13,13,5,10,8,,,,,Quick Step,,Women's Football,1,ea-drop-api,267213,https://www.ea.com/games/ea-sports-fc/ratings?playerId=267213,ea-drop-api,ea-drop-api,,fc27,2026-08-28T08:51:40.553Z
275969,Nadine Noordam,Nadine,Noordam,,1998-07-29,28,Netherlands,Holland,34,166,57,Brighton,116013,Barclays WSL,,CM,"CM, RB",RB,Midfielder,Right,75,,69,71,67,64,68,59,62,40,59,78,68,75,40,57,80,78,42,72,64,65,73,74,63,54,78,41,30,68,44,70,62,74,70,67,3,3,10,13,7,7,11,,,,,"Incisive Pass, Long Ball Pass, First Touch",,Women's Football,1,ea-drop-api,275969,https://www.ea.com/games/ea-sports-fc/ratings?playerId=275969,ea-drop-api,ea-drop-api,,fc27,2026-08-28T08:51:40.553Z
265047,Lena Ostermeier,Lena,Ostermeier,,1996-10-01,29,Germany,Germany,21,167,60,,,GPFBL,,LB,"LB, CB",CB,Defense,Left,75,,49,67,35,53,50,62,52,46,58,57,70,64,67,51,76,77,59,71,71,77,80,75,70,78,78,74,80,77,76,75,81,74,77,72,3,2,11,9,12,5,8,,,,,"Intercept, Anticipate",,Women's Football,1,ea-drop-api,265047,https://www.ea.com/games/ea-sports-fc/ratings?playerId=265047,ea-drop-api,ea-drop-api,,fc27,2026-08-28T08:51:40.553Z
265833,Charlotte Fernandes,Charlotte,Fernandes,,1993-02-04,33,France,France,18,167,56,FC Fleury 91,116036,Arkema PL,,RB,"RB, LB, RM","LB, RM",Defense,Right,75,,63,57,68,54,47,71,56,43,52,57,68,59,75,46,76,59,65,68,66,70,75,75,68,74,80,65,75,73,75,69,68,69,68,73,3,3,10,6,12,7,14,,,,,Slide Tackle,,Women's Football,1,ea-drop-api,265833,https://www.ea.com/games/ea-sports-fc/ratings?playerId=265833,ea-drop-api,ea-drop-api,,fc27,2026-08-28T08:51:40.553Z
265014,Lara Schmidt,Lara,Schmidt,,2000-07-21,26,Germany,Germany,21,180,69,SV Werder Bremen,116004,GPFBL,,CB,CB,,Defense,Right,75,,64,65,63,57,63,59,47,34,77,44,64,64,58,40,72,66,41,57,65,63,72,73,63,75,74,75,76,76,71,78,84,72,84,68,2,2,11,9,9,13,8,,,,,Aerial Fortress,,Women's Football,1,ea-drop-api,265014,https://www.ea.com/games/ea-sports-fc/ratings?playerId=265014,ea-drop-api,ea-drop-api,,fc27,2026-08-28T08:51:40.553Z
265263,Rachel Williams,Rachel,Williams,,1988-01-10,38,England,England,14,169,68,Manchester Utd,116012,Barclays WSL,,ST,ST,,Attack,Right,75,,63,61,64,77,77,80,75,78,63,80,64,65,54,56,76,53,61,73,56,65,68,77,75,45,42,77,39,45,34,72,80,70,72,70,3,3,6,9,10,13,15,,,,,,,Women's Football,1,ea-drop-api,265263,https://www.ea.com/games/ea-sports-fc/ratings?playerId=265263,ea-drop-api,ea-drop-api,,fc27,2026-08-28T08:51:40.553Z
265339,Esme Morgan,Esme,Morgan,,2000-12-18,25,England,England,14,178,59,Washington Spirit,116304,NWSL,,CB,CB,,Defense,Right,75,,75,75,75,34,32,43,25,34,41,43,71,59,65,32,85,75,63,68,60,61,75,75,63,75,75,65,77,78,72,71,78,64,74,72,3,2,7,9,5,13,8,,,,,,,Women's Football,1,ea-drop-api,265339,https://www.ea.com/games/ea-sports-fc/ratings?playerId=265339,ea-drop-api,ea-drop-api,,fc27,2026-08-28T08:51:40.553Z
265975,Kelly Gago,Kelly,Gago,,1999-01-05,27,France,France,18,178,68,Everton,116016,Barclays WSL,,ST,"ST, LM, CAM","LM, CAM",Attack,Left,75,,77,75,79,73,76,69,71,66,67,77,67,68,67,58,73,59,58,74,73,63,72,77,61,34,33,78,24,33,26,67,83,73,69,48,2,3,14,9,10,11,12,,,,,,,Women's Football,1,ea-drop-api,265975,https://www.ea.com/games/ea-sports-fc/ratings?playerId=265975,ea-drop-api,ea-drop-api,,fc27,2026-08-28T08:51:40.553Z
267389,Marleen Schimmer,Marleen,Schimmer,,2000-10-23,25,Germany,Germany,21,168,60,RB Leipzig,116021,GPFBL,,CAM,"CAM, ST, CM","ST, CM",Midfielder,Right,75,,74,73,75,74,76,71,75,67,73,75,69,74,60,62,74,71,59,75,75,79,74,77,70,42,38,68,41,38,39,58,71,56,58,59,3,3,14,8,10,13,9,,,,,Low Driven Shot,,Women's Football,1,ea-drop-api,267389,https://www.ea.com/games/ea-sports-fc/ratings?playerId=267389,ea-drop-api,ea-drop-api,,fc27,2026-08-28T08:51:40.553Z
271174,Fiona Liaigre,Fiona,Liaigre,,2005-01-05,21,France,France,18,158,56,Paris FC,116035,Arkema PL,,RB,"RB, LB, RM","LB, RM",Defense,Right,75,,76,78,75,46,44,54,40,40,48,58,64,56,63,42,75,58,53,67,71,78,75,67,55,72,73,69,71,72,75,67,76,79,62,62,4,3,13,13,9,11,5,,,,,,,Women's Football,1,ea-drop-api,271174,https://www.ea.com/games/ea-sports-fc/ratings?playerId=271174,ea-drop-api,ea-drop-api,,fc27,2026-08-28T08:51:40.553Z
271890,Monique Ngock,Monique,Ngock,,2004-09-17,21,Cameroon,Cameroon,103,166,54,FC Fleury 91,116036,Arkema PL,,CDM,"CDM, CM",CM,Midfielder,Right,75,,67,65,68,52,53,53,49,49,43,58,66,67,49,45,77,73,51,69,67,71,71,73,59,71,76,51,73,73,73,67,61,84,59,69,3,3,5,11,9,11,14,,,,,,,Women's Football,1,ea-drop-api,271890,https://www.ea.com/games/ea-sports-fc/ratings?playerId=271890,ea-drop-api,ea-drop-api,,fc27,2026-08-28T08:51:40.553Z
265931,Emmy Jézéquel,Emmy,Jézéquel,,2001-02-21,25,France,France,18,162,58,RC Lens,132588,Arkema PL,,CB,CB,,Defense,Left,75,,66,54,75,44,42,56,41,38,40,40,62,45,54,39,78,66,61,67,64,71,73,72,63,76,74,73,76,78,75,76,76,76,76,75,3,2,6,13,6,6,6,,,,,Block,,Women's Football,1,ea-drop-api,265931,https://www.ea.com/games/ea-sports-fc/ratings?playerId=265931,ea-drop-api,ea-drop-api,,fc27,2026-08-28T08:51:40.553Z
271837,Vanessa Fürst,Vanessa,Fürst,,2001-10-26,24,Germany,Germany,21,163,58,,,GPFBL,,CB,"CB, CDM, CM","CDM, CM",Defense,Right,75,,60,54,64,49,52,44,38,55,62,62,66,60,65,41,74,69,46,70,60,87,74,73,60,76,75,72,78,76,75,70,73,62,71,76,2,2,6,15,15,15,5,,,,,Intercept,,Women's Football,1,ea-drop-api,271837,https://www.ea.com/games/ea-sports-fc/ratings?playerId=271837,ea-drop-api,ea-drop-api,,fc27,2026-08-28T08:51:40.553Z
266094,Bethany Balcer,Bethany,Balcer,,1997-03-07,29,USA,United States,95,175,63,Rac. Louisville,116308,NWSL,,ST,"ST, CAM, CM","CAM, CM",Attack,Right,75,,69,67,70,75,77,75,72,63,80,78,71,72,64,65,77,71,61,72,57,56,76,78,68,39,34,81,32,37,37,62,82,67,70,32,2,3,5,7,10,13,6,,,,,Aerial Fortress,,Women's Football,1,ea-drop-api,266094,https://www.ea.com/games/ea-sports-fc/ratings?playerId=266094,ea-drop-api,ea-drop-api,,fc27,2026-08-28T08:51:40.553Z
273205,Chasity Grant,Chasity,Grant,,2001-04-19,25,Netherlands,Holland,34,167,63,Aston Villa,116015,Barclays WSL,,RM,"RM, RW",RW,Midfielder,Right,75,,71,72,70,67,72,62,66,48,60,78,70,72,80,43,73,60,65,73,68,60,74,76,68,37,30,45,28,48,32,70,67,72,72,65,3,3,12,7,11,7,15,,,,,"Whipped Pass, Bruiser",,Women's Football,1,ea-drop-api,273205,https://www.ea.com/games/ea-sports-fc/ratings?playerId=273205,ea-drop-api,ea-drop-api,,fc27,2026-08-28T08:51:40.553Z
245825,Chika Hirao,Chika,Hirao,,1996-12-31,29,Japan,Japan,163,173,64,Granada CF,131391,Liga F Moeve,,GK,GK,,Defense,Right,75,,74,18,18,73,11,53,12,6,25,11,71,53,24,27,15,28,10,76,42,53,75,12,15,18,15,12,12,16,14,75,59,44,72,33,3,1,74,73,71,75,76,,,,,Cross Claimer,,Women's Football,1,ea-drop-api,245825,https://www.ea.com/games/ea-sports-fc/ratings?playerId=245825,ea-drop-api,ea-drop-api,,fc27,2026-08-28T08:51:40.553Z
246177,Emelyne Laurent,Emelyne,Laurent,,1998-11-04,27,France,France,18,161,50,FC Fleury 91,116036,Arkema PL,,RW,"RW, RM",RM,Attack,Right,75,,81,80,82,71,75,67,69,62,63,76,67,70,75,60,68,52,64,77,81,79,69,77,68,47,17,71,41,62,54,43,65,49,32,58,2,3,8,11,8,13,11,,,,,,,Women's Football,1,ea-drop-api,246177,https://www.ea.com/games/ea-sports-fc/ratings?playerId=246177,ea-drop-api,ea-drop-api,,fc27,2026-08-28T08:51:40.553Z
265896,Lou-Ann Joly,Lou-Ann,Joly,,2002-04-14,24,France,France,18,160,55,RB Leipzig,116021,GPFBL,,CM,"CM, CDM",CDM,Midfielder,Right,75,,34,34,34,60,62,55,61,53,50,65,73,75,69,43,78,75,69,72,63,85,76,77,68,74,78,53,74,78,73,73,57,78,72,75,2,3,12,11,7,11,9,,,,,Anticipate,,Women's Football,1,ea-drop-api,265896,https://www.ea.com/games/ea-sports-fc/ratings?playerId=265896,ea-drop-api,ea-drop-api,,fc27,2026-08-28T08:51:40.553Z
73677,Nadia Krezyman,Nadia,Krezyman,,2004-06-22,22,Poland,Poland,37,166,55,,,Arkema PL,,RM,"RM, LM, RW","LM, RW",Midfielder,Right,75,,83,85,82,54,62,50,38,38,52,75,71,72,73,38,74,75,50,70,63,67,70,76,60,43,45,44,37,49,42,63,64,82,58,50,2,3,8,8,15,9,8,,,,,,,Women's Football,1,ea-drop-api,73677,https://www.ea.com/games/ea-sports-fc/ratings?playerId=73677,ea-drop-api,ea-drop-api,,fc27,2026-08-28T08:51:40.553Z
265237,Anna Patten,Anna,Patten,,1999-04-20,27,England,England,14,178,60,Aston Villa,116015,Barclays WSL,,CB,CB,,Defense,Right,75,,63,67,59,45,37,63,44,40,56,49,64,57,54,51,75,68,51,64,71,50,73,71,75,76,72,74,78,77,76,72,80,64,75,73,3,2,13,6,5,5,7,,,,,"Precision Header, Intercept",,Women's Football,1,ea-drop-api,265237,https://www.ea.com/games/ea-sports-fc/ratings?playerId=265237,ea-drop-api,ea-drop-api,,fc27,2026-08-28T08:51:40.553Z
272109,Xènia Pérez,Xènia,Pérez Almiñana,Xènia Pérez,2001-10-28,24,Spain,Spain,45,171,60,Atlético de Madrid,116327,Liga F Moeve,,CB,CB,,Defense,Right,75,,63,61,64,42,39,48,39,30,59,55,66,60,53,39,80,72,50,66,68,60,78,77,60,75,75,78,78,73,72,72,81,69,74,66,2,2,7,14,8,12,14,,,,,,,Women's Football,1,ea-drop-api,272109,https://www.ea.com/games/ea-sports-fc/ratings?playerId=272109,ea-drop-api,ea-drop-api,,fc27,2026-08-28T08:51:40.553Z
272482,Julia Landenberger,Julia,Landenberger,,2003-12-22,22,Germany,Germany,21,175,62,RB Leipzig,116021,GPFBL,,CB,CB,,Defense,Right,75,,63,53,72,53,56,50,55,31,40,73,59,69,27,35,74,68,30,61,61,65,74,69,62,76,75,76,76,77,73,72,77,68,74,72,1,2,6,8,13,15,10,,,,,Intercept,,Women's Football,1,ea-drop-api,272482,https://www.ea.com/games/ea-sports-fc/ratings?playerId=272482,ea-drop-api,ea-drop-api,,fc27,2026-08-28T08:51:40.553Z
274753,Tarciane,Tarciane Karen,dos Santos de Lima,Tarciane,2003-05-27,23,Brazil,Brazil,54,184,75,OL Lyonnes,116033,Arkema PL,,CB,CB,,Defense,Right,75,,68,61,74,39,37,36,40,25,61,50,63,40,66,46,74,71,58,60,58,38,69,69,68,73,71,76,71,78,69,81,86,67,87,81,2,2,6,13,7,6,6,,,,,,,Women's Football,1,ea-drop-api,274753,https://www.ea.com/games/ea-sports-fc/ratings?playerId=274753,ea-drop-api,ea-drop-api,,fc27,2026-08-28T08:51:40.553Z
272124,Bibi,Bibiane,Schulze Solano,Bibi,1998-11-12,27,Germany,Germany,21,174,62,Athletic Club,116328,Liga F Moeve,,CB,CB,,Defense,Right,75,,65,67,64,35,30,39,35,40,50,45,69,60,66,35,82,70,49,62,68,65,69,75,65,76,75,65,76,80,77,74,76,70,76,72,3,2,10,6,12,10,9,,,,,Slide Tackle,,Women's Football,1,ea-drop-api,272124,https://www.ea.com/games/ea-sports-fc/ratings?playerId=272124,ea-drop-api,ea-drop-api,,fc27,2026-08-28T08:51:40.553Z
267300,Mia Fishel,Mia,Fishel,,2001-04-30,25,USA,United States,95,170,67,Seattle Reign,116300,NWSL,,ST,ST,,Attack,Right,75,,73,73,73,76,78,75,73,74,71,72,67,75,57,60,73,60,65,73,69,56,66,74,76,23,15,78,19,17,15,66,88,68,80,24,4,3,6,9,14,6,12,,,,,Precision Header,,Women's Football,1,ea-drop-api,267300,https://www.ea.com/games/ea-sports-fc/ratings?playerId=267300,ea-drop-api,ea-drop-api,,fc27,2026-08-28T08:51:40.553Z
277866,Thiniba Samoura,Thiniba,Samoura,,2004-02-11,22,France,France,18,172,60,Paris SG,116034,Arkema PL,,CB,"CB, RB, RM","RB, RM",Defense,Right,75,,72,70,73,32,29,46,26,25,34,29,58,40,51,30,77,60,48,69,67,65,74,76,65,75,73,73,76,78,70,72,80,61,75,74,3,3,13,7,12,6,10,,,,,,,Women's Football,1,ea-drop-api,277866,https://www.ea.com/games/ea-sports-fc/ratings?playerId=277866,ea-drop-api,ea-drop-api,,fc27,2026-08-28T08:51:40.553Z
79726,Andrea Norheim,Andrea,Norheim,,1999-01-30,27,Norway,Norway,36,174,67,RB Leipzig,116021,GPFBL,,CB,"CB, LB, LM","LB, LM",Defense,Left,75,,60,58,61,44,48,44,41,34,47,34,61,54,54,38,71,68,47,60,51,75,68,67,68,76,76,77,75,77,73,75,81,69,78,71,2,2,10,13,7,6,13,,,,,,,Women's Football,1,ea-drop-api,79726,https://www.ea.com/games/ea-sports-fc/ratings?playerId=79726,ea-drop-api,ea-drop-api,,fc27,2026-08-28T08:51:40.553Z
267222,Emily Menges,Emily,Menges,,1992-07-28,34,USA,United States,95,170,57,Bay FC,131477,NWSL,,CB,CB,,Defense,Right,75,,52,55,50,48,44,57,56,36,41,44,60,55,49,31,71,68,48,66,57,46,75,73,78,79,80,76,83,77,73,71,78,68,75,62,2,2,7,8,13,11,5,,,,,,,Women's Football,1,ea-drop-api,267222,https://www.ea.com/games/ea-sports-fc/ratings?playerId=267222,ea-drop-api,ea-drop-api,,fc27,2026-08-28T08:51:40.553Z
275904,Remina Chiba,Remina,Chiba,,1999-04-30,27,Japan,Japan,163,162,57,Frankfurt,115997,GPFBL,,ST,ST,,Attack,Right,75,,83,80,85,77,83,76,67,76,65,78,61,62,43,66,72,56,52,75,83,86,69,76,60,23,20,60,18,19,15,56,73,66,61,27,4,3,6,11,13,14,13,,,,,,,Women's Football,1,ea-drop-api,275904,https://www.ea.com/games/ea-sports-fc/ratings?playerId=275904,ea-drop-api,ea-drop-api,,fc27,2026-08-28T08:51:40.553Z
276711,Nahia Aparicio,Nahia,Aparicio Jaular,Nahia Aparicio,2004-01-07,22,Spain,Spain,45,168,57,Real Sociedad,116336,Liga F Moeve,,CB,CB,,Defense,Right,75,,64,61,66,39,31,52,41,40,39,41,65,53,49,35,82,75,55,61,58,66,76,79,67,75,71,75,77,75,74,71,78,64,73,73,2,2,14,6,12,7,12,,,,,Aerial Fortress,,Women's Football,1,ea-drop-api,276711,https://www.ea.com/games/ea-sports-fc/ratings?playerId=276711,ea-drop-api,ea-drop-api,,fc27,2026-08-28T08:51:40.553Z
77050,Merveille Kanjinga,Merveille,Kanjinga,,2003-02-01,23,DR Congo,Congo DR,110,180,74,Paris SG,116034,Arkema PL,,ST,"ST, CAM",CAM,Attack,Right,75,,71,67,75,74,78,75,69,68,59,77,53,48,30,53,71,55,26,69,53,64,75,73,55,29,30,68,24,23,22,74,82,60,90,47,3,2,5,7,10,7,12,,,,,Enforcer,,Women's Football,1,ea-drop-api,77050,https://www.ea.com/games/ea-sports-fc/ratings?playerId=77050,ea-drop-api,ea-drop-api,,fc27,2026-08-28T08:51:40.553Z
248790,Julia Roddar,Julia,Roddar,,1992-02-16,34,Sweden,Sweden,46,165,59,London City,132176,Barclays WSL,,CDM,"CDM, CM",CM,Midfielder,Right,75,,49,49,49,46,49,53,34,35,48,45,65,68,46,42,76,74,43,66,51,67,75,75,65,73,74,54,79,72,70,71,63,75,73,65,3,3,7,8,14,11,6,,,,,,,Women's Football,1,ea-drop-api,248790,https://www.ea.com/games/ea-sports-fc/ratings?playerId=248790,ea-drop-api,ea-drop-api,,fc27,2026-08-28T08:51:40.553Z
269208,Deja Davis,Deja,Davis,,1995-06-22,31,USA,United States,95,173,69,Paris FC,116035,Arkema PL,,CB,CB,,Defense,Right,75,,46,64,32,49,46,63,39,38,70,43,54,44,41,36,67,63,45,62,33,52,72,68,63,76,76,79,75,78,73,82,88,78,87,71,3,2,7,10,6,6,9,,,,,"Block, Intercept",,Women's Football,1,ea-drop-api,269208,https://www.ea.com/games/ea-sports-fc/ratings?playerId=269208,ea-drop-api,ea-drop-api,,fc27,2026-08-28T08:51:40.553Z
256102,Joëlle Smits,Joëlle,Smits,,2000-02-07,26,Netherlands,Holland,34,169,60,Ajax,131359,Nederland Vrouwen Liga,,ST,ST,,Attack,Right,75,,73,72,74,76,79,74,72,73,72,83,57,52,36,52,70,60,59,72,67,76,75,69,76,22,13,71,18,17,20,68,78,72,68,58,3,3,6,9,6,13,13,,,,,,,Women's Football,1,ea-drop-api,256102,https://www.ea.com/games/ea-sports-fc/ratings?playerId=256102,ea-drop-api,ea-drop-api,,fc27,2026-08-28T08:51:40.553Z
265301,Grace Fisk,Grace,Fisk,,1998-01-05,28,England,England,14,172,59,Liverpool,116343,Barclays WSL,,CB,"CB, RB",RB,Defense,Right,75,,45,43,46,43,31,64,45,46,50,46,66,56,60,42,76,73,61,62,49,66,69,73,73,78,83,74,78,78,76,70,68,69,67,79,3,2,7,15,13,11,11,,,,,"Jockey, Block",,Women's Football,1,ea-drop-api,265301,https://www.ea.com/games/ea-sports-fc/ratings?playerId=265301,ea-drop-api,ea-drop-api,,fc27,2026-08-28T08:51:40.553Z
266949,Laia Codina,Laia,Codina Panedas,Laia Codina,2000-01-22,26,Spain,Spain,45,170,63,Arsenal,116009,Barclays WSL,,CB,CB,,Defense,Right,75,,44,45,43,42,43,43,44,39,41,34,64,60,55,40,78,66,40,67,62,52,73,79,67,79,74,68,80,84,81,67,63,66,62,81,2,2,6,8,10,13,8,,,,,Slide Tackle,,Women's Football,1,ea-drop-api,266949,https://www.ea.com/games/ea-sports-fc/ratings?playerId=266949,ea-drop-api,ea-drop-api,,fc27,2026-08-28T08:51:40.553Z
273149,Jorelyn Carabalí,Jorelyn,Carabalí,,1997-05-18,29,Colombia,Colombia,56,170,63,Brighton,116013,Barclays WSL,,CB,CB,,Defense,Right,75,,63,64,63,36,29,50,35,28,53,29,54,38,31,39,78,65,27,61,63,66,78,78,55,75,76,68,78,75,73,72,72,68,70,83,3,2,14,14,12,14,14,,,,,,,Women's Football,1,ea-drop-api,273149,https://www.ea.com/games/ea-sports-fc/ratings?playerId=273149,ea-drop-api,ea-drop-api,,fc27,2026-08-28T08:51:40.553Z
227243,Gemma Bonner,Gemma,Bonner,,1991-07-13,35,England,England,14,178,67,Liverpool,116343,Barclays WSL,,CB,CB,,Defense,Right,75,,42,41,42,47,48,57,43,22,49,39,46,41,27,24,66,43,27,59,48,59,77,70,64,76,74,69,83,75,72,75,73,53,87,71,4,2,9,13,5,6,6,,,,,"Precision Header, Block, Aerial Fortress",,Women's Football,1,ea-drop-api,227243,https://www.ea.com/games/ea-sports-fc/ratings?playerId=227243,ea-drop-api,ea-drop-api,,fc27,2026-08-28T08:51:40.553Z
270966,Aude Bizet,Aude,Bizet,,2006-03-14,20,France,France,18,175,68,FC Fleury 91,116036,Arkema PL,,CB,CB,,Defense,Right,75,,38,36,39,36,29,57,30,33,34,35,53,41,33,30,73,60,45,64,41,35,70,71,55,76,74,76,75,78,74,72,76,51,83,71,3,2,8,12,12,7,6,,,,,,,Women's Football,1,ea-drop-api,270966,https://www.ea.com/games/ea-sports-fc/ratings?playerId=270966,ea-drop-api,ea-drop-api,,fc27,2026-08-28T08:51:40.553Z
272228,Pisco,Raquel,Peña Rodríguez,Pisco,1988-12-20,37,Spain,Spain,45,159,55,C. Adeje Tenerife,116332,Liga F Moeve,,LB,"LB, LM",LM,Defense,Left,74,,69,68,70,68,60,81,71,69,81,69,74,76,77,75,72,72,76,74,72,69,72,74,77,72,76,75,73,71,65,79,83,80,80,75,3,3,12,13,6,5,7,,,,,"Slide Tackle, Relentless",,Women's Football,1,ea-drop-api,272228,https://www.ea.com/games/ea-sports-fc/ratings?playerId=272228,ea-drop-api,ea-drop-api,,fc27,2026-08-28T08:51:40.553Z
267372,Cari Roccaro,Cari,Roccaro,,1994-07-18,32,USA,United States,95,168,60,Chicago Stars FC,116305,NWSL,,CB,"CB, CM, CDM","CM, CDM",Defense,Right,74,,72,70,73,68,70,70,68,53,66,66,70,73,57,67,78,68,55,75,72,34,82,78,74,76,75,65,79,78,69,71,72,72,68,77,3,2,15,9,7,13,8,,,,,Anticipate,,Women's Football,1,ea-drop-api,267372,https://www.ea.com/games/ea-sports-fc/ratings?playerId=267372,ea-drop-api,ea-drop-api,,fc27,2026-08-28T08:51:40.553Z
267250,Dorian Bailey,Dorian,Bailey,,1997-01-28,29,USA,United States,95,160,56,Bay FC,131477,NWSL,,CM,"CM, CAM",CAM,Midfielder,Right,74,,73,74,73,63,61,68,67,59,51,64,73,69,71,60,77,75,66,72,53,75,73,79,81,71,72,57,70,75,74,78,77,83,79,68,3,3,7,9,7,8,7,,,,,"Tiki Taka, Press Proven",,Women's Football,1,ea-drop-api,267250,https://www.ea.com/games/ea-sports-fc/ratings?playerId=267250,ea-drop-api,ea-drop-api,,fc27,2026-08-28T08:51:40.553Z
264907,Amira Arfaoui,Amira,Arfaoui,,1999-08-08,27,Switzerland,Switzerland,47,160,56,SV Werder Bremen,116004,GPFBL,,CM,"CM, RM, CDM","RM, CDM",Midfielder,Right,74,,79,82,77,70,72,67,68,71,61,78,72,74,70,62,77,67,62,77,78,79,78,79,65,59,62,65,49,65,54,70,79,71,69,69,3,3,10,9,15,14,15,,,,,Technical,,Women's Football,1,ea-drop-api,264907,https://www.ea.com/games/ea-sports-fc/ratings?playerId=264907,ea-drop-api,ea-drop-api,,fc27,2026-08-28T08:51:40.553Z
277173,Sarah Jankovska,Sarah,Jankovska,,1999-08-13,27,Denmark,Denmark,13,163,64,Badalona Women,131125,Liga F Moeve,,CDM,"CDM, CM",CM,Midfielder,Right,74,,69,70,69,64,58,74,70,56,58,63,71,70,71,64,72,73,68,74,76,80,71,76,74,70,70,52,74,72,70,78,65,79,81,74,3,3,10,9,11,7,11,,,,,"Power Shot, Intercept, Slide Tackle, Press Proven",,Women's Football,1,ea-drop-api,277173,https://www.ea.com/games/ea-sports-fc/ratings?playerId=277173,ea-drop-api,ea-drop-api,,fc27,2026-08-28T08:51:40.553Z
264910,Caroline Siems,Caroline,Siems,,1999-05-09,27,Germany,Germany,21,164,57,SV Werder Bremen,116004,GPFBL,,LB,"LB, LM",LM,Defense,Right,74,,80,81,79,68,71,66,68,62,49,76,69,72,69,50,74,64,64,74,77,44,75,74,63,72,72,65,76,71,67,62,76,65,60,59,2,3,12,7,12,11,10,,,,,"Finesse Shot, Block",,Women's Football,1,ea-drop-api,264910,https://www.ea.com/games/ea-sports-fc/ratings?playerId=264910,ea-drop-api,ea-drop-api,,fc27,2026-08-28T08:51:40.553Z
246356,Estefanía Banini,Estefanía,Banini,,1990-06-21,36,Argentina,Argentina,52,160,58,Badalona Women,131125,Liga F Moeve,,CM,"CM, CAM, LM","CAM, LM",Midfielder,Right,74,,74,78,71,73,70,79,76,67,74,70,73,71,67,80,79,67,78,78,76,84,80,78,82,58,60,64,48,66,57,67,79,76,72,42,4,4,11,5,8,7,14,,,,,"Finesse Shot, First Touch",,Women's Football,1,ea-drop-api,246356,https://www.ea.com/games/ea-sports-fc/ratings?playerId=246356,ea-drop-api,ea-drop-api,,fc27,2026-08-28T08:51:40.553Z
277048,Ari Mingueza,Ariadna,Mingueza García,Ari Mingueza,2003-03-22,23,Spain,Spain,45,163,52,Granada CF,131391,Liga F Moeve,,CM,"CM, CDM",CDM,Midfielder,Right,74,,72,74,71,70,70,72,73,69,56,71,76,69,71,69,83,80,71,73,68,58,70,75,69,65,62,51,66,73,53,67,70,70,71,51,3,3,14,8,12,5,11,,,,,,,Women's Football,1,ea-drop-api,277048,https://www.ea.com/games/ea-sports-fc/ratings?playerId=277048,ea-drop-api,ea-drop-api,,fc27,2026-08-28T08:51:40.553Z
266918,Missy Bo Kearns,Missy Bo,Kearns,,2001-04-14,25,England,England,14,167,58,Aston Villa,116015,Barclays WSL,,CM,"CM, CAM",CAM,Midfielder,Right,74,,74,75,73,68,69,66,70,65,59,75,77,77,76,74,79,73,75,75,77,60,69,78,60,60,58,51,59,66,62,67,68,75,66,59,3,3,12,13,6,12,7,,,,,"Incisive Pass, Relentless",,Women's Football,1,ea-drop-api,266918,https://www.ea.com/games/ea-sports-fc/ratings?playerId=266918,ea-drop-api,ea-drop-api,,fc27,2026-08-28T08:51:40.553Z
73027,Justine Kielland,Justine,Kielland,,2002-11-22,23,Norway,Norway,36,166,58,VfL Wolfsburg,115998,GPFBL,,CM,CM,,Midfielder,Right,74,,70,68,72,71,73,68,71,57,69,76,70,74,62,63,76,73,50,71,67,60,74,73,68,69,71,65,69,71,62,69,72,75,69,63,2,2,13,13,12,12,8,,,,,,,Women's Football,1,ea-drop-api,73027,https://www.ea.com/games/ea-sports-fc/ratings?playerId=73027,ea-drop-api,ea-drop-api,,fc27,2026-08-28T08:51:40.553Z
267254,Bayley Feist,Bayley,Feist,,1997-03-14,29,USA,United States,95,168,59,KC Current,116309,NWSL,,CDM,"CDM, CAM, CM","CAM, CM",Midfielder,Right,74,,80,81,80,67,71,61,67,52,66,77,70,77,53,60,78,75,57,75,76,63,75,79,68,71,69,58,75,73,71,57,65,60,48,75,3,3,6,10,6,11,9,,,,,,,Women's Football,1,ea-drop-api,267254,https://www.ea.com/games/ea-sports-fc/ratings?playerId=267254,ea-drop-api,ea-drop-api,,fc27,2026-08-28T08:51:40.553Z
275808,Tereza Szewieczková,Tereza,Szewieczková,,1998-05-04,28,Czechia,Czech Republic,12,163,62,Slavia Praha,131360,Ceska Liga Žen,,LM,"LM, ST, LW","ST, LW",Midfielder,Right,74,,67,68,67,72,72,70,78,60,63,74,73,74,71,68,75,72,71,74,65,72,72,77,69,63,60,64,62,68,55,70,71,80,66,67,3,3,10,8,6,11,14,,,,,"Incisive Pass, Press Proven",,Women's Football,1,ea-drop-api,275808,https://www.ea.com/games/ea-sports-fc/ratings?playerId=275808,ea-drop-api,ea-drop-api,,fc27,2026-08-28T08:51:40.553Z
241224,Rebeca Bernal,Rebeca,Bernal,,1997-08-31,28,Mexico,Mexico,83,170,62,Washington Spirit,116304,NWSL,,CB,"CB, CDM, CM","CDM, CM",Defense,Right,74,,74,76,72,56,55,58,65,40,46,44,68,62,68,72,73,68,59,73,72,87,75,76,63,75,76,68,73,78,72,72,80,66,74,70,4,2,13,16,8,7,9,,,,,,,Women's Football,1,ea-drop-api,241224,https://www.ea.com/games/ea-sports-fc/ratings?playerId=241224,ea-drop-api,ea-drop-api,,fc27,2026-08-28T08:51:40.553Z
265233,Sam Tierney,Sam,Tierney,,1998-10-08,27,England,England,14,167,59,,,Barclays WSL,,CDM,"CDM, CM, CB","CM, CB",Midfielder,Right,74,,72,72,72,68,73,64,64,61,61,72,64,63,49,60,75,67,55,68,73,76,75,68,69,73,78,58,76,74,67,72,73,77,71,66,3,2,9,7,14,12,7,,,,,Aerial Fortress,,Women's Football,1,ea-drop-api,265233,https://www.ea.com/games/ea-sports-fc/ratings?playerId=265233,ea-drop-api,ea-drop-api,,fc27,2026-08-28T08:51:40.553Z
264988,Franziska Harsch,Franziska,Harsch,,1997-07-06,29,Germany,Germany,21,182,70,TSG Hoffenheim,115999,GPFBL,,CM,"CM, CDM",CDM,Midfielder,Right,74,,61,73,52,64,59,69,71,55,64,72,70,76,51,65,76,74,66,71,72,68,76,73,70,71,78,65,64,78,66,78,80,78,80,73,2,3,13,9,5,10,7,,,,,"Aerial Fortress, Relentless, Enforcer",,Women's Football,1,ea-drop-api,264988,https://www.ea.com/games/ea-sports-fc/ratings?playerId=264988,ea-drop-api,ea-drop-api,,fc27,2026-08-28T08:51:40.553Z
272266,Lice Chamorro,Lice,Chamorro,,1998-12-22,27,Paraguay,Paraguay,58,172,59,Badalona Women,131125,Liga F Moeve,,ST,ST,,Attack,Right,74,,80,80,80,74,75,74,75,59,69,75,65,65,60,70,73,50,77,72,78,82,69,75,60,46,43,72,45,45,35,78,87,80,79,71,4,3,6,7,10,15,6,,,,,"Finesse Shot, Press Proven",,Women's Football,1,ea-drop-api,272266,https://www.ea.com/games/ea-sports-fc/ratings?playerId=272266,ea-drop-api,ea-drop-api,,fc27,2026-08-28T08:51:40.553Z
269921,Romane Salvador,Romane,Salvador,,1998-05-09,28,France,France,18,170,67,RCD Espanyol,131733,Liga F Moeve,,GK,GK,,Defense,Left,74,,75,49,45,74,13,56,11,9,17,12,74,38,12,13,35,29,25,72,47,57,70,28,55,47,17,12,15,14,14,72,52,29,40,27,3,1,75,74,74,72,72,,,,,,,Women's Football,1,ea-drop-api,269921,https://www.ea.com/games/ea-sports-fc/ratings?playerId=269921,ea-drop-api,ea-drop-api,,fc27,2026-08-28T08:51:40.553Z
272153,Ainoa,Ainoa,Campo Franco,Ainoa,1996-06-17,30,Spain,Spain,45,162,57,RCD Espanyol,131733,Liga F Moeve,,CM,"CM, CDM, CB","CDM, CB",Midfielder,Right,74,,71,72,71,64,64,62,65,59,60,67,70,72,64,63,74,72,54,72,67,59,76,78,71,73,80,69,68,77,70,64,71,76,59,60,2,3,10,12,12,9,13,,,,,"Intercept, Aerial Fortress",,Women's Football,1,ea-drop-api,272153,https://www.ea.com/games/ea-sports-fc/ratings?playerId=272153,ea-drop-api,ea-drop-api,,fc27,2026-08-28T08:51:40.553Z
264978,Katriina Talaslahti,Katriina,Talaslahti,,2000-09-21,25,Finland,Finland,17,181,68,,,Arkema PL,,GK,GK,,Defense,Right,74,,73,45,53,71,14,53,12,10,15,8,70,37,14,13,28,27,20,77,37,53,65,25,45,48,19,9,18,14,10,74,63,30,67,31,2,1,73,71,70,74,77,,,,,,,Women's Football,1,ea-drop-api,264978,https://www.ea.com/games/ea-sports-fc/ratings?playerId=264978,ea-drop-api,ea-drop-api,,fc27,2026-08-28T08:51:40.553Z
73850,Kamilla Melgård,Kamilla,Melgård,,2005-12-16,20,Norway,Norway,36,163,54,Madrid CFF,116334,Liga F Moeve,,ST,"ST, CAM, CM","CAM, CM",Attack,Left,74,,82,83,82,75,77,78,72,66,58,74,69,73,65,61,72,65,62,75,80,81,73,75,65,41,38,57,35,45,41,70,78,72,71,61,4,3,8,5,13,13,9,,,,,,,Women's Football,1,ea-drop-api,73850,https://www.ea.com/games/ea-sports-fc/ratings?playerId=73850,ea-drop-api,ea-drop-api,,fc27,2026-08-28T08:51:40.553Z
267305,Courtney Petersen,Courtney,Petersen,,1997-10-28,28,USA,United States,95,165,58,Rac. Louisville,116308,NWSL,,LB,"LB, CB",CB,Defense,Left,74,,75,73,76,60,54,68,68,53,55,54,69,54,74,70,71,73,72,70,75,72,73,72,73,69,68,67,67,72,74,69,74,76,66,64,3,3,8,8,6,13,11,,,,,,,Women's Football,1,ea-drop-api,267305,https://www.ea.com/games/ea-sports-fc/ratings?playerId=267305,ea-drop-api,ea-drop-api,,fc27,2026-08-28T08:51:40.553Z
72705,Eunate Astralaga,Eunate,Astralaga Aranguren,Eunate Astralaga,2005-11-05,20,Spain,Spain,45,186,70,SD Eibar,116331,Liga F Moeve,,GK,GK,,Defense,Right,74,,76,45,45,73,10,54,11,15,20,15,72,61,18,17,30,20,16,73,41,51,70,21,51,45,16,25,15,22,17,72,71,31,71,30,2,1,76,73,72,72,73,,,,,,,Women's Football,1,ea-drop-api,72705,https://www.ea.com/games/ea-sports-fc/ratings?playerId=72705,ea-drop-api,ea-drop-api,,fc27,2026-08-28T08:51:40.553Z
235593,Sabrina D'Angelo,Sabrina,D'Angelo,,1993-05-11,33,Canada,Canada,70,173,69,Aston Villa,116015,Barclays WSL,,GK,GK,,Defense,Left,74,,73,44,48,72,10,56,10,10,14,10,74,33,14,12,19,24,14,73,34,45,75,16,60,46,13,14,15,12,14,73,67,28,71,19,3,1,73,72,74,73,73,,,,,Footwork,,Women's Football,1,ea-drop-api,235593,https://www.ea.com/games/ea-sports-fc/ratings?playerId=235593,ea-drop-api,ea-drop-api,,fc27,2026-08-28T08:51:40.553Z
247743,Wu Chengshu,Chengshu,Wu,Wu Chengshu,1996-08-26,30,China PR,China PR,155,166,55,,,Arkema PL,,ST,ST,,Attack,Right,74,,85,82,88,73,77,69,73,65,59,74,65,60,55,52,75,65,65,73,71,71,69,76,67,49,41,67,38,58,48,66,79,74,68,47,4,3,9,15,5,9,8,,,,,Rapid,,Women's Football,1,ea-drop-api,247743,https://www.ea.com/games/ea-sports-fc/ratings?playerId=247743,ea-drop-api,ea-drop-api,,fc27,2026-08-28T08:51:40.553Z
272232,Patri Gavira,Patricia,Gavira Collado,Patri Gavira,1989-04-26,37,Spain,Spain,45,171,68,C. Adeje Tenerife,116332,Liga F Moeve,,CB,CB,,Defense,Left,74,,73,75,71,53,45,65,60,59,69,35,65,45,69,69,74,69,58,68,64,71,74,70,77,74,74,67,77,74,70,78,83,71,83,75,3,2,9,9,6,5,9,,,,,"Long Ball Pass, Intercept, Slide Tackle, Aerial Fortress, Bruiser",,Women's Football,1,ea-drop-api,272232,https://www.ea.com/games/ea-sports-fc/ratings?playerId=272232,ea-drop-api,ea-drop-api,,fc27,2026-08-28T08:51:40.553Z
275938,Anna Gasper,Anna,Gasper,,1997-01-03,29,Germany,Germany,21,172,63,SL Benfica,131358,Liga Portugal Feminino,,CM,"CM, CDM",CDM,Midfielder,Right,74,,75,78,72,61,62,57,59,58,59,75,74,77,72,62,76,73,69,74,73,62,69,78,68,64,69,59,57,68,68,63,72,77,61,46,3,3,12,8,7,7,6,,,,,,,Women's Football,1,ea-drop-api,275938,https://www.ea.com/games/ea-sports-fc/ratings?playerId=275938,ea-drop-api,ea-drop-api,,fc27,2026-08-28T08:51:40.553Z
261858,Catarina Amado,Catarina Isabel,Silva Amado,Catarina Amado,1999-07-21,27,Portugal,Portugal,38,168,58,SL Benfica,131358,Liga Portugal Feminino,,RB,"RB, LB, RM","LB, RM",Defense,Right,74,,77,79,75,60,60,65,58,39,56,64,66,56,70,48,73,68,61,69,63,80,70,73,65,68,66,65,69,69,72,70,75,82,62,72,3,3,9,12,13,10,10,,,,,,,Women's Football,1,ea-drop-api,261858,https://www.ea.com/games/ea-sports-fc/ratings?playerId=261858,ea-drop-api,ea-drop-api,,fc27,2026-08-28T08:51:40.553Z
265009,Dina Orschmann,Dina,Orschmann,,1998-01-08,28,Germany,Germany,21,167,59,Union Berlin,132589,GPFBL,,LW,"LW, LM",LM,Attack,Right,74,,80,79,81,73,76,71,69,66,68,73,71,71,74,61,73,67,67,73,76,69,68,74,70,50,45,65,43,54,52,63,73,71,59,59,3,3,9,9,15,14,11,,,,,,,Women's Football,1,ea-drop-api,265009,https://www.ea.com/games/ea-sports-fc/ratings?playerId=265009,ea-drop-api,ea-drop-api,,fc27,2026-08-28T08:51:40.553Z
265118,Charlotte Voll,Charlotte,Voll,,1999-04-22,27,Germany,Germany,21,178,68,Leverkusen,115996,GPFBL,,GK,GK,,Defense,Right,74,,72,45,51,71,12,55,14,9,15,9,73,35,13,10,33,30,24,75,53,58,73,29,40,47,17,15,15,11,10,72,55,33,47,20,2,1,72,71,73,72,75,,,,,,,Women's Football,1,ea-drop-api,265118,https://www.ea.com/games/ea-sports-fc/ratings?playerId=265118,ea-drop-api,ea-drop-api,,fc27,2026-08-28T08:51:40.553Z
272204,Allegra Poljak,Allegra,Poljak,,1999-02-05,27,Serbia,Serbia,51,162,56,Madrid CFF,116334,Liga F Moeve,,RB,"RB, RM, LB","RM, LB",Defense,Right,74,,71,70,72,56,56,65,50,50,51,59,71,67,75,60,76,67,62,71,75,67,76,74,62,71,71,63,80,69,62,70,72,83,70,55,3,3,8,12,13,13,13,,,,,,,Women's Football,1,ea-drop-api,272204,https://www.ea.com/games/ea-sports-fc/ratings?playerId=272204,ea-drop-api,ea-drop-api,,fc27,2026-08-28T08:51:40.553Z
276775,Marie Petiteau,Marie,Petiteau,,2002-06-12,24,France,France,18,180,68,Montpellier,116037,Arkema PL,,GK,GK,,Defense,Right,74,,74,39,47,74,9,53,8,7,17,11,71,27,12,13,32,26,14,76,35,38,67,18,38,42,15,14,13,13,12,73,61,35,60,28,2,1,74,74,71,73,76,,,,,Far Throw,,Women's Football,1,ea-drop-api,276775,https://www.ea.com/games/ea-sports-fc/ratings?playerId=276775,ea-drop-api,ea-drop-api,,fc27,2026-08-28T08:51:40.553Z
264885,Manon Revelli,Manon,Revelli,,2001-11-26,24,France,France,18,166,59,RC Lens,132588,Arkema PL,,RB,"RB, LB, RM","LB, RM",Defense,Right,74,,78,76,79,54,46,63,65,50,47,54,66,57,71,45,75,58,61,68,72,76,66,70,67,72,68,68,70,76,73,71,77,75,67,73,4,3,6,11,15,10,7,,,,,"Jockey, Block, Relentless, Long Throw",,Women's Football,1,ea-drop-api,264885,https://www.ea.com/games/ea-sports-fc/ratings?playerId=264885,ea-drop-api,ea-drop-api,,fc27,2026-08-28T08:51:40.553Z
269145,Aleksandra Zaremba,Aleksandra,Zaremba,,2001-02-19,25,Poland,Poland,37,165,56,C. Adeje Tenerife,116332,Liga F Moeve,,RB,"RB, RM",RM,Defense,Right,74,,71,70,72,57,54,67,58,46,43,58,71,71,73,42,75,68,69,72,64,81,69,74,81,70,70,68,70,71,68,68,71,80,63,67,3,3,11,10,8,9,6,,,,,Long Throw,,Women's Football,1,ea-drop-api,269145,https://www.ea.com/games/ea-sports-fc/ratings?playerId=269145,ea-drop-api,ea-drop-api,,fc27,2026-08-28T08:51:40.553Z
271040,Jaedyn Shaw,Jaedyn,Shaw,,2004-11-20,21,USA,United States,95,167,58,NC Courage,116303,NWSL,,CAM,"CAM, ST, LW","ST, LW",Midfielder,Right,74,,82,82,82,71,69,77,69,71,70,73,72,68,70,67,76,70,71,75,72,64,73,77,66,44,41,66,35,50,34,65,79,67,68,52,3,3,9,6,7,8,13,,,,,"Incisive Pass, Pinged Pass",,Women's Football,1,ea-drop-api,271040,https://www.ea.com/games/ea-sports-fc/ratings?playerId=271040,ea-drop-api,ea-drop-api,,fc27,2026-08-28T08:51:40.553Z
279699,Claire Hutton,Claire,Hutton,,2006-01-11,20,USA,United States,95,168,60,KC Current,116309,NWSL,,CDM,"CDM, CM",CM,Midfielder,Left,74,,64,63,65,65,60,68,76,56,50,68,70,72,60,57,80,69,52,75,56,69,70,83,67,68,75,55,67,70,66,67,66,71,67,64,4,3,14,10,12,5,7,,,,,Aerial Fortress,,Women's Football,1,ea-drop-api,279699,https://www.ea.com/games/ea-sports-fc/ratings?playerId=279699,ea-drop-api,ea-drop-api,,fc27,2026-08-28T08:51:40.553Z
265378,Marlene Müller,Marlene,Müller,,2000-10-24,25,Germany,Germany,21,167,58,RB Leipzig,116021,GPFBL,,LM,"LM, RM, LB","RM, LB",Midfielder,Right,74,,71,74,69,66,69,62,63,61,60,79,69,70,70,45,74,65,60,72,67,67,75,74,63,59,60,62,47,69,61,71,74,80,68,68,2,3,9,10,9,9,11,,,,,,,Women's Football,1,ea-drop-api,265378,https://www.ea.com/games/ea-sports-fc/ratings?playerId=265378,ea-drop-api,ea-drop-api,,fc27,2026-08-28T08:51:40.553Z
267245,Meredith Speck,Meredith,Speck,,1993-02-01,33,USA,United States,95,160,55,NC Courage,116303,NWSL,,CM,"CM, LM",LM,Midfielder,Left,74,,69,67,70,66,68,62,67,61,59,75,75,78,76,58,78,68,72,74,70,72,76,76,78,65,70,59,66,68,45,59,61,69,51,66,3,3,11,5,11,9,10,,,,,,,Women's Football,1,ea-drop-api,267245,https://www.ea.com/games/ea-sports-fc/ratings?playerId=267245,ea-drop-api,ea-drop-api,,fc27,2026-08-28T08:51:40.553Z
272073,Lucía Pardo,Lucía,Pardo Méndez,Lucía Pardo,2000-01-05,26,Spain,Spain,45,170,55,Real Sociedad,116336,Liga F Moeve,,ST,"ST, CAM",CAM,Attack,Right,74,,84,83,84,74,70,79,80,70,65,72,71,68,69,77,75,65,79,77,80,79,69,75,66,38,32,69,31,40,33,64,78,72,63,52,3,3,13,10,12,12,10,,,,,,,Women's Football,1,ea-drop-api,272073,https://www.ea.com/games/ea-sports-fc/ratings?playerId=272073,ea-drop-api,ea-drop-api,,fc27,2026-08-28T08:51:40.553Z
272099,Macarena Portales,Macarena,Portales Nieto,Macarena Portales,1998-08-02,28,Spain,Spain,45,162,54,Atlético de Madrid,116327,Liga F Moeve,,LM,"LM, LW, RW","LW, RW",Midfielder,Right,74,,80,81,80,71,70,75,73,63,67,77,68,70,63,64,75,61,60,76,84,75,70,75,70,41,41,54,35,45,35,72,73,79,69,70,4,4,14,10,13,14,6,,,,,"Incisive Pass, Technical, Quick Step",,Women's Football,1,ea-drop-api,272099,https://www.ea.com/games/ea-sports-fc/ratings?playerId=272099,ea-drop-api,ea-drop-api,,fc27,2026-08-28T08:51:40.553Z
275784,Lauri,Laura,Requena Sánchez,Lauri,1990-05-25,36,Spain,Spain,45,170,53,Granada CF,131391,Liga F Moeve,,ST,"ST, LM, CAM","LM, CAM",Attack,Right,74,,75,73,76,72,72,73,71,75,65,77,72,68,70,72,76,70,72,75,82,77,75,75,72,42,44,72,45,32,30,72,79,86,68,61,2,3,13,5,9,12,11,,,,,"Precision Header, Relentless",,Women's Football,1,ea-drop-api,275784,https://www.ea.com/games/ea-sports-fc/ratings?playerId=275784,ea-drop-api,ea-drop-api,,fc27,2026-08-28T08:51:40.553Z
278194,Lucía Corrales,Lucía,Corrales Álvarez,Lucía Corrales,2005-11-24,20,Spain,Spain,45,172,60,London City,132176,Barclays WSL,,LB,"LB, LW, LM","LW, LM",Defense,Left,74,,77,77,77,52,59,45,47,32,38,61,69,61,70,70,74,67,70,75,79,50,60,78,55,71,74,60,73,72,69,64,73,74,61,55,3,4,8,9,13,6,9,,,,,"Technical, Long Throw",,Women's Football,1,ea-drop-api,278194,https://www.ea.com/games/ea-sports-fc/ratings?playerId=278194,ea-drop-api,ea-drop-api,,fc27,2026-08-28T08:51:40.553Z
272013,Nuria Mendoza,Nuria,Mendoza Miralles,Nuria Mendoza,1995-12-15,30,Spain,Spain,45,170,66,Madrid CFF,116334,Liga F Moeve,,CB,CB,,Defense,Right,74,,70,70,70,53,49,67,51,44,55,55,70,65,60,46,80,79,50,65,69,83,79,74,66,74,77,73,77,71,69,75,83,72,79,67,2,2,14,7,14,15,8,,,,,"Long Ball Pass, Intercept",,Women's Football,1,ea-drop-api,272013,https://www.ea.com/games/ea-sports-fc/ratings?playerId=272013,ea-drop-api,ea-drop-api,,fc27,2026-08-28T08:51:40.553Z
246633,Halimatu Ayinde,Halimatu,Ayinde,,1995-05-16,31,Nigeria,Nigeria,133,165,59,FC Rosengård,131362,Sverige Liga,,CDM,"CDM, CM",CM,Midfielder,Right,74,,69,68,69,62,71,68,50,22,50,58,62,63,39,52,74,73,45,69,74,76,69,73,69,73,73,57,72,78,72,71,68,78,68,69,3,3,12,12,13,5,10,,,,,Incisive Pass,,Women's Football,1,ea-drop-api,246633,https://www.ea.com/games/ea-sports-fc/ratings?playerId=246633,ea-drop-api,ea-drop-api,,fc27,2026-08-28T08:51:40.553Z
265026,Sophie Weidauer,Sophie,Weidauer,,2002-02-10,24,Germany,Germany,21,168,60,Union Berlin,132589,GPFBL,,ST,ST,,Attack,Right,74,,79,77,81,73,76,73,72,57,64,76,64,65,45,64,74,65,53,71,66,63,74,75,59,51,51,67,43,53,49,68,79,61,72,63,4,3,9,14,7,5,12,,,,,Intercept,,Women's Football,1,ea-drop-api,265026,https://www.ea.com/games/ea-sports-fc/ratings?playerId=265026,ea-drop-api,ea-drop-api,,fc27,2026-08-28T08:51:40.553Z
265046,Laureta Elmazi,Laureta,Elmazi,,2003-06-26,23,Germany,Germany,21,175,64,,,GPFBL,,LM,"LM, RM, LW","RM, LW",Midfielder,Right,74,,74,73,74,71,72,69,73,67,55,78,71,70,73,67,72,69,63,72,76,53,76,73,67,53,49,64,51,53,55,65,73,65,66,60,3,3,14,14,14,9,8,,,,,,,Women's Football,1,ea-drop-api,265046,https://www.ea.com/games/ea-sports-fc/ratings?playerId=265046,ea-drop-api,ea-drop-api,,fc27,2026-08-28T08:51:40.553Z
265254,Becky Spencer,Becky,Spencer,,1991-02-22,35,Jamaica,Jamaica,82,167,57,Chelsea,116010,Barclays WSL,,GK,GK,,Defense,Right,74,,74,42,45,73,16,50,13,12,24,9,67,57,18,17,31,35,15,71,32,51,71,26,58,43,11,9,10,15,15,78,62,25,65,22,2,1,74,73,67,78,71,,,,,"Far Throw, Deflector",,Women's Football,1,ea-drop-api,265254,https://www.ea.com/games/ea-sports-fc/ratings?playerId=265254,ea-drop-api,ea-drop-api,,fc27,2026-08-28T08:51:40.553Z
277699,Sydney Schertenleib,Sydney,Schertenleib,,2007-01-30,19,Switzerland,Switzerland,47,178,63,FC Barcelona,116325,Liga F Moeve,,CAM,"CAM, CM, LW, ST","CM, LW, ST",Midfielder,Right,74,,77,77,77,62,58,66,69,55,56,70,70,73,62,48,79,69,44,76,75,68,67,79,60,53,56,60,46,56,50,68,78,60,74,58,3,3,9,15,12,9,8,,,,,Technical,,Women's Football,1,ea-drop-api,277699,https://www.ea.com/games/ea-sports-fc/ratings?playerId=277699,ea-drop-api,ea-drop-api,,fc27,2026-08-28T08:51:40.553Z
264889,Janina Leitzig,Janina,Leitzig,,1999-04-16,27,Germany,Germany,21,184,72,,,Barclays WSL,,GK,GK,,Defense,Right,74,,72,38,36,72,11,56,10,11,25,14,75,64,10,12,36,35,11,74,40,35,71,23,48,37,16,9,17,15,12,75,65,25,74,18,3,1,72,72,75,75,74,,,,,"Far Throw, Footwork, Far Reach",,Women's Football,1,ea-drop-api,264889,https://www.ea.com/games/ea-sports-fc/ratings?playerId=264889,ea-drop-api,ea-drop-api,,fc27,2026-08-28T08:51:40.553Z
267225,Madison Pogarch,Madison,Pogarch,,1997-11-05,28,USA,United States,95,167,59,Utah Royals FC,131478,NWSL,,LB,"LB, RB, LM","RB, LM",Defense,Left,74,,80,80,80,50,47,54,52,49,43,51,67,57,70,63,72,67,66,70,78,65,73,72,68,69,68,62,70,71,72,69,77,72,70,63,3,3,13,9,12,9,8,,,,,Quick Step,,Women's Football,1,ea-drop-api,267225,https://www.ea.com/games/ea-sports-fc/ratings?playerId=267225,ea-drop-api,ea-drop-api,,fc27,2026-08-28T08:51:40.553Z
267505,Jordan Baggett,Jordan,Baggett,,1996-10-28,29,USA,United States,95,168,59,Rac. Louisville,116308,NWSL,,CM,"CM, CAM",CAM,Midfielder,Right,74,,75,76,75,72,74,68,75,45,68,80,70,77,53,67,78,75,47,75,68,73,74,78,68,57,64,52,42,67,60,56,65,59,55,53,3,3,7,9,12,14,13,,,,,,,Women's Football,1,ea-drop-api,267505,https://www.ea.com/games/ea-sports-fc/ratings?playerId=267505,ea-drop-api,ea-drop-api,,fc27,2026-08-28T08:51:40.553Z
272340,Ramona Maier,Ramona,Maier,,1995-09-19,30,Germany,Germany,21,166,59,,,GPFBL,,ST,ST,,Attack,Right,74,,78,75,80,73,73,75,72,73,60,78,67,66,68,67,73,54,70,70,79,75,76,68,74,47,46,74,28,54,55,70,83,69,73,60,3,4,13,10,9,5,13,,,,,Enforcer,,Women's Football,1,ea-drop-api,272340,https://www.ea.com/games/ea-sports-fc/ratings?playerId=272340,ea-drop-api,ea-drop-api,,fc27,2026-08-28T08:51:40.553Z
265019,Marie Höbinger,Marie,Höbinger,,2001-07-01,25,Austria,Austria,4,162,57,Liverpool,116343,Barclays WSL,,CM,"CM, CDM, CAM","CDM, CAM",Midfielder,Left,74,,67,66,67,63,66,62,69,21,48,76,71,77,64,65,75,73,46,72,60,64,71,77,63,67,68,64,66,71,60,64,68,74,61,57,4,3,14,8,11,11,14,,,,,"Dead Ball, Long Ball Pass",,Women's Football,1,ea-drop-api,265019,https://www.ea.com/games/ea-sports-fc/ratings?playerId=265019,ea-drop-api,ea-drop-api,,fc27,2026-08-28T08:51:40.553Z
267286,Ryan Gareis,Ryan,Gareis,,1998-11-13,27,USA,United States,95,170,61,Houston Dash,116306,NWSL,,LM,"LM, LW",LW,Midfielder,Right,74,,68,70,67,69,71,68,69,59,67,69,74,70,76,70,77,71,68,73,72,31,70,78,68,48,46,64,52,41,42,72,74,73,71,72,3,3,11,6,7,6,10,,,,,,,Women's Football,1,ea-drop-api,267286,https://www.ea.com/games/ea-sports-fc/ratings?playerId=267286,ea-drop-api,ea-drop-api,,fc27,2026-08-28T08:51:40.553Z
267314,Jordyn Bloomer,Jordyn,Bloomer,,1997-10-14,28,USA,United States,95,173,68,Rac. Louisville,116308,NWSL,,GK,GK,,Defense,Right,74,,72,46,43,70,8,50,11,9,18,9,67,57,8,12,29,24,10,78,36,58,73,11,29,45,9,11,8,13,8,72,57,35,52,13,2,1,72,70,67,72,78,,,,,,,Women's Football,1,ea-drop-api,267314,https://www.ea.com/games/ea-sports-fc/ratings?playerId=267314,ea-drop-api,ea-drop-api,,fc27,2026-08-28T08:51:40.553Z
272341,Annalena Rieke,Annalena,Rieke,,1999-01-10,27,Germany,Germany,21,172,63,Roma,116282,Calcio A Femminile,,CDM,"CDM, CM",CM,Midfielder,Right,74,,51,53,49,68,72,67,66,44,55,77,74,74,73,59,76,78,62,69,49,48,74,76,73,69,70,64,68,73,63,73,71,73,76,68,2,3,7,13,8,7,8,,,,,Precision Header,,Women's Football,1,ea-drop-api,272341,https://www.ea.com/games/ea-sports-fc/ratings?playerId=272341,ea-drop-api,ea-drop-api,,fc27,2026-08-28T08:51:40.553Z
264929,Sofie Zdebel,Sofie,Zdebel,,2004-08-08,22,Germany,Germany,21,160,55,Leverkusen,115996,GPFBL,,CM,"CM, CDM",CDM,Midfielder,Left,74,,64,60,67,62,66,55,61,59,55,66,66,74,42,62,76,70,56,72,58,85,76,76,64,70,76,32,73,76,70,69,53,82,64,68,2,3,5,11,9,13,10,,,,,,,Women's Football,1,ea-drop-api,264929,https://www.ea.com/games/ea-sports-fc/ratings?playerId=264929,ea-drop-api,ea-drop-api,,fc27,2026-08-28T08:51:40.553Z
265145,Luca-Emily Birkholz,Luca-Emily,Birkholz,,2003-11-20,22,Germany,Germany,21,177,62,SC Freiburg,116002,GPFBL,,ST,ST,,Attack,Right,74,,74,73,75,74,75,74,73,68,67,78,63,59,60,63,68,59,59,71,70,71,75,74,71,53,40,72,38,69,55,68,81,69,72,55,3,2,14,11,10,7,12,,,,,,,Women's Football,1,ea-drop-api,265145,https://www.ea.com/games/ea-sports-fc/ratings?playerId=265145,ea-drop-api,ea-drop-api,,fc27,2026-08-28T08:51:40.553Z
268649,Alexandria Lamontagne,Alexandria,Lamontagne,,1996-07-27,30,Canada,Canada,70,168,65,,,Arkema PL,,ST,"ST, LM, LW","LM, LW",Attack,Right,74,,83,81,84,73,75,74,71,65,72,75,62,60,57,63,68,59,59,72,75,75,73,71,69,35,30,73,34,31,26,78,92,82,87,45,3,3,9,10,9,14,13,,,,,,,Women's Football,1,ea-drop-api,268649,https://www.ea.com/games/ea-sports-fc/ratings?playerId=268649,ea-drop-api,ea-drop-api,,fc27,2026-08-28T08:51:40.553Z
271165,Meriame Terchoun,Meriame,Terchoun,,1995-10-27,30,Switzerland,Switzerland,47,162,55,,,Arkema PL,,LM,"LM, RM, LW","RM, LW",Midfielder,Right,74,,75,74,76,68,69,69,68,59,65,71,72,73,73,68,75,64,66,75,80,77,69,76,70,52,55,55,53,49,45,61,67,68,59,58,3,3,9,6,13,14,11,,,,,Technical,,Women's Football,1,ea-drop-api,271165,https://www.ea.com/games/ea-sports-fc/ratings?playerId=271165,ea-drop-api,ea-drop-api,,fc27,2026-08-28T08:51:40.553Z
272246,Sandra Castelló,Sandra,Castelló Oliver,Sandra Castelló,1993-08-07,33,Spain,Spain,45,171,58,C. Adeje Tenerife,116332,Liga F Moeve,,CDM,"CDM, CM",CM,Midfielder,Right,74,,59,56,62,64,63,69,70,32,50,70,66,70,49,60,75,65,55,68,65,66,75,71,65,71,77,53,71,73,67,75,65,79,75,73,3,2,11,11,6,10,10,,,,,"Block, Intercept, Anticipate, Aerial Fortress",,Women's Football,1,ea-drop-api,272246,https://www.ea.com/games/ea-sports-fc/ratings?playerId=272246,ea-drop-api,ea-drop-api,,fc27,2026-08-28T08:51:40.553Z
272274,Lydia Andrade,Lydia,Andrade,,1999-02-20,27,Switzerland,Switzerland,47,167,62,1. FC Köln,116003,GPFBL,,RM,"RM, LM, RW","LM, RW",Midfielder,Right,74,,77,80,74,66,66,67,69,61,50,76,70,72,70,65,75,62,65,74,80,56,68,75,69,48,54,43,45,54,34,68,68,65,72,64,2,3,5,11,5,11,7,,,,,"Block, Technical",,Women's Football,1,ea-drop-api,272274,https://www.ea.com/games/ea-sports-fc/ratings?playerId=272274,ea-drop-api,ea-drop-api,,fc27,2026-08-28T08:51:40.553Z
279693,Eileen Campbell,Eileen,Campbell,,2000-09-17,25,Austria,Austria,4,166,57,Union Berlin,132589,GPFBL,,ST,"ST, CAM",CAM,Attack,Right,74,,76,78,74,73,73,74,72,64,70,78,64,65,50,47,74,63,56,75,74,72,75,77,68,50,46,65,35,66,43,65,77,60,69,58,3,3,10,9,6,8,10,,,,,,,Women's Football,1,ea-drop-api,279693,https://www.ea.com/games/ea-sports-fc/ratings?playerId=279693,ea-drop-api,ea-drop-api,,fc27,2026-08-28T08:51:40.553Z
265070,Lisa Kolb,Lisa,Kolb,,2001-05-04,25,Austria,Austria,4,164,56,SC Freiburg,116002,GPFBL,,RM,"RM, LM, RW","LM, RW",Midfielder,Right,74,,73,75,72,71,70,70,73,68,70,74,72,75,67,64,75,68,70,76,77,75,75,80,68,46,50,61,33,52,40,64,73,68,67,50,3,3,7,13,11,15,6,,,,,Technical,,Women's Football,1,ea-drop-api,265070,https://www.ea.com/games/ea-sports-fc/ratings?playerId=265070,ea-drop-api,ea-drop-api,,fc27,2026-08-28T08:51:40.553Z
265352,Lily Woodham,Lily,Woodham,,2000-09-03,25,Wales,Wales,50,167,59,Liverpool,116343,Barclays WSL,,LB,"LB, LM",LM,Defense,Left,74,,76,76,76,53,47,68,48,41,62,61,65,49,69,73,70,67,72,66,74,72,70,73,60,73,76,68,75,73,68,69,75,77,62,75,3,3,11,5,14,8,9,,,,,,,Women's Football,1,ea-drop-api,265352,https://www.ea.com/games/ea-sports-fc/ratings?playerId=265352,ea-drop-api,ea-drop-api,,fc27,2026-08-28T08:51:40.553Z
72221,Millene Cabral,Millene,Cabral,Millene Cabral,1997-11-29,28,Brazil,Brazil,54,164,57,RC Deportivo,131720,Liga F Moeve,,ST,"ST, CAM",CAM,Attack,Right,74,,81,80,81,73,73,72,77,64,67,75,68,71,61,65,73,66,65,78,75,72,75,76,72,31,21,66,20,37,32,70,77,81,68,60,3,4,6,8,14,14,6,,,,,Technical,,Women's Football,1,ea-drop-api,72221,https://www.ea.com/games/ea-sports-fc/ratings?playerId=72221,ea-drop-api,ea-drop-api,,fc27,2026-08-28T08:51:40.553Z
245962,Karen Araya,Karen,Araya,,1990-10-16,35,Chile,Chile,55,164,64,FC Nantes,116417,Arkema PL,,CM,"CM, CAM, CDM","CAM, CDM",Midfielder,Right,74,,52,63,43,70,63,77,81,52,72,70,78,84,74,75,78,77,82,69,55,77,74,75,81,62,65,65,62,60,59,70,71,73,70,65,3,3,10,13,12,10,11,,,,,,,Women's Football,1,ea-drop-api,245962,https://www.ea.com/games/ea-sports-fc/ratings?playerId=245962,ea-drop-api,ea-drop-api,,fc27,2026-08-28T08:51:40.553Z
271819,Paula Flach,Paula,Flach,,2003-05-02,23,Germany,Germany,21,163,56,,,GPFBL,,LB,"LB, CB",CB,Defense,Left,74,,71,73,69,52,52,49,49,63,55,55,70,64,72,67,74,68,66,67,64,58,74,72,65,73,71,69,75,73,72,68,74,72,63,73,2,2,6,14,15,10,12,,,,,,,Women's Football,1,ea-drop-api,271819,https://www.ea.com/games/ea-sports-fc/ratings?playerId=271819,ea-drop-api,ea-drop-api,,fc27,2026-08-28T08:51:40.553Z
275779,Naima García,Naima,García Aguilar,Naima García,1998-06-24,28,Spain,Spain,45,160,54,RCD Espanyol,131733,Liga F Moeve,,LM,"LM, ST, CAM, LW","ST, CAM, LW",Midfielder,Left,74,,75,75,75,71,70,69,72,71,73,75,69,69,67,72,71,65,65,74,78,67,78,74,70,47,41,65,45,50,40,65,73,83,61,49,3,4,9,10,10,9,10,,,,,Incisive Pass,,Women's Football,1,ea-drop-api,275779,https://www.ea.com/games/ea-sports-fc/ratings?playerId=275779,ea-drop-api,ea-drop-api,,fc27,2026-08-28T08:51:40.553Z
267334,Kristen Hamilton,Kristen,Hamilton,,1992-04-17,34,USA,United States,95,163,57,KC Current,116309,NWSL,,ST,ST,,Attack,Right,74,,76,74,77,75,77,72,75,71,72,85,66,67,63,66,71,62,54,73,73,78,79,76,82,42,45,61,37,39,36,68,74,66,70,66,4,3,7,12,10,8,9,,,,,,,Women's Football,1,ea-drop-api,267334,https://www.ea.com/games/ea-sports-fc/ratings?playerId=267334,ea-drop-api,ea-drop-api,,fc27,2026-08-28T08:51:40.553Z
272111,Sonia Majarín,Sonia,Garcia Majarín,Sonia Majarín,2002-12-06,23,Spain,Spain,45,170,59,Badalona Women,131125,Liga F Moeve,,CB,"CB, CDM, CM","CDM, CM",Defense,Left,74,,70,69,70,52,51,50,55,47,52,55,69,65,53,74,78,72,67,63,63,64,74,73,62,73,75,70,75,73,70,73,77,66,75,75,3,2,12,11,11,13,10,,,,,,,Women's Football,1,ea-drop-api,272111,https://www.ea.com/games/ea-sports-fc/ratings?playerId=272111,ea-drop-api,ea-drop-api,,fc27,2026-08-28T08:51:40.553Z
273405,Nadine Riesen,Nadine,Riesen,,2000-04-11,26,Switzerland,Switzerland,47,166,59,Frankfurt,115997,GPFBL,,LB,"LB, RB, LM","RB, LM",Defense,Left,74,,70,71,69,59,65,59,49,38,63,60,65,59,73,52,75,50,48,69,54,59,73,77,62,73,67,71,76,74,75,64,76,68,61,63,2,2,7,13,12,10,9,,,,,Rapid,,Women's Football,1,ea-drop-api,273405,https://www.ea.com/games/ea-sports-fc/ratings?playerId=273405,ea-drop-api,ea-drop-api,,fc27,2026-08-28T08:51:40.553Z
245835,Mina Tanaka,Mina,Tanaka,,1994-04-28,32,Japan,Japan,163,164,56,Utah Royals FC,131478,NWSL,,CAM,"CAM, CM, ST","CM, ST",Midfielder,Right,74,,71,74,69,69,71,68,66,61,62,84,64,71,43,60,74,67,43,74,75,64,75,80,63,52,64,63,30,66,42,69,74,78,69,58,3,3,9,10,5,9,12,,,,,,,Women's Football,1,ea-drop-api,245835,https://www.ea.com/games/ea-sports-fc/ratings?playerId=245835,ea-drop-api,ea-drop-api,,fc27,2026-08-28T08:51:40.553Z
271347,Katrine Veje,Katrine,Veje,,1991-06-19,35,Denmark,Denmark,13,174,61,Roma,116282,Calcio A Femminile,,CB,CB,,Defense,Left,74,,66,63,68,45,38,61,45,34,59,43,73,58,72,66,82,77,71,68,61,50,76,76,75,75,72,68,78,77,72,72,73,70,72,72,3,2,12,7,10,9,13,,,,,,,Women's Football,1,ea-drop-api,271347,https://www.ea.com/games/ea-sports-fc/ratings?playerId=271347,ea-drop-api,ea-drop-api,,fc27,2026-08-28T08:51:40.553Z
244301,Lisa Schmitz,Lisa,Schmitz,,1992-05-04,34,Germany,Germany,21,174,65,1. FC Köln,116003,GPFBL,,GK,GK,,Defense,Right,74,,71,30,42,72,10,53,11,8,15,7,71,24,16,14,30,18,16,73,48,53,75,18,39,35,13,16,12,14,12,76,61,35,67,18,2,1,71,72,71,76,73,,,,,Rush Out,,Women's Football,1,ea-drop-api,244301,https://www.ea.com/games/ea-sports-fc/ratings?playerId=244301,ea-drop-api,ea-drop-api,,fc27,2026-08-28T08:51:40.553Z
273010,Kathrine Møller Kühl,Kathrine Møller,Kühl,,2003-07-05,23,Denmark,Denmark,13,172,60,Roma,116282,Calcio A Femminile,,CM,"CM, RM",RM,Midfielder,Right,74,,66,69,63,59,55,59,64,68,61,71,66,71,40,56,80,73,41,74,62,53,68,79,66,65,67,43,63,73,66,68,60,72,67,67,3,3,6,7,15,14,11,,,,,Press Proven,,Women's Football,1,ea-drop-api,273010,https://www.ea.com/games/ea-sports-fc/ratings?playerId=273010,ea-drop-api,ea-drop-api,,fc27,2026-08-28T08:51:40.553Z
267529,Marie-Yasmine Alidou,Marie-Yasmine,Alidou,,1995-04-28,31,Canada,Canada,70,160,65,Portland Thorns,116302,NWSL,,CAM,"CAM, CM",CM,Midfielder,Right,74,,73,74,72,73,78,70,68,65,74,72,72,73,66,65,78,69,60,75,69,74,68,78,69,42,38,78,34,43,36,62,81,62,62,59,5,3,12,10,7,12,10,,,,,Precision Header,,Women's Football,1,ea-drop-api,267529,https://www.ea.com/games/ea-sports-fc/ratings?playerId=267529,ea-drop-api,ea-drop-api,,fc27,2026-08-28T08:51:40.553Z
267243,Brittany Ratcliffe,Brittany,Ratcliffe,,1994-02-07,32,USA,United States,95,163,52,Washington Spirit,116304,NWSL,,RM,"RM, RW",RW,Midfielder,Right,74,,72,71,72,71,73,71,67,68,69,81,71,68,69,59,77,68,67,72,72,74,78,77,71,41,38,74,37,37,37,69,79,74,69,58,3,3,12,13,6,11,8,,,,,Finesse Shot,,Women's Football,1,ea-drop-api,267243,https://www.ea.com/games/ea-sports-fc/ratings?playerId=267243,ea-drop-api,ea-drop-api,,fc27,2026-08-28T08:51:40.553Z
268012,Natalie Jacobs,Natalie,Jacobs,,1997-08-16,29,USA,United States,95,173,64,Houston Dash,116306,NWSL,,CB,"CB, RB",RB,Defense,Right,74,,75,76,74,47,44,57,54,32,40,25,63,33,68,47,77,70,69,65,40,62,71,75,55,75,75,75,76,74,75,68,80,71,64,73,3,2,15,7,11,9,11,,,,,,,Women's Football,1,ea-drop-api,268012,https://www.ea.com/games/ea-sports-fc/ratings?playerId=268012,ea-drop-api,ea-drop-api,,fc27,2026-08-28T08:51:40.553Z
79446,Sharn Freier,Sharn,Freier,,2001-07-24,25,Australia,Australia,195,164,55,VfL Wolfsburg,115998,GPFBL,,LW,"LW, LM",LM,Attack,Left,74,,83,82,83,68,69,68,66,65,68,71,70,69,73,62,72,68,66,76,79,77,66,76,66,35,36,44,31,37,31,59,60,68,54,59,3,3,11,9,10,10,12,,,,,,,Women's Football,1,ea-drop-api,79446,https://www.ea.com/games/ea-sports-fc/ratings?playerId=79446,ea-drop-api,ea-drop-api,,fc27,2026-08-28T08:51:40.553Z
274847,Vanessa Diehm,Vanessa,Diehm,,2004-03-22,22,Germany,Germany,21,168,58,TSG Hoffenheim,115999,GPFBL,,CM,"CM, CDM",CDM,Midfielder,Right,74,,66,64,68,63,66,59,63,32,60,77,64,72,32,56,76,72,50,73,76,70,74,76,64,60,81,58,36,72,59,65,66,70,64,61,2,2,11,8,9,13,5,,,,,"Intercept, Aerial Fortress",,Women's Football,1,ea-drop-api,274847,https://www.ea.com/games/ea-sports-fc/ratings?playerId=274847,ea-drop-api,ea-drop-api,,fc27,2026-08-28T08:51:40.553Z
265289,Katie Robinson,Katie,Robinson,,2002-08-08,24,England,England,14,160,56,Everton,116016,Barclays WSL,,RM,"RM, LM, RW","LM, RW",Midfielder,Right,74,,81,81,81,66,68,66,65,61,53,76,67,71,72,51,71,55,60,74,74,77,70,75,72,38,46,50,38,32,26,64,70,71,62,57,3,3,6,8,15,6,12,,,,,"Whipped Pass, Rapid",,Women's Football,1,ea-drop-api,265289,https://www.ea.com/games/ea-sports-fc/ratings?playerId=265289,ea-drop-api,ea-drop-api,,fc27,2026-08-28T08:51:40.553Z
265956,Morgane Martins,Morgane,Martins,,1998-01-03,28,Portugal,Portugal,38,155,50,FC Fleury 91,116036,Arkema PL,,LB,"LB, LM",LM,Defense,Left,74,,74,76,72,46,46,50,44,43,42,54,65,56,70,39,74,60,67,67,71,91,67,70,62,70,74,59,69,73,70,68,72,81,65,60,3,3,6,15,9,9,6,,,,,"Jockey, Block, Intercept, Anticipate",,Women's Football,1,ea-drop-api,265956,https://www.ea.com/games/ea-sports-fc/ratings?playerId=265956,ea-drop-api,ea-drop-api,,fc27,2026-08-28T08:51:40.553Z
270895,Eva Kouache,Eva,Kouache,,2000-01-07,26,France,France,18,163,53,Havre AC,116416,Arkema PL,,RB,"RB, RM",RM,Defense,Right,74,,78,82,74,49,49,57,42,39,40,54,63,52,67,38,72,58,64,66,66,72,65,70,61,70,74,63,69,70,72,63,73,85,55,51,3,2,12,5,11,8,12,,,,,Block,,Women's Football,1,ea-drop-api,270895,https://www.ea.com/games/ea-sports-fc/ratings?playerId=270895,ea-drop-api,ea-drop-api,,fc27,2026-08-28T08:51:40.553Z
76998,Josefine Rybrink,Josefine,Rybrink,,1998-01-19,28,Sweden,Sweden,46,168,60,Spurs,116011,Barclays WSL,,CB,CB,,Defense,Right,74,,63,62,64,48,58,49,34,33,40,27,56,47,30,47,78,65,28,67,57,79,80,77,68,76,77,55,80,79,76,74,69,77,75,68,3,2,13,9,14,15,13,,,,,,,Women's Football,1,ea-drop-api,76998,https://www.ea.com/games/ea-sports-fc/ratings?playerId=76998,ea-drop-api,ea-drop-api,,fc27,2026-08-28T08:51:40.553Z
268948,María Molina,María,Molina Molero,María Molina,2000-05-09,26,Spain,Spain,45,173,64,Real Sociedad,116336,Liga F Moeve,,CB,CB,,Defense,Right,74,,66,69,64,44,42,59,35,24,59,45,61,63,27,60,80,70,34,64,67,58,69,70,66,74,74,70,75,75,72,75,80,67,81,70,2,2,7,13,15,6,5,,,,,"Intercept, Slide Tackle",,Women's Football,1,ea-drop-api,268948,https://www.ea.com/games/ea-sports-fc/ratings?playerId=268948,ea-drop-api,ea-drop-api,,fc27,2026-08-28T08:51:40.553Z
275968,Regina van Eijk,Regina,van Eijk,,2002-03-09,24,Netherlands,Holland,34,174,61,Ajax,131359,Nederland Vrouwen Liga,,GK,GK,,Defense,Right,74,,73,23,21,72,12,51,13,11,19,11,68,21,17,12,16,14,15,76,22,25,71,14,19,22,15,12,13,11,14,73,40,26,30,14,2,1,73,72,68,73,76,,,,,,,Women's Football,1,ea-drop-api,275968,https://www.ea.com/games/ea-sports-fc/ratings?playerId=275968,ea-drop-api,ea-drop-api,,fc27,2026-08-28T08:51:40.553Z
265948,Célya Barclais,Célya,Barclais,,2001-04-17,25,France,France,18,162,60,Badalona Women,131125,Liga F Moeve,,LB,"LB, RB, CB, LM","RB, CB, LM",Defense,Right,74,,72,70,74,44,46,44,41,43,40,45,65,53,74,35,75,58,58,65,71,75,69,72,59,72,73,66,71,75,72,65,70,73,62,60,3,2,11,10,11,5,7,,,,,Anticipate,,Women's Football,1,ea-drop-api,265948,https://www.ea.com/games/ea-sports-fc/ratings?playerId=265948,ea-drop-api,ea-drop-api,,fc27,2026-08-28T08:51:40.553Z
267379,Belle Briede,Belle,Briede,,1998-10-03,27,USA,United States,95,168,59,Houston Dash,116306,NWSL,,CM,"CM, CAM",CAM,Midfielder,Right,74,,46,49,44,67,66,67,73,53,62,74,69,77,51,64,76,70,55,74,73,69,76,77,76,66,70,54,65,70,65,58,52,73,50,63,3,3,15,8,11,7,12,,,,,,,Women's Football,1,ea-drop-api,267379,https://www.ea.com/games/ea-sports-fc/ratings?playerId=267379,ea-drop-api,ea-drop-api,,fc27,2026-08-28T08:51:40.553Z
267322,Nealy Martin,Nealy,Martin,,1998-04-22,28,USA,United States,95,170,62,Angel City FC,116311,NWSL,,CDM,"CDM, CM, CB","CM, CB",Midfielder,Right,74,,59,65,54,49,45,54,52,47,47,48,68,66,64,48,76,69,57,66,65,71,70,70,70,77,79,70,76,78,79,59,59,73,44,80,3,2,10,10,14,13,15,,,,,"Intercept, Aerial Fortress, Long Throw",,Women's Football,1,ea-drop-api,267322,https://www.ea.com/games/ea-sports-fc/ratings?playerId=267322,ea-drop-api,ea-drop-api,,fc27,2026-08-28T08:51:40.553Z
267343,Izzy Rodriguez,Izzy,Rodriguez,,1999-04-13,27,USA,United States,95,160,57,KC Current,116309,NWSL,,LB,"LB, LM",LM,Defense,Left,74,,56,55,57,54,44,68,69,42,45,41,72,68,78,69,72,71,71,62,32,80,78,70,59,74,79,60,75,76,72,60,61,66,55,65,3,3,14,10,8,14,13,,,,,Whipped Pass,,Women's Football,1,ea-drop-api,267343,https://www.ea.com/games/ea-sports-fc/ratings?playerId=267343,ea-drop-api,ea-drop-api,,fc27,2026-08-28T08:51:40.553Z
273255,Imane Saoud,Imane,Saoud,,2002-06-06,24,Morocco,Morocco,129,170,58,FC Nantes,116417,Arkema PL,,RW,"RW, LW, RM","LW, RM",Attack,Right,74,,77,79,75,68,73,63,68,57,59,70,70,69,70,62,76,64,66,76,73,68,63,79,70,33,28,53,25,38,33,54,66,65,55,35,4,3,11,6,7,9,11,,,,,,,Women's Football,1,ea-drop-api,273255,https://www.ea.com/games/ea-sports-fc/ratings?playerId=273255,ea-drop-api,ea-drop-api,,fc27,2026-08-28T08:51:40.553Z
265334,Megan Finnigan,Megan,Finnigan,,1998-04-02,28,England,England,14,174,59,Everton,116016,Barclays WSL,,CB,CB,,Defense,Right,74,,55,59,52,43,34,58,45,44,50,41,65,58,43,59,79,73,60,62,61,53,73,70,73,75,72,74,77,75,77,73,77,68,74,74,3,2,8,10,13,7,7,,,,,Block,,Women's Football,1,ea-drop-api,265334,https://www.ea.com/games/ea-sports-fc/ratings?playerId=265334,ea-drop-api,ea-drop-api,,fc27,2026-08-28T08:51:40.553Z
269657,Guðrún Arnardóttir,Guðrún,Arnardóttir,,1995-07-29,31,Iceland,Iceland,24,171,68,FC Rosengård,131362,Sverige Liga,,CB,CB,,Defense,Right,74,,67,65,68,34,34,33,35,30,51,27,59,58,32,42,76,69,31,64,68,51,77,68,58,76,75,73,78,76,72,72,76,77,69,73,3,2,9,11,9,13,7,,,,,,,Women's Football,1,ea-drop-api,269657,https://www.ea.com/games/ea-sports-fc/ratings?playerId=269657,ea-drop-api,ea-drop-api,,fc27,2026-08-28T08:51:40.553Z
247530,Emilie Nautnes,Emilie,Nautnes,,1999-01-13,27,Norway,Norway,36,168,65,Madrid CFF,116334,Liga F Moeve,,ST,ST,,Attack,Right,74,,79,80,78,74,81,69,63,81,62,79,58,60,55,45,65,49,49,74,75,71,78,77,59,23,18,62,18,20,19,58,72,70,57,42,3,3,11,14,14,14,9,,,,,,,Women's Football,1,ea-drop-api,247530,https://www.ea.com/games/ea-sports-fc/ratings?playerId=247530,ea-drop-api,ea-drop-api,,fc27,2026-08-28T08:51:40.553Z
266240,Cortnee Vine,Cortnee,Vine,,1998-04-09,28,Australia,Australia,195,165,60,NC Courage,116303,NWSL,,LW,"LW, ST, LM","ST, LM",Attack,Right,74,,79,80,78,67,75,61,65,45,50,75,66,67,68,41,72,56,62,76,77,91,70,77,66,33,24,41,20,49,35,45,49,77,34,29,3,3,7,12,11,13,9,,,,,,,Women's Football,1,ea-drop-api,266240,https://www.ea.com/games/ea-sports-fc/ratings?playerId=266240,ea-drop-api,ea-drop-api,,fc27,2026-08-28T08:51:40.553Z
273403,Julia Stierli,Julia,Stierli,,1997-04-03,29,Switzerland,Switzerland,47,182,77,SC Freiburg,116002,GPFBL,,CB,CB,,Defense,Left,74,,55,55,55,48,54,56,36,23,59,30,52,39,31,25,76,56,30,55,55,60,71,69,62,75,76,73,77,75,71,74,79,60,81,71,2,2,8,11,11,12,8,,,,,Bruiser,,Women's Football,1,ea-drop-api,273403,https://www.ea.com/games/ea-sports-fc/ratings?playerId=273403,ea-drop-api,ea-drop-api,,fc27,2026-08-28T08:51:40.553Z
265350,Gemma Evans,Gemma,Evans,,1996-08-01,30,Wales,Wales,50,170,59,Liverpool,116343,Barclays WSL,,CB,CB,,Defense,Left,74,,36,32,40,47,41,63,45,42,47,54,60,56,40,52,70,72,52,63,56,67,70,68,77,77,80,75,78,76,73,75,68,78,74,77,3,2,10,11,10,10,14,,,,,Long Ball Pass,,Women's Football,1,ea-drop-api,265350,https://www.ea.com/games/ea-sports-fc/ratings?playerId=265350,ea-drop-api,ea-drop-api,,fc27,2026-08-28T08:51:40.553Z
275813,Diana Bartovičová,Diana,Bartovičová,,1993-05-20,33,Slovakia,Slovakia,43,173,61,Slavia Praha,131360,Ceska Liga Žen,,CB,CB,,Defense,Right,74,,56,58,54,41,41,39,46,19,65,20,54,29,27,66,76,70,40,58,49,49,73,62,71,77,76,71,79,79,69,71,75,59,73,78,3,2,7,10,9,7,13,,,,,Bruiser,,Women's Football,1,ea-drop-api,275813,https://www.ea.com/games/ea-sports-fc/ratings?playerId=275813,ea-drop-api,ea-drop-api,,fc27,2026-08-28T08:51:40.553Z
272657,Lisann Kaut,Lisann,Kaut,,2000-08-24,26,Germany,Germany,21,173,61,TSG Hoffenheim,115999,GPFBL,,LB,"LB, LM",LM,Defense,Left,74,,71,63,77,37,36,55,25,29,32,41,57,33,69,31,73,50,46,57,54,83,72,71,55,73,69,77,73,75,72,61,76,68,61,48,2,2,14,12,7,10,7,,,,,,,Women's Football,1,ea-drop-api,272657,https://www.ea.com/games/ea-sports-fc/ratings?playerId=272657,ea-drop-api,ea-drop-api,,fc27,2026-08-28T08:51:40.553Z
275525,Luisa Guttenberger,Luisa,Guttenberger,,1998-12-01,27,Germany,Germany,21,166,57,1. FC Nürnberg,131386,GPFBL,,CB,CB,,Defense,Right,74,,55,52,58,42,39,50,42,28,60,24,55,37,44,38,75,59,34,57,39,61,73,70,68,76,76,73,77,76,74,68,71,65,69,69,2,2,11,7,13,9,6,,,,,,,Women's Football,1,ea-drop-api,275525,https://www.ea.com/games/ea-sports-fc/ratings?playerId=275525,ea-drop-api,ea-drop-api,,fc27,2026-08-28T08:51:40.553Z
268908,Megan Reid,Megan,Reid,,1999-07-09,27,Canada,Canada,70,173,67,Angel City FC,116311,NWSL,,CB,CB,,Defense,Right,74,,55,52,58,40,35,55,42,33,38,35,49,32,28,37,68,62,33,59,49,58,76,64,60,78,74,68,80,81,79,66,67,60,69,68,2,2,7,14,10,12,13,,,,,,,Women's Football,1,ea-drop-api,268908,https://www.ea.com/games/ea-sports-fc/ratings?playerId=268908,ea-drop-api,ea-drop-api,,fc27,2026-08-28T08:51:40.553Z
267242,Brianna Pinto,Brianna,Pinto,,2000-05-24,26,USA,United States,95,165,56,NC Courage,116303,NWSL,,ST,"ST, LM, LW","LM, LW",Attack,Right,73,,84,85,84,68,68,70,69,62,62,69,72,76,65,56,80,68,60,76,80,72,77,80,68,63,71,68,45,71,67,72,83,67,72,76,4,3,13,9,5,14,8,,,,,,,Women's Football,1,ea-drop-api,267242,https://www.ea.com/games/ea-sports-fc/ratings?playerId=267242,ea-drop-api,ea-drop-api,,fc27,2026-08-28T08:51:40.553Z
270619,Salomé Elisor,Salomé,Elisor,,1997-01-21,29,France,France,18,174,62,Marseille,132370,Arkema PL,,CM,"CM, CDM",CDM,Midfielder,Right,73,,71,73,69,67,65,75,68,55,58,68,72,79,59,58,78,75,65,74,70,68,67,77,76,65,66,75,65,64,57,76,83,69,74,87,4,2,10,6,6,12,5,,,,,"First Touch, Press Proven, Bruiser",,Women's Football,1,ea-drop-api,270619,https://www.ea.com/games/ea-sports-fc/ratings?playerId=270619,ea-drop-api,ea-drop-api,,fc27,2026-08-28T08:51:40.553Z
270612,Silke Demeyere,Silke,Demeyere,,1992-06-20,34,Belgium,Belgium,7,158,48,Havre AC,116416,Arkema PL,,LB,"LB, CM, LM","CM, LM",Defense,Left,73,,74,70,77,67,65,75,70,51,63,66,70,67,71,68,71,69,72,76,81,90,66,73,68,69,68,61,70,72,67,66,63,84,51,80,3,3,10,5,11,6,6,,,,,"Block, Relentless",,Women's Football,1,ea-drop-api,270612,https://www.ea.com/games/ea-sports-fc/ratings?playerId=270612,ea-drop-api,ea-drop-api,,fc27,2026-08-28T08:51:40.553Z
276771,Malou Marcetto,Malou,Marcetto,,2003-04-16,23,Denmark,Denmark,13,178,66,Madrid CFF,116334,Liga F Moeve,,CM,"CM, CDM, CAM","CDM, CAM",Midfielder,Right,73,,71,74,69,69,66,78,73,53,66,68,71,73,67,63,76,69,63,72,69,54,71,77,67,69,72,62,70,69,63,70,76,71,71,64,3,3,13,12,7,11,12,,,,,,,Women's Football,1,ea-drop-api,276771,https://www.ea.com/games/ea-sports-fc/ratings?playerId=276771,ea-drop-api,ea-drop-api,,fc27,2026-08-28T08:51:40.553Z
275395,Maïté Boucly,Maïté,Boucly,,2001-10-04,24,France,France,18,175,55,Havre AC,116416,Arkema PL,,LM,"LM, LB, LW","LB, LW",Midfielder,Left,73,,73,69,76,67,60,80,73,57,67,73,72,68,70,67,77,69,72,72,58,54,69,76,67,67,67,66,65,69,67,69,72,80,67,59,2,3,13,13,5,11,12,,,,,Dead Ball,,Women's Football,1,ea-drop-api,275395,https://www.ea.com/games/ea-sports-fc/ratings?playerId=275395,ea-drop-api,ea-drop-api,,fc27,2026-08-28T08:51:40.553Z
275932,Pauleta,Paula,Domínguez Encinas,Pauleta,1997-08-11,29,Spain,Spain,45,171,61,SL Benfica,131358,Liga Portugal Feminino,,CDM,"CDM, CM",CM,Midfielder,Right,73,,67,64,70,71,67,80,76,58,65,73,74,76,68,57,79,75,71,71,62,59,71,74,72,70,74,68,69,71,66,66,70,72,63,65,3,3,12,10,6,14,9,,,,,Power Shot,,Women's Football,1,ea-drop-api,275932,https://www.ea.com/games/ea-sports-fc/ratings?playerId=275932,ea-drop-api,ea-drop-api,,fc27,2026-08-28T08:51:40.553Z
73025,Taylor Ziemer,Taylor,Ziemer,,1998-07-16,28,USA,United States,95,175,61,1. FC Köln,116003,GPFBL,,ST,"ST, CM, CAM","CM, CAM",Attack,Right,73,,74,71,77,71,73,70,71,64,65,75,68,72,49,62,76,69,66,73,66,53,78,76,72,60,72,63,45,68,53,72,76,77,72,65,2,2,14,7,7,11,7,,,,,,,Women's Football,1,ea-drop-api,73025,https://www.ea.com/games/ea-sports-fc/ratings?playerId=73025,ea-drop-api,ea-drop-api,,fc27,2026-08-28T08:51:40.553Z
275587,Esperanza Pizarro,Esperanza,Pizarro,,2001-04-15,25,Uruguay,Uruguay,60,162,52,RC Deportivo,131720,Liga F Moeve,,CM,"CM, ST, CAM","ST, CAM",Midfielder,Right,73,,69,69,69,74,74,73,77,66,61,77,74,76,72,71,75,73,66,72,70,73,65,75,71,60,60,64,54,69,50,69,74,74,71,54,3,3,8,7,10,14,15,,,,,"Dead Ball, Aerial Fortress, Technical",,Women's Football,1,ea-drop-api,275587,https://www.ea.com/games/ea-sports-fc/ratings?playerId=275587,ea-drop-api,ea-drop-api,,fc27,2026-08-28T08:51:40.553Z
265034,Carlotta Wamser,Carlotta,Wamser,,2003-11-01,22,Germany,Germany,21,167,60,Leverkusen,115996,GPFBL,,RB,"RB, ST, RM","ST, RM",Defense,Right,73,,73,74,73,66,66,68,63,63,62,71,65,63,67,56,71,59,58,70,77,60,74,71,68,71,72,73,70,71,65,72,80,72,70,73,3,3,11,9,7,15,8,,,,,,,Women's Football,1,ea-drop-api,265034,https://www.ea.com/games/ea-sports-fc/ratings?playerId=265034,ea-drop-api,ea-drop-api,,fc27,2026-08-28T08:51:40.553Z
271893,Bruninha,Bruna,Santos Nhaia,Bruninha,2002-06-16,24,Brazil,Brazil,54,157,61,Gotham FC,116310,NWSL,,RB,"RB, RM",RM,Defense,Right,73,,77,76,78,57,46,71,69,59,45,60,69,64,73,67,69,70,73,76,76,82,68,77,66,69,65,67,73,68,71,69,81,69,76,49,3,2,9,11,11,10,14,,,,,"Tiki Taka, Press Proven, Long Throw",,Women's Football,1,ea-drop-api,271893,https://www.ea.com/games/ea-sports-fc/ratings?playerId=271893,ea-drop-api,ea-drop-api,,fc27,2026-08-28T08:51:40.553Z
265234,Shannon O'Brien,Shannon,O'Brien,,2001-10-05,24,England,England,14,171,64,,,Barclays WSL,,ST,"ST, LM, RM, CAM","LM, RM, CAM",Attack,Right,73,,71,71,71,70,69,75,69,62,57,79,60,78,48,45,68,43,51,77,73,64,74,76,58,67,69,70,67,67,64,71,78,59,74,76,3,3,11,8,5,15,12,,,,,,,Women's Football,1,ea-drop-api,265234,https://www.ea.com/games/ea-sports-fc/ratings?playerId=265234,ea-drop-api,ea-drop-api,,fc27,2026-08-28T08:51:40.553Z
277039,Alara Şehitler,Alara,Şehitler,,2006-11-27,19,Germany,Germany,21,174,60,FC Bayern München,115995,GPFBL,,RM,"RM, CAM, RW","CAM, RW",Midfielder,Left,73,,70,67,73,73,74,74,76,57,67,72,72,74,69,68,74,70,68,73,73,66,68,77,69,59,59,51,55,66,54,68,68,64,74,57,3,3,12,5,15,12,9,,,,,,,Women's Football,1,ea-drop-api,277039,https://www.ea.com/games/ea-sports-fc/ratings?playerId=277039,ea-drop-api,ea-drop-api,,fc27,2026-08-28T08:51:40.553Z
277812,Danique Noordman,Danique,Noordman,,2004-02-21,22,Netherlands,Holland,34,168,59,Ajax,131359,Nederland Vrouwen Liga,,CM,"CM, LB",LB,Midfielder,Right,73,,71,72,70,66,69,64,66,54,58,68,72,73,70,52,76,74,58,71,70,64,72,75,63,68,70,60,66,73,58,66,71,72,64,60,2,3,12,6,12,11,10,,,,,,,Women's Football,1,ea-drop-api,277812,https://www.ea.com/games/ea-sports-fc/ratings?playerId=277812,ea-drop-api,ea-drop-api,,fc27,2026-08-28T08:51:40.553Z
269213,Romane Enguehard,Romane,Enguehard,,1999-07-05,27,France,France,18,163,54,Havre AC,116416,Arkema PL,,LB,"LB, RB, CM, RM","RB, CM, RM",Defense,Right,73,,71,64,76,66,69,62,64,59,61,70,68,66,65,58,74,67,63,74,72,71,69,76,68,68,73,45,65,74,71,64,57,83,58,55,3,3,11,15,8,11,11,,,,,"Jockey, Relentless",,Women's Football,1,ea-drop-api,269213,https://www.ea.com/games/ea-sports-fc/ratings?playerId=269213,ea-drop-api,ea-drop-api,,fc27,2026-08-28T08:51:40.553Z
272137,Sara Ortega,Sara,Ortega Ruiz,Sara Ortega,2005-02-20,21,Spain,Spain,45,154,48,Athletic Club,116328,Liga F Moeve,,LM,"LM, LW, RM, LB","LW, RM, LB",Midfielder,Right,73,,79,78,79,71,74,68,71,65,55,69,69,64,68,63,76,65,62,74,76,79,63,74,61,55,45,51,61,58,52,63,69,73,63,50,3,3,14,10,14,10,12,,,,,Rapid,,Women's Football,1,ea-drop-api,272137,https://www.ea.com/games/ea-sports-fc/ratings?playerId=272137,ea-drop-api,ea-drop-api,,fc27,2026-08-28T08:51:40.553Z
272826,Ary Borges,Ariadina,Alves Borges,Ary Borges,1999-12-28,26,Brazil,Brazil,54,165,60,Rac. Louisville,116308,NWSL,,CM,"CM, CDM",CDM,Midfielder,Right,73,,72,71,73,74,75,74,72,72,71,74,68,69,56,66,74,70,61,76,72,78,73,78,64,63,67,67,46,73,70,58,68,75,54,45,3,3,12,11,8,11,8,,,,,"Slide Tackle, Press Proven",,Women's Football,1,ea-drop-api,272826,https://www.ea.com/games/ea-sports-fc/ratings?playerId=272826,ea-drop-api,ea-drop-api,,fc27,2026-08-28T08:51:40.553Z
272085,Berta Pujadas,Berta,Pujadas Boix,Berta Pujadas,2000-04-09,26,Spain,Spain,45,172,66,Badalona Women,131125,Liga F Moeve,,CB,CB,,Defense,Right,73,,74,68,78,65,62,72,65,65,55,65,63,48,45,60,80,65,70,59,71,72,70,70,70,72,75,70,75,70,65,77,80,78,81,65,3,2,10,14,10,9,10,,,,,Slide Tackle,,Women's Football,1,ea-drop-api,272085,https://www.ea.com/games/ea-sports-fc/ratings?playerId=272085,ea-drop-api,ea-drop-api,,fc27,2026-08-28T08:51:40.553Z
277951,Lily Yohannes,Lily,Yohannes,,2007-06-12,19,USA,United States,95,174,59,OL Lyonnes,116033,Arkema PL,,CM,CM,,Midfielder,Right,73,,69,69,69,68,72,64,68,54,58,70,68,73,57,56,74,70,59,76,77,67,73,79,63,63,68,56,56,69,58,65,66,73,61,63,2,2,8,7,12,10,12,,,,,,,Women's Football,1,ea-drop-api,277951,https://www.ea.com/games/ea-sports-fc/ratings?playerId=277951,ea-drop-api,ea-drop-api,,fc27,2026-08-28T08:51:40.553Z
76201,Ella Peddemors,Ella,Peddemors,,2002-08-06,24,Netherlands,Holland,34,172,60,VfL Wolfsburg,115998,GPFBL,,CM,CM,,Midfielder,Right,73,,69,71,68,66,66,67,67,58,62,67,68,72,50,56,76,74,61,71,66,76,73,75,70,69,68,58,68,73,69,65,67,75,59,68,3,2,9,11,15,13,11,,,,,,,Women's Football,1,ea-drop-api,76201,https://www.ea.com/games/ea-sports-fc/ratings?playerId=76201,ea-drop-api,ea-drop-api,,fc27,2026-08-28T08:51:40.553Z
264935,Cara Bösl,Cara,Bösl,,1997-02-11,29,Germany,Germany,21,173,66,Union Berlin,132589,GPFBL,,GK,GK,,Defense,Right,73,,73,48,41,74,8,57,15,8,20,6,76,54,8,24,20,15,14,71,46,56,69,32,56,45,10,6,13,12,12,69,59,31,56,19,3,1,73,74,76,69,71,,,,,,,Women's Football,1,ea-drop-api,264935,https://www.ea.com/games/ea-sports-fc/ratings?playerId=264935,ea-drop-api,ea-drop-api,,fc27,2026-08-28T08:51:40.553Z
271845,Alena Bienz,Alena,Bienz,,2003-03-05,23,Switzerland,Switzerland,47,167,61,SC Freiburg,116002,GPFBL,,LM,"LM, ST, LW","ST, LW",Midfielder,Right,73,,77,78,76,71,72,72,72,63,54,77,68,67,67,50,72,67,62,72,68,72,73,74,63,50,47,65,39,58,52,70,79,73,71,59,2,3,8,11,14,8,15,,,,,,,Women's Football,1,ea-drop-api,271845,https://www.ea.com/games/ea-sports-fc/ratings?playerId=271845,ea-drop-api,ea-drop-api,,fc27,2026-08-28T08:51:40.553Z
246235,Lucy Staniforth,Lucy,Staniforth,,1992-10-02,33,England,England,14,157,54,Aston Villa,116015,Barclays WSL,,CM,"CM, CAM, CDM","CAM, CDM",Midfielder,Right,73,,75,78,73,66,66,68,69,53,53,71,71,71,60,64,78,72,64,77,82,81,75,77,75,63,73,45,59,68,60,55,57,70,46,56,3,3,5,8,10,9,8,,,,,,,Women's Football,1,ea-drop-api,246235,https://www.ea.com/games/ea-sports-fc/ratings?playerId=246235,ea-drop-api,ea-drop-api,,fc27,2026-08-28T08:51:40.553Z
264058,Rebecka Blomqvist,Rebecka,Blomqvist,,1997-07-24,29,Sweden,Sweden,46,167,58,Frankfurt,115997,GPFBL,,ST,"ST, CM",CM,Attack,Right,73,,77,76,77,70,72,72,64,72,65,73,69,68,67,65,73,68,63,78,83,80,73,81,70,46,42,72,33,51,48,67,83,67,71,52,3,3,10,10,14,9,10,,,,,,,Women's Football,1,ea-drop-api,264058,https://www.ea.com/games/ea-sports-fc/ratings?playerId=264058,ea-drop-api,ea-drop-api,,fc27,2026-08-28T08:51:40.553Z
265124,Rieke Dieckmann,Rieke,Dieckmann,,1996-08-16,30,Germany,Germany,21,167,59,SV Werder Bremen,116004,GPFBL,,CM,"CM, CDM",CDM,Midfielder,Left,73,,64,72,58,67,69,68,65,59,54,76,72,73,65,64,78,74,64,70,51,78,70,74,73,64,67,52,65,64,65,70,71,70,73,62,2,3,8,12,12,15,9,,,,,,,Women's Football,1,ea-drop-api,265124,https://www.ea.com/games/ea-sports-fc/ratings?playerId=265124,ea-drop-api,ea-drop-api,,fc27,2026-08-28T08:51:40.553Z
271952,Laura Vogt,Laura,Vogt,,2001-05-13,25,Germany,Germany,21,161,57,1. FC Köln,116003,GPFBL,,CB,"CB, CDM",CDM,Defense,Right,73,,68,72,65,65,65,63,67,57,61,69,65,68,44,55,74,70,63,68,63,80,75,75,66,76,78,62,76,79,78,65,66,81,54,74,2,2,7,9,12,5,7,,,,,Slide Tackle,,Women's Football,1,ea-drop-api,271952,https://www.ea.com/games/ea-sports-fc/ratings?playerId=271952,ea-drop-api,ea-drop-api,,fc27,2026-08-28T08:51:40.553Z
272202,Iris Arnaiz,Iris,Arnaiz Gil,Iris Arnaiz,1994-05-18,32,Spain,Spain,45,167,60,Sevilla FC,116337,Liga F Moeve,,CDM,"CDM, CM, CB","CM, CB",Midfielder,Right,73,,68,68,68,60,52,79,58,60,62,69,67,63,62,55,73,68,62,65,69,67,75,73,72,73,74,73,72,74,71,74,80,77,74,71,3,3,12,8,14,7,7,,,,,,,Women's Football,1,ea-drop-api,272202,https://www.ea.com/games/ea-sports-fc/ratings?playerId=272202,ea-drop-api,ea-drop-api,,fc27,2026-08-28T08:51:40.553Z
265292,Maisie Symonds,Maisie,Symonds,,2003-02-02,23,England,England,14,173,65,Brighton,116013,Barclays WSL,,CM,"CM, CDM",CDM,Midfielder,Right,73,,68,73,63,67,68,71,68,60,48,73,70,74,54,47,78,77,59,73,68,73,65,76,60,64,66,49,58,73,68,64,68,58,71,52,3,3,12,14,15,10,11,,,,,,,Women's Football,1,ea-drop-api,265292,https://www.ea.com/games/ea-sports-fc/ratings?playerId=265292,ea-drop-api,ea-drop-api,,fc27,2026-08-28T08:51:40.553Z
267332,Kate Del Fava,Kate,Del Fava,,1998-07-23,28,USA,United States,95,173,57,Utah Royals FC,131478,NWSL,,CB,CB,,Defense,Right,73,,72,72,72,49,48,54,49,43,41,58,69,63,70,51,75,66,66,70,62,61,77,76,67,74,75,66,74,77,75,72,77,75,72,65,3,3,6,12,6,6,10,,,,,"Precision Header, Aerial Fortress",,Women's Football,1,ea-drop-api,267332,https://www.ea.com/games/ea-sports-fc/ratings?playerId=267332,ea-drop-api,ea-drop-api,,fc27,2026-08-28T08:51:40.553Z
272038,Paula Perea,Paula,Perea Ramírez,Paula Perea,1996-06-19,30,Spain,Spain,45,157,52,RCD Espanyol,131733,Liga F Moeve,,LB,"LB, LM",LM,Defense,Left,73,,71,72,70,49,45,61,40,37,55,69,69,70,73,48,73,65,49,70,66,67,74,72,65,70,74,60,73,68,64,77,78,75,77,81,3,3,14,8,8,11,12,,,,,"Block, Intercept, Slide Tackle, Bruiser",,Women's Football,1,ea-drop-api,272038,https://www.ea.com/games/ea-sports-fc/ratings?playerId=272038,ea-drop-api,ea-drop-api,,fc27,2026-08-28T08:51:40.553Z
79520,Naomi Luyet,Naomi,Luyet,,2005-12-19,20,Switzerland,Switzerland,47,167,58,TSG Hoffenheim,115999,GPFBL,,LM,"LM, RM, LW","RM, LW",Midfielder,Right,73,,79,76,81,70,70,71,74,67,65,67,68,68,70,66,67,66,69,76,77,72,62,77,64,51,53,64,44,54,43,60,71,67,57,54,4,4,13,13,13,11,6,,,,,"Gamechanger, Inventive",,Women's Football,1,ea-drop-api,79520,https://www.ea.com/games/ea-sports-fc/ratings?playerId=79520,ea-drop-api,ea-drop-api,,fc27,2026-08-28T08:51:40.553Z
265123,Ricarda Walkling,Ricarda,Walkling,,1997-03-19,29,Germany,Germany,21,160,55,SV Werder Bremen,116004,GPFBL,,CM,CM,,Midfielder,Right,73,,64,63,65,63,59,66,69,59,63,74,69,72,60,55,74,72,71,71,65,74,74,73,67,67,73,54,65,72,63,70,64,78,68,68,3,3,10,9,9,11,15,,,,,Rapid,,Women's Football,1,ea-drop-api,265123,https://www.ea.com/games/ea-sports-fc/ratings?playerId=265123,ea-drop-api,ea-drop-api,,fc27,2026-08-28T08:51:40.553Z
265840,Cyrielle Blanc,Cyrielle,Blanc,,2003-01-23,23,France,France,18,176,66,Montpellier,116037,Arkema PL,,CM,"CM, CDM",CDM,Midfielder,Right,73,,55,37,70,64,69,57,66,49,53,73,69,71,55,49,78,74,58,71,67,49,72,74,68,69,72,51,67,76,66,76,62,73,83,68,3,3,8,6,9,10,10,,,,,Aerial Fortress,,Women's Football,1,ea-drop-api,265840,https://www.ea.com/games/ea-sports-fc/ratings?playerId=265840,ea-drop-api,ea-drop-api,,fc27,2026-08-28T08:51:40.553Z
274754,Ana Vitória,Ana Vitória,Araújo,Ana Vitória,2000-03-06,26,Brazil,Brazil,54,173,65,Atlético de Madrid,116327,Liga F Moeve,,CAM,"CAM, CM",CM,Midfielder,Right,73,,72,72,72,66,71,63,60,57,64,72,72,71,70,63,78,67,62,76,74,76,75,77,81,54,43,67,40,68,61,64,73,68,62,64,3,3,6,6,9,9,9,,,,,,,Women's Football,1,ea-drop-api,274754,https://www.ea.com/games/ea-sports-fc/ratings?playerId=274754,ea-drop-api,ea-drop-api,,fc27,2026-08-28T08:51:40.553Z
79449,Smilla Vallotto,Smilla,Vallotto,,2004-03-23,22,Switzerland,Switzerland,47,172,64,VfL Wolfsburg,115998,GPFBL,,CM,"CM, CAM, CDM","CAM, CDM",Midfielder,Right,73,,68,67,69,66,66,66,67,57,67,65,73,75,65,64,78,74,65,73,76,73,68,76,68,61,65,52,62,64,53,62,61,74,58,58,4,3,14,12,12,8,6,,,,,,,Women's Football,1,ea-drop-api,79449,https://www.ea.com/games/ea-sports-fc/ratings?playerId=79449,ea-drop-api,ea-drop-api,,fc27,2026-08-28T08:51:40.553Z
273280,Marit Bratberg Lund,Marit Bratberg,Lund,,1997-11-07,28,Norway,Norway,36,167,58,SL Benfica,131358,Liga Portugal Feminino,,LB,"LB, CB, LM","CB, LM",Defense,Left,73,,66,63,68,67,66,76,66,47,70,58,70,62,74,70,73,69,65,64,59,72,68,68,61,71,71,68,69,74,74,65,69,72,63,62,2,3,9,6,10,10,12,,,,,,,Women's Football,1,ea-drop-api,273280,https://www.ea.com/games/ea-sports-fc/ratings?playerId=273280,ea-drop-api,ea-drop-api,,fc27,2026-08-28T08:51:40.553Z
261863,Lisa Lichtfus,Lisa,Lichtfus,,1999-12-28,26,Belgium,Belgium,7,172,60,Havre AC,116416,Arkema PL,,GK,GK,,Defense,Right,73,,69,41,47,75,9,51,8,9,12,9,68,34,12,11,25,21,14,76,44,47,67,17,33,43,13,12,12,13,11,71,52,36,45,18,3,1,69,75,68,71,76,,,,,"Cross Claimer, Deflector",,Women's Football,1,ea-drop-api,261863,https://www.ea.com/games/ea-sports-fc/ratings?playerId=261863,ea-drop-api,ea-drop-api,,fc27,2026-08-28T08:51:40.553Z
272342,Rebecca Adamczyk,Rebecca,Adamczyk,,2005-04-03,21,Germany,Germany,21,179,66,SC Freiburg,116002,GPFBL,,GK,GK,,Defense,Right,73,,71,45,43,67,6,54,5,8,14,8,72,45,11,12,20,24,14,75,44,46,72,13,36,44,11,14,7,10,14,73,48,21,32,28,1,1,71,67,72,73,75,,,,,,,Women's Football,1,ea-drop-api,272342,https://www.ea.com/games/ea-sports-fc/ratings?playerId=272342,ea-drop-api,ea-drop-api,,fc27,2026-08-28T08:51:40.553Z
265970,Emily Burns,Emily,Burns,,1997-07-24,29,Canada,Canada,70,175,66,FC Nantes,116417,Arkema PL,,GK,GK,,Defense,Right,73,,71,41,47,68,8,50,8,10,13,9,67,30,13,11,30,22,15,78,51,49,69,17,36,43,13,8,11,13,10,74,57,33,56,28,2,1,71,68,67,74,78,,,,,,,Women's Football,1,ea-drop-api,265970,https://www.ea.com/games/ea-sports-fc/ratings?playerId=265970,ea-drop-api,ea-drop-api,,fc27,2026-08-28T08:51:40.553Z
275964,Rosa van Gool,Rosa,van Gool,,2004-02-09,22,Netherlands,Holland,34,162,56,Everton,116016,Barclays WSL,,CM,CM,,Midfielder,Right,73,,68,69,68,64,68,61,62,42,62,71,64,72,38,52,76,72,38,70,70,60,76,73,64,67,74,53,59,75,62,68,66,72,67,66,3,3,14,5,5,9,12,,,,,,,Women's Football,1,ea-drop-api,275964,https://www.ea.com/games/ea-sports-fc/ratings?playerId=275964,ea-drop-api,ea-drop-api,,fc27,2026-08-28T08:51:40.553Z
272021,María Valenzuela,María,López Valenzuela,María Valenzuela,2002-11-26,23,Spain,Spain,45,174,79,Badalona Women,131125,Liga F Moeve,,GK,GK,,Defense,Right,73,,73,36,36,71,8,56,10,9,12,8,75,30,10,12,15,25,10,73,56,44,72,15,33,36,17,12,10,18,20,72,45,17,34,20,2,1,73,71,75,72,73,,,,,,,Women's Football,1,ea-drop-api,272021,https://www.ea.com/games/ea-sports-fc/ratings?playerId=272021,ea-drop-api,ea-drop-api,,fc27,2026-08-28T08:51:40.553Z
79732,Mária Mikolajová,Mária,Mikolajová,,1999-06-13,27,Slovakia,Slovakia,43,168,60,Hamburger SV,132533,GPFBL,,CDM,"CDM, CM",CM,Midfielder,Left,73,,67,66,67,64,62,70,69,52,62,53,68,58,64,67,75,71,63,63,70,72,69,66,62,72,77,54,72,76,69,65,62,73,59,72,3,3,11,8,14,13,12,,,,,,,Women's Football,1,ea-drop-api,79732,https://www.ea.com/games/ea-sports-fc/ratings?playerId=79732,ea-drop-api,ea-drop-api,,fc27,2026-08-28T08:51:40.553Z
265007,Anna Gerhardt,Anna,Gerhardt,,1998-04-17,28,Germany,Germany,21,167,57,1. FC Köln,116003,GPFBL,,LB,"LB, RB, LM","RB, LM",Defense,Left,73,,67,69,65,59,62,63,58,39,50,50,69,66,73,56,70,71,63,70,77,58,74,74,64,71,67,67,74,75,64,63,69,76,59,56,3,3,8,8,6,13,11,,,,,Intercept,,Women's Football,1,ea-drop-api,265007,https://www.ea.com/games/ea-sports-fc/ratings?playerId=265007,ea-drop-api,ea-drop-api,,fc27,2026-08-28T08:51:40.553Z
265973,Faustine Bataillard,Faustine,Bataillard,,2004-08-03,22,France,France,18,170,63,,,Arkema PL,,CDM,"CDM, CB",CB,Midfielder,Right,73,,69,70,69,55,59,48,56,39,53,64,64,59,52,45,77,69,45,70,69,71,67,74,63,74,69,72,71,79,75,67,75,72,63,68,3,2,12,12,9,11,11,,,,,Intercept,,Women's Football,1,ea-drop-api,265973,https://www.ea.com/games/ea-sports-fc/ratings?playerId=265973,ea-drop-api,ea-drop-api,,fc27,2026-08-28T08:51:40.553Z
272061,Paola Ulloa,Paola,Ulloa Jiménez,Paola Ulloa,1996-12-26,29,Spain,Spain,45,164,60,Madrid CFF,116334,Liga F Moeve,,GK,GK,,Defense,Right,73,,73,41,41,73,7,53,8,7,11,7,70,27,11,10,30,23,10,73,55,44,73,12,33,41,14,11,9,17,17,69,47,17,37,18,2,1,73,73,70,69,73,,,,,"Footwork, Rush Out",,Women's Football,1,ea-drop-api,272061,https://www.ea.com/games/ea-sports-fc/ratings?playerId=272061,ea-drop-api,ea-drop-api,,fc27,2026-08-28T08:51:40.553Z
277544,Hildur Antonsdóttir,Hildur,Antonsdóttir,,1995-09-18,30,Iceland,Iceland,24,165,62,Madrid CFF,116334,Liga F Moeve,,CDM,"CDM, CM",CM,Midfielder,Right,73,,61,59,63,57,53,62,60,54,58,67,69,72,57,54,77,71,52,68,57,58,75,75,69,69,72,70,64,73,65,75,77,70,81,64,3,3,6,10,12,12,6,,,,,,,Women's Football,1,ea-drop-api,277544,https://www.ea.com/games/ea-sports-fc/ratings?playerId=277544,ea-drop-api,ea-drop-api,,fc27,2026-08-28T08:51:40.553Z
265006,Vanessa Leimenstoll,Vanessa,Leimenstoll,,2001-03-01,25,Germany,Germany,21,167,58,1. FC Köln,116003,GPFBL,,RM,"RM, ST, RW","ST, RW",Midfielder,Right,73,,79,75,83,71,73,68,71,75,62,76,68,68,70,61,71,60,61,74,73,65,77,76,66,45,42,66,42,41,48,61,78,38,72,56,2,3,7,9,10,9,9,,,,,,,Women's Football,1,ea-drop-api,265006,https://www.ea.com/games/ea-sports-fc/ratings?playerId=265006,ea-drop-api,ea-drop-api,,fc27,2026-08-28T08:51:40.553Z
272994,Mandy McGlynn,Mandy,McGlynn,,1998-11-03,27,USA,United States,95,175,61,Utah Royals FC,131478,NWSL,,GK,GK,,Defense,Right,73,,69,36,35,73,6,56,7,7,16,8,74,61,10,12,19,34,12,73,28,47,74,12,28,36,9,14,9,11,11,73,45,22,32,14,2,1,69,73,74,73,73,,,,,"Long Ball Pass, Footwork, Rush Out",,Women's Football,1,ea-drop-api,272994,https://www.ea.com/games/ea-sports-fc/ratings?playerId=272994,ea-drop-api,ea-drop-api,,fc27,2026-08-28T08:51:40.553Z
70145,Momoko Tanikawa,Momoko,Tanikawa,,2005-05-07,21,Japan,Japan,163,169,57,FC Bayern München,115995,GPFBL,,CAM,"CAM, CM",CM,Midfielder,Right,73,,70,69,71,66,70,63,60,46,69,78,70,76,59,60,75,73,50,71,68,61,70,75,60,52,63,45,48,55,39,66,62,71,68,54,5,3,15,7,11,11,9,,,,,Technical,,Women's Football,1,ea-drop-api,70145,https://www.ea.com/games/ea-sports-fc/ratings?playerId=70145,ea-drop-api,ea-drop-api,,fc27,2026-08-28T08:51:40.553Z
248751,Teagan Micah,Teagan,Micah,,1997-10-20,28,Australia,Australia,195,176,64,OL Lyonnes,116033,Arkema PL,,GK,GK,,Defense,Right,73,,71,33,26,72,8,57,8,5,14,5,76,38,12,10,19,26,12,73,28,51,71,18,26,30,7,9,8,13,11,73,45,37,40,32,3,1,71,72,76,73,73,,,,,,,Women's Football,1,ea-drop-api,248751,https://www.ea.com/games/ea-sports-fc/ratings?playerId=248751,ea-drop-api,ea-drop-api,,fc27,2026-08-28T08:51:40.553Z
265083,Ally Gudorf,Ally,Gudorf,,2001-05-23,25,Germany,Germany,21,158,54,SC Freiburg,116002,GPFBL,,RB,"RB, RM",RM,Defense,Right,73,,76,73,79,44,43,50,41,35,45,48,64,55,72,42,72,61,48,69,70,80,67,68,66,73,70,64,76,73,75,69,75,63,70,74,3,2,7,14,12,8,12,,,,,Anticipate,,Women's Football,1,ea-drop-api,265083,https://www.ea.com/games/ea-sports-fc/ratings?playerId=265083,ea-drop-api,ea-drop-api,,fc27,2026-08-28T08:51:40.553Z
265096,Grace Kazadi,Grace,Kazadi,,2001-01-31,25,France,France,18,163,58,Strasbourg,131724,Arkema PL,,RB,"RB, RM",RM,Defense,Right,73,,73,75,71,47,45,58,42,40,41,61,65,55,69,35,75,64,61,72,73,76,70,75,68,71,70,65,70,75,69,67,74,71,66,65,3,2,7,6,9,8,11,,,,,,,Women's Football,1,ea-drop-api,265096,https://www.ea.com/games/ea-sports-fc/ratings?playerId=265096,ea-drop-api,ea-drop-api,,fc27,2026-08-28T08:51:40.553Z
267299,Julie Doyle,Julie,Doyle,,1998-08-30,27,USA,United States,95,173,62,Orlando Pride,116307,NWSL,,RM,"RM, LM, RW","LM, RW",Midfielder,Right,73,,78,75,80,70,72,70,67,61,68,73,70,70,69,58,74,68,65,70,71,58,72,71,65,45,47,68,48,34,39,62,73,68,60,58,3,3,5,7,10,7,11,,,,,,,Women's Football,1,ea-drop-api,267299,https://www.ea.com/games/ea-sports-fc/ratings?playerId=267299,ea-drop-api,ea-drop-api,,fc27,2026-08-28T08:51:40.553Z
268505,Tess Boade,Tess,Boade,,1999-02-03,27,USA,United States,95,162,65,Bay FC,131477,NWSL,,CM,"CM, CAM",CAM,Midfielder,Right,73,,72,71,73,68,70,68,67,62,59,74,72,72,69,48,79,67,67,76,73,79,71,79,63,58,68,66,37,69,58,49,57,74,32,56,3,4,11,11,6,5,11,,,,,,,Women's Football,1,ea-drop-api,268505,https://www.ea.com/games/ea-sports-fc/ratings?playerId=268505,ea-drop-api,ea-drop-api,,fc27,2026-08-28T08:51:40.553Z
273467,Michelle Cooper,Michelle,Cooper,,2002-12-04,23,USA,United States,95,160,66,KC Current,116309,NWSL,,RW,"RW, RM",RM,Attack,Right,73,,74,72,75,69,69,69,67,68,64,75,73,77,68,59,79,70,51,71,68,74,68,77,53,42,41,58,38,43,41,66,71,67,67,59,3,3,7,10,7,8,7,,,,,Enforcer,,Women's Football,1,ea-drop-api,273467,https://www.ea.com/games/ea-sports-fc/ratings?playerId=273467,ea-drop-api,ea-drop-api,,fc27,2026-08-28T08:51:40.553Z
244890,Aurora Mikalsen,Aurora,Mikalsen,,1996-03-21,30,Norway,Norway,36,173,65,1. FC Köln,116003,GPFBL,,GK,GK,,Defense,Left,73,,73,38,35,70,11,51,12,12,17,10,68,53,13,13,24,26,17,74,39,46,69,18,41,37,13,13,13,13,13,72,49,31,44,21,1,1,73,70,68,72,74,,,,,,,Women's Football,1,ea-drop-api,244890,https://www.ea.com/games/ea-sports-fc/ratings?playerId=244890,ea-drop-api,ea-drop-api,,fc27,2026-08-28T08:51:40.553Z
265028,Vanessa Fischer,Vanessa,Fischer,,1998-04-18,28,Germany,Germany,21,182,68,SV Werder Bremen,116004,GPFBL,,GK,GK,,Defense,Right,73,,73,39,29,70,10,55,15,13,51,5,73,70,13,23,59,38,17,72,28,49,72,14,29,35,25,6,22,14,12,71,53,41,52,31,2,1,73,70,73,71,72,,,,,,,Women's Football,1,ea-drop-api,265028,https://www.ea.com/games/ea-sports-fc/ratings?playerId=265028,ea-drop-api,ea-drop-api,,fc27,2026-08-28T08:51:40.553Z
266907,Rachael Laws,Rachael,Laws,,1990-11-05,35,England,England,14,175,66,Liverpool,116343,Barclays WSL,,GK,GK,,Defense,Right,73,,71,33,32,72,7,53,11,7,21,11,71,60,19,11,33,34,14,73,36,56,73,21,43,33,16,7,16,11,12,74,58,32,66,22,3,1,71,72,71,74,73,,,,,"Long Ball Pass, Cross Claimer, Rush Out",,Women's Football,1,ea-drop-api,266907,https://www.ea.com/games/ea-sports-fc/ratings?playerId=266907,ea-drop-api,ea-drop-api,,fc27,2026-08-28T08:51:40.553Z
267202,Madison Hammond,Madison,Hammond,,1997-11-15,28,USA,United States,95,173,62,Angel City FC,116311,NWSL,,CDM,"CDM, CM, CB","CM, CB",Midfielder,Right,73,,69,72,66,51,46,60,57,42,42,51,68,67,67,56,72,67,60,67,65,61,74,73,67,74,71,65,75,78,77,65,71,73,60,66,3,2,6,11,9,14,8,,,,,,,Women's Football,1,ea-drop-api,267202,https://www.ea.com/games/ea-sports-fc/ratings?playerId=267202,ea-drop-api,ea-drop-api,,fc27,2026-08-28T08:51:40.553Z
272146,Kanteh,Fatoumata,Kanteh i Cham,Kanteh,1997-07-02,29,Spain,Spain,45,168,63,Sevilla FC,116337,Liga F Moeve,,ST,"ST, RW, CAM","RW, CAM",Attack,Right,73,,81,81,81,71,72,70,69,82,65,74,65,71,58,69,69,58,65,75,80,62,70,80,60,33,28,61,40,20,32,69,82,59,76,59,3,4,8,12,9,11,13,,,,,Rapid,,Women's Football,1,ea-drop-api,272146,https://www.ea.com/games/ea-sports-fc/ratings?playerId=272146,ea-drop-api,ea-drop-api,,fc27,2026-08-28T08:51:40.553Z
275820,Tereza Krejčiříková,Tereza,Krejčiříková,,1996-06-21,30,Czechia,Czech Republic,12,165,62,Slavia Praha,131360,Ceska Liga Žen,,CDM,"CDM, CM, RM","CM, RM",Midfielder,Right,73,,69,69,69,47,41,57,52,41,64,38,70,65,68,63,74,71,71,64,58,63,77,71,72,71,74,65,72,70,67,73,75,72,73,76,3,3,9,7,12,14,13,,,,,,,Women's Football,1,ea-drop-api,275820,https://www.ea.com/games/ea-sports-fc/ratings?playerId=275820,ea-drop-api,ea-drop-api,,fc27,2026-08-28T08:51:40.553Z
275919,Emma Jansson,Emma,Jansson,,1996-05-09,30,Sweden,Sweden,46,163,57,FC Rosengård,131362,Sverige Liga,,CM,"CM, CAM",CAM,Midfielder,Right,73,,64,65,64,63,68,50,68,37,57,73,68,74,59,55,74,72,39,71,57,68,75,75,55,63,73,65,58,63,54,65,70,70,66,55,3,2,9,6,11,11,7,,,,,,,Women's Football,1,ea-drop-api,275919,https://www.ea.com/games/ea-sports-fc/ratings?playerId=275919,ea-drop-api,ea-drop-api,,fc27,2026-08-28T08:51:40.553Z
276507,Loreen Bender,Loreen,Bender,,2005-08-21,21,Germany,Germany,21,168,57,Leverkusen,115996,GPFBL,,RM,"RM, RW",RW,Midfielder,Right,73,,74,77,72,68,72,68,64,66,55,69,68,73,70,52,69,61,67,79,84,59,64,83,63,50,49,54,42,59,45,55,64,57,54,52,3,4,8,6,7,13,12,,,,,"Inventive, Press Proven",,Women's Football,1,ea-drop-api,276507,https://www.ea.com/games/ea-sports-fc/ratings?playerId=276507,ea-drop-api,ea-drop-api,,fc27,2026-08-28T08:51:40.553Z
265051,Nina Räcke,Nina,Räcke,,2001-09-17,24,Germany,Germany,21,174,65,Hamburger SV,132533,GPFBL,,CB,CB,,Defense,Right,73,,63,57,68,52,52,59,49,40,48,59,68,70,60,52,72,78,58,64,50,67,73,65,71,72,73,76,75,69,68,73,82,64,79,69,2,2,7,11,6,11,9,,,,,,,Women's Football,1,ea-drop-api,265051,https://www.ea.com/games/ea-sports-fc/ratings?playerId=265051,ea-drop-api,ea-drop-api,,fc27,2026-08-28T08:51:40.553Z
265383,Jenny Hipp,Jenny,Hipp,,1998-02-06,28,Germany,Germany,21,165,56,Union Berlin,132589,GPFBL,,CM,"CM, CDM",CDM,Midfielder,Right,73,,59,67,52,65,67,57,66,46,77,73,71,74,63,74,75,71,52,69,53,66,75,73,68,61,73,49,49,71,54,67,62,73,65,66,2,2,11,6,6,11,9,,,,,,,Women's Football,1,ea-drop-api,265383,https://www.ea.com/games/ea-sports-fc/ratings?playerId=265383,ea-drop-api,ea-drop-api,,fc27,2026-08-28T08:51:40.553Z
267365,Simone Charley,Simone,Charley,,1995-02-04,31,USA,United States,95,173,64,Orlando Pride,116307,NWSL,,ST,"ST, RM",RM,Attack,Right,73,,66,70,63,75,76,74,75,74,65,73,70,69,61,69,79,68,58,70,56,50,72,76,77,42,42,77,37,38,37,69,80,71,66,71,3,3,14,8,5,10,9,,,,,,,Women's Football,1,ea-drop-api,267365,https://www.ea.com/games/ea-sports-fc/ratings?playerId=267365,ea-drop-api,ea-drop-api,,fc27,2026-08-28T08:51:40.553Z
275576,María Miralles,María,Miralles Gascón,María Miralles,1997-05-28,29,Spain,Spain,45,159,60,DUX Logroño,132629,Liga F Moeve,,GK,GK,,Defense,Right,73,,72,32,33,70,10,53,6,6,13,6,71,34,14,12,21,17,11,73,22,31,66,18,15,32,11,9,7,14,11,74,43,23,33,17,2,1,72,70,71,74,73,,,,,,,Women's Football,1,ea-drop-api,275576,https://www.ea.com/games/ea-sports-fc/ratings?playerId=275576,ea-drop-api,ea-drop-api,,fc27,2026-08-28T08:51:40.553Z
276284,Frederikke Thøgersen,Frederikke,Thøgersen,,1995-07-24,31,Denmark,Denmark,13,163,58,Roma,116282,Calcio A Femminile,,RB,"RB, RM",RM,Defense,Right,73,,70,70,70,50,56,52,41,27,56,43,68,55,73,54,75,70,67,65,63,68,68,73,65,71,68,68,76,72,66,68,72,71,65,70,3,3,9,5,13,6,9,,,,,"Dead Ball, Anticipate",,Women's Football,1,ea-drop-api,276284,https://www.ea.com/games/ea-sports-fc/ratings?playerId=276284,ea-drop-api,ea-drop-api,,fc27,2026-08-28T08:51:40.553Z
277278,Natalia Padilla Bidas,Natalia,Padilla Bidas,,2002-11-06,23,Poland,Poland,37,174,60,FC Bayern München,115995,GPFBL,,RW,"RW, ST, LW, RM","ST, LW, RM",Attack,Right,73,,78,77,78,71,78,65,64,56,72,76,62,64,68,52,65,49,50,72,77,37,71,75,62,45,38,47,42,54,38,64,66,65,64,60,3,3,14,7,11,8,6,,,,,Rapid,,Women's Football,1,ea-drop-api,277278,https://www.ea.com/games/ea-sports-fc/ratings?playerId=277278,ea-drop-api,ea-drop-api,,fc27,2026-08-28T08:51:40.553Z
265253,Asmita Ale,Asmita,Ale,,2001-11-03,24,England,England,14,166,59,,,Barclays WSL,,LB,"LB, RB, LM","RB, LM",Defense,Right,73,,68,65,70,51,54,54,42,35,55,59,68,59,72,55,74,67,62,64,69,76,70,71,56,73,74,69,73,75,72,67,72,61,69,68,3,2,13,8,8,9,10,,,,,"Jockey, Anticipate, Long Throw",,Women's Football,1,ea-drop-api,265253,https://www.ea.com/games/ea-sports-fc/ratings?playerId=265253,ea-drop-api,ea-drop-api,,fc27,2026-08-28T08:51:40.553Z
264908,Anna Klink,Anna,Klink,,1995-03-22,31,Germany,Germany,21,176,63,FC Bayern München,115995,GPFBL,,GK,GK,,Defense,Right,73,,71,28,36,70,22,52,10,17,46,10,69,55,33,18,46,42,22,75,30,55,74,27,46,31,23,33,25,19,18,74,65,35,68,33,3,1,71,70,69,74,75,,,,,Cross Claimer,,Women's Football,1,ea-drop-api,264908,https://www.ea.com/games/ea-sports-fc/ratings?playerId=264908,ea-drop-api,ea-drop-api,,fc27,2026-08-28T08:51:40.553Z
273406,Naomi Mégroz,Naomi,Mégroz,,1998-08-06,28,Switzerland,Switzerland,47,168,59,FC Zürich,131361,Schweizer Damen Liga,,CB,"CB, CDM, LB","CDM, LB",Defense,Right,73,,63,65,62,59,64,55,60,29,59,46,63,50,71,58,74,49,51,63,60,56,72,76,60,74,73,74,74,77,71,68,76,65,69,65,3,2,12,13,12,13,7,,,,,Bruiser,,Women's Football,1,ea-drop-api,273406,https://www.ea.com/games/ea-sports-fc/ratings?playerId=273406,ea-drop-api,ea-drop-api,,fc27,2026-08-28T08:51:40.553Z
246223,Jody Brown,Jody,Brown,,2002-04-16,24,Jamaica,Jamaica,82,163,57,Marseille,132370,Arkema PL,,ST,"ST, LM, LW","LM, LW",Attack,Right,73,,76,75,77,76,83,75,70,73,58,70,62,68,68,45,61,60,49,72,78,83,73,75,68,43,21,70,22,64,61,60,72,77,58,39,5,3,12,12,5,7,9,,,,,,,Women's Football,1,ea-drop-api,246223,https://www.ea.com/games/ea-sports-fc/ratings?playerId=246223,ea-drop-api,ea-drop-api,,fc27,2026-08-28T08:51:40.553Z
264923,Lara Marti,Lara,Marti,,1999-09-21,26,Switzerland,Switzerland,47,162,56,RB Leipzig,116021,GPFBL,,LB,"LB, LM",LM,Defense,Right,73,,72,73,71,49,45,61,50,43,51,40,61,39,63,39,73,65,59,65,75,54,73,73,62,73,72,68,74,74,71,69,78,72,72,56,2,2,11,6,7,9,7,,,,,Block,,Women's Football,1,ea-drop-api,264923,https://www.ea.com/games/ea-sports-fc/ratings?playerId=264923,ea-drop-api,ea-drop-api,,fc27,2026-08-28T08:51:40.553Z
265115,Lena Pauels,Lena,Pauels,,1998-02-02,28,Germany,Germany,21,176,66,SL Benfica,131358,Liga Portugal Feminino,,GK,GK,,Defense,Right,73,,72,32,29,72,13,52,19,5,20,8,69,51,11,16,27,18,11,73,33,34,69,20,42,31,15,6,11,13,11,72,56,36,60,29,3,1,72,72,69,72,73,,,,,,,Women's Football,1,ea-drop-api,265115,https://www.ea.com/games/ea-sports-fc/ratings?playerId=265115,ea-drop-api,ea-drop-api,,fc27,2026-08-28T08:51:40.553Z
268261,Aïrine Fontaine,Aïrine,Fontaine,,2004-08-20,22,France,France,18,168,61,,,Arkema PL,,RM,"RM, LM, RW","LM, RW",Midfielder,Left,73,,73,77,70,70,69,68,77,61,57,71,68,68,67,55,74,66,58,76,77,60,70,80,69,41,37,46,44,41,35,61,66,66,63,49,2,3,12,13,8,6,15,,,,,Technical,,Women's Football,1,ea-drop-api,268261,https://www.ea.com/games/ea-sports-fc/ratings?playerId=268261,ea-drop-api,ea-drop-api,,fc27,2026-08-28T08:51:40.553Z
73028,Caroline Kehrer,Caroline,Kehrer,,1997-04-09,29,Canada,Canada,70,177,61,Leverkusen,115996,GPFBL,,ST,ST,,Attack,Right,73,,72,71,72,73,76,73,71,62,63,74,58,44,63,55,71,47,42,69,66,59,72,74,67,45,34,73,31,60,35,69,81,65,71,64,2,2,12,10,10,10,11,,,,,,,Women's Football,1,ea-drop-api,73028,https://www.ea.com/games/ea-sports-fc/ratings?playerId=73028,ea-drop-api,ea-drop-api,,fc27,2026-08-28T08:51:40.553Z
253741,Rachele Baldi,Rachele,Baldi,,1994-10-02,31,Italy,Italy,27,175,70,Roma,116282,Calcio A Femminile,,GK,GK,,Defense,Right,73,,71,26,31,70,8,55,6,6,15,6,73,25,14,10,29,30,13,73,40,47,73,25,36,28,12,11,7,10,13,71,63,30,77,28,3,1,71,70,73,71,73,,,,,,,Women's Football,1,ea-drop-api,253741,https://www.ea.com/games/ea-sports-fc/ratings?playerId=253741,ea-drop-api,ea-drop-api,,fc27,2026-08-28T08:51:40.553Z
265012,Karen Holmgaard,Karen,Holmgaard,,1999-01-28,27,Denmark,Denmark,13,180,63,Everton,116016,Barclays WSL,,CDM,"CDM, RB, CB, CM","RB, CB, CM",Midfielder,Right,73,,52,54,51,55,56,56,53,43,59,50,67,70,52,55,77,73,40,64,57,39,67,70,72,74,70,77,74,75,73,74,80,66,76,75,3,2,14,11,6,8,13,,,,,Precision Header,,Women's Football,1,ea-drop-api,265012,https://www.ea.com/games/ea-sports-fc/ratings?playerId=265012,ea-drop-api,ea-drop-api,,fc27,2026-08-28T08:51:40.553Z
268475,Lisa Fjeldstad Naalsund,Lisa Fjeldstad,Naalsund,,1995-06-11,31,Norway,Norway,36,169,61,Manchester Utd,116012,Barclays WSL,,CDM,"CDM, CM, CAM","CM, CAM",Midfielder,Right,73,,53,54,52,59,57,71,67,34,38,39,66,63,58,44,75,73,48,71,59,82,70,75,55,68,69,43,71,72,68,69,54,77,66,70,3,2,13,11,13,8,15,,,,,,,Women's Football,1,ea-drop-api,268475,https://www.ea.com/games/ea-sports-fc/ratings?playerId=268475,ea-drop-api,ea-drop-api,,fc27,2026-08-28T08:51:40.553Z
275895,Oliwia Woś,Oliwia,Woś,,1999-08-15,27,Poland,Poland,37,183,76,1. FC Nürnberg,131386,GPFBL,,CB,"CB, LB, LM","LB, LM",Defense,Left,73,,64,66,62,54,62,55,45,27,45,44,61,47,70,49,74,49,46,62,60,68,71,73,56,73,72,75,74,74,70,71,79,68,73,68,3,2,10,6,15,12,7,,,,,,,Women's Football,1,ea-drop-api,275895,https://www.ea.com/games/ea-sports-fc/ratings?playerId=275895,ea-drop-api,ea-drop-api,,fc27,2026-08-28T08:51:40.553Z
266923,Leanne Kiernan,Leanne,Kiernan,,1999-04-27,27,Ireland,Republic of Ireland,25,164,52,Liverpool,116343,Barclays WSL,,ST,"ST, RM, RW","RM, RW",Attack,Right,73,,81,82,80,76,77,75,76,75,71,79,64,63,60,65,73,51,63,76,78,69,68,77,59,28,25,52,32,19,21,59,65,70,52,59,4,3,7,6,7,10,13,,,,,Technical,,Women's Football,1,ea-drop-api,266923,https://www.ea.com/games/ea-sports-fc/ratings?playerId=266923,ea-drop-api,ea-drop-api,,fc27,2026-08-28T08:51:40.553Z
273158,Daniela Arias,Daniela,Arias,,1994-08-31,31,Colombia,Colombia,56,174,65,San Diego Wave,116312,NWSL,,CB,CB,,Defense,Right,73,,60,63,58,55,59,62,48,31,64,30,55,48,31,51,72,59,44,69,61,67,70,74,66,75,74,79,78,74,71,70,81,69,71,65,2,2,7,6,12,6,11,,,,,Precision Header,,Women's Football,1,ea-drop-api,273158,https://www.ea.com/games/ea-sports-fc/ratings?playerId=273158,ea-drop-api,ea-drop-api,,fc27,2026-08-28T08:51:40.553Z
275765,Alba Pérez,Alba,Pérez Manrique,Alba Pérez,2000-06-18,26,Spain,Spain,45,170,62,Granada CF,131391,Liga F Moeve,,RB,"RB, CB",CB,Defense,Right,73,,69,70,69,42,38,55,39,34,50,41,70,66,72,40,76,72,52,66,65,61,67,71,61,72,76,62,74,73,68,65,70,74,64,54,2,2,9,6,6,9,12,,,,,,,Women's Football,1,ea-drop-api,275765,https://www.ea.com/games/ea-sports-fc/ratings?playerId=275765,ea-drop-api,ea-drop-api,,fc27,2026-08-28T08:51:40.553Z
265681,Samantha van Diemen,Samantha,van Diemen,,2002-01-28,24,Dominican Republic,Dominican Republic,207,170,60,Roma,116282,Calcio A Femminile,,CB,CB,,Defense,Right,73,,69,68,70,35,38,31,27,30,34,54,68,65,67,25,77,70,60,68,61,65,70,73,58,73,73,72,74,72,70,70,79,61,74,71,3,2,10,8,14,6,12,,,,,,,Women's Football,1,ea-drop-api,265681,https://www.ea.com/games/ea-sports-fc/ratings?playerId=265681,ea-drop-api,ea-drop-api,,fc27,2026-08-28T08:51:40.553Z
277813,Daliyah de Klonia,Daliyah,de Klonia,,2005-03-18,21,Netherlands,Holland,34,165,57,Ajax,131359,Nederland Vrouwen Liga,,RB,"RB, RM",RM,Defense,Right,73,,74,71,76,45,45,55,35,32,55,48,59,42,67,50,72,48,43,65,68,57,72,72,54,72,74,67,72,73,71,68,74,68,66,69,2,2,9,12,15,10,10,,,,,,,Women's Football,1,ea-drop-api,277813,https://www.ea.com/games/ea-sports-fc/ratings?playerId=277813,ea-drop-api,ea-drop-api,,fc27,2026-08-28T08:51:40.553Z
268302,Ava Cook,Ava,Cook,,1998-10-03,27,USA,United States,95,178,65,Chicago Stars FC,116305,NWSL,,LM,"LM, LW",LW,Midfielder,Left,73,,74,75,73,71,76,64,67,76,66,78,68,61,60,57,78,72,51,71,69,35,75,76,57,38,33,75,37,32,36,60,80,52,67,45,3,3,12,12,13,5,15,,,,,,,Women's Football,1,ea-drop-api,268302,https://www.ea.com/games/ea-sports-fc/ratings?playerId=268302,ea-drop-api,ea-drop-api,,fc27,2026-08-28T08:51:40.553Z
275768,Cristina Postigo,Cristina,Postigo Martín,Cristina Postigo,1998-04-27,28,Spain,Spain,45,168,70,Granada CF,131391,Liga F Moeve,,RB,"RB, CB",CB,Defense,Right,73,,68,69,67,39,34,49,37,40,51,47,66,59,65,42,75,68,48,63,64,62,71,72,71,72,70,70,74,72,71,74,79,71,78,64,2,2,8,7,14,6,8,,,,,"Whipped Pass, Long Throw",,Women's Football,1,ea-drop-api,275768,https://www.ea.com/games/ea-sports-fc/ratings?playerId=275768,ea-drop-api,ea-drop-api,,fc27,2026-08-28T08:51:40.553Z
265336,Poppy Pattinson,Poppy,Pattinson,,2000-04-30,26,England,England,14,166,60,London City,132176,Barclays WSL,,LB,"LB, LM, LW","LM, LW",Defense,Left,73,,69,68,69,49,43,57,55,41,50,45,67,49,77,65,73,60,77,62,67,52,71,73,63,71,70,78,74,68,66,63,78,70,62,53,3,2,11,11,10,10,14,,,,,Jockey,,Women's Football,1,ea-drop-api,265336,https://www.ea.com/games/ea-sports-fc/ratings?playerId=265336,ea-drop-api,ea-drop-api,,fc27,2026-08-28T08:51:40.553Z
266092,Imani Dorsey,Imani,Dorsey,,1996-03-21,30,USA,United States,95,170,62,Utah Royals FC,131478,NWSL,,LB,"LB, LM",LM,Defense,Left,73,,69,68,70,46,44,49,50,45,43,41,63,51,73,58,67,58,67,68,62,42,69,74,67,73,69,68,73,76,74,62,68,66,58,63,3,3,5,12,6,11,8,,,,,,,Women's Football,1,ea-drop-api,266092,https://www.ea.com/games/ea-sports-fc/ratings?playerId=266092,ea-drop-api,ea-drop-api,,fc27,2026-08-28T08:51:40.553Z
265027,Teninsoun Sissoko,Teninsoun,Sissoko,,1992-09-02,33,France,France,18,173,65,Paris FC,116035,Arkema PL,,CB,CB,,Defense,Right,73,,60,59,61,46,43,59,36,39,53,56,63,59,58,33,72,69,48,59,35,54,73,66,65,74,68,73,75,76,73,75,73,66,82,68,2,2,11,6,13,14,13,,,,,,,Women's Football,1,ea-drop-api,265027,https://www.ea.com/games/ea-sports-fc/ratings?playerId=265027,ea-drop-api,ea-drop-api,,fc27,2026-08-28T08:51:40.553Z
72562,Jasmin Janning,Jasmin,Janning,,2005-05-17,21,Germany,Germany,21,173,61,,,GPFBL,,GK,GK,,Defense,Right,73,,73,20,17,69,15,50,11,16,16,11,67,33,11,14,16,18,18,74,20,28,72,11,15,19,12,13,11,13,15,71,39,15,30,19,2,1,73,69,67,71,74,,,,,,,Women's Football,1,ea-drop-api,72562,https://www.ea.com/games/ea-sports-fc/ratings?playerId=72562,ea-drop-api,ea-drop-api,,fc27,2026-08-28T08:51:40.553Z
276511,Laís Araújo,Laís,dos Santos Araújo,Laís Araújo,1996-03-16,30,Brazil,Brazil,54,173,56,SL Benfica,131358,Liga Portugal Feminino,,CB,"CB, CDM, LB","CDM, LB",Defense,Right,73,,64,58,68,38,38,41,33,26,42,48,63,53,53,38,76,71,52,66,43,48,69,76,67,73,70,73,74,74,72,69,75,62,71,71,3,2,7,8,5,10,10,,,,,"Long Ball Pass, Jockey",,Women's Football,1,ea-drop-api,276511,https://www.ea.com/games/ea-sports-fc/ratings?playerId=276511,ea-drop-api,ea-drop-api,,fc27,2026-08-28T08:51:40.553Z
258914,Loreta Kullashi,Loreta,Kullashi,,1999-05-20,27,Sweden,Sweden,46,171,57,Badalona Women,131125,Liga F Moeve,,ST,ST,,Attack,Right,73,,67,68,66,73,73,73,72,69,68,76,62,64,50,58,74,49,65,73,67,74,77,75,72,33,32,72,29,29,24,64,76,55,69,58,4,3,8,9,11,11,12,,,,,,,Women's Football,1,ea-drop-api,258914,https://www.ea.com/games/ea-sports-fc/ratings?playerId=258914,ea-drop-api,ea-drop-api,,fc27,2026-08-28T08:51:40.553Z
264985,Celina Degen,Celina,Degen,,2001-05-16,25,Austria,Austria,4,176,64,1. FC Köln,116003,GPFBL,,CB,CB,,Defense,Right,73,,53,37,66,51,48,67,49,32,64,36,61,57,48,46,71,64,63,62,46,54,75,68,66,74,73,76,75,72,72,71,74,58,77,73,2,2,7,7,13,10,11,,,,,Aerial Fortress,,Women's Football,1,ea-drop-api,264985,https://www.ea.com/games/ea-sports-fc/ratings?playerId=264985,ea-drop-api,ea-drop-api,,fc27,2026-08-28T08:51:40.553Z
261799,Hannah Eurlings,Hannah,Eurlings,,2003-01-01,23,Belgium,Belgium,7,170,58,Union Berlin,132589,GPFBL,,CAM,"CAM, ST, CM","ST, CM",Midfielder,Right,73,,75,77,73,69,72,67,70,51,65,72,68,74,61,57,72,67,58,75,81,80,69,75,64,31,21,59,30,28,34,53,67,68,53,31,3,4,10,11,6,12,5,,,,,,,Women's Football,1,ea-drop-api,261799,https://www.ea.com/games/ea-sports-fc/ratings?playerId=261799,ea-drop-api,ea-drop-api,,fc27,2026-08-28T08:51:40.553Z
266457,Teyah Goldie,Teyah,Goldie,,2004-06-24,22,England,England,14,171,64,London City,132176,Barclays WSL,,CB,CB,,Defense,Right,73,,60,60,60,48,45,58,40,50,56,54,62,48,60,32,76,61,53,63,43,74,72,72,72,75,77,68,76,76,73,63,70,49,68,65,3,2,15,14,14,7,7,,,,,,,Women's Football,1,ea-drop-api,266457,https://www.ea.com/games/ea-sports-fc/ratings?playerId=266457,ea-drop-api,ea-drop-api,,fc27,2026-08-28T08:51:40.553Z
265862,Malia Berkely,Malia,Berkely,,1998-02-13,28,USA,United States,95,173,57,NC Courage,116303,NWSL,,CB,"CB, CDM, CM","CDM, CM",Defense,Right,73,,45,52,40,57,48,71,68,32,67,44,67,42,75,68,73,74,72,64,68,56,73,70,63,74,72,71,76,76,73,63,75,34,76,65,3,2,12,6,8,8,8,,,,,Long Ball Pass,,Women's Football,1,ea-drop-api,265862,https://www.ea.com/games/ea-sports-fc/ratings?playerId=265862,ea-drop-api,ea-drop-api,,fc27,2026-08-28T08:51:40.553Z
275454,Ffion Morgan,Ffion,Morgan,,2000-05-11,26,Wales,Wales,50,157,55,West Ham,116014,Barclays WSL,,RM,"RM, ST, RW","ST, RW",Midfielder,Right,73,,76,75,76,70,73,64,75,58,66,68,69,65,70,64,72,66,66,74,76,78,67,76,64,24,21,55,21,21,16,57,68,70,60,29,3,3,10,13,14,12,11,,,,,,,Women's Football,1,ea-drop-api,275454,https://www.ea.com/games/ea-sports-fc/ratings?playerId=275454,ea-drop-api,ea-drop-api,,fc27,2026-08-28T08:51:40.553Z
74861,Cornelia Kapocs,Cornelia,Kapocs,,2000-07-13,26,Sweden,Sweden,46,167,60,Liverpool,116343,Barclays WSL,,LM,"LM, LW",LW,Midfielder,Right,73,,69,67,70,72,73,73,70,67,64,75,68,65,68,55,75,68,52,74,73,67,73,76,60,22,17,68,13,20,15,62,72,69,68,34,3,3,5,7,8,12,14,,,,,,,Women's Football,1,ea-drop-api,74861,https://www.ea.com/games/ea-sports-fc/ratings?playerId=74861,ea-drop-api,ea-drop-api,,fc27,2026-08-28T08:51:40.553Z
275760,Nastassja Lein,Nastassja,Lein,,2001-02-13,25,Germany,Germany,21,161,57,1. FC Nürnberg,131386,GPFBL,,ST,ST,,Attack,Right,73,,66,62,69,73,76,74,68,63,62,77,63,65,51,58,75,51,69,73,62,83,75,75,64,37,21,73,25,48,32,55,67,59,52,55,2,3,10,11,7,12,12,,,,,,,Women's Football,1,ea-drop-api,275760,https://www.ea.com/games/ea-sports-fc/ratings?playerId=275760,ea-drop-api,ea-drop-api,,fc27,2026-08-28T08:51:40.553Z
264671,Jassina Blom,Jassina,Blom,,1994-09-03,31,Belgium,Belgium,7,168,54,Sevilla FC,116337,Liga F Moeve,,ST,ST,,Attack,Left,73,,69,70,69,72,75,73,63,76,62,77,62,62,57,50,71,52,56,72,70,80,70,74,70,25,21,77,16,23,16,64,81,58,70,52,3,2,11,10,11,11,10,,,,,Enforcer,,Women's Football,1,ea-drop-api,264671,https://www.ea.com/games/ea-sports-fc/ratings?playerId=264671,ea-drop-api,ea-drop-api,,fc27,2026-08-28T08:51:40.553Z
265307,Lucy Parker,Lucy,Parker,,1998-11-18,27,England,England,14,173,66,Aston Villa,116015,Barclays WSL,,CB,CB,,Defense,Right,73,,55,62,50,39,39,35,40,40,48,46,60,59,45,44,73,60,45,61,54,50,69,70,65,75,80,69,79,72,69,74,76,68,77,71,3,2,7,12,12,8,14,,,,,,,Women's Football,1,ea-drop-api,265307,https://www.ea.com/games/ea-sports-fc/ratings?playerId=265307,ea-drop-api,ea-drop-api,,fc27,2026-08-28T08:51:40.553Z
276502,Julia Magerl,Julia,Magerl,,2003-05-02,23,Austria,Austria,4,172,61,RB Leipzig,116021,GPFBL,,CB,CB,,Defense,Right,73,,68,64,71,45,41,55,47,33,55,29,53,39,34,40,74,62,31,56,64,56,72,73,66,75,73,73,75,77,72,63,76,41,69,71,2,2,14,9,8,11,11,,,,,,,Women's Football,1,ea-drop-api,276502,https://www.ea.com/games/ea-sports-fc/ratings?playerId=276502,ea-drop-api,ea-drop-api,,fc27,2026-08-28T08:51:40.553Z
270967,Marion Haelewyn,Marion,Haelewyn,,2004-10-30,21,France,France,18,172,66,,,Arkema PL,,CB,CB,,Defense,Right,73,,62,57,66,39,38,49,31,34,40,41,57,43,51,29,71,60,48,54,49,61,69,62,62,74,69,76,73,80,69,73,81,64,79,68,2,2,8,8,12,6,14,,,,,,,Women's Football,1,ea-drop-api,270967,https://www.ea.com/games/ea-sports-fc/ratings?playerId=270967,ea-drop-api,ea-drop-api,,fc27,2026-08-28T08:51:40.553Z
273274,Marthine Østenstad,Marthine,Østenstad,,2001-03-18,25,Norway,Norway,36,178,66,Frankfurt,115997,GPFBL,,CB,CB,,Defense,Right,73,,66,63,69,40,38,44,40,34,45,34,55,49,36,32,72,64,37,50,57,74,70,56,63,75,74,72,75,76,73,71,77,69,72,69,2,2,8,7,12,10,9,,,,,,,Women's Football,1,ea-drop-api,273274,https://www.ea.com/games/ea-sports-fc/ratings?playerId=273274,ea-drop-api,ea-drop-api,,fc27,2026-08-28T08:51:40.553Z
265385,Victoria Krug,Victoria,Krug,,1998-01-12,28,Germany,Germany,21,168,59,RB Leipzig,116021,GPFBL,,CB,CB,,Defense,Right,73,,58,52,63,36,32,54,27,32,55,29,55,53,37,32,72,58,31,55,64,53,74,72,66,74,73,69,74,75,73,72,70,71,73,71,2,2,14,14,14,10,15,,,,,Intercept,,Women's Football,1,ea-drop-api,265385,https://www.ea.com/games/ea-sports-fc/ratings?playerId=265385,ea-drop-api,ea-drop-api,,fc27,2026-08-28T08:51:40.553Z
264926,Melissa Friedrich,Melissa,Friedrich,,1997-05-06,29,Germany,Germany,21,173,62,Leverkusen,115996,GPFBL,,CB,CB,,Defense,Right,73,,39,33,43,47,46,57,43,32,60,30,56,29,40,50,75,69,65,59,43,63,72,68,64,73,70,71,76,72,77,74,69,71,76,75,2,2,11,15,14,8,9,,,,,Long Ball Pass,,Women's Football,1,ea-drop-api,264926,https://www.ea.com/games/ea-sports-fc/ratings?playerId=264926,ea-drop-api,ea-drop-api,,fc27,2026-08-28T08:51:40.553Z
279532,Jade Rose,Jade,Rose,,2003-02-12,23,Canada,Canada,70,178,62,Manchester City,116017,Barclays WSL,,CB,CB,,Defense,Right,73,,74,68,79,23,16,42,20,25,30,21,46,31,27,27,71,50,22,60,69,77,72,73,66,73,74,67,72,77,68,72,78,62,79,66,3,2,6,10,14,6,7,,,,,,,Women's Football,1,ea-drop-api,279532,https://www.ea.com/games/ea-sports-fc/ratings?playerId=279532,ea-drop-api,ea-drop-api,,fc27,2026-08-28T08:51:40.553Z
72438,Maureen Cosson,Maureen,Cosson,,1996-07-11,30,France,France,18,163,62,FC Nantes,116417,Arkema PL,,CB,"CB, CDM, CM","CDM, CM",Defense,Left,73,,42,44,41,38,29,50,41,35,54,49,58,45,44,66,78,53,39,61,61,63,73,75,56,75,75,77,77,73,70,71,75,64,75,67,3,2,6,12,10,7,6,,,,,,,Women's Football,1,ea-drop-api,72438,https://www.ea.com/games/ea-sports-fc/ratings?playerId=72438,ea-drop-api,ea-drop-api,,fc27,2026-08-28T08:51:40.553Z
275527,Amelie Thöle,Amelie,Thöle,,2003-08-31,22,Germany,Germany,21,170,60,1. FC Nürnberg,131386,GPFBL,,CB,"CB, RB, RM","RB, RM",Defense,Right,73,,52,57,48,40,41,50,32,28,58,24,53,35,45,33,74,53,35,58,45,58,75,72,66,76,74,72,81,74,73,63,71,59,62,70,2,2,15,7,12,8,7,,,,,,,Women's Football,1,ea-drop-api,275527,https://www.ea.com/games/ea-sports-fc/ratings?playerId=275527,ea-drop-api,ea-drop-api,,fc27,2026-08-28T08:51:40.553Z
272032,Leles Carrión,Maria,De Los Ángeles,Leles Carrión,1997-02-22,29,Spain,Spain,45,165,60,Granada CF,131391,Liga F Moeve,,CM,"CM, CDM, RM","CDM, RM",Midfielder,Right,72,,78,76,79,68,70,65,69,60,60,70,70,69,58,57,80,70,71,67,65,68,70,70,70,67,72,69,62,70,60,74,81,81,74,65,3,3,13,9,6,8,15,,,,,,,Women's Football,1,ea-drop-api,272032,https://www.ea.com/games/ea-sports-fc/ratings?playerId=272032,ea-drop-api,ea-drop-api,,fc27,2026-08-28T08:51:40.553Z
72364,Carol Marín,Carolina,Marín de la Fuente,Carol Marín,1996-11-27,29,Spain,Spain,45,156,53,,,Liga F Moeve,,CM,"CM, CDM",CDM,Midfielder,Right,72,,78,77,78,67,70,67,65,53,65,69,72,69,72,73,75,70,72,75,78,75,61,80,61,61,61,55,55,70,59,69,72,81,65,64,3,4,13,11,11,15,7,,,,,Dead Ball,,Women's Football,1,ea-drop-api,72364,https://www.ea.com/games/ea-sports-fc/ratings?playerId=72364,ea-drop-api,ea-drop-api,,fc27,2026-08-28T08:51:40.553Z
272180,Raquel Morcillo,Raquel,Morcillo Aparicio,Raquel Morcillo,1999-04-08,27,Spain,Spain,45,167,59,Sevilla FC,116337,Liga F Moeve,,LB,"LB, LW, LM","LW, LM",Defense,Left,72,,75,73,76,65,61,72,71,55,55,65,70,70,67,75,73,63,73,73,70,69,69,73,59,68,74,59,69,69,62,66,69,73,60,70,3,3,6,14,8,8,15,,,,,"Block, Intercept",,Women's Football,1,ea-drop-api,272180,https://www.ea.com/games/ea-sports-fc/ratings?playerId=272180,ea-drop-api,ea-drop-api,,fc27,2026-08-28T08:51:40.553Z
272025,Violeta Quiles,Violeta,García Quiles,Violeta Quiles,1999-12-10,26,Spain,Spain,45,165,59,Real Sociedad,116336,Liga F Moeve,,LM,"LM, LB",LB,Midfielder,Left,72,,78,78,78,65,65,72,60,56,55,70,68,66,66,64,74,61,66,73,77,76,65,75,71,66,52,57,71,74,60,66,74,74,70,45,3,3,14,8,8,12,13,,,,,,,Women's Football,1,ea-drop-api,272025,https://www.ea.com/games/ea-sports-fc/ratings?playerId=272025,ea-drop-api,ea-drop-api,,fc27,2026-08-28T08:51:40.553Z
233576,Mari José,María José,Pérez González,Mari José,1984-03-19,42,Spain,Spain,45,157,52,C. Adeje Tenerife,116332,Liga F Moeve,,LW,"LW, RW, ST, LM","RW, ST, LM",Attack,Right,72,,70,70,70,75,70,87,78,67,70,69,73,75,74,77,70,75,81,73,75,87,77,72,84,54,40,71,61,54,41,69,76,64,66,81,4,4,7,7,15,8,11,,,,,Incisive Pass,,Women's Football,1,ea-drop-api,233576,https://www.ea.com/games/ea-sports-fc/ratings?playerId=233576,ea-drop-api,ea-drop-api,,fc27,2026-08-28T08:51:40.553Z
245891,Hayley Lauder,Hayley,Lauder,,1990-06-04,36,Scotland,Scotland,42,170,62,Glasgow City FC,131363,Scottish Women's League,,CM,"CM, CDM",CDM,Midfielder,Left,72,,71,70,72,65,66,65,66,50,59,68,72,72,75,60,75,72,53,72,68,75,72,74,58,68,72,69,57,75,67,65,72,73,65,55,3,3,7,10,14,13,11,,,,,,,Women's Football,1,ea-drop-api,245891,https://www.ea.com/games/ea-sports-fc/ratings?playerId=245891,ea-drop-api,ea-drop-api,,fc27,2026-08-28T08:51:40.553Z
265116,Lina Hausicke,Lina,Hausicke,,1997-12-30,28,Germany,Germany,21,176,66,SV Werder Bremen,116004,GPFBL,,CM,CM,,Midfielder,Right,72,,66,59,71,67,68,68,67,58,69,67,72,72,66,67,75,74,70,70,63,72,73,73,67,70,71,55,74,72,69,68,63,76,63,73,3,3,9,12,14,10,10,,,,,"Intercept, Aerial Fortress, Technical",,Women's Football,1,ea-drop-api,265116,https://www.ea.com/games/ea-sports-fc/ratings?playerId=265116,ea-drop-api,ea-drop-api,,fc27,2026-08-28T08:51:40.553Z
267283,Joelle Anderson,Joelle,Anderson,,1998-10-06,27,USA,United States,95,175,61,Bay FC,131477,NWSL,,CB,CB,,Defense,Left,72,,59,48,68,67,67,68,68,66,68,65,72,68,67,69,78,70,68,73,70,51,74,78,66,72,68,74,70,76,68,70,73,66,73,68,3,2,6,13,8,15,9,,,,,,,Women's Football,1,ea-drop-api,267283,https://www.ea.com/games/ea-sports-fc/ratings?playerId=267283,ea-drop-api,ea-drop-api,,fc27,2026-08-28T08:51:40.553Z
272048,Arola Aparicio,Arola,Aparicio Vázquez,Arola Aparicio,1997-09-24,28,Spain,Spain,45,169,58,Real Sociedad,116336,Liga F Moeve,,RM,"RM, RW",RW,Midfielder,Right,72,,83,82,84,65,67,64,64,63,55,70,67,67,72,45,69,65,51,73,80,67,60,72,71,63,67,65,63,62,58,61,75,67,59,54,2,3,13,15,11,9,9,,,,,,,Women's Football,1,ea-drop-api,272048,https://www.ea.com/games/ea-sports-fc/ratings?playerId=272048,ea-drop-api,ea-drop-api,,fc27,2026-08-28T08:51:40.553Z
272270,Miku Kojima,Miku,Kojima,,1999-11-06,26,Japan,Japan,163,161,54,Granada CF,131391,Liga F Moeve,,CM,"CM, CDM, RM","CDM, RM",Midfielder,Right,72,,70,71,70,60,56,67,61,60,63,65,69,70,56,55,79,68,63,73,74,69,70,74,71,72,74,61,72,76,65,67,72,69,67,62,3,3,14,11,13,8,9,,,,,,,Women's Football,1,ea-drop-api,272270,https://www.ea.com/games/ea-sports-fc/ratings?playerId=272270,ea-drop-api,ea-drop-api,,fc27,2026-08-28T08:51:40.553Z
271864,Antonia Halverkamps,Antonia,Halverkamps,,2000-10-29,25,Germany,Germany,21,168,63,Union Berlin,132589,GPFBL,,RW,"RW, LW, CAM, RM","LW, CAM, RM",Attack,Right,72,,75,75,75,67,71,62,64,56,59,75,72,72,72,59,75,70,69,70,53,56,71,73,63,58,58,38,61,62,61,68,61,69,68,68,4,3,14,9,9,6,7,,,,,"Finesse Shot, Block, Intercept, Bruiser",,Women's Football,1,ea-drop-api,271864,https://www.ea.com/games/ea-sports-fc/ratings?playerId=271864,ea-drop-api,ea-drop-api,,fc27,2026-08-28T08:51:40.553Z
262459,Anna Torrodà,Anna,Torrodà Ricart,Anna Torrodà,2000-01-21,26,Spain,Spain,45,163,56,RCD Espanyol,131733,Liga F Moeve,,CM,"CM, CDM",CDM,Midfielder,Right,72,,68,67,68,65,65,66,67,44,73,63,70,72,57,50,78,76,63,70,58,53,72,78,73,67,70,60,75,61,57,69,73,55,74,73,3,3,10,6,8,15,9,,,,,,,Women's Football,1,ea-drop-api,262459,https://www.ea.com/games/ea-sports-fc/ratings?playerId=262459,ea-drop-api,ea-drop-api,,fc27,2026-08-28T08:51:40.553Z
268488,Samantha Kerr,Samantha,Kerr,,1999-04-17,27,Scotland,Scotland,42,165,61,Liverpool,116343,Barclays WSL,,CDM,"CDM, CM",CM,Midfielder,Right,72,,65,60,69,69,70,72,73,39,60,70,68,69,56,61,74,73,63,75,69,84,69,78,69,67,67,40,70,71,68,65,54,71,62,67,3,3,13,5,12,13,8,,,,,,,Women's Football,1,ea-drop-api,268488,https://www.ea.com/games/ea-sports-fc/ratings?playerId=268488,ea-drop-api,ea-drop-api,,fc27,2026-08-28T08:51:40.553Z
270329,Thea Bjelde,Thea,Bjelde,,2000-06-05,26,Norway,Norway,36,167,58,VfL Wolfsburg,115998,GPFBL,,CM,"CM, RB, RM","RB, RM",Midfielder,Right,72,,76,78,74,66,70,68,65,48,49,67,68,68,61,44,75,69,72,76,82,88,67,75,69,67,75,39,66,73,59,56,48,78,39,73,3,3,8,11,10,8,8,,,,,,,Women's Football,1,ea-drop-api,270329,https://www.ea.com/games/ea-sports-fc/ratings?playerId=270329,ea-drop-api,ea-drop-api,,fc27,2026-08-28T08:51:40.553Z
275824,Martina Šurnovská,Martina,Šurnovská,,1999-02-10,27,Slovakia,Slovakia,43,163,57,Slavia Praha,131360,Ceska Liga Žen,,CM,"CM, CDM",CDM,Midfielder,Right,72,,73,70,75,65,68,62,67,41,71,69,65,70,43,56,74,71,62,72,75,70,72,74,66,66,71,62,57,72,67,67,70,71,64,67,3,3,7,7,7,10,14,,,,,,,Women's Football,1,ea-drop-api,275824,https://www.ea.com/games/ea-sports-fc/ratings?playerId=275824,ea-drop-api,ea-drop-api,,fc27,2026-08-28T08:51:40.553Z
73653,Menglu Shen,Shen,Menglu,Menglu Shen,2002-05-10,24,China PR,China PR,155,162,56,Leverkusen,115996,GPFBL,,LB,"LB, RB, LM","RB, LM",Defense,Left,72,,71,70,72,62,65,58,59,45,65,74,71,75,74,62,73,64,49,71,73,61,70,74,60,68,72,51,69,72,63,64,65,73,65,50,4,3,12,8,13,10,7,,,,,,,Women's Football,1,ea-drop-api,73653,https://www.ea.com/games/ea-sports-fc/ratings?playerId=73653,ea-drop-api,ea-drop-api,,fc27,2026-08-28T08:51:40.553Z
246968,Lucy Hope,Lucy,Hope,,1996-10-10,29,Scotland,Scotland,42,165,60,Everton,116016,Barclays WSL,,RB,"RB, LB, LM","LB, LM",Defense,Right,72,,61,54,66,62,59,75,60,59,50,67,69,69,60,60,76,68,64,72,71,78,75,74,70,71,75,55,70,75,70,72,65,69,72,75,3,3,6,11,11,8,6,,,,,"Rapid, Bruiser",,Women's Football,1,ea-drop-api,246968,https://www.ea.com/games/ea-sports-fc/ratings?playerId=246968,ea-drop-api,ea-drop-api,,fc27,2026-08-28T08:51:40.553Z
265122,Reena Wichmann,Reena,Wichmann,,1998-01-12,28,Germany,Germany,21,171,62,SV Werder Bremen,116004,GPFBL,,LM,"LM, RM, LB","RM, LB",Midfielder,Right,72,,66,65,67,64,62,65,67,57,64,72,71,73,70,54,74,71,69,70,63,75,74,73,65,66,70,55,66,67,62,70,67,73,68,72,2,3,10,10,14,8,14,,,,,Bruiser,,Women's Football,1,ea-drop-api,265122,https://www.ea.com/games/ea-sports-fc/ratings?playerId=265122,ea-drop-api,ea-drop-api,,fc27,2026-08-28T08:51:40.553Z
264931,Verena Wieder,Verena,Wieder,,2000-06-26,26,Germany,Germany,21,175,64,SV Werder Bremen,116004,GPFBL,,ST,"ST, LM, LW","LM, LW",Attack,Right,72,,77,76,77,71,72,69,70,75,63,72,69,74,73,59,73,52,64,73,75,52,72,76,62,47,46,68,28,58,47,69,81,64,75,58,2,2,14,11,11,9,11,,,,,,,Women's Football,1,ea-drop-api,264931,https://www.ea.com/games/ea-sports-fc/ratings?playerId=264931,ea-drop-api,ea-drop-api,,fc27,2026-08-28T08:51:40.553Z
272188,Lucía Martínez,Lucía,Martínez González,Lucía Martínez,2001-11-27,24,Spain,Spain,45,170,59,RC Deportivo,131720,Liga F Moeve,,CDM,"CDM, CM, CB","CM, CB",Midfielder,Right,72,,71,69,72,54,50,55,59,52,55,72,74,71,74,72,76,73,71,71,66,54,62,78,60,69,71,62,69,73,64,67,70,70,65,69,2,3,5,10,11,15,9,,,,,,,Women's Football,1,ea-drop-api,272188,https://www.ea.com/games/ea-sports-fc/ratings?playerId=272188,ea-drop-api,ea-drop-api,,fc27,2026-08-28T08:51:40.553Z
272332,Rofiat Imuran,Rofiat,Imuran,,2004-06-17,22,Nigeria,Nigeria,133,165,61,London City,132176,Barclays WSL,,LB,"LB, LM",LM,Defense,Left,72,,76,78,74,58,62,53,58,39,42,68,65,66,68,40,70,59,65,72,71,65,69,74,62,68,67,65,68,71,68,67,77,70,68,58,3,3,8,13,13,6,11,,,,,,,Women's Football,1,ea-drop-api,272332,https://www.ea.com/games/ea-sports-fc/ratings?playerId=272332,ea-drop-api,ea-drop-api,,fc27,2026-08-28T08:51:40.553Z
71560,Hal Hershfelt,Hal,Hershfelt,,2001-10-03,24,USA,United States,95,173,65,Washington Spirit,116304,NWSL,,CDM,"CDM, CB",CB,Midfielder,Right,72,,70,69,71,58,56,66,60,48,45,57,64,63,50,60,72,68,53,72,72,66,72,73,59,71,73,56,70,78,66,70,70,67,71,72,3,3,14,10,14,13,7,,,,,Aerial Fortress,,Women's Football,1,ea-drop-api,71560,https://www.ea.com/games/ea-sports-fc/ratings?playerId=71560,ea-drop-api,ea-drop-api,,fc27,2026-08-28T08:51:40.553Z
272014,María De Alharilla,María,De Alharilla Casado,María De Alharilla,1990-11-13,35,Spain,Spain,45,164,51,,,Liga F Moeve,,RB,"RB, RM",RM,Defense,Right,72,,61,60,61,56,55,62,47,40,71,69,69,57,74,62,73,71,69,73,72,78,76,72,72,72,74,69,75,71,66,74,74,70,74,80,3,3,11,7,6,14,11,,,,,Slide Tackle,,Women's Football,1,ea-drop-api,272014,https://www.ea.com/games/ea-sports-fc/ratings?playerId=272014,ea-drop-api,ea-drop-api,,fc27,2026-08-28T08:51:40.553Z
272097,Ainhoa Alguacil,Ainhoa,Alguacil Amores,Ainhoa Alguacil,2006-01-08,20,Spain,Spain,45,163,58,Frankfurt,115997,GPFBL,,CM,"CM, CAM, ST","CAM, ST",Midfielder,Right,72,,76,77,75,64,68,60,60,45,65,70,72,70,65,53,79,76,61,71,81,74,63,74,61,62,62,71,55,69,55,60,76,73,55,54,2,3,8,7,8,8,13,,,,,,,Women's Football,1,ea-drop-api,272097,https://www.ea.com/games/ea-sports-fc/ratings?playerId=272097,ea-drop-api,ea-drop-api,,fc27,2026-08-28T08:51:40.553Z
275949,Jonna van de Velde,Jonna,van de Velde,,2001-11-04,24,Netherlands,Holland,34,167,57,Ajax,131359,Nederland Vrouwen Liga,,LB,"LB, CM, LM","CM, LM",Defense,Right,72,,73,75,72,60,62,57,63,43,58,65,67,68,63,43,73,69,54,70,67,59,66,75,61,69,70,58,68,74,69,66,71,73,64,62,3,3,15,14,14,14,6,,,,,,,Women's Football,1,ea-drop-api,275949,https://www.ea.com/games/ea-sports-fc/ratings?playerId=275949,ea-drop-api,ea-drop-api,,fc27,2026-08-28T08:51:40.553Z
270049,Christy Gavory,Christy,Gavory,,1998-05-05,28,France,France,18,156,48,Havre AC,116416,Arkema PL,,CM,"CM, CDM",CDM,Midfielder,Right,72,,70,73,67,68,64,78,73,52,61,69,71,72,71,71,72,70,70,75,83,91,68,74,72,62,73,50,59,65,56,58,53,80,41,75,3,3,9,13,6,12,8,,,,,"Incisive Pass, Anticipate",,Women's Football,1,ea-drop-api,270049,https://www.ea.com/games/ea-sports-fc/ratings?playerId=270049,ea-drop-api,ea-drop-api,,fc27,2026-08-28T08:51:40.553Z
274779,Paige Metayer,Paige,Metayer,,2000-09-23,25,USA,United States,95,178,64,Washington Spirit,116304,NWSL,,RB,RB,,Defense,Right,72,,64,60,67,60,66,48,66,42,48,68,67,68,56,41,77,71,45,70,56,49,69,76,65,71,74,66,67,75,70,72,72,74,73,67,3,3,8,10,11,12,9,,,,,,,Women's Football,1,ea-drop-api,274779,https://www.ea.com/games/ea-sports-fc/ratings?playerId=274779,ea-drop-api,ea-drop-api,,fc27,2026-08-28T08:51:40.553Z
275523,Lea Paulick,Lea,Paulick,,1999-09-02,26,Germany,Germany,21,175,63,Frankfurt,115997,GPFBL,,GK,GK,,Defense,Right,72,,72,48,45,69,22,51,21,16,16,15,68,35,25,13,28,18,12,73,45,27,63,18,33,47,13,12,13,12,15,75,47,25,30,22,2,1,72,69,68,75,73,,,,,,,Women's Football,1,ea-drop-api,275523,https://www.ea.com/games/ea-sports-fc/ratings?playerId=275523,ea-drop-api,ea-drop-api,,fc27,2026-08-28T08:51:40.553Z
72791,Oona Siren,Oona,Siren,,2001-02-23,25,Finland,Finland,17,160,53,West Ham,116014,Barclays WSL,,CM,"CM, CDM",CDM,Midfielder,Right,72,,61,59,62,64,63,69,64,51,58,74,70,71,67,43,75,72,63,70,60,67,72,73,69,69,68,72,66,71,67,69,73,70,67,70,3,2,11,13,6,5,13,,,,,,,Women's Football,1,ea-drop-api,72791,https://www.ea.com/games/ea-sports-fc/ratings?playerId=72791,ea-drop-api,ea-drop-api,,fc27,2026-08-28T08:51:40.553Z
261810,Féli Delacauw,Féli,Delacauw,,2002-04-04,24,Belgium,Belgium,7,173,54,TSG Hoffenheim,115999,GPFBL,,RM,"RM, LM, ST, RW","LM, ST, RW",Midfielder,Right,72,,76,79,74,61,63,59,68,40,44,69,69,68,68,62,72,68,59,72,77,70,68,74,59,62,62,40,57,72,65,63,59,73,57,68,4,3,9,10,13,13,7,,,,,,,Women's Football,1,ea-drop-api,261810,https://www.ea.com/games/ea-sports-fc/ratings?playerId=261810,ea-drop-api,ea-drop-api,,fc27,2026-08-28T08:51:40.553Z
261830,Dolores Silva,Dolores Isabel,Jácome da Silva,Dolores Silva,1991-08-07,35,Portugal,Portugal,38,167,54,,,Liga F Moeve,,CM,"CM, CAM, ST","CAM, ST",Midfielder,Right,72,,65,64,65,60,62,62,62,34,45,67,71,76,64,63,74,71,70,67,54,79,77,72,56,73,77,61,72,74,74,67,67,73,60,75,3,3,15,6,14,11,13,,,,,,,Women's Football,1,ea-drop-api,261830,https://www.ea.com/games/ea-sports-fc/ratings?playerId=261830,ea-drop-api,ea-drop-api,,fc27,2026-08-28T08:51:40.553Z
272047,Ana Franco,Ana,Franco de la Vega,Ana Franco,1999-06-06,27,Spain,Spain,45,174,56,,,Liga F Moeve,,LM,"LM, ST, RM, LW","ST, RM, LW",Midfielder,Right,72,,79,79,79,70,71,65,71,70,70,70,68,68,63,70,73,60,69,72,76,54,65,74,67,46,45,58,35,54,45,68,77,66,72,56,4,3,10,14,7,8,15,,,,,,,Women's Football,1,ea-drop-api,272047,https://www.ea.com/games/ea-sports-fc/ratings?playerId=272047,ea-drop-api,ea-drop-api,,fc27,2026-08-28T08:51:40.553Z
272229,Estella,María,Estella Del Valle,Estella,1994-06-10,32,Spain,Spain,45,170,63,C. Adeje Tenerife,116332,Liga F Moeve,,RB,"RB, CB",CB,Defense,Right,72,,68,69,67,49,45,60,42,48,65,62,65,65,69,48,65,65,60,71,81,71,71,69,70,71,71,65,74,70,73,79,79,73,81,81,3,2,10,8,13,10,14,,,,,"Slide Tackle, Long Throw",,Women's Football,1,ea-drop-api,272229,https://www.ea.com/games/ea-sports-fc/ratings?playerId=272229,ea-drop-api,ea-drop-api,,fc27,2026-08-28T08:51:40.553Z
269817,Hillary Diaz,Hillary,Diaz,,2004-07-24,22,France,France,18,174,64,FC Fleury 91,116036,Arkema PL,,CB,"CB, CDM, CM","CDM, CM",Defense,Right,72,,77,78,76,53,49,59,53,58,57,55,64,58,49,54,75,69,58,62,68,65,68,65,64,72,69,70,74,75,68,74,84,70,80,63,4,2,6,7,8,8,13,,,,,,,Women's Football,1,ea-drop-api,269817,https://www.ea.com/games/ea-sports-fc/ratings?playerId=269817,ea-drop-api,ea-drop-api,,fc27,2026-08-28T08:51:40.553Z
79666,Nurija van Schoonhoven,Nurija,van Schoonhoven,,1998-02-08,28,Netherlands,Holland,34,175,67,Ajax,131359,Nederland Vrouwen Liga,,CM,"CM, CAM",CAM,Midfielder,Right,72,,69,72,66,67,68,66,66,60,68,66,71,74,62,65,76,73,67,69,64,71,69,75,59,60,65,54,58,64,52,65,67,72,65,55,3,3,15,10,10,7,8,,,,,,,Women's Football,1,ea-drop-api,79666,https://www.ea.com/games/ea-sports-fc/ratings?playerId=79666,ea-drop-api,ea-drop-api,,fc27,2026-08-28T08:51:40.553Z
70851,Chandra Davidson,Chandra,Davidson,,1998-05-15,28,Canada,Canada,70,173,63,SL Benfica,131358,Liga Portugal Feminino,,LW,"LW, LB, LM","LB, LM",Attack,Right,72,,74,73,74,70,72,73,66,65,64,72,67,64,70,53,74,59,56,72,67,77,71,74,64,51,47,71,49,51,47,66,79,67,69,56,3,3,5,10,10,6,12,,,,,,,Women's Football,1,ea-drop-api,70851,https://www.ea.com/games/ea-sports-fc/ratings?playerId=70851,ea-drop-api,ea-drop-api,,fc27,2026-08-28T08:51:40.553Z
269661,Ingibjörg Sigurðardóttir,Ingibjörg,Sigurðardóttir,,1997-10-07,28,Iceland,Iceland,24,167,62,SC Freiburg,116002,GPFBL,,CB,CB,,Defense,Right,72,,69,69,69,58,56,63,63,59,60,34,63,61,54,64,68,66,54,66,66,57,77,72,62,74,73,65,78,72,76,70,72,71,68,73,3,2,8,8,7,14,9,,,,,Bruiser,,Women's Football,1,ea-drop-api,269661,https://www.ea.com/games/ea-sports-fc/ratings?playerId=269661,ea-drop-api,ea-drop-api,,fc27,2026-08-28T08:51:40.553Z
272234,Clau Blanco,Claudia,Roldán Blanco,Clau Blanco,1997-03-11,29,Spain,Spain,45,152,45,C. Adeje Tenerife,116332,Liga F Moeve,,LB,"LB, RB, LM","RB, LM",Defense,Right,72,,77,80,75,64,60,77,66,61,53,60,71,65,75,63,76,70,62,73,77,80,71,75,71,65,70,55,60,70,66,50,57,65,34,71,4,3,14,11,9,9,11,,,,,,,Women's Football,1,ea-drop-api,272234,https://www.ea.com/games/ea-sports-fc/ratings?playerId=272234,ea-drop-api,ea-drop-api,,fc27,2026-08-28T08:51:40.553Z
277264,Estrella Merino Gonzalez,Estrella,Merino Gonzalez,,2006-11-19,19,Germany,Germany,21,163,55,Leverkusen,115996,GPFBL,,RB,"RB, ST, RM","ST, RM",Defense,Right,72,,74,73,75,65,65,67,69,53,56,69,63,63,65,45,69,55,56,69,72,54,71,72,62,69,67,68,65,76,69,60,68,74,52,58,2,2,8,9,6,11,7,,,,,,,Women's Football,1,ea-drop-api,277264,https://www.ea.com/games/ea-sports-fc/ratings?playerId=277264,ea-drop-api,ea-drop-api,,fc27,2026-08-28T08:51:40.553Z
268470,Lúcia Alves,Lúcia Catarina,Sousa Alves,Lúcia Alves,1997-10-22,28,Portugal,Portugal,38,157,55,SL Benfica,131358,Liga Portugal Feminino,,LM,"LM, LB, LW","LB, LW",Midfielder,Right,72,,75,79,72,50,53,60,34,33,47,64,69,63,75,42,72,69,70,76,75,88,68,75,66,67,68,62,64,69,72,62,69,74,53,67,3,3,7,7,14,11,12,,,,,"Long Ball Pass, Technical",,Women's Football,1,ea-drop-api,268470,https://www.ea.com/games/ea-sports-fc/ratings?playerId=268470,ea-drop-api,ea-drop-api,,fc27,2026-08-28T08:51:40.553Z
269202,Alice Pinguet,Alice,Pinguet,,2002-06-29,24,France,France,18,174,65,,,Arkema PL,,GK,GK,,Defense,Right,72,,70,44,47,70,11,53,9,10,13,10,70,41,14,17,29,25,18,75,48,52,67,22,42,45,13,12,15,15,11,69,56,36,51,27,3,1,70,70,70,69,75,,,,,,,Women's Football,1,ea-drop-api,269202,https://www.ea.com/games/ea-sports-fc/ratings?playerId=269202,ea-drop-api,ea-drop-api,,fc27,2026-08-28T08:51:40.553Z
272251,Patri Ojeda,Patricia,Ojeda Ramírez,Patri Ojeda,1991-03-08,35,Spain,Spain,45,166,52,SD Eibar,116331,Liga F Moeve,,CB,"CB, RB, RM","RB, RM",Defense,Right,72,,63,64,63,60,53,71,66,45,67,55,63,40,62,72,75,60,69,68,62,70,80,75,70,73,79,66,75,73,65,72,71,76,68,75,3,2,12,14,8,12,14,,,,,Slide Tackle,,Women's Football,1,ea-drop-api,272251,https://www.ea.com/games/ea-sports-fc/ratings?playerId=272251,ea-drop-api,ea-drop-api,,fc27,2026-08-28T08:51:40.553Z
275589,Andrea Álvarez,Andrea,Álvarez,,2003-01-13,23,Guatemala,Guatemala,78,165,55,Sevilla FC,116337,Liga F Moeve,,ST,ST,,Attack,Right,72,,75,75,75,74,75,70,78,60,73,73,63,69,60,65,67,51,65,74,72,67,66,76,71,41,34,70,32,44,42,72,79,74,73,65,3,2,15,9,11,9,14,,,,,,,Women's Football,1,ea-drop-api,275589,https://www.ea.com/games/ea-sports-fc/ratings?playerId=275589,ea-drop-api,ea-drop-api,,fc27,2026-08-28T08:51:40.553Z
264914,Dóra Zeller,Dóra,Zeller,,1995-01-06,31,Hungary,Hungary,23,166,57,1. FC Köln,116003,GPFBL,,LM,"LM, CM, LB","CM, LB",Midfielder,Right,72,,74,77,72,70,73,66,70,60,58,74,66,68,65,50,73,58,60,73,78,68,69,74,65,47,35,62,42,57,40,68,76,69,69,61,3,3,6,12,13,13,8,,,,,"Incisive Pass, Technical",,Women's Football,1,ea-drop-api,264914,https://www.ea.com/games/ea-sports-fc/ratings?playerId=264914,ea-drop-api,ea-drop-api,,fc27,2026-08-28T08:51:40.553Z
264992,Judith Steinert,Judith,Steinert,,1995-09-25,30,Germany,Germany,21,165,56,Union Berlin,132589,GPFBL,,LB,"LB, RB, LM","RB, LM",Defense,Right,72,,76,80,73,53,59,55,40,35,61,55,64,58,66,38,70,64,59,66,75,43,69,69,67,69,68,66,70,69,68,70,77,83,66,62,3,2,8,14,14,5,8,,,,,Anticipate,,Women's Football,1,ea-drop-api,264992,https://www.ea.com/games/ea-sports-fc/ratings?playerId=264992,ea-drop-api,ea-drop-api,,fc27,2026-08-28T08:51:40.553Z
269218,Nadjma Ali Nadjim,Nadjma,Ali Nadjim,,1994-09-19,31,France,France,18,161,57,,,Arkema PL,,RM,"RM, ST, LM, RW","ST, LM, RW",Midfielder,Right,72,,89,87,91,70,70,70,73,68,68,70,64,70,61,61,65,62,59,71,74,69,63,73,74,37,32,70,36,34,30,67,84,74,71,44,3,3,11,8,6,14,12,,,,,"Incisive Pass, Rapid",,Women's Football,1,ea-drop-api,269218,https://www.ea.com/games/ea-sports-fc/ratings?playerId=269218,ea-drop-api,ea-drop-api,,fc27,2026-08-28T08:51:40.553Z
269811,Anaële Le Moguédec,Anaële,Le Moguédec,,2001-12-06,24,France,France,18,164,54,Paris FC,116035,Arkema PL,,CM,"CM, ST",ST,Midfielder,Right,72,,66,65,66,63,65,58,67,48,52,67,68,73,54,47,75,75,57,71,67,72,68,72,58,63,67,48,55,73,62,67,60,78,61,70,3,3,7,12,12,12,9,,,,,,,Women's Football,1,ea-drop-api,269811,https://www.ea.com/games/ea-sports-fc/ratings?playerId=269811,ea-drop-api,ea-drop-api,,fc27,2026-08-28T08:51:40.553Z
258979,Sandy MacIver,Sandy,MacIver,,1998-06-18,28,Scotland,Scotland,42,175,65,Washington Spirit,116304,NWSL,,GK,GK,,Defense,Right,72,,70,34,37,72,11,55,13,9,21,9,73,53,18,17,33,35,25,72,32,40,63,20,39,35,12,15,15,17,15,75,56,25,55,23,3,1,70,72,73,75,72,,,,,,,Women's Football,1,ea-drop-api,258979,https://www.ea.com/games/ea-sports-fc/ratings?playerId=258979,ea-drop-api,ea-drop-api,,fc27,2026-08-28T08:51:40.553Z
265010,Gina Chmielinski,Gina,Chmielinski,,2000-06-07,26,Germany,Germany,21,159,55,RB Leipzig,116021,GPFBL,,CAM,"CAM, CM",CM,Midfielder,Right,72,,64,65,63,69,73,65,68,61,63,72,70,73,66,62,74,68,57,70,67,73,74,74,63,64,62,61,68,65,55,60,66,66,59,52,3,3,8,11,10,9,14,,,,,,,Women's Football,1,ea-drop-api,265010,https://www.ea.com/games/ea-sports-fc/ratings?playerId=265010,ea-drop-api,ea-drop-api,,fc27,2026-08-28T08:51:40.553Z
265117,Maja Sternad,Maja,Sternad,,2003-12-28,22,Slovenia,Slovenia,44,170,60,SV Werder Bremen,116004,GPFBL,,ST,"ST, LM, LW","LM, LW",Attack,Right,72,,76,75,76,71,73,71,70,66,58,73,69,70,72,62,75,51,66,69,66,65,73,70,71,43,43,66,30,54,29,69,78,66,74,59,4,3,9,13,9,10,8,,,,,,,Women's Football,1,ea-drop-api,265117,https://www.ea.com/games/ea-sports-fc/ratings?playerId=265117,ea-drop-api,ea-drop-api,,fc27,2026-08-28T08:51:40.553Z
265915,Laura Bourgouin,Laura,Bourgouin,,1992-09-17,33,France,France,18,151,51,Marseille,132370,Arkema PL,,CAM,"CAM, ST",ST,Midfielder,Right,72,,74,74,74,72,71,80,68,66,69,78,69,68,69,80,70,63,68,75,78,92,74,75,69,37,30,59,35,38,30,70,74,85,71,46,3,3,6,9,8,11,5,,,,,,,Women's Football,1,ea-drop-api,265915,https://www.ea.com/games/ea-sports-fc/ratings?playerId=265915,ea-drop-api,ea-drop-api,,fc27,2026-08-28T08:51:40.553Z
278195,Olaya Rodríguez,Olaya,Enrique Rodríguez,Olaya Rodríguez,2005-10-05,20,Spain,Spain,45,164,51,RC Deportivo,131720,Liga F Moeve,,CAM,"CAM, LW, CM","LW, CM",Midfielder,Right,72,,75,74,75,64,60,70,73,35,70,72,71,73,70,75,74,63,68,72,72,70,73,74,60,52,50,63,41,60,50,63,69,71,56,70,2,3,13,11,8,12,10,,,,,,,Women's Football,1,ea-drop-api,278195,https://www.ea.com/games/ea-sports-fc/ratings?playerId=278195,ea-drop-api,ea-drop-api,,fc27,2026-08-28T08:51:40.553Z
264920,Julia Pollak,Julia,Pollak,,2002-05-09,24,Germany,Germany,21,174,62,1. FC Nürnberg,131386,GPFBL,,LB,"LB, LM",LM,Defense,Left,72,,74,75,74,49,51,50,44,28,54,61,69,62,73,52,73,72,61,67,67,50,73,70,68,69,69,65,71,69,67,68,75,70,69,62,2,3,12,8,11,14,11,,,,,Whipped Pass,,Women's Football,1,ea-drop-api,264920,https://www.ea.com/games/ea-sports-fc/ratings?playerId=264920,ea-drop-api,ea-drop-api,,fc27,2026-08-28T08:51:40.553Z
275410,Chloé Tapia,Chloé,Tapia,,2002-05-30,24,France,France,18,164,56,,,Arkema PL,,LB,"LB, LM",LM,Defense,Left,72,,70,60,78,54,54,55,53,39,55,58,62,55,68,44,69,55,63,71,69,81,66,71,70,69,74,52,69,72,67,70,62,87,64,68,2,3,6,12,5,6,14,,,,,,,Women's Football,1,ea-drop-api,275410,https://www.ea.com/games/ea-sports-fc/ratings?playerId=275410,ea-drop-api,ea-drop-api,,fc27,2026-08-28T08:51:40.553Z
264960,Delanie Sheehan,Delanie,Sheehan,,1999-01-13,27,USA,United States,95,168,64,Houston Dash,116306,NWSL,,CM,"CM, ST, CAM","ST, CAM",Midfielder,Right,72,,54,61,49,71,72,69,71,66,64,76,72,72,69,68,76,73,58,73,74,58,75,76,65,52,50,67,42,58,57,73,76,70,80,57,3,3,7,7,7,6,14,,,,,Technical,,Women's Football,1,ea-drop-api,264960,https://www.ea.com/games/ea-sports-fc/ratings?playerId=264960,ea-drop-api,ea-drop-api,,fc27,2026-08-28T08:51:40.553Z
266451,Eartha Cumings,Eartha,Cumings,,1999-06-11,27,Scotland,Scotland,42,170,66,Manchester City,116017,Barclays WSL,,GK,GK,,Defense,Right,72,,71,39,45,69,9,52,10,11,15,8,69,55,14,13,25,29,12,72,43,44,71,12,33,41,12,14,9,14,10,73,48,36,40,25,2,1,71,69,69,73,72,,,,,Cross Claimer,,Women's Football,1,ea-drop-api,266451,https://www.ea.com/games/ea-sports-fc/ratings?playerId=266451,ea-drop-api,ea-drop-api,,fc27,2026-08-28T08:51:40.553Z
275588,Laura Camino,Laura,Camino Fernández,Laura Camino,2002-04-01,24,Spain,Spain,45,170,60,SD Eibar,116331,Liga F Moeve,,LM,"LM, LB, RB","LB, RB",Midfielder,Right,72,,74,76,73,69,69,72,69,61,61,71,69,75,69,54,71,67,53,70,74,71,69,70,71,41,36,84,39,34,38,72,91,78,74,53,3,3,13,8,10,7,11,,,,,"Intercept, Aerial Fortress, Long Throw",,Women's Football,1,ea-drop-api,275588,https://www.ea.com/games/ea-sports-fc/ratings?playerId=275588,ea-drop-api,ea-drop-api,,fc27,2026-08-28T08:51:40.553Z
271784,Hanna Németh,Hanna,Németh,,1998-09-17,27,Hungary,Hungary,23,180,70,SV Werder Bremen,116004,GPFBL,,CB,CB,,Defense,Right,72,,55,40,68,55,51,58,59,43,63,58,67,65,55,55,75,75,54,68,69,67,67,71,64,72,71,73,72,75,68,77,74,76,81,67,2,2,5,6,10,11,7,,,,,Block,,Women's Football,1,ea-drop-api,271784,https://www.ea.com/games/ea-sports-fc/ratings?playerId=271784,ea-drop-api,ea-drop-api,,fc27,2026-08-28T08:51:40.553Z
275774,Alicia Redondo,Alicia,Redondo González,Alicia Redondo,2001-11-02,24,Spain,Spain,45,168,58,Sevilla FC,116337,Liga F Moeve,,CDM,"CDM, CM",CM,Midfielder,Right,72,,67,68,66,56,51,68,55,54,52,69,66,70,42,60,78,68,59,67,68,66,71,70,66,72,72,65,67,79,75,66,72,68,69,56,2,2,11,13,10,15,11,,,,,"Intercept, Aerial Fortress",,Women's Football,1,ea-drop-api,275774,https://www.ea.com/games/ea-sports-fc/ratings?playerId=275774,ea-drop-api,ea-drop-api,,fc27,2026-08-28T08:51:40.553Z
265716,Wang Yanwen,Yanwen,Wang,Wang Yanwen,1999-03-27,27,China PR,China PR,155,173,58,,,Arkema PL,,CM,"CM, ST",ST,Midfielder,Right,72,,73,74,72,67,67,65,71,55,68,70,71,71,71,50,76,72,49,72,60,72,70,72,53,50,66,64,20,66,41,60,74,68,67,27,3,3,9,12,13,12,10,,,,,,,Women's Football,1,ea-drop-api,265716,https://www.ea.com/games/ea-sports-fc/ratings?playerId=265716,ea-drop-api,ea-drop-api,,fc27,2026-08-28T08:51:40.553Z
267375,Mary Alice Vignola,Mary Alice,Vignola,,1998-02-11,28,USA,United States,95,168,60,Angel City FC,116311,NWSL,,LB,"LB, LM",LM,Defense,Left,72,,66,69,64,53,45,69,59,48,45,58,60,52,64,56,68,51,57,66,63,64,68,68,63,72,71,61,70,76,76,76,78,72,83,65,3,2,6,10,6,12,13,,,,,"Block, Slide Tackle, Press Proven, Long Throw, Bruiser",,Women's Football,1,ea-drop-api,267375,https://www.ea.com/games/ea-sports-fc/ratings?playerId=267375,ea-drop-api,ea-drop-api,,fc27,2026-08-28T08:51:40.553Z
273271,Uchenna Kanu,Uchenna,Kanu,,1997-06-20,29,Nigeria,Nigeria,133,173,62,Rac. Louisville,116308,NWSL,,LW,"LW, ST, LM","ST, LM",Attack,Right,72,,74,72,76,68,69,69,69,59,60,73,68,70,60,55,74,67,67,74,69,71,68,75,69,42,41,67,37,41,37,67,78,72,74,41,4,3,7,8,6,6,14,,,,,Precision Header,,Women's Football,1,ea-drop-api,273271,https://www.ea.com/games/ea-sports-fc/ratings?playerId=273271,ea-drop-api,ea-drop-api,,fc27,2026-08-28T08:51:40.553Z
76426,Kayla Rendell,Kayla,Rendell,,2001-06-29,25,England,England,14,176,65,Manchester Utd,116012,Barclays WSL,,GK,GK,,Defense,Right,72,,71,35,34,72,10,56,7,10,14,6,74,68,11,11,30,23,12,71,32,55,73,14,56,35,14,13,11,16,14,69,53,40,50,25,3,1,71,72,74,69,71,,,,,Deflector,,Women's Football,1,ea-drop-api,76426,https://www.ea.com/games/ea-sports-fc/ratings?playerId=76426,ea-drop-api,ea-drop-api,,fc27,2026-08-28T08:51:40.553Z
270406,Emily Orman,Emily,Orman,,2002-11-05,23,England,England,14,182,70,London City,132176,Barclays WSL,,GK,GK,,Defense,Right,72,,68,43,43,70,7,50,8,7,19,11,67,50,9,12,15,16,10,71,44,41,74,40,59,43,10,9,12,11,8,73,63,31,69,19,2,1,68,70,67,73,71,,,,,Footwork,,Women's Football,1,ea-drop-api,270406,https://www.ea.com/games/ea-sports-fc/ratings?playerId=270406,ea-drop-api,ea-drop-api,,fc27,2026-08-28T08:51:40.553Z
278651,Eider Arana,Eider,Arana Mugueta,Eider Arana,2002-04-11,24,Spain,Spain,45,170,60,Athletic Club,116328,Liga F Moeve,,CB,"CB, LB, LM","LB, LM",Defense,Left,72,,58,54,62,52,58,52,40,32,45,72,68,68,69,55,70,70,52,67,54,59,75,72,61,71,67,76,72,73,65,76,80,81,77,68,3,2,12,7,7,10,12,,,,,Block,,Women's Football,1,ea-drop-api,278651,https://www.ea.com/games/ea-sports-fc/ratings?playerId=278651,ea-drop-api,ea-drop-api,,fc27,2026-08-28T08:51:40.553Z
264949,Saskia Matheis,Saskia,Matheis,,1997-06-06,29,Germany,Germany,21,170,59,SV Werder Bremen,116004,GPFBL,,CM,"CM, LM, CDM","LM, CDM",Midfielder,Right,72,,48,60,39,64,58,71,72,60,60,71,67,70,50,68,73,70,65,73,70,77,76,76,65,67,71,59,72,64,64,72,70,72,74,67,3,3,5,11,10,10,11,,,,,"Jockey, Block",,Women's Football,1,ea-drop-api,264949,https://www.ea.com/games/ea-sports-fc/ratings?playerId=264949,ea-drop-api,ea-drop-api,,fc27,2026-08-28T08:51:40.553Z
267295,Kaylie Collins,Kaylie,Collins,,1998-05-17,28,USA,United States,95,178,68,Washington Spirit,116304,NWSL,,GK,GK,,Defense,Right,72,,73,37,38,67,12,52,12,9,22,8,69,50,9,9,25,22,10,73,37,55,67,13,28,37,8,8,9,13,9,72,60,35,68,13,2,1,73,67,69,72,73,,,,,,,Women's Football,1,ea-drop-api,267295,https://www.ea.com/games/ea-sports-fc/ratings?playerId=267295,ea-drop-api,ea-drop-api,,fc27,2026-08-28T08:51:40.553Z
265166,Michaela Brandenburg,Michaela,Brandenburg,,1997-12-17,28,Germany,Germany,21,169,60,SV Werder Bremen,116004,GPFBL,,CB,"CB, RB, RM","RB, RM",Defense,Right,72,,62,63,61,53,52,61,48,34,60,57,66,66,61,50,69,71,59,63,54,76,72,67,64,73,72,72,76,72,70,73,80,69,76,71,2,2,12,11,8,8,13,,,,,Long Ball Pass,,Women's Football,1,ea-drop-api,265166,https://www.ea.com/games/ea-sports-fc/ratings?playerId=265166,ea-drop-api,ea-drop-api,,fc27,2026-08-28T08:51:40.553Z
277952,Lotte Keukelaar,Lotte,Keukelaar,,2005-09-25,20,Netherlands,Holland,34,169,59,Ajax,131359,Nederland Vrouwen Liga,,LW,"LW, RW, LM","RW, LM",Attack,Right,72,,82,84,80,68,71,66,67,54,58,70,68,73,66,48,73,67,52,71,69,61,63,74,66,42,38,53,32,55,30,59,69,59,58,58,2,3,8,6,13,8,10,,,,,,,Women's Football,1,ea-drop-api,277952,https://www.ea.com/games/ea-sports-fc/ratings?playerId=277952,ea-drop-api,ea-drop-api,,fc27,2026-08-28T08:51:40.553Z
265705,Marisa Olislagers,Marisa,Olislagers,,2000-09-09,25,Netherlands,Holland,34,165,60,Brighton,116013,Barclays WSL,,LB,"LB, LW",LW,Defense,Left,72,,68,68,68,51,55,58,47,32,35,45,65,40,74,50,73,71,60,68,60,58,70,73,60,71,71,58,74,72,68,66,67,69,65,63,3,3,6,14,8,13,7,,,,,Dead Ball,,Women's Football,1,ea-drop-api,265705,https://www.ea.com/games/ea-sports-fc/ratings?playerId=265705,ea-drop-api,ea-drop-api,,fc27,2026-08-28T08:51:40.553Z
267885,Juliette Vidal,Juliette,Vidal,,1999-03-21,27,France,France,18,169,63,Leverkusen,115996,GPFBL,,CDM,"CDM, CM, LB","CM, LB",Midfielder,Left,72,,65,64,66,52,52,52,55,41,48,55,60,56,52,41,70,67,43,66,63,78,65,68,63,72,75,59,71,76,68,74,70,84,73,67,3,2,7,15,7,6,6,,,,,,,Women's Football,1,ea-drop-api,267885,https://www.ea.com/games/ea-sports-fc/ratings?playerId=267885,ea-drop-api,ea-drop-api,,fc27,2026-08-28T08:51:40.553Z
273265,Christy Ucheibe,Christy,Ucheibe,,2000-12-25,25,Nigeria,Nigeria,133,173,64,SL Benfica,131358,Liga Portugal Feminino,,CDM,"CDM, CB, CM","CB, CM",Midfielder,Right,72,,71,72,71,48,48,49,50,34,43,61,61,64,43,37,72,61,60,65,61,61,68,72,65,75,74,73,72,80,75,69,79,78,68,60,2,2,10,9,6,11,9,,,,,"Block, Relentless",,Women's Football,1,ea-drop-api,273265,https://www.ea.com/games/ea-sports-fc/ratings?playerId=273265,ea-drop-api,ea-drop-api,,fc27,2026-08-28T08:51:40.553Z
273481,Kayla Fischer,Kayla,Fischer,,2000-01-05,26,USA,United States,95,173,62,Rac. Louisville,116308,NWSL,,ST,"ST, CAM",CAM,Attack,Right,72,,75,73,76,68,68,68,69,63,63,75,69,67,62,58,76,64,75,74,66,62,79,78,66,38,36,68,32,38,34,65,71,68,57,79,3,3,11,8,15,13,6,,,,,,,Women's Football,1,ea-drop-api,273481,https://www.ea.com/games/ea-sports-fc/ratings?playerId=273481,ea-drop-api,ea-drop-api,,fc27,2026-08-28T08:51:40.553Z
244058,Lize Kop,Lize,Kop,,1998-03-17,28,Netherlands,Holland,34,173,64,Spurs,116011,Barclays WSL,,GK,GK,,Defense,Right,72,,73,27,34,66,8,53,9,7,13,10,70,25,12,12,23,18,14,73,39,51,70,18,32,30,11,16,15,14,15,75,43,30,32,25,3,1,73,66,70,75,73,,,,,,,Women's Football,1,ea-drop-api,244058,https://www.ea.com/games/ea-sports-fc/ratings?playerId=244058,ea-drop-api,ea-drop-api,,fc27,2026-08-28T08:51:40.553Z
265883,Noémie Carage,Noémie,Carage,,1996-09-09,29,France,France,18,171,57,,,Arkema PL,,CB,"CB, LB, LM","LB, LM",Defense,Left,72,,67,69,66,44,42,54,37,38,43,47,63,53,58,42,73,65,60,65,66,66,73,70,67,72,72,68,75,71,70,76,78,72,79,71,3,2,9,10,6,13,14,,,,,Intercept,,Women's Football,1,ea-drop-api,265883,https://www.ea.com/games/ea-sports-fc/ratings?playerId=265883,ea-drop-api,ea-drop-api,,fc27,2026-08-28T08:51:40.553Z
74030,Nicole Kozlova,Nicole,Kozlova,,2000-07-08,26,Ukraine,Ukraine,49,165,58,Glasgow City FC,131363,Scottish Women's League,,ST,"ST, CAM, LW","CAM, LW",Attack,Right,72,,64,66,63,74,76,75,72,70,59,73,63,63,60,58,68,60,59,70,64,68,71,74,65,45,46,67,39,44,41,68,74,62,71,67,3,3,7,15,6,5,7,,,,,,,Women's Football,1,ea-drop-api,74030,https://www.ea.com/games/ea-sports-fc/ratings?playerId=74030,ea-drop-api,ea-drop-api,,fc27,2026-08-28T08:51:40.553Z
74395,Laura Sánchez,Laura,Sánchez Comuñas,Laura Sánchez,2006-05-15,20,Spain,Spain,45,170,60,Granada CF,131391,Liga F Moeve,,GK,GK,,Defense,Right,72,,74,31,32,72,10,49,9,10,20,10,65,30,13,17,25,20,15,72,30,51,70,21,23,31,15,21,10,20,22,70,54,24,50,24,2,1,74,72,65,70,72,,,,,Cross Claimer,,Women's Football,1,ea-drop-api,74395,https://www.ea.com/games/ea-sports-fc/ratings?playerId=74395,ea-drop-api,ea-drop-api,,fc27,2026-08-28T08:51:40.553Z
264921,Juliane Wirtz,Juliane,Wirtz,,2001-08-22,25,Germany,Germany,21,173,61,SV Werder Bremen,116004,GPFBL,,CM,"CM, CDM",CDM,Midfielder,Right,72,,37,39,36,67,67,61,72,58,64,73,68,71,55,65,74,72,59,71,65,72,76,72,67,70,72,58,68,75,64,71,62,70,73,71,3,3,8,14,14,6,6,,,,,Relentless,,Women's Football,1,ea-drop-api,264921,https://www.ea.com/games/ea-sports-fc/ratings?playerId=264921,ea-drop-api,ea-drop-api,,fc27,2026-08-28T08:51:40.553Z
265107,Christin Meyer,Christin,Meyer,,2000-10-14,25,Germany,Germany,21,178,65,Hamburger SV,132533,GPFBL,,ST,ST,,Attack,Right,72,,66,62,69,72,75,72,69,66,54,74,65,68,68,58,71,49,52,70,63,59,72,73,66,40,31,67,30,51,27,71,76,71,78,54,2,2,8,11,8,10,11,,,,,Enforcer,,Women's Football,1,ea-drop-api,265107,https://www.ea.com/games/ea-sports-fc/ratings?playerId=265107,ea-drop-api,ea-drop-api,,fc27,2026-08-28T08:51:40.553Z
265317,Laura Blindkilde Brown,Laura,Blindkilde Brown,,2003-09-09,22,England,England,14,162,56,Manchester City,116017,Barclays WSL,,CM,"CM, CAM",CAM,Midfielder,Right,72,,73,70,75,57,55,59,56,50,57,75,69,75,51,49,79,77,52,72,72,79,70,74,56,61,59,54,58,67,61,52,53,68,44,51,5,3,9,6,7,6,6,,,,,,,Women's Football,1,ea-drop-api,265317,https://www.ea.com/games/ea-sports-fc/ratings?playerId=265317,ea-drop-api,ea-drop-api,,fc27,2026-08-28T08:51:40.553Z
78685,Lisa Baum,Lisa,Baum,,2006-11-25,19,Germany,Germany,21,170,58,RB Leipzig,116021,GPFBL,,LW,"LW, LM",LM,Attack,Left,72,,78,77,78,66,69,64,65,59,63,69,68,70,68,69,69,63,64,74,77,70,64,76,58,40,39,56,36,41,32,57,68,63,55,52,3,4,9,11,13,9,6,,,,,Gamechanger,,Women's Football,1,ea-drop-api,78685,https://www.ea.com/games/ea-sports-fc/ratings?playerId=78685,ea-drop-api,ea-drop-api,,fc27,2026-08-28T08:51:40.553Z
264996,Laura Wienroither,Laura,Wienroither,,1999-01-13,27,Austria,Austria,4,165,58,Manchester City,116017,Barclays WSL,,RB,"RB, RM",RM,Defense,Right,72,,71,72,71,52,52,57,45,45,53,65,65,48,71,34,75,65,60,69,60,77,68,70,70,71,76,50,75,72,68,55,57,67,47,60,3,2,7,14,14,14,5,,,,,,,Women's Football,1,ea-drop-api,264996,https://www.ea.com/games/ea-sports-fc/ratings?playerId=264996,ea-drop-api,ea-drop-api,,fc27,2026-08-28T08:51:40.553Z
277308,Romy Baraniak,Romy,Baraniak,,2003-04-25,23,Germany,Germany,21,169,60,FC Zürich,131361,Schweizer Damen Liga,,CM,"CM, CAM, CDM","CAM, CDM",Midfielder,Right,72,,65,62,67,65,72,49,70,43,64,72,66,69,54,47,75,72,45,72,63,67,74,77,52,57,64,48,47,70,46,58,64,63,56,54,3,3,11,10,7,8,14,,,,,,,Women's Football,1,ea-drop-api,277308,https://www.ea.com/games/ea-sports-fc/ratings?playerId=277308,ea-drop-api,ea-drop-api,,fc27,2026-08-28T08:51:40.553Z
268000,Shana Chossenotte,Shana,Chossenotte,,2005-02-14,21,France,France,18,172,60,,,Barclays WSL,,RM,"RM, CAM, RW","CAM, RW",Midfielder,Right,72,,83,81,85,66,70,58,68,59,57,69,66,68,70,52,70,55,64,74,78,68,70,74,64,36,18,55,38,41,33,55,70,59,56,45,3,3,8,11,7,8,5,,,,,,,Women's Football,1,ea-drop-api,268000,https://www.ea.com/games/ea-sports-fc/ratings?playerId=268000,ea-drop-api,ea-drop-api,,fc27,2026-08-28T08:51:40.553Z
272257,Elba Vergés,Elba,Vergés Prats,Elba Vergés,1995-10-24,30,Spain,Spain,45,170,58,C. Adeje Tenerife,116332,Liga F Moeve,,CB,CB,,Defense,Right,72,,54,54,54,53,49,59,55,52,60,50,62,50,55,55,74,64,59,65,67,60,71,71,60,74,75,80,71,75,68,72,76,82,67,72,1,2,15,9,7,13,7,,,,,"Block, Intercept, Aerial Fortress",,Women's Football,1,ea-drop-api,272257,https://www.ea.com/games/ea-sports-fc/ratings?playerId=272257,ea-drop-api,ea-drop-api,,fc27,2026-08-28T08:51:40.553Z
273150,Daniela Caracas,Daniela,Caracas,,1997-04-25,29,Colombia,Colombia,56,167,57,RCD Espanyol,131733,Liga F Moeve,,RB,"RB, RM",RM,Defense,Right,72,,71,70,72,42,38,54,38,35,55,38,64,55,72,42,73,60,48,66,66,60,67,72,55,70,73,60,73,70,64,67,71,75,68,53,3,3,9,7,7,6,11,,,,,"Block, Long Throw",,Women's Football,1,ea-drop-api,273150,https://www.ea.com/games/ea-sports-fc/ratings?playerId=273150,ea-drop-api,ea-drop-api,,fc27,2026-08-28T08:51:40.553Z
265986,Ninon Blanchard,Ninon,Blanchard,,1998-09-07,27,France,France,18,169,62,Marseille,132370,Arkema PL,,CB,CB,,Defense,Right,72,,62,69,57,51,47,68,45,38,71,45,59,57,42,49,73,59,45,62,58,50,71,68,68,73,69,75,72,78,69,72,81,71,74,68,3,2,11,7,7,10,7,,,,,Anticipate,,Women's Football,1,ea-drop-api,265986,https://www.ea.com/games/ea-sports-fc/ratings?playerId=265986,ea-drop-api,ea-drop-api,,fc27,2026-08-28T08:51:40.553Z
261841,Fátima Pinto,Fátima,Figueira Pinto,Fátima Pinto,1996-01-16,30,Portugal,Portugal,38,169,63,Strasbourg,131724,Arkema PL,,CM,CM,,Midfielder,Right,72,,61,59,62,51,48,59,46,46,49,75,74,78,68,45,79,78,54,67,60,70,68,69,64,59,68,43,42,75,58,66,64,68,68,59,4,3,12,8,13,14,13,,,,,,,Women's Football,1,ea-drop-api,261841,https://www.ea.com/games/ea-sports-fc/ratings?playerId=261841,ea-drop-api,ea-drop-api,,fc27,2026-08-28T08:51:40.553Z
272055,Eva Llamas,Eva,Llamas Hernández,Eva Llamas,1992-05-29,34,Spain,Spain,45,170,58,Sevilla FC,116337,Liga F Moeve,,CB,"CB, CDM, CM","CDM, CM",Defense,Right,72,,62,61,62,40,40,41,36,39,51,50,66,56,64,40,80,62,62,61,65,62,60,70,72,71,69,69,72,73,72,77,78,76,82,64,3,3,5,9,9,9,14,,,,,Anticipate,,Women's Football,1,ea-drop-api,272055,https://www.ea.com/games/ea-sports-fc/ratings?playerId=272055,ea-drop-api,ea-drop-api,,fc27,2026-08-28T08:51:40.553Z
273470,Reyna Reyes,Reyna,Reyes,,2001-02-16,25,Mexico,Mexico,83,170,62,Portland Thorns,116302,NWSL,,LB,"LB, LM",LM,Defense,Right,72,,62,62,62,49,45,54,57,43,45,49,66,57,70,53,70,68,65,67,58,57,73,71,60,71,78,67,70,70,69,61,66,69,58,56,3,2,10,5,6,7,8,,,,,Aerial Fortress,,Women's Football,1,ea-drop-api,273470,https://www.ea.com/games/ea-sports-fc/ratings?playerId=273470,ea-drop-api,ea-drop-api,,fc27,2026-08-28T08:51:40.553Z
276772,Dominika Kopińska,Dominika,Kopińska,,1999-10-11,26,Poland,Poland,37,174,63,,,Arkema PL,,ST,ST,,Attack,Right,72,,70,68,72,72,71,78,70,68,71,72,59,58,48,59,69,53,58,70,54,51,69,72,68,31,26,74,22,30,23,72,82,67,76,68,3,3,13,6,6,10,15,,,,,,,Women's Football,1,ea-drop-api,276772,https://www.ea.com/games/ea-sports-fc/ratings?playerId=276772,ea-drop-api,ea-drop-api,,fc27,2026-08-28T08:51:40.553Z
79457,Claudia Wenger,Claudia,Wenger,,2001-05-06,25,Austria,Austria,4,168,60,Leverkusen,115996,GPFBL,,CB,CB,,Defense,Right,72,,71,69,73,49,50,52,48,47,52,34,56,52,37,46,68,64,51,56,65,72,67,63,58,74,75,70,74,75,73,67,73,64,66,71,2,2,11,15,9,13,15,,,,,,,Women's Football,1,ea-drop-api,79457,https://www.ea.com/games/ea-sports-fc/ratings?playerId=79457,ea-drop-api,ea-drop-api,,fc27,2026-08-28T08:51:40.553Z
267214,Hannah Betfort,Hannah,Betfort,,1999-01-04,27,USA,United States,95,180,67,NC Courage,116303,NWSL,,ST,ST,,Attack,Right,72,,66,60,71,70,70,72,66,70,68,77,63,53,56,59,74,64,51,67,53,53,74,74,64,42,42,69,38,38,37,65,75,38,77,64,2,2,8,7,5,12,8,,,,,,,Women's Football,1,ea-drop-api,267214,https://www.ea.com/games/ea-sports-fc/ratings?playerId=267214,ea-drop-api,ea-drop-api,,fc27,2026-08-28T08:51:40.553Z
267326,Freja Siri Olofsson,Freja Siri,Olofsson,,1998-05-24,28,Sweden,Sweden,46,174,69,Madrid CFF,116334,Liga F Moeve,,CDM,"CDM, CM",CM,Midfielder,Right,72,,44,49,40,52,52,51,55,44,48,57,69,68,62,42,78,74,51,69,66,61,74,77,68,69,70,66,71,69,68,70,71,47,79,74,3,3,12,8,10,7,13,,,,,,,Women's Football,1,ea-drop-api,267326,https://www.ea.com/games/ea-sports-fc/ratings?playerId=267326,ea-drop-api,ea-drop-api,,fc27,2026-08-28T08:51:40.553Z
71691,Manon Wahl,Manon,Wahl,,2001-06-27,25,France,France,18,170,63,Strasbourg,131724,Arkema PL,,GK,GK,,Defense,Right,72,,70,20,23,72,5,52,10,8,15,7,69,32,11,14,33,22,16,69,39,53,72,17,28,21,12,9,8,11,9,71,51,25,56,22,3,1,70,72,69,71,69,,,,,,,Women's Football,1,ea-drop-api,71691,https://www.ea.com/games/ea-sports-fc/ratings?playerId=71691,ea-drop-api,ea-drop-api,,fc27,2026-08-28T08:51:40.553Z
267652,Héloïse Mansuy,Héloïse,Mansuy,,1997-02-13,29,France,France,18,168,54,,,Arkema PL,,CB,CB,,Defense,Right,72,,62,67,57,38,32,47,41,33,41,43,61,48,50,53,76,68,41,64,64,65,72,70,68,72,70,70,75,73,70,75,78,75,76,72,3,2,11,9,9,12,8,,,,,,,Women's Football,1,ea-drop-api,267652,https://www.ea.com/games/ea-sports-fc/ratings?playerId=267652,ea-drop-api,ea-drop-api,,fc27,2026-08-28T08:51:40.553Z
247415,Abigail Harrison,Abigail,Harrison,,1997-12-07,28,Scotland,Scotland,42,169,67,Glasgow City FC,131363,Scottish Women's League,,ST,"ST, LW, LM","LW, LM",Attack,Right,72,,74,76,72,76,80,75,70,69,75,67,61,63,74,68,59,42,64,71,62,61,68,74,65,24,18,65,16,24,21,65,80,68,75,34,4,3,9,7,15,6,14,,,,,,,Women's Football,1,ea-drop-api,247415,https://www.ea.com/games/ea-sports-fc/ratings?playerId=247415,ea-drop-api,ea-drop-api,,fc27,2026-08-28T08:51:40.553Z
72788,Eva Nyström,Eva,Nyström,,1999-11-29,26,Finland,Finland,17,170,63,West Ham,116014,Barclays WSL,,CB,CB,,Defense,Right,72,,61,57,65,42,30,60,48,44,48,40,60,45,55,48,75,59,48,67,55,72,71,77,60,71,73,70,73,70,68,69,72,60,73,71,3,2,11,6,10,10,8,,,,,,,Women's Football,1,ea-drop-api,72788,https://www.ea.com/games/ea-sports-fc/ratings?playerId=72788,ea-drop-api,ea-drop-api,,fc27,2026-08-28T08:51:40.553Z
267208,Alyssa Malonson,Alyssa,Malonson,,1999-04-09,27,USA,United States,95,160,56,Bay FC,131477,NWSL,,LB,"LB, LM",LM,Defense,Left,72,,66,67,66,49,48,53,51,38,46,51,64,53,73,50,66,64,67,69,70,72,74,71,64,71,75,52,70,77,69,51,54,60,45,53,3,2,14,13,13,8,12,,,,,"Intercept, Aerial Fortress",,Women's Football,1,ea-drop-api,267208,https://www.ea.com/games/ea-sports-fc/ratings?playerId=267208,ea-drop-api,ea-drop-api,,fc27,2026-08-28T08:51:40.553Z
265021,Merle Barth,Merle,Barth,,1994-04-21,32,Germany,Germany,21,167,61,RC Deportivo,131720,Liga F Moeve,,CB,CB,,Defense,Right,72,,53,53,53,45,42,49,43,40,56,66,65,66,60,42,74,67,41,62,63,63,72,73,64,73,71,70,76,71,74,71,74,57,80,66,3,2,13,8,12,6,6,,,,,,,Women's Football,1,ea-drop-api,265021,https://www.ea.com/games/ea-sports-fc/ratings?playerId=265021,ea-drop-api,ea-drop-api,,fc27,2026-08-28T08:51:40.553Z
265382,Medina Dešić,Medina,Dešić,,1993-09-15,32,Montenegro,Montenegro,15,177,62,SV Werder Bremen,116004,GPFBL,,ST,ST,,Attack,Right,72,,64,63,65,72,74,72,69,62,62,79,51,40,39,60,66,41,61,70,55,67,69,71,71,42,27,71,23,61,40,70,77,68,73,62,3,3,14,8,12,8,7,,,,,,,Women's Football,1,ea-drop-api,265382,https://www.ea.com/games/ea-sports-fc/ratings?playerId=265382,ea-drop-api,ea-drop-api,,fc27,2026-08-28T08:51:40.553Z
238412,Gabi Portilho,Gabrielle,Jordão Portilho,Gabi Portilho,1995-07-18,31,Brazil,Brazil,54,164,58,Gotham FC,116310,NWSL,,LM,"LM, LW",LW,Midfielder,Right,72,,78,75,81,63,66,61,57,61,60,75,64,64,72,36,69,58,51,73,71,79,67,76,63,34,20,34,56,25,25,56,55,67,56,40,3,3,5,9,11,15,9,,,,,,,Women's Football,1,ea-drop-api,238412,https://www.ea.com/games/ea-sports-fc/ratings?playerId=238412,ea-drop-api,ea-drop-api,,fc27,2026-08-28T08:51:40.553Z
272130,Itxaso,Itxaso,Uriarte Santamaria,Itxaso,1991-09-01,34,Spain,Spain,45,168,58,Athletic Club,116328,Liga F Moeve,,CDM,"CDM, CM, CB","CM, CB",Midfielder,Right,72,,46,44,47,59,54,65,60,55,72,69,68,65,66,50,73,71,62,56,46,66,65,70,75,74,74,80,71,75,73,65,71,65,63,69,3,3,9,6,10,6,6,,,,,"Slide Tackle, Aerial Fortress",,Women's Football,1,ea-drop-api,272130,https://www.ea.com/games/ea-sports-fc/ratings?playerId=272130,ea-drop-api,ea-drop-api,,fc27,2026-08-28T08:51:40.553Z
264961,Sarah Kassi,Sarah,Kassi,,2003-09-09,22,Morocco,Morocco,129,167,60,Havre AC,116416,Arkema PL,,CDM,"CDM, CM, RB","CM, RB",Midfielder,Right,72,,35,32,38,58,60,59,55,53,57,56,66,69,48,53,75,71,58,70,68,73,70,75,61,70,72,55,71,73,66,67,56,74,68,60,3,2,6,5,9,13,8,,,,,,,Women's Football,1,ea-drop-api,264961,https://www.ea.com/games/ea-sports-fc/ratings?playerId=264961,ea-drop-api,ea-drop-api,,fc27,2026-08-28T08:51:40.553Z
268995,Claudia Florentino,Claudia,Florentino Vivó,Claudia Florentino,1998-03-10,28,Spain,Spain,45,164,54,Real Sociedad,116336,Liga F Moeve,,CB,"CB, CM, CDM","CM, CDM",Defense,Right,72,,63,56,68,35,31,45,32,44,35,32,59,54,34,54,75,65,55,67,72,68,70,71,63,72,71,69,72,75,72,68,79,55,72,72,3,2,13,11,13,15,13,,,,,"Anticipate, Slide Tackle, Bruiser",,Women's Football,1,ea-drop-api,268995,https://www.ea.com/games/ea-sports-fc/ratings?playerId=268995,ea-drop-api,ea-drop-api,,fc27,2026-08-28T08:51:40.553Z
74709,Manuela Paví,Manuela,Paví,,2000-12-23,25,Colombia,Colombia,56,160,60,West Ham,116014,Barclays WSL,,ST,"ST, RM, RW","RM, RW",Attack,Right,72,,68,66,70,73,76,75,69,57,69,78,60,58,40,58,74,62,48,75,67,69,75,74,70,19,19,52,15,15,13,65,68,73,75,30,3,2,7,8,7,11,10,,,,,,,Women's Football,1,ea-drop-api,74709,https://www.ea.com/games/ea-sports-fc/ratings?playerId=74709,ea-drop-api,ea-drop-api,,fc27,2026-08-28T08:51:40.553Z
272697,Yerliane Moreno,Yerliane,Moreno,,2000-10-13,25,Venezuela,Venezuela,61,161,52,C. Adeje Tenerife,116332,Liga F Moeve,,CDM,"CDM, CM",CM,Midfielder,Right,72,,44,40,48,47,40,61,51,31,40,61,64,60,40,35,81,70,63,66,55,58,67,70,66,68,70,59,62,75,70,70,60,66,70,75,2,2,15,5,14,6,5,,,,,Incisive Pass,,Women's Football,1,ea-drop-api,272697,https://www.ea.com/games/ea-sports-fc/ratings?playerId=272697,ea-drop-api,ea-drop-api,,fc27,2026-08-28T08:51:40.553Z
265892,Jade Rastocle,Jade,Rastocle,,2004-07-12,22,France,France,18,168,58,Montpellier,116037,Arkema PL,,CB,CB,,Defense,Right,72,,57,54,60,39,37,48,33,35,43,37,58,46,43,42,75,60,54,63,58,62,71,72,57,73,70,69,75,74,71,67,71,55,72,68,2,2,6,13,13,11,9,,,,,,,Women's Football,1,ea-drop-api,265892,https://www.ea.com/games/ea-sports-fc/ratings?playerId=265892,ea-drop-api,ea-drop-api,,fc27,2026-08-28T08:51:40.553Z
275574,Jujuba Cardozo,Juliana,Cardozo,Jujuba Cardozo,1991-09-06,34,Brazil,Brazil,54,170,60,Granada CF,131391,Liga F Moeve,,CB,CB,,Defense,Right,72,,58,63,54,46,45,51,43,41,51,41,51,37,38,48,65,58,47,53,49,56,66,70,66,73,73,73,72,74,72,74,81,66,80,66,2,2,7,12,13,10,5,,,,,Aerial Fortress,,Women's Football,1,ea-drop-api,275574,https://www.ea.com/games/ea-sports-fc/ratings?playerId=275574,ea-drop-api,ea-drop-api,,fc27,2026-08-28T08:51:40.553Z
71696,Amanda Chaney,Amanda,Chaney,,2000-03-17,26,France,France,18,167,58,Strasbourg,131724,Arkema PL,,CB,CB,,Defense,Right,72,,58,68,50,30,28,25,30,32,50,46,58,43,49,36,78,58,29,64,68,54,73,76,53,73,75,73,75,72,67,69,77,69,69,68,3,2,12,7,6,5,10,,,,,,,Women's Football,1,ea-drop-api,71696,https://www.ea.com/games/ea-sports-fc/ratings?playerId=71696,ea-drop-api,ea-drop-api,,fc27,2026-08-28T08:51:40.553Z
74083,Lucie Calba,Lucie,Calba,,2005-02-24,21,France,France,18,164,58,FC Nantes,116417,Arkema PL,,LM,"LM, RM, LW","RM, LW",Midfielder,Right,72,,69,72,66,62,66,58,58,52,58,77,67,70,63,54,70,64,67,78,82,75,64,78,68,26,20,55,19,28,20,50,60,63,48,38,3,3,13,7,14,13,13,,,,,,,Women's Football,1,ea-drop-api,74083,https://www.ea.com/games/ea-sports-fc/ratings?playerId=74083,ea-drop-api,ea-drop-api,,fc27,2026-08-28T08:51:40.553Z
273275,Mathilde Harviken,Mathilde,Harviken,,2001-12-29,24,Norway,Norway,36,175,63,Juventus,116280,Calcio A Femminile,,CB,CB,,Defense,Right,72,,63,59,67,38,35,56,25,27,56,37,50,39,37,42,67,49,42,57,44,53,71,66,58,72,70,72,72,74,68,72,79,61,79,66,3,2,13,13,7,7,9,,,,,Precision Header,,Women's Football,1,ea-drop-api,273275,https://www.ea.com/games/ea-sports-fc/ratings?playerId=273275,ea-drop-api,ea-drop-api,,fc27,2026-08-28T08:51:40.553Z
265045,Laura Pucks,Laura,Pucks,,2004-04-01,22,Germany,Germany,21,180,67,,,GPFBL,,CB,CB,,Defense,Right,72,,46,42,49,41,40,50,29,40,58,49,60,61,45,29,69,71,48,61,52,48,69,68,59,73,71,73,73,74,71,69,75,44,81,69,2,2,9,13,8,7,11,,,,,,,Women's Football,1,ea-drop-api,265045,https://www.ea.com/games/ea-sports-fc/ratings?playerId=265045,ea-drop-api,ea-drop-api,,fc27,2026-08-28T08:51:40.553Z
74822,Gracie Prior,Gracie,Prior,,2004-12-02,21,England,England,14,175,66,Manchester City,116017,Barclays WSL,,CB,CB,,Defense,Right,72,,61,54,66,40,48,41,27,23,38,30,50,32,25,34,75,63,25,60,50,56,73,73,60,74,72,68,76,76,73,63,65,60,61,71,3,2,13,13,9,13,12,,,,,,,Women's Football,1,ea-drop-api,74822,https://www.ea.com/games/ea-sports-fc/ratings?playerId=74822,ea-drop-api,ea-drop-api,,fc27,2026-08-28T08:51:40.553Z
272082,Sandra Villafañe,Sandra,Villafañe Serrada,Sandra Villafañe,2005-09-18,20,Spain,Spain,45,169,54,Madrid CFF,116334,Liga F Moeve,,CB,CB,,Defense,Right,72,,72,72,72,25,21,38,18,24,35,20,55,43,33,20,77,67,30,59,56,33,69,75,68,73,71,69,74,76,73,64,73,62,61,70,2,2,11,15,12,8,9,,,,,Block,,Women's Football,1,ea-drop-api,272082,https://www.ea.com/games/ea-sports-fc/ratings?playerId=272082,ea-drop-api,ea-drop-api,,fc27,2026-08-28T08:51:40.553Z
272283,Toma Ihlenburg,Toma,Ihlenburg,,2002-12-04,23,Germany,Germany,21,167,58,,,GPFBL,,CB,CB,,Defense,Right,72,,64,53,73,39,33,59,33,19,58,39,53,44,37,28,72,60,20,51,60,56,64,68,53,74,73,70,74,75,72,67,68,60,68,72,2,2,10,12,12,5,6,,,,,,,Women's Football,1,ea-drop-api,272283,https://www.ea.com/games/ea-sports-fc/ratings?playerId=272283,ea-drop-api,ea-drop-api,,fc27,2026-08-28T08:51:40.553Z
74404,Rosa Kafaji,Rosa,Kafaji,,2003-07-05,23,Sweden,Sweden,46,169,63,Brighton,116013,Barclays WSL,,ST,ST,,Attack,Right,72,,71,73,70,74,77,74,70,68,68,71,55,49,33,53,74,55,38,72,60,85,70,75,60,19,12,72,14,12,16,52,77,51,60,26,3,3,12,14,9,10,8,,,,,,,Women's Football,1,ea-drop-api,74404,https://www.ea.com/games/ea-sports-fc/ratings?playerId=74404,ea-drop-api,ea-drop-api,,fc27,2026-08-28T08:51:40.553Z
267338,Alex Loera,Alex,Loera,,1999-06-19,27,USA,United States,95,170,61,Utah Royals FC,131478,NWSL,,CB,"CB, CM",CM,Defense,Right,72,,33,34,32,43,37,54,47,32,40,41,60,52,62,35,65,65,56,64,57,73,70,70,56,78,77,61,82,80,79,64,57,65,62,70,3,2,8,13,13,5,8,,,,,,,Women's Football,1,ea-drop-api,267338,https://www.ea.com/games/ea-sports-fc/ratings?playerId=267338,ea-drop-api,ea-drop-api,,fc27,2026-08-28T08:51:40.553Z
78840,Klara Svensson Senelius,Klara,Svensson Senelius,,2006-06-08,20,Sweden,Sweden,46,174,64,1. FC Nürnberg,131386,GPFBL,,CB,CB,,Defense,Right,72,,63,54,71,35,34,40,32,26,45,29,51,48,27,30,69,58,29,48,49,73,69,62,63,73,74,75,72,74,67,70,76,61,75,67,2,2,5,9,9,10,12,,,,,,,Women's Football,1,ea-drop-api,78840,https://www.ea.com/games/ea-sports-fc/ratings?playerId=78840,ea-drop-api,ea-drop-api,,fc27,2026-08-28T08:51:40.553Z
265421,Guro Bergsvand,Guro,Bergsvand,,1994-03-03,32,Norway,Norway,36,175,65,VfL Wolfsburg,115998,GPFBL,,CB,CB,,Defense,Right,72,,64,66,62,30,28,39,26,21,34,25,48,29,28,25,73,52,32,55,61,63,70,67,55,74,77,75,76,70,70,69,77,69,68,71,3,2,10,9,8,15,13,,,,,,,Women's Football,1,ea-drop-api,265421,https://www.ea.com/games/ea-sports-fc/ratings?playerId=265421,ea-drop-api,ea-drop-api,,fc27,2026-08-28T08:51:40.553Z
73529,Mireia Masegur,Mireia,Masegur Torrent,Mireia Masegur,2002-08-19,24,Spain,Spain,45,170,60,SD Eibar,116331,Liga F Moeve,,CB,CB,,Defense,Right,72,,46,45,46,43,40,51,43,45,51,32,53,37,48,39,65,59,42,51,42,52,67,67,61,75,75,74,75,75,71,69,70,68,70,68,2,2,7,10,13,13,9,,,,,Aerial Fortress,,Women's Football,1,ea-drop-api,73529,https://www.ea.com/games/ea-sports-fc/ratings?playerId=73529,ea-drop-api,ea-drop-api,,fc27,2026-08-28T08:51:40.553Z
265408,Caitlin Dijkstra,Caitlin,Dijkstra,,1999-01-30,27,Netherlands,Holland,34,170,62,VfL Wolfsburg,115998,GPFBL,,CB,"CB, RB",RB,Defense,Right,72,,58,55,61,30,26,40,27,25,36,31,53,46,47,25,69,51,25,47,42,39,68,67,59,73,71,72,74,75,73,69,77,54,76,69,3,2,10,7,14,6,7,,,,,,,Women's Football,1,ea-drop-api,265408,https://www.ea.com/games/ea-sports-fc/ratings?playerId=265408,ea-drop-api,ea-drop-api,,fc27,2026-08-28T08:51:40.553Z
275920,Rion Ishikawa,Rion,Ishikawa,,2003-07-04,23,Japan,Japan,163,172,62,Everton,116016,Barclays WSL,,CB,CB,,Defense,Right,72,,55,46,62,28,25,35,27,18,46,21,50,25,29,32,78,62,25,53,54,69,65,66,68,72,68,79,70,77,68,68,74,60,70,72,2,2,9,12,12,14,10,,,,,"Precision Header, Anticipate",,Women's Football,1,ea-drop-api,275920,https://www.ea.com/games/ea-sports-fc/ratings?playerId=275920,ea-drop-api,ea-drop-api,,fc27,2026-08-28T08:51:40.553Z
265917,Lisa Martinez,Lisa,Martinez,,2000-06-13,26,France,France,18,172,59,,,Arkema PL,,CB,"CB, CM, CDM","CM, CDM",Defense,Right,72,,45,33,54,33,28,47,25,35,39,36,52,45,30,38,71,56,40,59,37,65,70,70,62,73,71,72,73,75,71,63,67,34,71,77,3,2,14,15,7,13,8,,,,,,,Women's Football,1,ea-drop-api,265917,https://www.ea.com/games/ea-sports-fc/ratings?playerId=265917,ea-drop-api,ea-drop-api,,fc27,2026-08-28T08:51:40.553Z
271788,Martyna Wiankowska,Martyna,Wiankowska,,1996-12-24,29,Poland,Poland,37,170,62,1. FC Köln,116003,GPFBL,,LB,"LB, LM",LM,Defense,Left,71,,71,72,71,65,65,67,62,60,78,69,71,70,72,66,73,67,64,70,63,67,69,73,66,68,71,55,72,69,64,72,74,69,75,68,3,2,6,7,13,9,8,,,,,"Incisive Pass, Whipped Pass, Rapid",,Women's Football,1,ea-drop-api,271788,https://www.ea.com/games/ea-sports-fc/ratings?playerId=271788,ea-drop-api,ea-drop-api,,fc27,2026-08-28T08:51:40.553Z
246899,Linda Motlhalo,Linda,Motlhalo,,1998-07-01,28,South Africa,South Africa,140,162,54,Glasgow City FC,131363,Scottish Women's League,,CM,CM,,Midfielder,Right,71,,76,79,74,66,69,65,59,62,73,73,71,73,70,63,74,71,59,73,77,69,67,74,69,67,68,68,59,75,65,63,77,67,65,48,3,4,13,15,14,8,9,,,,,Technical,,Women's Football,1,ea-drop-api,246899,https://www.ea.com/games/ea-sports-fc/ratings?playerId=246899,ea-drop-api,ea-drop-api,,fc27,2026-08-28T08:51:40.553Z
267282,Michelle Alozie,Michelle,Alozie,,1997-04-28,29,Nigeria,Nigeria,133,170,60,Houston Dash,116306,NWSL,,ST,ST,,Attack,Left,71,,76,76,76,68,69,68,67,66,52,73,70,70,70,48,76,63,70,73,73,69,71,77,64,58,62,68,45,63,61,71,77,77,68,68,3,3,5,11,15,12,8,,,,,"Long Throw, Enforcer",,Women's Football,1,ea-drop-api,267282,https://www.ea.com/games/ea-sports-fc/ratings?playerId=267282,ea-drop-api,ea-drop-api,,fc27,2026-08-28T08:51:40.553Z
265049,Maike Berentzen,Maike,Berentzen,,1997-02-10,29,Germany,Germany,21,170,63,,,GPFBL,,LM,"LM, RM, LW","RM, LW",Midfielder,Left,71,,67,66,67,64,65,69,63,48,55,71,71,71,72,67,73,70,62,70,70,71,74,73,70,69,73,54,74,67,67,73,70,74,77,60,2,3,8,14,8,8,8,,,,,,,Women's Football,1,ea-drop-api,265049,https://www.ea.com/games/ea-sports-fc/ratings?playerId=265049,ea-drop-api,ea-drop-api,,fc27,2026-08-28T08:51:40.553Z
272244,Raiderlín Carrasco,Raiderlín,Carrasco,,2002-12-19,23,Venezuela,Venezuela,61,165,60,,,Liga F Moeve,,LB,"LB, LM",LM,Defense,Right,71,,81,82,80,58,48,71,68,52,51,69,65,64,66,60,71,57,51,71,76,74,63,70,77,67,63,65,65,73,68,70,79,71,70,67,3,3,15,6,12,12,12,,,,,,,Women's Football,1,ea-drop-api,272244,https://www.ea.com/games/ea-sports-fc/ratings?playerId=272244,ea-drop-api,ea-drop-api,,fc27,2026-08-28T08:51:40.553Z
273469,Jenna Nighswonger,Jenna,Nighswonger,,2000-11-28,25,USA,United States,95,163,60,Arsenal,116009,Barclays WSL,,LB,LB,,Defense,Left,71,,68,69,68,71,67,76,77,56,68,71,75,68,79,75,75,76,75,68,63,46,70,73,65,68,69,58,71,70,62,60,64,68,56,58,3,3,12,15,11,12,6,,,,,Whipped Pass,,Women's Football,1,ea-drop-api,273469,https://www.ea.com/games/ea-sports-fc/ratings?playerId=273469,ea-drop-api,ea-drop-api,,fc27,2026-08-28T08:51:40.553Z
276098,Giulia Dragoni,Giulia,Dragoni,,2006-11-07,19,Italy,Italy,27,165,55,Roma,116282,Calcio A Femminile,,CM,"CM, CAM",CAM,Midfielder,Right,71,,74,75,74,71,71,73,74,54,67,66,62,64,30,65,77,70,46,73,70,68,66,75,63,67,68,60,63,73,62,63,72,66,64,55,3,3,8,10,5,8,14,,,,,Block,,Women's Football,1,ea-drop-api,276098,https://www.ea.com/games/ea-sports-fc/ratings?playerId=276098,ea-drop-api,ea-drop-api,,fc27,2026-08-28T08:51:40.553Z
269678,Daiana Falfán,Daiana,Falfán,,2000-10-14,25,Argentina,Argentina,52,165,61,DUX Logroño,132629,Liga F Moeve,,CDM,"CDM, CM",CM,Midfielder,Right,71,,72,75,70,59,66,56,49,49,75,44,63,73,37,48,73,68,51,75,77,68,72,73,66,68,64,72,71,69,64,69,79,73,66,71,3,2,14,9,15,11,7,,,,,Press Proven,,Women's Football,1,ea-drop-api,269678,https://www.ea.com/games/ea-sports-fc/ratings?playerId=269678,ea-drop-api,ea-drop-api,,fc27,2026-08-28T08:51:40.553Z
275579,Carla Andrés,Carla,Andrés Abad,Carla Andrés,2002-12-12,23,Spain,Spain,45,170,60,SD Eibar,116331,Liga F Moeve,,CB,"CB, CDM, CM","CDM, CM",Defense,Right,71,,75,77,73,58,51,65,68,51,59,64,67,65,57,60,73,71,62,66,73,66,59,74,66,73,77,69,75,71,68,67,78,63,70,60,2,2,5,6,9,7,8,,,,,,,Women's Football,1,ea-drop-api,275579,https://www.ea.com/games/ea-sports-fc/ratings?playerId=275579,ea-drop-api,ea-drop-api,,fc27,2026-08-28T08:51:40.553Z
72359,Júlia Guerra,Júlia,Guerra Peiró,Júlia Guerra,2002-01-23,24,Spain,Spain,45,165,54,RCD Espanyol,131733,Liga F Moeve,,CB,CB,,Defense,Left,71,,72,71,73,58,60,55,64,45,41,60,62,62,51,49,70,66,59,69,72,68,71,70,65,71,71,66,72,73,69,73,77,78,73,67,2,2,14,8,7,12,6,,,,,,,Women's Football,1,ea-drop-api,72359,https://www.ea.com/games/ea-sports-fc/ratings?playerId=72359,ea-drop-api,ea-drop-api,,fc27,2026-08-28T08:51:40.553Z
272159,Irina Uribe,Irina Priscilla,Uribe García,Irina Uribe,1998-07-29,28,Spain,Spain,45,160,60,Badalona Women,131125,Liga F Moeve,,ST,"ST, LW, LM","LW, LM",Attack,Right,71,,77,79,76,72,75,70,68,70,65,72,68,73,67,75,68,60,73,75,79,83,69,75,65,44,40,60,35,53,35,69,75,77,65,69,4,4,9,10,9,12,11,,,,,"Chip Shot, Technical, First Touch",,Women's Football,1,ea-drop-api,272159,https://www.ea.com/games/ea-sports-fc/ratings?playerId=272159,ea-drop-api,ea-drop-api,,fc27,2026-08-28T08:51:40.553Z
272043,Catalina Pérez,Catalina,Pérez,,1994-11-08,31,Colombia,Colombia,56,173,62,Strasbourg,131724,Arkema PL,,GK,GK,,Defense,Right,71,,71,50,52,71,6,52,7,6,14,6,69,24,11,11,20,15,10,70,43,44,69,14,29,51,10,12,8,13,11,71,48,21,30,19,2,1,71,71,69,71,70,,,,,,,Women's Football,1,ea-drop-api,272043,https://www.ea.com/games/ea-sports-fc/ratings?playerId=272043,ea-drop-api,ea-drop-api,,fc27,2026-08-28T08:51:40.553Z
277073,Andrea Gómez,Andrea,Gómez Oliver,Andrea Gómez,2003-05-14,23,Spain,Spain,45,181,73,Granada CF,131391,Liga F Moeve,,ST,"ST, CAM, LM, CM","CAM, LM, CM",Attack,Right,71,,74,74,74,70,71,72,72,70,57,67,71,69,69,65,74,70,66,73,71,74,60,74,68,45,39,74,37,47,47,70,86,58,80,56,3,3,14,13,6,11,12,,,,,,,Women's Football,1,ea-drop-api,277073,https://www.ea.com/games/ea-sports-fc/ratings?playerId=277073,ea-drop-api,ea-drop-api,,fc27,2026-08-28T08:51:40.553Z
261857,Rute Costa,Ana Rute,Campos Costa,Rute Costa,1994-06-01,32,Portugal,Portugal,38,170,62,SL Benfica,131358,Liga Portugal Feminino,,GK,GK,,Defense,Right,71,,68,47,38,70,11,58,9,9,11,11,77,45,12,14,28,35,11,73,50,61,68,17,53,43,20,15,17,13,12,70,59,41,54,29,3,1,68,70,77,70,73,,,,,"Rush Out, Deflector",,Women's Football,1,ea-drop-api,261857,https://www.ea.com/games/ea-sports-fc/ratings?playerId=261857,ea-drop-api,ea-drop-api,,fc27,2026-08-28T08:51:40.553Z
272138,Jone Amezaga,Jone,Amezaga Martínez,Jone Amezaga,2005-01-02,21,Spain,Spain,45,169,59,Athletic Club,116328,Liga F Moeve,,LM,"LM, ST, LW","ST, LW",Midfielder,Right,71,,85,86,84,70,69,75,69,64,75,68,65,64,60,68,69,64,68,74,82,78,60,74,62,49,42,45,59,51,35,58,66,63,56,56,4,4,10,14,9,8,11,,,,,Technical,,Women's Football,1,ea-drop-api,272138,https://www.ea.com/games/ea-sports-fc/ratings?playerId=272138,ea-drop-api,ea-drop-api,,fc27,2026-08-28T08:51:40.553Z
273032,Aldrith Quintero,Aldrith,Quintero,,2002-01-01,24,Panama,Panama,87,168,60,,,Liga F Moeve,,CM,"CM, CDM",CDM,Midfielder,Right,71,,61,66,56,67,61,81,70,45,58,75,69,69,57,73,74,70,70,70,62,57,69,73,68,64,69,58,53,74,58,70,67,72,67,74,2,3,12,8,12,13,14,,,,,"Power Shot, Anticipate",,Women's Football,1,ea-drop-api,273032,https://www.ea.com/games/ea-sports-fc/ratings?playerId=273032,ea-drop-api,ea-drop-api,,fc27,2026-08-28T08:51:40.553Z
76433,Ruby Grant,Ruby,Grant,,2002-04-15,24,England,England,14,163,54,Leverkusen,115996,GPFBL,,CDM,"CDM, CM",CM,Midfielder,Right,71,,68,66,69,63,63,67,64,56,57,58,66,70,52,48,74,72,59,69,69,82,62,73,66,68,68,48,66,74,71,66,61,68,65,69,3,2,7,10,8,14,13,,,,,,,Women's Football,1,ea-drop-api,76433,https://www.ea.com/games/ea-sports-fc/ratings?playerId=76433,ea-drop-api,ea-drop-api,,fc27,2026-08-28T08:51:40.553Z
236478,Bárbara Latorre,Bárbara,Latorre Viñals,Bárbara Latorre,1993-03-14,33,Spain,Spain,45,164,54,RC Deportivo,131720,Liga F Moeve,,LW,"LW, LM",LM,Attack,Right,71,,76,79,73,69,70,66,71,66,70,74,66,69,65,66,67,62,65,73,73,82,76,71,78,52,29,62,66,52,44,64,76,59,67,60,2,3,14,10,13,16,8,,,,,Technical,,Women's Football,1,ea-drop-api,236478,https://www.ea.com/games/ea-sports-fc/ratings?playerId=236478,ea-drop-api,ea-drop-api,,fc27,2026-08-28T08:51:40.553Z
268945,María Pérez,María,Pérez Rabaza,María Pérez,2001-12-24,24,Spain,Spain,45,169,54,London City,132176,Barclays WSL,,CM,"CM, CDM",CDM,Midfielder,Right,71,,73,74,72,60,60,57,62,49,65,61,68,70,43,62,80,75,62,70,72,62,74,72,61,64,61,56,59,74,64,65,70,67,65,60,2,3,9,13,14,14,9,,,,,,,Women's Football,1,ea-drop-api,268945,https://www.ea.com/games/ea-sports-fc/ratings?playerId=268945,ea-drop-api,ea-drop-api,,fc27,2026-08-28T08:51:40.553Z
272147,Bicho,Claudia,Iglesias de la Cruz,Bicho,2003-08-30,22,Spain,Spain,45,164,59,C. Adeje Tenerife,116332,Liga F Moeve,,CM,CM,,Midfielder,Left,71,,64,71,59,68,75,66,60,55,59,75,69,70,62,60,78,60,59,73,64,60,65,80,71,62,75,61,65,55,51,64,68,67,57,75,4,3,13,13,7,14,14,,,,,"Precision Header, Press Proven",,Women's Football,1,ea-drop-api,272147,https://www.ea.com/games/ea-sports-fc/ratings?playerId=272147,ea-drop-api,ea-drop-api,,fc27,2026-08-28T08:51:40.553Z
79673,Louise van Oosten,Louise,van Oosten,,2004-07-02,22,Netherlands,Holland,34,174,65,Ajax,131359,Nederland Vrouwen Liga,,CM,CM,,Midfielder,Right,71,,69,72,67,59,61,59,57,52,59,59,70,70,62,55,77,73,58,68,63,74,70,74,62,66,72,58,66,69,57,67,70,71,66,62,3,3,15,6,14,6,12,,,,,,,Women's Football,1,ea-drop-api,79673,https://www.ea.com/games/ea-sports-fc/ratings?playerId=79673,ea-drop-api,ea-drop-api,,fc27,2026-08-28T08:51:40.553Z
227207,Melanie Serrano,Melanie,Serrano Pérez,Melanie Serrano,1989-10-12,36,Spain,Spain,45,169,56,Badalona Women,131125,Liga F Moeve,,LB,"LB, CB",CB,Defense,Left,71,,60,60,60,61,67,58,60,34,55,51,71,67,66,75,76,72,74,68,67,76,74,73,65,71,70,75,72,71,67,68,75,70,68,66,3,2,6,6,8,7,10,,,,,,,Women's Football,1,ea-drop-api,227207,https://www.ea.com/games/ea-sports-fc/ratings?playerId=227207,ea-drop-api,ea-drop-api,,fc27,2026-08-28T08:51:40.553Z
231349,Marie-Charlotte Léger,Marie-Charlotte,Léger,,1996-03-13,30,France,France,18,167,67,Marseille,132370,Arkema PL,,LM,"LM, ST, RM, LW","ST, RM, LW",Midfielder,Right,71,,72,75,70,66,60,75,68,71,75,70,68,65,69,61,70,65,68,71,70,77,77,71,71,45,35,71,44,45,38,77,88,75,84,59,3,3,8,16,12,9,11,,,,,,,Women's Football,1,ea-drop-api,231349,https://www.ea.com/games/ea-sports-fc/ratings?playerId=231349,ea-drop-api,ea-drop-api,,fc27,2026-08-28T08:51:40.553Z
265016,Luca Graf,Luca,Graf,,1999-03-19,27,Germany,Germany,21,160,55,RB Leipzig,116021,GPFBL,,CM,"CM, CDM",CDM,Midfielder,Left,71,,66,67,65,61,65,57,52,62,65,74,71,73,66,66,74,71,66,69,41,78,74,75,68,64,70,60,60,68,59,68,70,69,69,63,2,3,8,7,6,9,7,,,,,,,Women's Football,1,ea-drop-api,265016,https://www.ea.com/games/ea-sports-fc/ratings?playerId=265016,ea-drop-api,ea-drop-api,,fc27,2026-08-28T08:51:40.553Z
270079,Jenna Bike,Jenna,Bike,,1998-02-02,28,USA,United States,95,168,59,Chicago Stars FC,116305,NWSL,,RM,"RM, RB",RB,Midfielder,Right,71,,75,73,77,60,64,62,55,47,43,69,68,67,67,57,74,63,58,71,71,57,68,74,60,65,63,65,66,69,58,60,71,67,59,50,3,3,13,14,13,6,10,,,,,,,Women's Football,1,ea-drop-api,270079,https://www.ea.com/games/ea-sports-fc/ratings?playerId=270079,ea-drop-api,ea-drop-api,,fc27,2026-08-28T08:51:40.553Z
272200,Cecilia Marcos,Cecilia,Marcos Nabal,Cecilia Marcos,2001-11-03,24,Spain,Spain,45,158,55,Real Sociedad,116336,Liga F Moeve,,LW,"LW, RW, LB, LM","RW, LB, LM",Attack,Left,71,,73,73,73,66,62,77,69,50,63,67,69,64,66,60,77,67,61,75,72,73,68,76,64,54,58,59,53,55,45,62,70,64,64,50,3,3,6,7,12,11,6,,,,,,,Women's Football,1,ea-drop-api,272200,https://www.ea.com/games/ea-sports-fc/ratings?playerId=272200,ea-drop-api,ea-drop-api,,fc27,2026-08-28T08:51:40.553Z
78691,Victoria Schulz,Victoria,Schulz,,1997-11-11,28,Germany,Germany,21,174,67,Hamburger SV,132533,GPFBL,,ST,"ST, LW, CAM","LW, CAM",Attack,Right,71,,79,77,80,71,72,72,68,65,66,73,72,71,73,64,75,69,67,71,65,72,67,74,67,43,44,67,38,41,36,62,73,69,57,62,5,3,6,11,10,13,12,,,,,Enforcer,,Women's Football,1,ea-drop-api,78691,https://www.ea.com/games/ea-sports-fc/ratings?playerId=78691,ea-drop-api,ea-drop-api,,fc27,2026-08-28T08:51:40.553Z
72910,Eva Alonso,Eva,Alonso González,Eva Alonso,2002-07-23,24,Spain,Spain,45,165,60,,,Liga F Moeve,,CB,CB,,Defense,Right,71,,63,64,62,60,61,54,71,35,41,69,65,66,51,49,75,70,41,68,61,67,74,72,61,71,75,64,73,71,66,70,73,71,72,65,2,2,11,11,11,14,8,,,,,,,Women's Football,1,ea-drop-api,72910,https://www.ea.com/games/ea-sports-fc/ratings?playerId=72910,ea-drop-api,ea-drop-api,,fc27,2026-08-28T08:51:40.553Z
275942,Anna Sandberg,Anna,Sandberg,,2003-05-23,23,Sweden,Sweden,46,166,60,Manchester Utd,116012,Barclays WSL,,LB,"LB, LM",LM,Defense,Left,71,,75,75,75,57,54,60,56,54,64,62,69,59,71,60,76,69,67,65,77,77,65,68,60,69,68,58,70,71,68,62,69,65,60,61,3,3,6,7,8,7,10,,,,,Rapid,,Women's Football,1,ea-drop-api,275942,https://www.ea.com/games/ea-sports-fc/ratings?playerId=275942,ea-drop-api,ea-drop-api,,fc27,2026-08-28T08:51:40.553Z
267293,Angharad James-Turner,Angharad,James-Turner,,1994-06-01,32,Wales,Wales,50,162,57,Seattle Reign,116300,NWSL,,CM,"CM, CDM",CDM,Midfielder,Right,71,,53,42,62,63,59,71,67,57,50,71,73,72,73,68,76,70,70,69,65,70,70,73,63,70,70,55,73,71,69,68,59,67,68,70,3,2,13,12,12,12,12,,,,,"Block, Anticipate",,Women's Football,1,ea-drop-api,267293,https://www.ea.com/games/ea-sports-fc/ratings?playerId=267293,ea-drop-api,ea-drop-api,,fc27,2026-08-28T08:51:40.553Z
272046,Jessica Martínez,Jessica,Martínez,,1999-06-14,27,Paraguay,Paraguay,58,160,59,Badalona Women,131125,Liga F Moeve,,ST,"ST, LW, LM","LW, LM",Attack,Right,71,,63,64,63,76,75,75,80,65,80,70,69,72,59,75,75,60,69,70,74,56,72,70,65,46,38,69,37,50,51,72,72,70,69,80,3,3,5,5,9,15,5,,,,,Dead Ball,,Women's Football,1,ea-drop-api,272046,https://www.ea.com/games/ea-sports-fc/ratings?playerId=272046,ea-drop-api,ea-drop-api,,fc27,2026-08-28T08:51:40.553Z
272288,Athanasia Moraitou,Athanasia,Moraitou,,1997-04-02,29,Greece,Greece,22,167,57,Union Berlin,132589,GPFBL,,CM,CM,,Midfielder,Left,71,,56,47,64,62,61,65,64,39,60,69,71,72,65,67,75,72,59,68,66,73,71,72,65,69,72,64,69,71,65,70,65,76,70,65,2,2,5,14,15,11,12,,,,,,,Women's Football,1,ea-drop-api,272288,https://www.ea.com/games/ea-sports-fc/ratings?playerId=272288,ea-drop-api,ea-drop-api,,fc27,2026-08-28T08:51:40.553Z
267001,Kamila Dubcová,Kamila,Dubcová,,1999-01-17,27,Czechia,Czech Republic,12,170,62,Slavia Praha,131360,Ceska Liga Žen,,LM,"LM, LW",LW,Midfielder,Right,71,,76,78,74,69,69,70,68,65,66,67,69,67,72,63,71,69,66,70,71,70,65,72,63,51,53,56,51,51,45,60,68,69,55,58,3,3,8,14,13,9,10,,,,,,,Women's Football,1,ea-drop-api,267001,https://www.ea.com/games/ea-sports-fc/ratings?playerId=267001,ea-drop-api,ea-drop-api,,fc27,2026-08-28T08:51:40.553Z
277926,Manaka Matsukubo,Manaka,Matsukubo,,2004-07-28,22,Japan,Japan,163,155,48,NC Courage,116303,NWSL,,ST,"ST, CAM, CM","CAM, CM",Attack,Right,71,,71,69,72,70,72,64,76,60,56,75,65,70,60,51,72,58,55,75,76,80,72,78,65,49,53,61,40,55,40,65,70,69,66,57,3,3,7,6,6,11,6,,,,,,,Women's Football,1,ea-drop-api,277926,https://www.ea.com/games/ea-sports-fc/ratings?playerId=277926,ea-drop-api,ea-drop-api,,fc27,2026-08-28T08:51:40.553Z
267204,Laurel Ivory,Laurel,Ivory,,1999-08-28,27,USA,United States,95,173,65,KC Current,116309,NWSL,,GK,GK,,Defense,Right,71,,68,41,41,71,11,53,12,8,22,8,70,56,13,10,28,24,9,72,36,54,68,13,27,41,9,8,10,11,8,72,56,32,55,11,1,1,68,71,70,72,72,,,,,Rush Out,,Women's Football,1,ea-drop-api,267204,https://www.ea.com/games/ea-sports-fc/ratings?playerId=267204,ea-drop-api,ea-drop-api,,fc27,2026-08-28T08:51:40.553Z
264831,Clare Wheeler,Clare,Wheeler,,1998-01-14,28,Australia,Australia,195,162,57,Everton,116016,Barclays WSL,,CM,"CM, RM, CDM","RM, CDM",Midfielder,Right,71,,62,67,57,61,63,60,63,62,41,64,68,70,62,45,74,72,45,69,58,59,70,75,63,69,71,46,74,70,66,64,58,67,58,76,3,2,10,12,7,6,5,,,,,Intercept,,Women's Football,1,ea-drop-api,264831,https://www.ea.com/games/ea-sports-fc/ratings?playerId=264831,ea-drop-api,ea-drop-api,,fc27,2026-08-28T08:51:40.553Z
265138,Inga Schuldt,Inga,Schuldt,,1997-04-01,29,Germany,Germany,21,172,65,Hamburger SV,132533,GPFBL,,GK,GK,,Defense,Right,71,,70,38,41,69,20,54,18,14,21,14,72,66,17,20,31,29,17,72,35,53,68,16,30,39,27,17,21,19,16,71,56,42,52,34,1,1,70,69,72,71,72,,,,,,,Women's Football,1,ea-drop-api,265138,https://www.ea.com/games/ea-sports-fc/ratings?playerId=265138,ea-drop-api,ea-drop-api,,fc27,2026-08-28T08:51:40.553Z
275581,Arene Altonaga,Arene,Altonaga Echeverria,Arene Altonaga,1993-02-25,33,Spain,Spain,45,159,53,SD Eibar,116331,Liga F Moeve,,CM,"CM, CDM",CDM,Midfielder,Right,71,,60,53,65,57,50,65,61,65,51,71,61,70,40,44,70,67,45,70,56,67,79,74,77,71,76,55,69,74,72,74,66,76,74,71,2,2,9,8,15,7,9,,,,,Bruiser,,Women's Football,1,ea-drop-api,275581,https://www.ea.com/games/ea-sports-fc/ratings?playerId=275581,ea-drop-api,ea-drop-api,,fc27,2026-08-28T08:51:40.553Z
265171,Phoenetia Browne,Phoenetia,Browne,,1994-04-22,32,Saint Kitts and Nevis,St. Kitts and Nevis,89,173,66,RCD Espanyol,131733,Liga F Moeve,,ST,"ST, LW, LM","LW, LM",Attack,Left,71,,74,71,77,70,68,75,70,62,71,72,65,69,68,61,70,48,63,69,67,61,71,69,69,38,42,72,39,28,20,75,87,75,83,54,4,3,8,7,13,6,6,,,,,Press Proven,,Women's Football,1,ea-drop-api,265171,https://www.ea.com/games/ea-sports-fc/ratings?playerId=265171,ea-drop-api,ea-drop-api,,fc27,2026-08-28T08:51:40.553Z
273381,Heather Payne,Heather,Payne,,2000-01-26,26,Ireland,Republic of Ireland,25,170,60,,,Barclays WSL,,ST,"ST, CAM",CAM,Attack,Right,71,,67,69,66,71,76,68,69,62,58,77,62,60,56,45,73,60,48,66,64,65,71,68,66,57,61,74,40,67,57,68,78,67,69,62,2,2,14,10,12,6,14,,,,,,,Women's Football,1,ea-drop-api,273381,https://www.ea.com/games/ea-sports-fc/ratings?playerId=273381,ea-drop-api,ea-drop-api,,fc27,2026-08-28T08:51:40.553Z
273626,Colette Ndzana,Colette,Ndzana,,2000-07-19,26,Cameroon,Cameroon,103,163,54,,,Arkema PL,,LB,"LB, LM",LM,Defense,Left,71,,76,77,75,54,51,62,55,40,42,61,63,49,70,54,69,58,70,71,77,70,68,70,68,67,68,61,66,70,65,60,71,66,57,57,2,3,8,10,6,13,8,,,,,,,Women's Football,1,ea-drop-api,273626,https://www.ea.com/games/ea-sports-fc/ratings?playerId=273626,ea-drop-api,ea-drop-api,,fc27,2026-08-28T08:51:40.553Z
237290,Andrea Falcón,Andrea,Sánchez Falcón,Andrea Falcón,1997-02-28,29,Spain,Spain,45,173,63,SL Benfica,131358,Liga Portugal Feminino,,LW,"LW, ST, LM","ST, LM",Attack,Left,71,,68,67,69,68,72,67,66,48,58,70,72,67,77,57,75,71,78,71,63,72,67,74,61,52,52,44,48,63,42,59,56,55,60,60,3,3,8,6,14,14,14,,,,,Technical,,Women's Football,1,ea-drop-api,237290,https://www.ea.com/games/ea-sports-fc/ratings?playerId=237290,ea-drop-api,ea-drop-api,,fc27,2026-08-28T08:51:40.553Z
265842,Esther Mbakem-Niaro,Esther,Mbakem-Niaro,,2002-01-07,24,France,France,18,180,71,Havre AC,116416,Arkema PL,,ST,ST,,Attack,Right,71,,85,84,86,67,66,71,67,62,61,72,62,61,58,58,69,55,66,68,73,37,67,70,68,35,32,68,35,29,26,73,89,60,86,51,3,3,7,14,12,12,10,,,,,Enforcer,,Women's Football,1,ea-drop-api,265842,https://www.ea.com/games/ea-sports-fc/ratings?playerId=265842,ea-drop-api,ea-drop-api,,fc27,2026-08-28T08:51:40.553Z
272205,Izarne Sarasola,Izarne,Sarasola Beain,Izarne Sarasola,2002-02-17,24,Spain,Spain,45,158,60,FC Nantes,116417,Arkema PL,,LB,"LB, RB, LM","RB, LM",Defense,Left,71,,65,67,63,59,59,62,61,55,40,61,69,60,72,50,74,72,62,67,69,63,75,70,66,71,72,73,75,68,64,59,72,62,56,61,3,3,15,8,9,15,11,,,,,,,Women's Football,1,ea-drop-api,272205,https://www.ea.com/games/ea-sports-fc/ratings?playerId=272205,ea-drop-api,ea-drop-api,,fc27,2026-08-28T08:51:40.553Z
274846,Mara Alber,Mara,Alber,,2005-09-06,20,Germany,Germany,21,178,63,Chelsea,116010,Barclays WSL,,RM,"RM, RW",RW,Midfielder,Right,71,,75,74,76,61,66,53,65,33,58,69,64,66,69,42,66,64,52,70,72,63,70,72,62,54,68,49,38,66,42,66,65,74,64,59,2,3,10,7,9,10,9,,,,,,,Women's Football,1,ea-drop-api,274846,https://www.ea.com/games/ea-sports-fc/ratings?playerId=274846,ea-drop-api,ea-drop-api,,fc27,2026-08-28T08:51:40.553Z
72475,Merza Julević,Merza,Julević,,1990-04-17,36,Germany,Germany,21,177,65,,,GPFBL,,CDM,"CDM, CM",CM,Midfielder,Right,71,,54,62,48,64,66,63,65,39,64,72,66,74,50,65,73,70,43,67,58,64,68,74,70,67,70,64,60,73,66,71,75,65,77,64,2,2,11,13,11,15,14,,,,,,,Women's Football,1,ea-drop-api,72475,https://www.ea.com/games/ea-sports-fc/ratings?playerId=72475,ea-drop-api,ea-drop-api,,fc27,2026-08-28T08:51:40.553Z
78601,Celine Frank,Celine,Frank,,1998-07-26,28,Germany,Germany,21,164,53,Union Berlin,132589,GPFBL,,CM,CM,,Midfielder,Right,71,,65,62,67,65,66,66,65,48,62,64,67,71,55,48,75,72,54,68,70,70,65,74,65,64,67,51,58,71,66,60,58,74,55,57,3,3,7,11,13,8,6,,,,,,,Women's Football,1,ea-drop-api,78601,https://www.ea.com/games/ea-sports-fc/ratings?playerId=78601,ea-drop-api,ea-drop-api,,fc27,2026-08-28T08:51:40.553Z
265036,Ella Touon,Ella,Touon,,2003-08-07,23,Switzerland,Switzerland,47,157,56,1. FC Köln,116003,GPFBL,,LB,"LB, LM",LM,Defense,Left,71,,69,67,70,48,51,58,29,44,44,55,64,60,60,29,73,72,53,66,70,67,68,70,59,71,68,67,72,73,68,71,75,66,73,72,2,2,14,12,9,12,11,,,,,Long Ball Pass,,Women's Football,1,ea-drop-api,265036,https://www.ea.com/games/ea-sports-fc/ratings?playerId=265036,ea-drop-api,ea-drop-api,,fc27,2026-08-28T08:51:40.553Z
267521,Marisa Jordan,Marisa,Jordan,,2000-08-06,26,USA,United States,95,188,65,NC Courage,116303,NWSL,,GK,GK,,Defense,Right,71,,68,38,42,69,8,52,9,8,18,8,69,44,9,15,28,22,14,72,37,42,69,14,25,40,13,11,9,16,15,71,59,20,61,14,2,1,68,69,69,71,72,,,,,,,Women's Football,1,ea-drop-api,267521,https://www.ea.com/games/ea-sports-fc/ratings?playerId=267521,ea-drop-api,ea-drop-api,,fc27,2026-08-28T08:51:40.553Z
268943,Gemma Font,Gemma,Font Oliveras,Gemma Font,1999-10-23,26,Spain,Spain,45,165,61,FC Barcelona,116325,Liga F Moeve,,GK,GK,,Defense,Right,71,,71,40,42,69,7,51,18,8,21,8,68,58,9,21,48,35,13,70,55,50,68,34,49,41,9,7,13,11,12,70,56,20,55,19,3,1,71,69,68,70,70,,,,,,,Women's Football,1,ea-drop-api,268943,https://www.ea.com/games/ea-sports-fc/ratings?playerId=268943,ea-drop-api,ea-drop-api,,fc27,2026-08-28T08:51:40.553Z
272265,Gema Soliveres,Gema,Soliveres Cholbi,Gema Soliveres,2000-11-03,25,Spain,Spain,45,170,55,,,Liga F Moeve,,CM,"CM, CDM",CDM,Midfielder,Right,71,,55,56,55,63,65,69,55,49,49,72,70,73,50,71,79,70,69,65,59,55,60,70,71,66,75,50,65,70,55,69,60,80,65,66,2,2,8,15,6,14,13,,,,,,,Women's Football,1,ea-drop-api,272265,https://www.ea.com/games/ea-sports-fc/ratings?playerId=272265,ea-drop-api,ea-drop-api,,fc27,2026-08-28T08:51:40.553Z
73017,Paulina Platner,Paulina,Platner,,2005-11-16,20,Germany,Germany,21,167,58,,,GPFBL,,CDM,"CDM, CM",CM,Midfielder,Right,71,,65,62,67,62,67,59,61,40,59,66,61,66,38,42,73,69,38,67,63,58,72,70,61,68,70,48,68,73,65,64,59,70,61,65,2,2,7,6,14,11,13,,,,,,,Women's Football,1,ea-drop-api,73017,https://www.ea.com/games/ea-sports-fc/ratings?playerId=73017,ea-drop-api,ea-drop-api,,fc27,2026-08-28T08:51:40.553Z
272116,Wifi,Lucía,Moral Ruiz,Wifi,2004-02-11,22,Spain,Spain,45,173,59,Sevilla FC,116337,Liga F Moeve,,ST,ST,,Attack,Right,71,,79,81,77,72,75,77,70,58,59,63,60,53,56,55,70,50,62,76,74,76,66,77,57,38,30,65,35,37,35,62,76,60,60,66,3,3,7,10,6,11,8,,,,,Enforcer,,Women's Football,1,ea-drop-api,272116,https://www.ea.com/games/ea-sports-fc/ratings?playerId=272116,ea-drop-api,ea-drop-api,,fc27,2026-08-28T08:51:40.553Z
261792,Shari Van Belle,Shari,Van Belle,,1999-12-22,26,Belgium,Belgium,7,164,55,,,GPFBL,,CDM,"CDM, RB, CM","RB, CM",Midfielder,Right,71,,65,68,63,57,58,56,56,46,57,59,70,72,67,48,74,73,54,71,81,80,69,76,56,67,70,53,66,70,66,56,55,72,48,58,4,3,14,14,10,12,12,,,,,,,Women's Football,1,ea-drop-api,261792,https://www.ea.com/games/ea-sports-fc/ratings?playerId=261792,ea-drop-api,ea-drop-api,,fc27,2026-08-28T08:51:40.553Z
277927,Melanie Barcenas,Melanie,Barcenas,,2007-10-30,18,USA,United States,95,165,58,San Diego Wave,116312,NWSL,,CAM,"CAM, LM, CM","LM, CM",Midfielder,Left,71,,68,71,66,64,66,63,65,55,54,68,65,63,54,51,77,63,46,76,72,67,65,80,62,50,46,65,36,62,50,63,72,61,64,60,4,4,6,13,13,8,9,,,,,Technical,,Women's Football,1,ea-drop-api,277927,https://www.ea.com/games/ea-sports-fc/ratings?playerId=277927,ea-drop-api,ea-drop-api,,fc27,2026-08-28T08:51:40.553Z
76199,Emilía Ásgeirsdóttir,Emilía,Ásgeirsdóttir,,2005-01-30,21,Iceland,Iceland,24,170,60,RB Leipzig,116021,GPFBL,,CAM,"CAM, LW, CM","LW, CM",Midfielder,Right,71,,81,81,81,71,73,71,68,65,69,72,61,68,42,52,71,56,67,71,68,79,67,75,67,30,27,68,21,29,24,71,82,65,73,70,3,3,11,7,5,7,10,,,,,,,Women's Football,1,ea-drop-api,76199,https://www.ea.com/games/ea-sports-fc/ratings?playerId=76199,ea-drop-api,ea-drop-api,,fc27,2026-08-28T08:51:40.553Z
264934,Camilla Küver,Camilla,Küver,,2003-06-10,23,Germany,Germany,21,184,65,VfL Wolfsburg,115998,GPFBL,,RB,"RB, LB, RM","LB, RM",Defense,Right,71,,66,72,61,52,48,62,50,53,62,54,66,58,67,62,71,68,66,61,62,55,74,66,67,71,73,66,74,69,67,69,67,64,70,71,4,3,8,13,14,13,9,,,,,Long Throw,,Women's Football,1,ea-drop-api,264934,https://www.ea.com/games/ea-sports-fc/ratings?playerId=264934,ea-drop-api,ea-drop-api,,fc27,2026-08-28T08:51:40.553Z
267312,Viviana Villacorta,Viviana,Villacorta,,1999-02-02,27,USA,United States,95,170,62,Orlando Pride,116307,NWSL,,CM,CM,,Midfielder,Left,71,,58,65,53,58,60,54,60,49,52,64,64,73,40,51,75,70,47,69,63,59,68,75,68,68,66,57,70,72,63,68,67,70,68,68,4,3,7,14,10,8,7,,,,,,,Women's Football,1,ea-drop-api,267312,https://www.ea.com/games/ea-sports-fc/ratings?playerId=267312,ea-drop-api,ea-drop-api,,fc27,2026-08-28T08:51:40.553Z
272607,Manssita Traoré,Manssita,Traoré,,2003-09-09,22,France,France,18,163,57,Strasbourg,131724,Arkema PL,,RW,"RW, RM",RM,Attack,Right,71,,82,81,83,64,66,58,65,59,57,69,60,55,62,51,68,54,48,75,74,75,66,74,65,48,51,55,45,48,40,55,72,57,61,35,3,3,10,9,13,14,13,,,,,,,Women's Football,1,ea-drop-api,272607,https://www.ea.com/games/ea-sports-fc/ratings?playerId=272607,ea-drop-api,ea-drop-api,,fc27,2026-08-28T08:51:40.553Z
71303,Diána Németh,Diána,Németh,,2004-08-31,21,Hungary,Hungary,23,173,60,RB Leipzig,116021,GPFBL,,LB,"LB, LM",LM,Defense,Right,71,,72,70,73,49,50,55,45,30,60,49,57,40,66,30,69,50,43,67,71,52,72,68,66,70,69,72,70,70,69,68,78,67,70,63,2,2,11,11,11,13,11,,,,,,,Women's Football,1,ea-drop-api,71303,https://www.ea.com/games/ea-sports-fc/ratings?playerId=71303,ea-drop-api,ea-drop-api,,fc27,2026-08-28T08:51:40.553Z
272019,Maria Gabaldón,María,Gabaldón Romero,Maria Gabaldón,2003-11-11,22,Spain,Spain,45,164,54,,,Liga F Moeve,,RB,"RB, LB, CB, RM","LB, CB, RM",Defense,Right,71,,68,69,68,48,35,60,70,40,42,50,66,57,65,55,75,68,48,65,66,70,65,68,61,71,61,69,70,77,76,65,73,64,67,60,2,2,6,13,9,6,7,,,,,,,Women's Football,1,ea-drop-api,272019,https://www.ea.com/games/ea-sports-fc/ratings?playerId=272019,ea-drop-api,ea-drop-api,,fc27,2026-08-28T08:51:40.553Z
275849,Leela Egli,Leela,Egli,,2006-11-12,19,Switzerland,Switzerland,47,168,64,SC Freiburg,116002,GPFBL,,ST,"ST, RM, RW","RM, RW",Attack,Right,71,,75,78,73,69,72,69,65,63,54,73,67,69,68,41,72,67,51,72,74,73,74,74,59,37,28,61,24,48,41,63,74,66,64,56,4,3,7,12,11,13,7,,,,,,,Women's Football,1,ea-drop-api,275849,https://www.ea.com/games/ea-sports-fc/ratings?playerId=275849,ea-drop-api,ea-drop-api,,fc27,2026-08-28T08:51:40.553Z
71561,Kate Wiesner,Kate,Wiesner,,2001-11-02,24,USA,United States,95,170,63,Washington Spirit,116304,NWSL,,LB,"LB, LM",LM,Defense,Right,71,,65,65,65,49,45,50,58,46,45,58,66,62,69,50,70,64,67,68,72,72,70,70,69,69,68,66,70,69,67,65,70,75,65,52,3,2,10,14,10,8,6,,,,,,,Women's Football,1,ea-drop-api,71561,https://www.ea.com/games/ea-sports-fc/ratings?playerId=71561,ea-drop-api,ea-drop-api,,fc27,2026-08-28T08:51:40.553Z
265024,Sara Holmgaard,Sara,Holmgaard,,1999-01-28,27,Denmark,Denmark,13,175,62,Real Madrid,116326,Liga F Moeve,,LB,"LB, LM, CB","LM, CB",Defense,Left,71,,55,60,50,51,66,37,32,29,51,66,71,67,70,48,77,74,63,67,55,47,72,73,61,71,71,70,71,73,70,67,71,62,70,64,3,3,11,8,5,7,9,,,,,"Long Ball Pass, Aerial Fortress",,Women's Football,1,ea-drop-api,265024,https://www.ea.com/games/ea-sports-fc/ratings?playerId=265024,ea-drop-api,ea-drop-api,,fc27,2026-08-28T08:51:40.553Z
265916,Laurine Pinot,Laurine,Pinot,,2002-01-15,24,France,France,18,162,57,RC Lens,132588,Arkema PL,,LB,"LB, LM, CB","LM, CB",Defense,Left,71,,66,63,68,50,51,51,48,41,47,55,63,54,67,57,69,60,65,66,65,86,69,70,59,69,71,65,73,66,63,68,69,83,66,56,2,2,10,8,12,10,7,,,,,,,Women's Football,1,ea-drop-api,265916,https://www.ea.com/games/ea-sports-fc/ratings?playerId=265916,ea-drop-api,ea-drop-api,,fc27,2026-08-28T08:51:40.553Z
267317,Kirsten Wright,Kirsten,Wright,,1998-09-08,27,USA,United States,95,175,64,Rac. Louisville,116308,NWSL,,ST,"ST, CAM",CAM,Attack,Right,71,,74,73,74,72,72,73,71,67,69,74,67,64,65,67,72,63,63,69,72,59,71,74,67,42,43,70,38,38,36,56,75,37,64,57,3,3,12,14,10,8,12,,,,,,,Women's Football,1,ea-drop-api,267317,https://www.ea.com/games/ea-sports-fc/ratings?playerId=267317,ea-drop-api,ea-drop-api,,fc27,2026-08-28T08:51:40.553Z
267362,Taryn Torres,Taryn,Torres,,1999-04-23,27,USA,United States,95,167,59,Gotham FC,116310,NWSL,,CDM,"CDM, CM",CM,Midfielder,Left,71,,61,63,59,54,55,56,52,57,49,54,63,67,40,57,75,70,48,68,66,74,68,73,59,69,69,54,70,75,67,65,63,68,65,62,3,2,8,14,7,14,5,,,,,,,Women's Football,1,ea-drop-api,267362,https://www.ea.com/games/ea-sports-fc/ratings?playerId=267362,ea-drop-api,ea-drop-api,,fc27,2026-08-28T08:51:40.553Z
273492,Angelina Anderson,Angelina,Anderson,,2001-03-22,25,USA,United States,95,183,67,Angel City FC,116311,NWSL,,GK,GK,,Defense,Right,71,,70,38,34,68,10,50,7,6,19,7,66,56,11,14,21,17,13,72,36,43,72,11,24,36,7,14,8,14,14,68,61,23,65,12,2,1,70,68,66,68,72,,,,,,,Women's Football,1,ea-drop-api,273492,https://www.ea.com/games/ea-sports-fc/ratings?playerId=273492,ea-drop-api,ea-drop-api,,fc27,2026-08-28T08:51:40.553Z
265129,Anna Weiß,Anna,Weiß,,1998-07-21,28,Germany,Germany,21,172,65,Union Berlin,132589,GPFBL,,RB,"RB, RM",RM,Defense,Right,71,,68,69,68,50,51,54,49,38,48,43,60,52,59,41,67,65,44,57,60,65,69,65,58,72,74,66,72,73,71,71,75,70,73,66,2,2,14,13,8,14,8,,,,,,,Women's Football,1,ea-drop-api,265129,https://www.ea.com/games/ea-sports-fc/ratings?playerId=265129,ea-drop-api,ea-drop-api,,fc27,2026-08-28T08:51:40.553Z
267241,Kiki Pickett,Kiki,Pickett,,1999-04-30,27,USA,United States,95,152,52,Bay FC,131477,NWSL,,CDM,"CDM, CM",CM,Midfielder,Right,71,,53,55,52,58,61,63,52,55,44,52,68,67,70,49,72,66,65,70,67,84,72,74,63,70,73,54,72,72,70,59,57,58,57,66,3,3,5,6,12,7,11,,,,,,,Women's Football,1,ea-drop-api,267241,https://www.ea.com/games/ea-sports-fc/ratings?playerId=267241,ea-drop-api,ea-drop-api,,fc27,2026-08-28T08:51:40.553Z
273476,Haley Hopkins,Haley,Hopkins,,1998-12-21,27,USA,United States,95,178,65,KC Current,116309,NWSL,,ST,"ST, LM, CAM","LM, CAM",Attack,Right,71,,71,69,73,69,70,71,68,64,63,72,67,66,68,59,72,63,52,68,51,58,72,70,63,39,34,75,32,39,33,64,80,59,72,48,3,3,13,5,7,9,6,,,,,Precision Header,,Women's Football,1,ea-drop-api,273476,https://www.ea.com/games/ea-sports-fc/ratings?playerId=273476,ea-drop-api,ea-drop-api,,fc27,2026-08-28T08:51:40.553Z
276848,Michaela Croatto,Michaela,Croatto,,2002-06-29,24,Austria,Austria,4,164,56,Hamburger SV,132533,GPFBL,,LB,"LB, LM",LM,Defense,Left,71,,71,70,71,49,53,57,38,33,61,37,58,43,67,42,68,50,52,69,69,68,72,70,62,70,71,53,74,71,66,59,61,65,56,59,3,2,15,6,11,7,6,,,,,,,Women's Football,1,ea-drop-api,276848,https://www.ea.com/games/ea-sports-fc/ratings?playerId=276848,ea-drop-api,ea-drop-api,,fc27,2026-08-28T08:51:40.553Z
73029,Vera Martínez,Vera,Martínez Viota,Vera Martínez,1999-08-13,27,Spain,Spain,45,170,55,RC Deportivo,131720,Liga F Moeve,,CB,CB,,Defense,Left,71,,69,69,69,43,40,51,46,31,40,32,63,47,57,46,77,65,57,58,63,62,68,72,60,72,71,66,75,73,70,70,72,81,68,62,2,2,7,15,8,8,11,,,,,,,Women's Football,1,ea-drop-api,73029,https://www.ea.com/games/ea-sports-fc/ratings?playerId=73029,ea-drop-api,ea-drop-api,,fc27,2026-08-28T08:51:40.553Z
79467,Aurélie Csillag,Aurélie,Csillag,,2003-01-24,23,Switzerland,Switzerland,47,173,65,SC Freiburg,116002,GPFBL,,ST,ST,,Attack,Right,71,,77,76,78,71,73,74,68,67,65,72,59,61,53,58,65,49,64,69,71,76,65,70,66,30,26,68,23,29,25,67,77,69,66,62,3,3,12,11,14,5,5,,,,,,,Women's Football,1,ea-drop-api,79467,https://www.ea.com/games/ea-sports-fc/ratings?playerId=79467,ea-drop-api,ea-drop-api,,fc27,2026-08-28T08:51:40.553Z
266504,Isobel Goodwin,Isobel,Goodwin,,2002-12-21,23,England,England,14,181,71,London City,132176,Barclays WSL,,ST,ST,,Attack,Right,71,,65,70,61,72,75,73,70,69,60,72,60,70,37,49,72,57,50,69,75,47,68,73,65,38,27,68,31,41,38,68,75,68,71,57,3,2,13,7,13,12,13,,,,,,,Women's Football,1,ea-drop-api,266504,https://www.ea.com/games/ea-sports-fc/ratings?playerId=266504,ea-drop-api,ea-drop-api,,fc27,2026-08-28T08:51:40.553Z
276637,Sakina Ouzraoui Diki,Sakina,Ouzraoui Diki,,2001-08-29,24,Morocco,Morocco,129,164,55,C. Adeje Tenerife,116332,Liga F Moeve,,RW,"RW, LW, RM","LW, RM",Attack,Right,71,,73,75,72,71,74,69,72,62,64,73,66,64,64,59,71,58,70,73,73,71,71,75,74,28,25,54,26,26,21,61,69,68,66,38,3,4,9,9,6,13,8,,,,,,,Women's Football,1,ea-drop-api,276637,https://www.ea.com/games/ea-sports-fc/ratings?playerId=276637,ea-drop-api,ea-drop-api,,fc27,2026-08-28T08:51:40.553Z
73717,Mariella El Sherif,Mariella,El Sherif,,2004-09-02,21,Austria,Austria,4,170,61,SV Werder Bremen,116004,GPFBL,,GK,GK,,Defense,Right,71,,69,21,21,66,5,53,5,5,19,6,70,31,11,12,22,16,10,74,33,45,72,18,24,21,9,10,6,13,12,69,39,22,34,23,3,1,69,66,70,69,74,,,,,,,Women's Football,1,ea-drop-api,73717,https://www.ea.com/games/ea-sports-fc/ratings?playerId=73717,ea-drop-api,ea-drop-api,,fc27,2026-08-28T08:51:40.553Z
275845,Kim Dubs,Kim,Dubs,,1998-09-22,27,Switzerland,Switzerland,47,160,52,FC Zürich,131361,Schweizer Damen Liga,,RM,"RM, LM, RW","LM, RW",Midfielder,Right,71,,66,66,66,63,69,62,56,49,56,70,68,73,69,37,71,71,44,68,63,71,73,70,53,43,31,39,48,47,40,61,56,66,63,49,3,3,6,8,8,15,13,,,,,,,Women's Football,1,ea-drop-api,275845,https://www.ea.com/games/ea-sports-fc/ratings?playerId=275845,ea-drop-api,ea-drop-api,,fc27,2026-08-28T08:51:40.553Z
265064,Jobina Lahr,Jobina,Lahr,,1991-10-19,34,Germany,Germany,21,169,61,Hamburger SV,132533,GPFBL,,RB,"RB, RM",RM,Defense,Left,71,,55,56,55,45,45,55,38,32,59,40,58,45,58,28,73,61,34,60,55,33,69,69,64,74,73,72,75,75,72,72,76,65,75,73,3,2,13,13,13,12,12,,,,,,,Women's Football,1,ea-drop-api,265064,https://www.ea.com/games/ea-sports-fc/ratings?playerId=265064,ea-drop-api,ea-drop-api,,fc27,2026-08-28T08:51:40.553Z
268994,Lorena Navarro,Lorena,Navarro Domínguez,Lorena Navarro,2000-11-11,25,Spain,Spain,45,151,51,Badalona Women,131125,Liga F Moeve,,CM,"CM, CDM",CDM,Midfielder,Left,71,,55,54,55,63,59,67,65,62,70,72,69,69,51,57,80,74,59,70,54,77,69,75,65,53,64,57,34,62,53,54,56,52,51,64,3,3,7,5,10,15,14,,,,,,,Women's Football,1,ea-drop-api,268994,https://www.ea.com/games/ea-sports-fc/ratings?playerId=268994,ea-drop-api,ea-drop-api,,fc27,2026-08-28T08:51:40.553Z
272140,Cristina Cubedo,Cristina,Cubedo Pitarch,Cristina Cubedo,1999-09-21,26,Spain,Spain,45,177,73,Badalona Women,131125,Liga F Moeve,,CB,CB,,Defense,Right,71,,46,37,53,50,41,66,54,55,65,39,61,50,50,41,75,70,45,61,47,74,69,70,71,72,72,65,77,70,65,74,69,65,84,60,3,2,5,11,10,9,12,,,,,,,Women's Football,1,ea-drop-api,272140,https://www.ea.com/games/ea-sports-fc/ratings?playerId=272140,ea-drop-api,ea-drop-api,,fc27,2026-08-28T08:51:40.553Z
277451,Mai Kadowaki,Mai,Kadowaki,,2001-04-22,25,Japan,Japan,163,158,52,RB Leipzig,116021,GPFBL,,CAM,"CAM, LW, CM","LW, CM",Midfielder,Right,71,,65,67,64,68,70,64,68,69,66,76,62,65,38,66,77,53,63,73,69,79,76,76,57,35,24,69,28,38,30,59,71,66,65,34,3,3,6,6,14,14,12,,,,,,,Women's Football,1,ea-drop-api,277451,https://www.ea.com/games/ea-sports-fc/ratings?playerId=277451,ea-drop-api,ea-drop-api,,fc27,2026-08-28T08:51:40.553Z
267236,Samantha Murphy,Samantha,Murphy,,1997-04-21,29,USA,United States,95,180,77,FC Rosengård,131362,Sverige Liga,,GK,GK,,Defense,Right,71,,72,14,14,68,19,50,13,14,19,14,66,68,13,29,32,27,16,73,13,29,70,23,38,14,15,18,26,19,15,68,54,24,61,30,3,1,72,68,66,68,73,,,,,,,Women's Football,1,ea-drop-api,267236,https://www.ea.com/games/ea-sports-fc/ratings?playerId=267236,ea-drop-api,ea-drop-api,,fc27,2026-08-28T08:51:40.553Z
275399,Lorena Azzaro,Lorena,Azzaro,,2000-10-22,25,France,France,18,169,57,Paris FC,116035,Arkema PL,,ST,ST,,Attack,Left,71,,66,60,71,72,75,71,73,65,60,72,58,52,45,58,70,51,62,69,67,56,63,76,67,33,31,68,27,34,21,63,73,65,73,34,2,3,7,11,7,14,13,,,,,,,Women's Football,1,ea-drop-api,275399,https://www.ea.com/games/ea-sports-fc/ratings?playerId=275399,ea-drop-api,ea-drop-api,,fc27,2026-08-28T08:51:40.553Z
271888,Nina Ngueleu,Nina,Ngueleu,,2004-12-11,21,Cameroon,Cameroon,103,172,76,Montpellier,116037,Arkema PL,,ST,"ST, LM, LW","LM, LW",Attack,Right,71,,73,75,71,68,70,68,65,65,56,70,54,44,43,51,70,53,41,71,75,71,68,74,53,26,22,68,20,23,22,68,86,48,90,35,3,3,15,6,10,12,13,,,,,Enforcer,,Women's Football,1,ea-drop-api,271888,https://www.ea.com/games/ea-sports-fc/ratings?playerId=271888,ea-drop-api,ea-drop-api,,fc27,2026-08-28T08:51:40.553Z
265978,Lalia Storti,Lalia,Storti,,1993-05-14,33,Türkiye,Turkey,48,165,57,FC Nantes,116417,Arkema PL,,CM,"CM, CAM, CDM","CAM, CDM",Midfielder,Right,71,,45,38,51,56,55,56,57,45,55,69,67,73,57,51,73,70,53,74,71,82,64,77,73,52,62,38,46,59,43,65,46,84,65,48,3,3,14,7,13,9,12,,,,,,,Women's Football,1,ea-drop-api,265978,https://www.ea.com/games/ea-sports-fc/ratings?playerId=265978,ea-drop-api,ea-drop-api,,fc27,2026-08-28T08:51:40.553Z
271406,Jonna Brengel,Jonna,Brengel,,2004-09-14,21,Germany,Germany,21,164,58,1. FC Nürnberg,131386,GPFBL,,CAM,"CAM, CM",CM,Midfielder,Right,71,,68,59,75,62,62,62,64,58,58,67,61,73,33,54,72,67,34,74,82,86,73,74,66,37,34,45,31,41,38,57,58,33,65,65,5,3,6,9,5,14,9,,,,,,,Women's Football,1,ea-drop-api,271406,https://www.ea.com/games/ea-sports-fc/ratings?playerId=271406,ea-drop-api,ea-drop-api,,fc27,2026-08-28T08:51:40.553Z
273168,Stine Ballisager,Stine,Ballisager,,1994-01-03,32,Denmark,Denmark,13,175,64,FC Bayern München,115995,GPFBL,,CB,CB,,Defense,Right,71,,52,55,49,47,41,63,45,47,51,36,63,55,57,43,75,67,48,60,57,60,71,70,70,73,76,77,71,73,71,64,75,69,66,51,2,2,7,10,7,6,9,,,,,,,Women's Football,1,ea-drop-api,273168,https://www.ea.com/games/ea-sports-fc/ratings?playerId=273168,ea-drop-api,ea-drop-api,,fc27,2026-08-28T08:51:40.553Z
275398,Noémie Mouchon,Noémie,Mouchon,,2003-06-06,23,France,France,18,176,70,,,Barclays WSL,,ST,"ST, CAM",CAM,Attack,Right,71,,66,60,70,69,70,71,67,66,64,71,56,54,47,55,67,45,57,66,40,39,68,73,65,34,34,73,26,35,20,67,80,54,80,48,3,4,14,9,9,7,10,,,,,,,Women's Football,1,ea-drop-api,275398,https://www.ea.com/games/ea-sports-fc/ratings?playerId=275398,ea-drop-api,ea-drop-api,,fc27,2026-08-28T08:51:40.553Z
272059,Teresa Mérida,Teresa,Mérida Cañete,Teresa Mérida,2002-07-17,24,Spain,Spain,45,169,59,,,Liga F Moeve,,CB,CB,,Defense,Right,71,,63,68,58,35,30,46,38,29,41,25,55,40,33,50,71,69,45,60,68,65,65,70,65,71,68,73,70,74,72,73,82,68,76,70,2,2,5,8,9,11,5,,,,,,,Women's Football,1,ea-drop-api,272059,https://www.ea.com/games/ea-sports-fc/ratings?playerId=272059,ea-drop-api,ea-drop-api,,fc27,2026-08-28T08:51:40.553Z
76693,Caitlin Hayes,Caitlin,Hayes,,1995-09-22,30,Ireland,Republic of Ireland,25,170,60,Brighton,116013,Barclays WSL,,CB,CB,,Defense,Right,71,,61,57,65,38,40,53,21,27,55,30,50,37,27,30,69,67,23,64,36,58,72,70,66,72,70,71,75,72,65,70,73,67,70,73,3,2,7,9,12,9,15,,,,,,,Women's Football,1,ea-drop-api,76693,https://www.ea.com/games/ea-sports-fc/ratings?playerId=76693,ea-drop-api,ea-drop-api,,fc27,2026-08-28T08:51:40.553Z
273258,Kate Taylor,Kate,Taylor,,2003-10-21,22,New Zealand,New Zealand,198,174,62,,,Arkema PL,,CB,CB,,Defense,Right,71,,67,68,67,38,35,51,32,33,41,42,53,42,39,33,71,59,31,54,62,58,69,68,61,72,76,75,71,71,69,68,80,61,72,63,2,2,9,9,7,6,10,,,,,,,Women's Football,1,ea-drop-api,273258,https://www.ea.com/games/ea-sports-fc/ratings?playerId=273258,ea-drop-api,ea-drop-api,,fc27,2026-08-28T08:51:40.553Z
264953,Kysha Sylla,Kysha,Sylla,,2004-02-04,22,France,France,18,173,67,Washington Spirit,116304,NWSL,,CB,"CB, CDM",CDM,Defense,Right,71,,56,44,66,37,34,52,30,33,32,39,55,48,35,28,71,64,49,59,59,66,65,61,61,72,70,74,69,77,70,71,74,63,78,64,2,2,5,8,10,14,9,,,,,Intercept,,Women's Football,1,ea-drop-api,264953,https://www.ea.com/games/ea-sports-fc/ratings?playerId=264953,ea-drop-api,ea-drop-api,,fc27,2026-08-28T08:51:40.553Z
261793,Amber Tysiak,Amber,Tysiak,,2000-01-26,26,Belgium,Belgium,7,177,70,West Ham,116014,Barclays WSL,,CB,CB,,Defense,Right,71,,67,64,69,38,44,39,28,29,37,23,44,33,29,26,65,45,25,57,63,76,64,61,52,71,67,69,66,78,74,72,75,66,74,73,3,2,11,6,11,15,11,,,,,Precision Header,,Women's Football,1,ea-drop-api,261793,https://www.ea.com/games/ea-sports-fc/ratings?playerId=261793,ea-drop-api,ea-drop-api,,fc27,2026-08-28T08:51:40.553Z
277963,Jutta Rantala,Jutta,Rantala,,1999-10-11,26,Finland,Finland,17,160,51,,,Barclays WSL,,ST,"ST, RM, CAM","RM, CAM",Attack,Right,71,,66,66,66,73,77,70,69,64,62,76,54,63,40,46,65,47,34,69,66,72,67,71,60,25,18,69,19,23,21,58,72,62,67,29,4,3,13,8,10,9,7,,,,,,,Women's Football,1,ea-drop-api,277963,https://www.ea.com/games/ea-sports-fc/ratings?playerId=277963,ea-drop-api,ea-drop-api,,fc27,2026-08-28T08:51:40.553Z
268461,Sari Kees,Sari,Kees,,2001-02-17,25,Belgium,Belgium,7,174,65,,,Barclays WSL,,CB,CB,,Defense,Right,71,,65,57,72,32,24,57,26,25,36,26,46,27,27,26,68,52,42,59,55,77,70,64,52,74,72,72,76,75,68,66,72,61,66,69,2,2,11,10,5,12,6,,,,,,,Women's Football,1,ea-drop-api,268461,https://www.ea.com/games/ea-sports-fc/ratings?playerId=268461,ea-drop-api,ea-drop-api,,fc27,2026-08-28T08:51:40.553Z
267209,Phoebe McClernon,Phoebe,McClernon,,1997-12-13,28,USA,United States,95,170,61,Seattle Reign,116300,NWSL,,CB,"CB, LB",LB,Defense,Right,71,,38,40,37,40,38,48,38,32,42,42,58,53,42,36,70,72,42,63,60,73,72,68,65,75,73,68,75,78,72,62,62,53,66,61,2,2,12,14,8,11,6,,,,,"Long Ball Pass, Aerial Fortress",,Women's Football,1,ea-drop-api,267209,https://www.ea.com/games/ea-sports-fc/ratings?playerId=267209,ea-drop-api,ea-drop-api,,fc27,2026-08-28T08:51:40.553Z
246038,Amandine Pierre-Louis,Amandine,Pierre-Louis,,1995-02-18,31,Haiti,Haiti,80,170,58,,,Arkema PL,,RM,"RM, RW",RW,Midfielder,Left,70,,71,69,72,65,70,57,67,53,45,67,68,66,65,64,72,66,66,70,70,69,69,72,63,64,63,62,62,67,63,77,77,74,80,71,4,3,7,12,13,9,13,,,,,,,Women's Football,1,ea-drop-api,246038,https://www.ea.com/games/ea-sports-fc/ratings?playerId=246038,ea-drop-api,ea-drop-api,,fc27,2026-08-28T08:51:40.553Z
70713,Ellie Wheeler,Ellie,Wheeler,,2001-12-14,24,USA,United States,95,168,60,KC Current,116309,NWSL,,RB,"RB, LB, RM","LB, RM",Defense,Right,70,,69,69,69,66,66,67,68,54,56,67,67,60,69,64,71,66,65,68,66,68,67,71,63,68,66,63,69,70,64,66,71,68,69,57,4,3,7,7,8,9,8,,,,,,,Women's Football,1,ea-drop-api,70713,https://www.ea.com/games/ea-sports-fc/ratings?playerId=70713,ea-drop-api,ea-drop-api,,fc27,2026-08-28T08:51:40.553Z
276971,Jade Nassi,Jade,Nassi,,2003-04-26,23,Morocco,Morocco,129,164,58,Havre AC,116416,Arkema PL,,RB,"RB, RM",RM,Defense,Right,70,,75,77,73,63,60,65,66,63,64,62,66,67,66,57,70,56,70,75,78,72,66,74,67,65,67,63,59,69,67,59,74,63,62,42,3,3,8,7,8,13,14,,,,,Technical,,Women's Football,1,ea-drop-api,276971,https://www.ea.com/games/ea-sports-fc/ratings?playerId=276971,ea-drop-api,ea-drop-api,,fc27,2026-08-28T08:51:40.553Z
76580,Aemu Oyama,Aemu,Oyama,,2004-09-19,21,Japan,Japan,163,158,58,FC Rosengård,131362,Sverige Liga,,CM,CM,,Midfielder,Right,70,,69,70,68,68,69,68,68,54,69,71,68,70,58,58,73,70,60,71,66,70,69,71,68,61,68,54,56,65,59,65,65,71,64,58,3,2,11,14,10,10,12,,,,,,,Women's Football,1,ea-drop-api,76580,https://www.ea.com/games/ea-sports-fc/ratings?playerId=76580,ea-drop-api,ea-drop-api,,fc27,2026-08-28T08:51:40.553Z
273171,Janni Thomsen,Janni,Thomsen,,2000-02-16,26,Denmark,Denmark,13,167,62,Utah Royals FC,131478,NWSL,,RB,"RB, RM",RM,Defense,Right,70,,82,81,82,56,51,59,58,65,52,70,67,69,75,56,66,61,60,66,59,61,60,71,61,68,66,53,70,75,60,61,69,65,59,61,2,2,9,13,14,10,10,,,,,Long Throw,,Women's Football,1,ea-drop-api,273171,https://www.ea.com/games/ea-sports-fc/ratings?playerId=273171,ea-drop-api,ea-drop-api,,fc27,2026-08-28T08:51:40.553Z
275826,Denisa Veselá,Denisa,Veselá,,1998-01-08,28,Czechia,Czech Republic,12,164,55,Slavia Praha,131360,Ceska Liga Žen,,RM,"RM, RB, RW","RB, RW",Midfielder,Right,70,,72,71,73,62,63,61,62,52,58,72,68,66,70,65,69,65,65,70,74,78,71,71,65,61,67,46,60,66,56,64,63,67,65,59,3,3,6,13,10,8,14,,,,,,,Women's Football,1,ea-drop-api,275826,https://www.ea.com/games/ea-sports-fc/ratings?playerId=275826,ea-drop-api,ea-drop-api,,fc27,2026-08-28T08:51:40.553Z
76326,Lilly Reale,Lilly,Reale,,2003-08-12,23,USA,United States,95,172,65,Gotham FC,116310,NWSL,,LB,"LB, LM",LM,Defense,Left,70,,69,68,69,58,56,67,68,34,42,47,66,55,74,62,67,68,68,63,65,70,64,67,60,67,66,65,65,70,65,73,76,71,76,66,3,2,12,10,10,14,14,,,,,"Whipped Pass, Bruiser, Enforcer",,Women's Football,1,ea-drop-api,76326,https://www.ea.com/games/ea-sports-fc/ratings?playerId=76326,ea-drop-api,ea-drop-api,,fc27,2026-08-28T08:51:40.553Z
265950,Cosette Morché,Cosette,Morché,,1997-06-09,29,USA,United States,95,188,80,Orlando Pride,116307,NWSL,,GK,GK,,Defense,Right,70,,72,47,48,68,12,51,9,9,17,9,68,31,13,13,26,21,14,70,34,30,64,17,34,47,15,14,13,14,12,71,67,34,71,27,2,1,72,68,68,71,70,,,,,,,Women's Football,1,ea-drop-api,265950,https://www.ea.com/games/ea-sports-fc/ratings?playerId=265950,ea-drop-api,ea-drop-api,,fc27,2026-08-28T08:51:40.553Z
272136,Paula Arana,Paula,Arana Montes,Paula Arana,2001-11-08,24,Spain,Spain,45,172,60,RCD Espanyol,131733,Liga F Moeve,,ST,"ST, LM, LW","LM, LW",Attack,Right,70,,68,71,66,71,69,74,73,69,65,72,71,70,68,74,74,67,71,68,67,75,66,70,62,54,58,65,45,58,47,64,74,69,68,45,4,3,10,8,9,9,15,,,,,,,Women's Football,1,ea-drop-api,272136,https://www.ea.com/games/ea-sports-fc/ratings?playerId=272136,ea-drop-api,ea-drop-api,,fc27,2026-08-28T08:51:40.553Z
75807,Nađa Stanović,Nađa,Stanović,,1999-09-10,26,Montenegro,Montenegro,15,160,50,Slavia Praha,131360,Ceska Liga Žen,,LM,"LM, LW",LW,Midfielder,Left,70,,77,78,76,66,67,64,68,54,61,66,66,66,68,52,70,65,56,68,72,73,64,70,65,60,59,52,63,62,57,58,60,71,48,64,3,3,12,12,12,13,11,,,,,,,Women's Football,1,ea-drop-api,75807,https://www.ea.com/games/ea-sports-fc/ratings?playerId=75807,ea-drop-api,ea-drop-api,,fc27,2026-08-28T08:51:40.553Z
269214,Eva Sumo,Eva,Sumo,,1993-12-07,32,France,France,18,169,59,FC Nantes,116417,Arkema PL,,CM,"CM, CDM",CDM,Midfielder,Right,70,,59,47,68,64,64,67,59,64,71,69,67,77,59,68,66,64,80,75,77,75,70,75,82,65,67,58,62,69,61,65,59,77,61,63,4,3,6,15,7,13,9,,,,,"Long Ball Pass, Anticipate, Press Proven",,Women's Football,1,ea-drop-api,269214,https://www.ea.com/games/ea-sports-fc/ratings?playerId=269214,ea-drop-api,ea-drop-api,,fc27,2026-08-28T08:51:40.553Z
270830,Morgane Belkhiter,Morgane,Belkhiter,,1995-11-23,30,Algeria,Algeria,97,170,55,,,Arkema PL,,RB,"RB, RM",RM,Defense,Right,70,,76,69,82,57,63,47,61,39,42,67,60,52,63,40,69,57,51,64,61,61,67,68,52,67,68,67,66,69,65,68,72,73,67,65,3,3,11,12,13,5,10,,,,,Relentless,,Women's Football,1,ea-drop-api,270830,https://www.ea.com/games/ea-sports-fc/ratings?playerId=270830,ea-drop-api,ea-drop-api,,fc27,2026-08-28T08:51:40.553Z
274770,Molly McLaughlin,Molly,McLaughlin,,2000-06-13,26,USA,United States,95,170,60,Slavia Praha,131360,Ceska Liga Žen,,CDM,"CDM, CM",CM,Midfielder,Right,70,,66,67,65,63,73,47,66,36,63,48,62,63,45,56,72,68,52,65,58,65,64,70,61,68,67,65,68,71,67,68,71,71,66,67,3,3,5,7,13,13,7,,,,,,,Women's Football,1,ea-drop-api,274770,https://www.ea.com/games/ea-sports-fc/ratings?playerId=274770,ea-drop-api,ea-drop-api,,fc27,2026-08-28T08:51:40.553Z
279867,Dana Foederer,Dana,Foederer,,2002-07-27,24,Netherlands,Holland,34,168,60,Utah Royals FC,131478,NWSL,,CDM,"CDM, CM",CM,Midfielder,Right,70,,66,64,67,62,57,67,70,54,52,66,68,70,59,60,75,71,52,69,63,73,70,73,59,65,68,57,66,67,62,62,63,69,58,62,3,2,15,9,6,13,10,,,,,,,Women's Football,1,ea-drop-api,279867,https://www.ea.com/games/ea-sports-fc/ratings?playerId=279867,ea-drop-api,ea-drop-api,,fc27,2026-08-28T08:51:40.553Z
72344,Mar Torras,María del Mar,Torras de Fortuny,Mar Torras,1996-04-06,30,Spain,Spain,45,170,52,RCD Espanyol,131733,Liga F Moeve,,CM,"CM, CDM",CDM,Midfielder,Right,70,,66,68,64,60,65,55,60,41,48,71,67,70,61,52,72,69,51,65,61,55,68,70,72,64,70,56,51,74,66,69,67,76,65,71,2,2,5,9,12,7,9,,,,,"Block, Bruiser",,Women's Football,1,ea-drop-api,72344,https://www.ea.com/games/ea-sports-fc/ratings?playerId=72344,ea-drop-api,ea-drop-api,,fc27,2026-08-28T08:51:40.553Z
272172,Esther Martin-Pozuelo,Esther,Martin-Pozuelo,Esther Martin-Pozuelo,1998-10-08,27,Spain,Spain,45,164,57,Sevilla FC,116337,Liga F Moeve,,LB,"LB, LM",LM,Defense,Left,70,,68,68,68,56,43,79,73,42,40,50,70,70,70,73,75,57,78,66,69,63,65,70,71,70,73,63,70,73,63,61,67,58,58,72,2,2,8,13,10,11,9,,,,,,,Women's Football,1,ea-drop-api,272172,https://www.ea.com/games/ea-sports-fc/ratings?playerId=272172,ea-drop-api,ea-drop-api,,fc27,2026-08-28T08:51:40.553Z
276904,Cristina Baudet,Cristina,Baudet Lucena,Cristina Baudet,1991-07-08,35,Spain,Spain,45,165,61,RCD Espanyol,131733,Liga F Moeve,,CAM,"CAM, CM, LW, ST","CM, LW, ST",Midfielder,Right,70,,69,69,69,70,69,72,69,71,74,70,68,65,69,61,72,69,59,72,69,62,70,77,74,50,46,61,45,54,48,62,68,54,60,75,3,3,14,8,15,7,10,,,,,,,Women's Football,1,ea-drop-api,276904,https://www.ea.com/games/ea-sports-fc/ratings?playerId=276904,ea-drop-api,ea-drop-api,,fc27,2026-08-28T08:51:40.553Z
76214,Karlie Lema,Karlie,Lema,,2003-06-29,23,USA,United States,95,178,67,Bay FC,131477,NWSL,,RM,"RM, RW",RW,Midfielder,Right,70,,80,78,81,67,67,72,68,60,57,67,65,63,67,43,71,58,64,68,78,66,64,72,57,43,43,65,36,43,40,67,77,67,68,64,3,3,10,6,8,8,6,,,,,,,Women's Football,1,ea-drop-api,76214,https://www.ea.com/games/ea-sports-fc/ratings?playerId=76214,ea-drop-api,ea-drop-api,,fc27,2026-08-28T08:51:40.553Z
228626,Débora,Débora,García Mateo,Débora,1989-10-17,36,Spain,Spain,45,168,52,Sevilla FC,116337,Liga F Moeve,,RB,"RB, RM",RM,Defense,Right,70,,70,72,69,55,52,61,51,55,56,69,66,63,68,42,71,66,61,70,71,79,68,68,71,68,67,65,67,71,63,61,70,71,58,52,3,3,7,6,12,13,11,,,,,,,Women's Football,1,ea-drop-api,228626,https://www.ea.com/games/ea-sports-fc/ratings?playerId=228626,ea-drop-api,ea-drop-api,,fc27,2026-08-28T08:51:40.553Z
264966,Julia Kassen,Julia,Kassen,,2002-05-17,24,Germany,Germany,21,179,64,,,GPFBL,,GK,GK,,Defense,Right,70,,70,32,51,68,6,54,12,6,30,6,72,33,9,16,34,30,9,69,53,45,67,18,29,40,8,6,10,12,10,71,57,19,66,18,3,1,70,68,72,71,69,,,,,,,Women's Football,1,ea-drop-api,264966,https://www.ea.com/games/ea-sports-fc/ratings?playerId=264966,ea-drop-api,ea-drop-api,,fc27,2026-08-28T08:51:40.553Z
267884,Hillary Beall,Hillary,Beall,,1999-01-27,27,USA,United States,95,180,67,San Diego Wave,116312,NWSL,,GK,GK,,Defense,Right,70,,68,43,44,70,11,52,9,9,20,8,69,50,8,15,25,19,12,71,36,52,69,12,28,43,9,8,7,13,9,69,59,39,60,14,2,1,68,70,69,69,71,,,,,,,Women's Football,1,ea-drop-api,267884,https://www.ea.com/games/ea-sports-fc/ratings?playerId=267884,ea-drop-api,ea-drop-api,,fc27,2026-08-28T08:51:40.553Z
73237,Luca Papp,Luca,Papp,,2002-04-24,24,Hungary,Hungary,23,170,62,VfL Wolfsburg,115998,GPFBL,,CM,CM,,Midfielder,Right,70,,64,67,61,68,71,68,70,38,65,71,63,70,41,55,73,71,39,69,67,66,71,72,68,54,53,60,40,68,45,71,73,71,73,64,2,3,7,6,12,12,12,,,,,,,Women's Football,1,ea-drop-api,73237,https://www.ea.com/games/ea-sports-fc/ratings?playerId=73237,ea-drop-api,ea-drop-api,,fc27,2026-08-28T08:51:40.553Z
75062,Maitane Vilariño,Maitane,Vilariño Mendinueta,Maitane Vilariño,2002-06-30,24,Spain,Spain,45,158,53,Athletic Club,116328,Liga F Moeve,,RW,"RW, RM, RB","RM, RB",Attack,Right,70,,70,69,70,60,70,48,50,64,45,70,65,69,67,35,70,61,53,71,67,70,69,73,61,62,52,58,61,72,63,61,67,67,64,45,2,3,11,6,8,12,8,,,,,,,Women's Football,1,ea-drop-api,75062,https://www.ea.com/games/ea-sports-fc/ratings?playerId=75062,ea-drop-api,ea-drop-api,,fc27,2026-08-28T08:51:40.553Z
271786,Hannah Etzold,Hannah,Etzold,,2005-04-13,21,Germany,Germany,21,173,63,,,GPFBL,,GK,GK,,Defense,Right,70,,67,41,52,66,8,51,12,8,55,7,68,67,13,10,40,35,12,72,46,41,66,16,28,45,15,14,19,14,12,71,61,16,63,28,2,1,67,66,68,71,72,,,,,,,Women's Football,1,ea-drop-api,271786,https://www.ea.com/games/ea-sports-fc/ratings?playerId=271786,ea-drop-api,ea-drop-api,,fc27,2026-08-28T08:51:40.553Z
79529,Hikaru Kitagawa,Hikaru,Kitagawa,,1997-05-10,29,Japan,Japan,163,163,56,Everton,116016,Barclays WSL,,LB,"LB, LM",LM,Defense,Left,70,,71,68,73,52,50,55,58,20,65,49,66,64,68,55,68,66,66,69,67,73,67,73,66,66,65,61,68,68,65,64,69,74,64,51,4,3,13,7,5,10,6,,,,,,,Women's Football,1,ea-drop-api,79529,https://www.ea.com/games/ea-sports-fc/ratings?playerId=79529,ea-drop-api,ea-drop-api,,fc27,2026-08-28T08:51:40.553Z
272199,Mirari Uria,Mirari,Uria Gabilondo,Mirari Uria,2003-01-01,23,Spain,Spain,45,169,59,Real Sociedad,116336,Liga F Moeve,,ST,"ST, RW, RM","RW, RM",Attack,Right,70,,70,73,67,71,73,72,69,66,61,72,70,68,70,64,74,67,65,71,71,71,69,72,66,45,48,61,41,46,36,61,69,66,58,61,3,3,9,10,13,14,13,,,,,,,Women's Football,1,ea-drop-api,272199,https://www.ea.com/games/ea-sports-fc/ratings?playerId=272199,ea-drop-api,ea-drop-api,,fc27,2026-08-28T08:51:40.553Z
273472,Penelope Hocking,Penelope,Hocking,,1999-12-29,26,USA,United States,95,165,59,Bay FC,131477,NWSL,,LM,"LM, ST, LW","ST, LW",Midfielder,Right,70,,72,71,72,67,66,70,68,66,61,71,67,68,65,57,70,67,58,68,71,68,66,72,58,48,45,69,38,55,41,66,75,66,67,60,3,3,11,9,7,13,11,,,,,,,Women's Football,1,ea-drop-api,273472,https://www.ea.com/games/ea-sports-fc/ratings?playerId=273472,ea-drop-api,ea-drop-api,,fc27,2026-08-28T08:51:40.553Z
279885,Matilda Vinberg,Matilda,Vinberg,,2003-03-16,23,Sweden,Sweden,46,170,60,Spurs,116011,Barclays WSL,,LM,"LM, RM, LW","RM, LW",Midfielder,Right,70,,62,67,57,67,69,70,66,49,45,73,68,70,66,60,71,67,52,67,59,70,73,70,55,58,67,51,52,61,56,66,65,71,68,53,3,2,11,14,13,6,9,,,,,,,Women's Football,1,ea-drop-api,279885,https://www.ea.com/games/ea-sports-fc/ratings?playerId=279885,ea-drop-api,ea-drop-api,,fc27,2026-08-28T08:51:40.553Z
264962,Tess Laplacette,Tess,Laplacette,,1999-05-22,27,France,France,18,168,60,Marseille,132370,Arkema PL,,RB,"RB, RM",RM,Defense,Right,70,,69,66,71,51,50,55,47,47,54,63,64,59,60,48,69,67,63,67,65,72,69,66,69,70,71,65,73,68,67,66,69,72,62,68,3,2,10,7,7,7,12,,,,,,,Women's Football,1,ea-drop-api,264962,https://www.ea.com/games/ea-sports-fc/ratings?playerId=264962,ea-drop-api,ea-drop-api,,fc27,2026-08-28T08:51:40.553Z
277307,Amelie Schuster,Amelie,Schuster,,2004-03-18,22,Germany,Germany,21,170,61,FC Zürich,131361,Schweizer Damen Liga,,CM,"CM, CDM",CDM,Midfielder,Right,70,,65,63,66,61,69,44,64,39,63,67,64,69,47,49,73,70,45,70,61,60,71,75,60,62,70,58,58,63,58,65,66,66,66,60,3,3,15,8,7,6,5,,,,,,,Women's Football,1,ea-drop-api,277307,https://www.ea.com/games/ea-sports-fc/ratings?playerId=277307,ea-drop-api,ea-drop-api,,fc27,2026-08-28T08:51:40.553Z
277881,Hanna Andersson,Hanna,Andersson,,2001-10-17,24,Sweden,Sweden,46,167,60,FC Rosengård,131362,Sverige Liga,,RM,"RM, CDM, RW","CDM, RW",Midfielder,Right,70,,67,68,66,64,69,60,62,58,46,70,67,66,68,43,72,70,46,67,54,56,68,69,50,57,58,55,50,65,55,65,67,68,67,58,3,3,12,10,15,6,6,,,,,,,Women's Football,1,ea-drop-api,277881,https://www.ea.com/games/ea-sports-fc/ratings?playerId=277881,ea-drop-api,ea-drop-api,,fc27,2026-08-28T08:51:40.553Z
279811,Avery Patterson,Avery,Patterson,,2002-06-14,24,USA,United States,95,168,60,Houston Dash,116306,NWSL,,RM,"RM, RB",RB,Midfielder,Left,70,,63,62,63,66,62,73,74,55,52,67,63,67,60,51,70,52,50,75,69,67,72,79,55,55,68,59,35,67,45,65,67,69,68,50,3,3,14,13,10,7,10,,,,,"Intercept, Aerial Fortress",,Women's Football,1,ea-drop-api,279811,https://www.ea.com/games/ea-sports-fc/ratings?playerId=279811,ea-drop-api,ea-drop-api,,fc27,2026-08-28T08:51:40.553Z
77246,Rakel Engesvik,Rakel,Engesvik,,1998-09-23,27,Norway,Norway,36,175,65,SL Benfica,131358,Liga Portugal Feminino,,CAM,"CAM, CM",CM,Midfielder,Right,70,,70,67,72,68,69,70,68,61,62,66,68,69,65,58,72,68,64,71,65,74,63,73,63,44,42,53,39,49,43,65,64,75,64,54,3,3,14,13,10,8,11,,,,,,,Women's Football,1,ea-drop-api,77246,https://www.ea.com/games/ea-sports-fc/ratings?playerId=77246,ea-drop-api,ea-drop-api,,fc27,2026-08-28T08:51:40.553Z
270558,Chloé N'Gazi,Chloé,N'Gazi,,1996-06-06,30,Algeria,Algeria,97,180,62,Marseille,132370,Arkema PL,,GK,GK,,Defense,Right,70,,71,41,44,69,8,50,8,10,17,9,66,42,12,14,28,24,18,74,35,42,66,15,42,42,14,14,11,15,13,64,49,29,43,32,2,1,71,69,66,64,74,,,,,Far Reach,,Women's Football,1,ea-drop-api,270558,https://www.ea.com/games/ea-sports-fc/ratings?playerId=270558,ea-drop-api,ea-drop-api,,fc27,2026-08-28T08:51:40.553Z
70110,Madison Curry,Madison,Curry,,2001-01-23,25,USA,United States,95,165,58,Seattle Reign,116300,NWSL,,LB,"LB, CB, RM","CB, RM",Defense,Right,70,,70,71,70,52,44,68,58,48,42,57,59,53,63,56,65,50,56,67,66,61,69,67,61,69,77,54,66,74,65,68,68,71,68,66,3,2,9,10,7,15,8,,,,,"Intercept, Long Throw",,Women's Football,1,ea-drop-api,70110,https://www.ea.com/games/ea-sports-fc/ratings?playerId=70110,ea-drop-api,ea-drop-api,,fc27,2026-08-28T08:51:40.553Z
265128,Anja Heuschkel,Anja,Heuschkel,,1997-08-04,29,Germany,Germany,21,164,58,,,GPFBL,,CB,CB,,Defense,Right,70,,57,61,53,61,63,59,61,53,60,50,60,50,55,50,72,60,49,67,59,70,72,72,61,71,69,68,75,70,66,69,71,68,70,69,3,2,11,15,11,5,11,,,,,,,Women's Football,1,ea-drop-api,265128,https://www.ea.com/games/ea-sports-fc/ratings?playerId=265128,ea-drop-api,ea-drop-api,,fc27,2026-08-28T08:51:40.553Z
275400,Naomie Bamenga,Naomie,Bamenga,,2003-08-02,23,France,France,18,158,52,Marseille,132370,Arkema PL,,CM,"CM, CDM",CDM,Midfielder,Right,70,,67,66,67,68,68,67,71,58,65,67,72,73,65,68,75,72,75,74,82,80,52,73,75,55,63,45,47,65,45,49,45,63,36,67,3,4,12,5,9,14,6,,,,,"Incisive Pass, Technical",,Women's Football,1,ea-drop-api,275400,https://www.ea.com/games/ea-sports-fc/ratings?playerId=275400,ea-drop-api,ea-drop-api,,fc27,2026-08-28T08:51:40.553Z
78684,Carla Morich,Carla,Morich,,1998-02-04,28,Germany,Germany,21,167,55,Hamburger SV,132533,GPFBL,,CAM,"CAM, CM",CM,Midfielder,Right,70,,64,63,65,68,69,67,66,62,70,68,70,73,63,65,73,69,66,72,69,73,62,75,64,53,51,56,53,54,51,57,58,67,51,61,3,4,12,11,15,6,11,,,,,,,Women's Football,1,ea-drop-api,78684,https://www.ea.com/games/ea-sports-fc/ratings?playerId=78684,ea-drop-api,ea-drop-api,,fc27,2026-08-28T08:51:40.553Z
265005,Annaëlle Tchakounté,Annaëlle,Tchakounté,,2003-08-25,23,France,France,18,174,65,Strasbourg,131724,Arkema PL,,CB,CB,,Defense,Right,70,,64,61,67,48,47,55,45,43,52,43,61,51,59,49,69,60,58,68,65,61,68,77,62,70,71,65,70,72,66,72,77,62,82,59,3,3,7,6,9,6,8,,,,,,,Women's Football,1,ea-drop-api,265005,https://www.ea.com/games/ea-sports-fc/ratings?playerId=265005,ea-drop-api,ea-drop-api,,fc27,2026-08-28T08:51:40.553Z
272534,Lysianne Proulx,Lysianne,Proulx,,1999-04-17,27,Canada,Canada,70,170,64,Juventus,116280,Calcio A Femminile,,GK,GK,,Defense,Right,70,,72,35,32,67,9,53,8,7,23,14,71,58,17,23,29,28,16,68,42,43,70,21,49,34,17,18,19,13,15,70,65,31,72,37,4,1,72,67,71,70,68,,,,,Cross Claimer,,Women's Football,1,ea-drop-api,272534,https://www.ea.com/games/ea-sports-fc/ratings?playerId=272534,ea-drop-api,ea-drop-api,,fc27,2026-08-28T08:51:40.553Z
274813,Gisele Thompson,Gisele,Thompson,,2005-12-02,20,USA,United States,95,162,57,Angel City FC,116311,NWSL,,RB,RB,,Defense,Right,70,,74,75,73,50,45,58,56,41,41,50,62,52,66,55,68,56,61,71,75,65,69,71,61,66,64,60,69,68,65,59,66,73,52,56,3,3,9,8,11,7,11,,,,,,,Women's Football,1,ea-drop-api,274813,https://www.ea.com/games/ea-sports-fc/ratings?playerId=274813,ea-drop-api,ea-drop-api,,fc27,2026-08-28T08:51:40.553Z
76216,Sarah Schupansky,Sarah,Schupansky,,2003-08-25,23,USA,United States,95,165,58,Gotham FC,116310,NWSL,,CM,CM,,Midfielder,Right,70,,62,66,58,65,64,70,69,45,52,67,72,69,74,73,73,73,70,68,68,41,64,72,53,52,64,63,32,64,42,62,68,74,60,52,3,2,11,6,14,12,12,,,,,Dead Ball,,Women's Football,1,ea-drop-api,76216,https://www.ea.com/games/ea-sports-fc/ratings?playerId=76216,ea-drop-api,ea-drop-api,,fc27,2026-08-28T08:51:40.553Z
269123,Taylor Malham,Taylor,Malham,,1999-05-20,27,USA,United States,95,178,65,Chicago Stars FC,116305,NWSL,,LB,"LB, RB, LM","RB, LM",Defense,Right,70,,50,52,49,59,67,53,49,45,63,56,69,66,75,47,73,69,58,69,51,33,73,75,59,69,68,62,70,72,62,65,63,72,62,62,3,2,6,7,5,11,9,,,,,,,Women's Football,1,ea-drop-api,269123,https://www.ea.com/games/ea-sports-fc/ratings?playerId=269123,ea-drop-api,ea-drop-api,,fc27,2026-08-28T08:51:40.553Z
275586,Ane Campos,Ane,Campos Andueza,Ane Campos,1999-05-21,27,Spain,Spain,45,172,62,Athletic Club,116328,Liga F Moeve,,ST,"ST, LW, CAM","LW, CAM",Attack,Right,70,,79,78,80,69,78,60,59,67,55,73,61,69,56,50,67,56,40,70,81,68,66,70,66,40,51,68,20,41,45,61,76,67,61,50,3,3,7,7,12,8,15,,,,,,,Women's Football,1,ea-drop-api,275586,https://www.ea.com/games/ea-sports-fc/ratings?playerId=275586,ea-drop-api,ea-drop-api,,fc27,2026-08-28T08:51:40.553Z
265203,Emily Whelan,Emily,Whelan,,2002-08-22,24,Ireland,Republic of Ireland,25,163,58,Glasgow City FC,131363,Scottish Women's League,,ST,"ST, RW, RM","RW, RM",Attack,Right,70,,69,69,69,69,73,69,65,60,59,74,56,50,54,48,68,48,42,69,63,59,68,73,61,52,50,63,43,58,50,62,70,60,63,59,3,2,13,7,5,13,8,,,,,,,Women's Football,1,ea-drop-api,265203,https://www.ea.com/games/ea-sports-fc/ratings?playerId=265203,ea-drop-api,ea-drop-api,,fc27,2026-08-28T08:51:40.553Z
271728,Elise Isolde Stenevik,Elise Isolde,Stenevik,,1999-09-09,26,Norway,Norway,36,176,66,Everton,116016,Barclays WSL,,CB,CB,,Defense,Left,70,,71,72,71,38,37,36,35,36,56,50,64,54,68,56,70,60,62,66,67,57,73,73,58,70,71,66,72,70,68,67,74,66,68,63,4,2,9,14,14,6,12,,,,,,,Women's Football,1,ea-drop-api,271728,https://www.ea.com/games/ea-sports-fc/ratings?playerId=271728,ea-drop-api,ea-drop-api,,fc27,2026-08-28T08:51:40.553Z
78813,Blandine Joly,Blandine,Joly,,1999-12-02,26,France,France,18,172,58,RC Lens,132588,Arkema PL,,GK,GK,,Defense,Right,70,,70,21,25,68,8,56,9,15,14,6,75,25,25,10,46,45,26,70,31,40,68,40,38,23,15,15,6,19,12,69,41,33,38,25,3,1,70,68,75,69,70,,,,,,,Women's Football,1,ea-drop-api,78813,https://www.ea.com/games/ea-sports-fc/ratings?playerId=78813,ea-drop-api,ea-drop-api,,fc27,2026-08-28T08:51:40.553Z
276843,Aleigh Gambone,Aleigh,Gambone,,2000-10-09,25,USA,United States,95,160,55,1. FC Nürnberg,131386,GPFBL,,CM,"CM, CAM",CAM,Midfielder,Right,70,,60,58,62,64,64,71,61,63,51,68,66,72,49,66,73,68,64,69,61,54,68,74,66,60,65,51,60,65,48,56,54,70,51,51,4,4,10,6,10,9,6,,,,,,,Women's Football,1,ea-drop-api,276843,https://www.ea.com/games/ea-sports-fc/ratings?playerId=276843,ea-drop-api,ea-drop-api,,fc27,2026-08-28T08:51:40.553Z
262868,Charlotte Grant,Charlotte,Grant,,2001-09-20,24,Australia,Australia,195,165,59,Spurs,116011,Barclays WSL,,RB,"RB, LB, RM","LB, RM",Defense,Right,70,,69,70,68,46,41,50,54,30,55,57,63,52,68,48,71,60,55,62,67,75,73,68,52,68,69,70,68,70,60,65,72,74,62,58,3,2,7,14,11,7,14,,,,,,,Women's Football,1,ea-drop-api,262868,https://www.ea.com/games/ea-sports-fc/ratings?playerId=262868,ea-drop-api,ea-drop-api,,fc27,2026-08-28T08:51:40.553Z
273174,Isabella Obaze,Isabella,Obaze,,2002-10-30,23,Denmark,Denmark,13,179,63,Portland Thorns,116302,NWSL,,CB,"CB, RB, RM","RB, RM",Defense,Right,70,,71,70,71,46,45,63,37,36,51,37,59,51,53,41,73,60,40,60,68,37,70,66,65,72,69,72,74,72,67,65,80,55,72,58,2,2,9,6,6,13,11,,,,,,,Women's Football,1,ea-drop-api,273174,https://www.ea.com/games/ea-sports-fc/ratings?playerId=273174,ea-drop-api,ea-drop-api,,fc27,2026-08-28T08:51:40.553Z
277966,Olga Ahtinen,Olga,Ahtinen,,1997-08-15,29,Finland,Finland,17,165,58,Spurs,116011,Barclays WSL,,CM,"CM, CDM",CDM,Midfielder,Right,70,,59,68,52,61,68,45,68,35,46,71,63,74,42,45,71,70,39,70,54,72,65,70,68,58,70,46,37,71,65,62,61,68,64,50,3,3,7,5,11,7,12,,,,,Aerial Fortress,,Women's Football,1,ea-drop-api,277966,https://www.ea.com/games/ea-sports-fc/ratings?playerId=277966,ea-drop-api,ea-drop-api,,fc27,2026-08-28T08:51:40.553Z
274786,Sheika Scott,Sheika,Scott,,2006-10-22,19,Costa Rica,Costa Rica,72,157,57,Paris FC,116035,Arkema PL,,CAM,"CAM, CM",CM,Midfielder,Right,70,,72,71,73,62,61,66,68,38,51,67,62,69,45,48,69,66,47,76,81,88,50,78,59,46,59,63,38,41,38,54,65,69,51,38,3,3,15,6,13,7,13,,,,,,,Women's Football,1,ea-drop-api,274786,https://www.ea.com/games/ea-sports-fc/ratings?playerId=274786,ea-drop-api,ea-drop-api,,fc27,2026-08-28T08:51:40.553Z
264906,Hawa Sangaré,Hawa,Sangaré,,2002-07-20,24,France,France,18,172,64,Paris FC,116035,Arkema PL,,ST,ST,,Attack,Right,70,,79,76,81,70,71,69,69,64,67,68,60,57,60,55,66,51,60,69,61,51,63,75,58,32,22,66,31,29,25,61,77,60,69,40,3,2,6,8,6,7,8,,,,,,,Women's Football,1,ea-drop-api,264906,https://www.ea.com/games/ea-sports-fc/ratings?playerId=264906,ea-drop-api,ea-drop-api,,fc27,2026-08-28T08:51:40.553Z
265969,Élise Bonet,Élise,Bonet,,1998-01-16,28,France,France,18,168,58,Strasbourg,131724,Arkema PL,,CB,CB,,Defense,Right,70,,70,68,71,37,35,41,32,36,41,53,58,47,59,42,73,52,34,65,67,70,70,74,53,71,70,68,73,70,69,70,73,73,70,66,4,2,5,8,5,9,7,,,,,,,Women's Football,1,ea-drop-api,265969,https://www.ea.com/games/ea-sports-fc/ratings?playerId=265969,ea-drop-api,ea-drop-api,,fc27,2026-08-28T08:51:40.553Z
276468,Annelie Leitner,Annelie,Leitner,,1996-06-15,30,Austria,Austria,4,170,60,DUX Logroño,132629,Liga F Moeve,,RB,"RB, RM",RM,Defense,Left,70,,64,61,67,45,40,61,43,32,42,41,60,54,67,40,67,54,42,64,69,66,66,70,71,69,67,62,68,74,70,69,72,72,73,53,3,2,5,9,7,8,13,,,,,,,Women's Football,1,ea-drop-api,276468,https://www.ea.com/games/ea-sports-fc/ratings?playerId=276468,ea-drop-api,ea-drop-api,,fc27,2026-08-28T08:51:40.553Z
272254,Laia Ballesté,Laia,Ballesté Sciora,Laia Ballesté,1999-02-22,27,Switzerland,Switzerland,47,173,58,RCD Espanyol,131733,Liga F Moeve,,CB,"CB, CDM, CM","CDM, CM",Defense,Right,70,,65,71,60,45,45,55,35,32,70,24,57,41,45,60,70,65,55,63,67,69,74,69,68,71,78,50,74,70,68,69,71,56,75,70,2,2,14,12,13,12,7,,,,,Intercept,,Women's Football,1,ea-drop-api,272254,https://www.ea.com/games/ea-sports-fc/ratings?playerId=272254,ea-drop-api,ea-drop-api,,fc27,2026-08-28T08:51:40.553Z
267353,Mandy Freeman,Mandy,Freeman,,1995-03-23,31,USA,United States,95,173,70,Gotham FC,116310,NWSL,,RB,"RB, CB, RM","CB, RM",Defense,Right,70,,43,45,41,55,55,60,61,36,41,46,62,54,68,38,68,61,46,59,34,73,71,68,61,75,75,67,78,77,72,75,74,63,86,63,2,2,7,11,11,10,7,,,,,,,Women's Football,1,ea-drop-api,267353,https://www.ea.com/games/ea-sports-fc/ratings?playerId=267353,ea-drop-api,ea-drop-api,,fc27,2026-08-28T08:51:40.553Z
273687,Anouk Denton,Anouk,Denton,,2003-05-09,23,England,England,14,163,55,West Ham,116014,Barclays WSL,,RB,"RB, RM",RM,Defense,Right,70,,71,72,71,47,40,59,60,26,38,39,59,35,64,58,70,60,59,60,61,71,67,65,54,68,68,58,67,73,69,63,69,62,63,61,4,2,7,13,12,14,7,,,,,Long Throw,,Women's Football,1,ea-drop-api,273687,https://www.ea.com/games/ea-sports-fc/ratings?playerId=273687,ea-drop-api,ea-drop-api,,fc27,2026-08-28T08:51:40.553Z
72285,Henar Muiña,Henar,Muiña Asla,Henar Muiña,1999-10-20,26,Spain,Spain,45,167,62,RC Deportivo,131720,Liga F Moeve,,CDM,"CDM, CM",CM,Midfielder,Right,70,,52,48,55,51,51,54,50,41,45,52,62,62,51,41,72,65,42,64,48,71,62,74,66,68,74,51,71,69,64,70,60,72,71,65,2,2,11,14,11,9,11,,,,,,,Women's Football,1,ea-drop-api,72285,https://www.ea.com/games/ea-sports-fc/ratings?playerId=72285,ea-drop-api,ea-drop-api,,fc27,2026-08-28T08:51:40.553Z
72464,Dona Scannapieco,Dona,Scannapieco,,2004-06-06,22,France,France,18,164,63,Marseille,132370,Arkema PL,,ST,"ST, CAM",CAM,Attack,Right,70,,64,60,68,68,70,67,69,55,57,75,59,56,39,50,75,60,40,70,63,69,73,73,50,44,40,68,40,45,40,62,65,77,55,58,3,3,6,8,9,9,14,,,,,,,Women's Football,1,ea-drop-api,72464,https://www.ea.com/games/ea-sports-fc/ratings?playerId=72464,ea-drop-api,ea-drop-api,,fc27,2026-08-28T08:51:40.553Z
261796,Jarne Teulings,Jarne,Teulings,,2002-01-11,24,Belgium,Belgium,7,168,62,Frankfurt,115997,GPFBL,,CAM,"CAM, CM",CM,Midfielder,Right,70,,64,67,62,65,65,62,70,59,64,64,70,73,62,65,74,71,64,70,77,82,66,70,61,47,52,42,47,49,39,51,47,60,45,57,3,3,13,10,6,11,5,,,,,,,Women's Football,1,ea-drop-api,261796,https://www.ea.com/games/ea-sports-fc/ratings?playerId=261796,ea-drop-api,ea-drop-api,,fc27,2026-08-28T08:51:40.553Z
264911,Chiara Bücher,Chiara,Bücher,,2003-12-10,22,Germany,Germany,21,169,57,FC Zürich,131361,Schweizer Damen Liga,,ST,"ST, RM, RB","RM, RB",Attack,Right,70,,71,72,70,68,71,69,64,73,50,75,66,62,70,64,74,55,54,67,64,67,71,68,55,45,39,68,45,44,40,50,68,49,54,37,2,3,14,6,7,6,7,,,,,,,Women's Football,1,ea-drop-api,264911,https://www.ea.com/games/ea-sports-fc/ratings?playerId=264911,ea-drop-api,ea-drop-api,,fc27,2026-08-28T08:51:40.553Z
267294,Mikayla Cluff,Mikayla,Cluff,,1999-02-25,27,USA,United States,95,173,63,Seattle Reign,116300,NWSL,,CDM,"CDM, CAM, CM","CAM, CM",Midfielder,Right,70,,48,39,56,58,53,65,61,58,58,56,63,67,40,55,74,68,48,67,63,49,70,73,65,71,69,58,73,75,68,60,57,56,64,58,3,3,5,13,12,6,12,,,,,"Anticipate, Aerial Fortress",,Women's Football,1,ea-drop-api,267294,https://www.ea.com/games/ea-sports-fc/ratings?playerId=267294,ea-drop-api,ea-drop-api,,fc27,2026-08-28T08:51:40.553Z
71978,Naolia Traoré,Naolia,Traoré,,2006-01-22,20,France,France,18,168,56,Paris SG,116034,Arkema PL,,RW,"RW, RM",RM,Attack,Right,70,,72,74,71,68,68,69,75,58,55,66,65,65,66,50,72,61,46,70,70,55,62,73,56,34,26,56,18,46,37,56,66,64,57,43,3,3,13,8,7,12,13,,,,,,,Women's Football,1,ea-drop-api,71978,https://www.ea.com/games/ea-sports-fc/ratings?playerId=71978,ea-drop-api,ea-drop-api,,fc27,2026-08-28T08:51:40.553Z
73573,Gwen Mummert,Gwen,Mummert,,1999-05-01,27,Germany,Germany,21,173,60,,,GPFBL,,CB,CB,,Defense,Right,70,,65,64,65,53,55,53,56,29,55,45,44,27,27,40,66,47,30,62,61,62,70,67,65,71,70,70,73,72,66,70,75,67,72,66,2,2,9,7,6,8,9,,,,,,,Women's Football,1,ea-drop-api,73573,https://www.ea.com/games/ea-sports-fc/ratings?playerId=73573,ea-drop-api,ea-drop-api,,fc27,2026-08-28T08:51:40.553Z
74027,Kimberley Smit,Kimberley,Smit,,1999-09-03,26,Netherlands,Holland,34,178,67,Glasgow City FC,131363,Scottish Women's League,,CB,CB,,Defense,Right,70,,63,61,64,45,44,54,41,39,51,40,59,55,53,45,68,61,41,61,63,57,68,65,68,71,72,72,72,71,68,66,74,65,67,64,3,2,9,13,5,15,7,,,,,,,Women's Football,1,ea-drop-api,74027,https://www.ea.com/games/ea-sports-fc/ratings?playerId=74027,ea-drop-api,ea-drop-api,,fc27,2026-08-28T08:51:40.553Z
265224,Hannah Cain,Hannah,Cain,,1999-02-11,27,Wales,Wales,50,164,57,,,Barclays WSL,,RM,"RM, RW",RW,Midfielder,Right,70,,71,72,70,65,68,59,66,60,55,69,65,70,68,63,64,61,62,71,64,59,68,72,58,36,35,51,33,38,30,57,63,56,58,53,3,3,9,14,14,8,5,,,,,,,Women's Football,1,ea-drop-api,265224,https://www.ea.com/games/ea-sports-fc/ratings?playerId=265224,ea-drop-api,ea-drop-api,,fc27,2026-08-28T08:51:40.553Z
72442,Nelly Rodrigues,Nelly,da Cruz Rodrigues,Nelly Rodrigues,2003-05-27,23,Portugal,Portugal,38,161,55,FC Nantes,116417,Arkema PL,,CB,"CB, RB, RM","RB, RM",Defense,Right,70,,57,67,49,47,57,39,40,30,35,51,57,41,69,26,70,45,44,63,65,78,70,72,50,73,74,69,75,72,68,67,72,68,68,60,3,3,12,9,8,7,7,,,,,,,Women's Football,1,ea-drop-api,72442,https://www.ea.com/games/ea-sports-fc/ratings?playerId=72442,ea-drop-api,ea-drop-api,,fc27,2026-08-28T08:51:40.553Z
267370,Lily Nabet,Lily,Nabet,,1999-09-24,26,USA,United States,95,157,56,Angel City FC,116311,NWSL,,CDM,"CDM, CM",CM,Midfielder,Right,70,,50,49,51,52,53,59,49,44,41,52,64,69,45,48,74,71,52,65,64,72,63,68,63,69,69,49,70,74,66,64,55,67,63,65,3,2,14,15,11,14,5,,,,,,,Women's Football,1,ea-drop-api,267370,https://www.ea.com/games/ea-sports-fc/ratings?playerId=267370,ea-drop-api,ea-drop-api,,fc27,2026-08-28T08:51:40.553Z
276812,Chancelle Effa Effa,Chancelle,Effa Effa,,2006-09-14,19,France,France,18,172,63,Havre AC,116416,Arkema PL,,ST,ST,,Attack,Right,70,,80,76,83,66,71,62,64,60,55,70,54,52,40,41,69,45,53,72,73,61,64,75,66,31,23,65,33,27,20,61,80,49,75,37,3,3,13,12,10,13,7,,,,,Low Driven Shot,,Women's Football,1,ea-drop-api,276812,https://www.ea.com/games/ea-sports-fc/ratings?playerId=276812,ea-drop-api,ea-drop-api,,fc27,2026-08-28T08:51:40.553Z
271868,Meret Günster,Meret,Günster,,2003-01-19,23,Germany,Germany,21,170,62,1. FC Nürnberg,131386,GPFBL,,CM,"CM, CDM",CDM,Midfielder,Right,70,,44,38,49,65,67,61,68,49,56,72,64,70,49,44,72,70,55,66,35,55,73,70,62,61,68,45,57,68,54,63,47,68,57,74,3,3,10,13,14,7,8,,,,,Intercept,,Women's Football,1,ea-drop-api,271868,https://www.ea.com/games/ea-sports-fc/ratings?playerId=271868,ea-drop-api,ea-drop-api,,fc27,2026-08-28T08:51:40.553Z
272210,Ane Etxezarreta,Ane,Etxezarreta Ayerbe,Ane Etxezarreta,1995-08-24,31,Spain,Spain,45,166,64,SD Eibar,116331,Liga F Moeve,,CB,CB,,Defense,Right,70,,57,56,57,42,30,59,52,44,41,41,62,47,57,35,73,75,51,60,68,75,73,65,67,71,72,67,71,72,70,71,74,66,77,60,3,2,7,6,10,5,9,,,,,,,Women's Football,1,ea-drop-api,272210,https://www.ea.com/games/ea-sports-fc/ratings?playerId=272210,ea-drop-api,ea-drop-api,,fc27,2026-08-28T08:51:40.553Z
273379,Kyra Carusa,Kyra,Carusa,,1995-11-14,30,Ireland,Republic of Ireland,25,175,61,San Diego Wave,116312,NWSL,,ST,"ST, RM, LM, RW","RM, LM, RW",Attack,Right,70,,59,63,55,69,73,69,64,63,58,77,56,52,53,43,69,48,39,66,50,52,74,73,61,47,48,68,27,59,52,63,74,51,72,51,3,2,14,14,5,13,11,,,,,,,Women's Football,1,ea-drop-api,273379,https://www.ea.com/games/ea-sports-fc/ratings?playerId=273379,ea-drop-api,ea-drop-api,,fc27,2026-08-28T08:51:40.553Z
268486,Jenna Clark,Jenna,Clark,,2001-09-29,24,Scotland,Scotland,42,178,66,Liverpool,116343,Barclays WSL,,CB,CB,,Defense,Right,70,,70,68,71,35,35,48,25,26,37,35,52,37,37,29,70,59,38,64,53,73,66,71,61,72,70,75,72,73,70,66,75,72,60,70,5,2,5,11,15,10,6,,,,,Aerial Fortress,,Women's Football,1,ea-drop-api,268486,https://www.ea.com/games/ea-sports-fc/ratings?playerId=268486,ea-drop-api,ea-drop-api,,fc27,2026-08-28T08:51:40.553Z
277573,Isa Álvarez,Isabel,Álvarez Tenorio,Isa Álvarez,1999-06-12,27,Spain,Spain,45,175,69,Sevilla FC,116337,Liga F Moeve,,CB,CB,,Defense,Left,70,,54,52,55,44,33,67,50,32,47,34,69,54,62,74,78,74,72,55,52,68,70,72,61,70,71,72,72,66,68,67,76,49,77,62,2,2,7,10,7,14,7,,,,,"Long Ball Pass, Long Throw",,Women's Football,1,ea-drop-api,277573,https://www.ea.com/games/ea-sports-fc/ratings?playerId=277573,ea-drop-api,ea-drop-api,,fc27,2026-08-28T08:51:40.553Z
78842,Lara Meroni,Lara,Meroni,,2003-06-02,23,Switzerland,Switzerland,47,169,56,1. FC Nürnberg,131386,GPFBL,,LW,"LW, ST, LM","ST, LM",Attack,Right,70,,82,81,83,65,64,68,63,65,62,65,67,68,70,61,67,66,67,72,80,71,62,74,63,28,26,54,23,26,23,44,56,55,34,54,3,4,5,7,13,5,8,,,,,,,Women's Football,1,ea-drop-api,78842,https://www.ea.com/games/ea-sports-fc/ratings?playerId=78842,ea-drop-api,ea-drop-api,,fc27,2026-08-28T08:51:40.553Z
277145,Alice Marques,Alice,Marques,,2005-05-04,21,France,France,18,170,62,Sevilla FC,116337,Liga F Moeve,,CB,CB,,Defense,Right,70,,64,61,67,43,42,58,35,39,36,39,57,43,46,33,70,66,59,61,59,60,67,64,58,73,74,65,74,75,70,59,67,51,60,65,3,2,9,12,6,14,5,,,,,,,Women's Football,1,ea-drop-api,277145,https://www.ea.com/games/ea-sports-fc/ratings?playerId=277145,ea-drop-api,ea-drop-api,,fc27,2026-08-28T08:51:40.553Z
269818,Juliette Mossard,Juliette,Mossard,,2005-07-09,21,France,France,18,161,58,FC Nantes,116417,Arkema PL,,CAM,"CAM, ST, CM","ST, CM",Midfielder,Right,70,,64,68,61,60,69,40,65,38,45,69,59,68,38,40,71,64,35,71,76,46,70,73,58,43,45,50,36,46,45,54,54,73,47,49,3,3,9,14,15,10,9,,,,,,,Women's Football,1,ea-drop-api,269818,https://www.ea.com/games/ea-sports-fc/ratings?playerId=269818,ea-drop-api,ea-drop-api,,fc27,2026-08-28T08:51:40.553Z
271259,Inès Konan,Inès,Konan,,2002-01-08,24,Ivory Coast,Côte d'Ivoire,108,165,51,Strasbourg,131724,Arkema PL,,RM,"RM, RW",RW,Midfielder,Right,70,,73,76,71,66,68,62,68,60,59,72,65,68,60,52,70,57,67,76,75,80,69,77,65,33,28,50,30,35,30,36,52,36,34,38,3,3,11,9,6,9,14,,,,,Technical,,Women's Football,1,ea-drop-api,271259,https://www.ea.com/games/ea-sports-fc/ratings?playerId=271259,ea-drop-api,ea-drop-api,,fc27,2026-08-28T08:51:40.553Z
276797,Élisabeth Tsé,Élisabeth,Tsé,,2002-12-07,23,Canada,Canada,70,173,69,Havre AC,116416,Arkema PL,,CB,"CB, RB, RM","RB, RM",Defense,Right,70,,58,63,53,39,38,53,33,27,41,32,51,36,43,29,68,52,51,58,53,47,70,67,52,69,68,72,69,70,66,74,83,59,82,69,3,2,13,9,11,12,14,,,,,"Intercept, Slide Tackle",,Women's Football,1,ea-drop-api,276797,https://www.ea.com/games/ea-sports-fc/ratings?playerId=276797,ea-drop-api,ea-drop-api,,fc27,2026-08-28T08:51:40.553Z
79534,Sofie Hornemann,Sofie,Hornemann,,2002-04-01,24,Denmark,Denmark,13,179,66,,,Arkema PL,,ST,ST,,Attack,Right,70,,76,78,75,70,77,60,69,66,52,72,53,42,33,45,69,61,41,68,52,68,53,71,50,23,19,74,17,18,16,58,77,62,55,55,2,3,10,8,6,12,12,,,,,,,Women's Football,1,ea-drop-api,79534,https://www.ea.com/games/ea-sports-fc/ratings?playerId=79534,ea-drop-api,ea-drop-api,,fc27,2026-08-28T08:51:40.553Z
275981,Clarissa Larisey,Clarissa,Larisey,,1999-07-02,27,Canada,Canada,70,165,57,Houston Dash,116306,NWSL,,ST,"ST, CAM",CAM,Attack,Right,70,,77,78,76,70,77,64,65,60,65,68,52,62,21,57,65,54,33,70,72,78,64,73,60,20,14,67,17,14,12,59,77,68,65,27,3,3,14,13,8,11,6,,,,,Finesse Shot,,Women's Football,1,ea-drop-api,275981,https://www.ea.com/games/ea-sports-fc/ratings?playerId=275981,ea-drop-api,ea-drop-api,,fc27,2026-08-28T08:51:40.553Z
266969,Alice Corelli,Alice,Corelli,,2003-11-28,22,Italy,Italy,27,174,58,Roma,116282,Calcio A Femminile,,ST,"ST, RW, RM","RW, RM",Attack,Right,70,,65,66,65,68,69,68,69,69,50,68,55,44,40,45,74,50,46,72,63,69,76,76,51,22,18,68,17,18,11,65,74,50,71,67,3,2,13,6,8,6,9,,,,,,,Women's Football,1,ea-drop-api,266969,https://www.ea.com/games/ea-sports-fc/ratings?playerId=266969,ea-drop-api,ea-drop-api,,fc27,2026-08-28T08:51:40.553Z
267297,Caitlin Cosme,Caitlin,Cosme,,1999-01-19,27,USA,United States,95,165,57,FC Nantes,116417,Arkema PL,,CB,CB,,Defense,Right,70,,45,46,44,42,39,52,41,33,41,42,57,43,54,33,68,59,57,61,58,73,66,66,63,72,67,69,71,77,71,68,71,53,77,64,3,2,10,11,15,14,13,,,,,,,Women's Football,1,ea-drop-api,267297,https://www.ea.com/games/ea-sports-fc/ratings?playerId=267297,ea-drop-api,ea-drop-api,,fc27,2026-08-28T08:51:40.553Z
273196,Tabita Joseph,Tabita,Joseph,,2003-09-13,22,Haiti,Haiti,80,170,49,Marseille,132370,Arkema PL,,CB,CB,,Defense,Right,70,,61,45,74,31,29,40,26,26,36,29,55,45,45,28,73,55,37,61,63,70,66,66,58,72,70,69,72,76,71,65,64,62,66,68,3,2,13,10,8,11,10,,,,,,,Women's Football,1,ea-drop-api,273196,https://www.ea.com/games/ea-sports-fc/ratings?playerId=273196,ea-drop-api,ea-drop-api,,fc27,2026-08-28T08:51:40.553Z
273365,Bruna Lourenço,Bruna Lourenço,Urbano Costa,Bruna Lourenço,1999-04-10,27,Portugal,Portugal,38,169,69,Strasbourg,131724,Arkema PL,,CB,CB,,Defense,Right,70,,62,58,66,32,29,42,26,24,40,38,47,41,35,30,61,49,38,59,47,52,65,65,58,69,65,75,69,70,67,73,80,59,80,72,3,2,9,14,8,13,15,,,,,,,Women's Football,1,ea-drop-api,273365,https://www.ea.com/games/ea-sports-fc/ratings?playerId=273365,ea-drop-api,ea-drop-api,,fc27,2026-08-28T08:51:40.553Z
277041,Jella Veit,Jella,Veit,,2005-05-03,21,Germany,Germany,21,172,60,Frankfurt,115997,GPFBL,,CB,CB,,Defense,Right,70,,65,65,65,39,43,45,23,23,55,34,48,35,25,36,69,49,48,51,67,61,67,70,58,71,68,72,73,72,69,66,75,63,66,68,2,2,7,14,9,11,6,,,,,,,Women's Football,1,ea-drop-api,277041,https://www.ea.com/games/ea-sports-fc/ratings?playerId=277041,ea-drop-api,ea-drop-api,,fc27,2026-08-28T08:51:40.553Z
276238,Jo-Anne Cronquist,Jo-Anne,Cronquist,,2004-10-06,21,Sweden,Sweden,46,172,63,FC Rosengård,131362,Sverige Liga,,CB,CB,,Defense,Right,70,,60,59,60,32,26,44,35,25,45,27,52,37,30,48,73,62,31,58,60,59,74,70,54,71,73,69,71,72,70,66,70,66,68,59,3,2,5,7,10,6,6,,,,,,,Women's Football,1,ea-drop-api,276238,https://www.ea.com/games/ea-sports-fc/ratings?playerId=276238,ea-drop-api,ea-drop-api,,fc27,2026-08-28T08:51:40.553Z
79532,Mariam Toloba,Mariam,Toloba,,1999-09-20,26,Belgium,Belgium,7,163,56,FC Nantes,116417,Arkema PL,,ST,ST,,Attack,Right,70,,71,72,70,66,69,65,64,77,46,66,48,40,35,39,63,49,35,75,64,75,69,78,50,20,20,68,13,13,10,58,75,55,69,28,2,3,12,10,6,9,13,,,,,,,Women's Football,1,ea-drop-api,79532,https://www.ea.com/games/ea-sports-fc/ratings?playerId=79532,ea-drop-api,ea-drop-api,,fc27,2026-08-28T08:51:40.553Z
272700,Elli Pikkujämsä,Elli,Pikkujämsä,,1999-10-24,26,Finland,Finland,17,172,68,FC Rosengård,131362,Sverige Liga,,CB,"CB, CDM, CM","CDM, CM",Defense,Right,70,,31,31,31,43,37,57,45,31,40,40,57,58,36,39,71,63,34,60,37,52,63,70,61,72,67,72,76,73,67,64,70,32,77,70,3,2,13,12,11,11,6,,,,,,,Women's Football,1,ea-drop-api,272700,https://www.ea.com/games/ea-sports-fc/ratings?playerId=272700,ea-drop-api,ea-drop-api,,fc27,2026-08-28T08:51:40.553Z
275980,Simi Awujo,Simi,Awujo,,2003-09-23,22,Canada,Canada,70,175,61,Manchester Utd,116012,Barclays WSL,,CM,CM,,Midfielder,Right,69,,76,79,74,66,68,65,62,66,60,69,59,63,31,47,74,66,34,71,77,65,63,72,67,69,67,66,69,73,63,70,81,68,75,58,4,3,14,5,8,13,10,,,,,"Finesse Shot, Rapid",,Women's Football,1,ea-drop-api,275980,https://www.ea.com/games/ea-sports-fc/ratings?playerId=275980,ea-drop-api,ea-drop-api,,fc27,2026-08-28T08:51:40.553Z
273202,Sherly Jeudy,Sherly,Jeudy,,1998-10-13,27,Haiti,Haiti,80,165,55,RC Lens,132588,Arkema PL,,RM,"RM, RB, RW","RB, RW",Midfielder,Right,69,,75,71,78,67,69,67,70,51,69,60,65,59,57,75,71,66,72,73,70,80,64,75,60,63,62,55,59,69,67,65,70,65,69,54,3,3,12,11,10,7,13,,,,,,,Women's Football,1,ea-drop-api,273202,https://www.ea.com/games/ea-sports-fc/ratings?playerId=273202,ea-drop-api,ea-drop-api,,fc27,2026-08-28T08:51:40.553Z
70675,Kiki Van Zanten,Kiki,Van Zanten,,2001-08-25,25,Jamaica,Jamaica,82,168,61,Houston Dash,116306,NWSL,,CM,CM,,Midfielder,Right,69,,75,73,76,69,70,68,70,55,70,69,68,70,61,66,72,66,61,71,74,66,67,72,69,65,66,60,67,65,58,58,68,64,56,53,3,2,14,14,7,14,14,,,,,,,Women's Football,1,ea-drop-api,70675,https://www.ea.com/games/ea-sports-fc/ratings?playerId=70675,ea-drop-api,ea-drop-api,,fc27,2026-08-28T08:51:40.553Z
275922,Miyabi Moriya,Miyabi,Moriya,,1996-08-22,30,Japan,Japan,163,164,54,Angel City FC,116311,NWSL,,RB,"RB, LB, RM","LB, RM",Defense,Right,69,,77,75,79,59,53,70,65,43,63,65,69,62,68,67,75,65,74,72,79,80,62,75,59,64,61,56,65,68,60,64,69,74,62,54,4,3,8,10,11,9,15,,,,,Aerial Fortress,,Women's Football,1,ea-drop-api,275922,https://www.ea.com/games/ea-sports-fc/ratings?playerId=275922,ea-drop-api,ea-drop-api,,fc27,2026-08-28T08:51:40.553Z
273001,Eva Schatzer,Eva,Schatzer,,2005-01-16,21,Italy,Italy,27,167,60,Juventus,116280,Calcio A Femminile,,CM,CM,,Midfielder,Left,69,,67,68,67,67,66,76,70,60,46,65,72,62,75,72,76,73,65,69,68,71,66,73,54,65,68,58,59,72,64,63,67,62,64,61,3,3,6,10,6,10,11,,,,,Anticipate,,Women's Football,1,ea-drop-api,273001,https://www.ea.com/games/ea-sports-fc/ratings?playerId=273001,ea-drop-api,ea-drop-api,,fc27,2026-08-28T08:51:40.553Z
273270,Nicole Payne,Nicole,Payne,,2001-01-18,25,Nigeria,Nigeria,133,163,62,Portland Thorns,116302,NWSL,,RB,"RB, RM",RM,Defense,Right,69,,80,81,80,60,58,66,64,38,54,60,60,56,59,46,65,59,57,69,75,75,66,70,63,66,65,58,66,69,66,66,76,69,68,54,2,3,11,12,5,7,13,,,,,Quick Step,,Women's Football,1,ea-drop-api,273270,https://www.ea.com/games/ea-sports-fc/ratings?playerId=273270,ea-drop-api,ea-drop-api,,fc27,2026-08-28T08:51:40.553Z
268060,Magnaba Folquet,Magnaba,Folquet,,2003-11-03,22,France,France,18,169,62,Havre AC,116416,Arkema PL,,CM,CM,,Midfielder,Right,69,,71,66,75,59,61,57,60,50,51,67,65,64,47,49,75,72,56,69,69,76,68,70,64,64,70,48,60,72,59,70,65,71,74,58,3,3,13,13,12,15,13,,,,,,,Women's Football,1,ea-drop-api,268060,https://www.ea.com/games/ea-sports-fc/ratings?playerId=268060,ea-drop-api,ea-drop-api,,fc27,2026-08-28T08:51:40.553Z
277171,Maeline Mendy,Maeline,Mendy,,2006-12-26,19,France,France,18,167,60,OL Lyonnes,116033,Arkema PL,,CM,CM,,Midfielder,Right,69,,80,73,85,63,61,74,63,48,58,66,66,70,45,49,76,74,57,71,72,63,59,74,65,49,53,53,41,57,41,69,74,62,79,51,3,3,7,8,13,13,14,,,,,,,Women's Football,1,ea-drop-api,277171,https://www.ea.com/games/ea-sports-fc/ratings?playerId=277171,ea-drop-api,ea-drop-api,,fc27,2026-08-28T08:51:40.553Z
78689,Pauline Machtens,Pauline,Machtens,,2002-06-28,24,Germany,Germany,21,167,58,Hamburger SV,132533,GPFBL,,CM,"CM, CDM",CDM,Midfielder,Right,69,,66,63,69,65,66,67,65,56,65,63,67,67,58,62,73,70,63,67,62,71,63,72,63,67,68,56,67,69,65,64,65,68,64,57,3,3,14,6,14,15,12,,,,,,,Women's Football,1,ea-drop-api,78689,https://www.ea.com/games/ea-sports-fc/ratings?playerId=78689,ea-drop-api,ea-drop-api,,fc27,2026-08-28T08:51:40.553Z
279908,Makenna Morris,Makenna,Morris,,2002-04-26,24,USA,United States,95,165,58,Rac. Louisville,116308,NWSL,,RB,"RB, RM",RM,Defense,Right,69,,65,65,65,70,74,71,68,53,52,66,69,65,72,68,69,69,72,71,66,73,68,74,58,65,67,64,64,66,62,56,63,66,52,50,4,3,6,13,8,6,5,,,,,,,Women's Football,1,ea-drop-api,279908,https://www.ea.com/games/ea-sports-fc/ratings?playerId=279908,ea-drop-api,ea-drop-api,,fc27,2026-08-28T08:51:40.553Z
71489,Kaitlyn Torpey,Kaitlyn,Torpey,,2000-03-17,26,Australia,Australia,195,168,60,Portland Thorns,116302,NWSL,,RB,RB,,Defense,Right,69,,65,69,61,60,60,66,62,45,52,59,66,64,66,38,70,69,60,67,73,68,67,70,60,68,66,67,70,69,67,69,75,65,71,67,3,2,7,14,10,9,9,,,,,,,Women's Football,1,ea-drop-api,71489,https://www.ea.com/games/ea-sports-fc/ratings?playerId=71489,ea-drop-api,ea-drop-api,,fc27,2026-08-28T08:51:40.553Z
71583,Kennedy Fuller,Kennedy,Fuller,,2007-03-09,19,USA,United States,95,165,60,Angel City FC,116311,NWSL,,CAM,"CAM, CM",CM,Midfielder,Left,69,,63,61,64,63,61,68,63,57,57,67,69,68,66,60,76,64,56,69,64,69,67,75,57,64,63,59,64,66,62,67,69,65,72,57,4,3,12,10,13,14,6,,,,,,,Women's Football,1,ea-drop-api,71583,https://www.ea.com/games/ea-sports-fc/ratings?playerId=71583,ea-drop-api,ea-drop-api,,fc27,2026-08-28T08:51:40.553Z
78687,Emilia Hirche,Emilia,Hirche,,2003-07-12,23,Germany,Germany,21,172,62,Hamburger SV,132533,GPFBL,,CB,"CB, CDM",CDM,Defense,Right,69,,65,62,68,60,61,59,63,48,60,62,66,66,53,65,74,71,56,69,74,71,67,74,64,71,73,64,70,74,68,62,65,69,58,63,3,2,11,6,6,14,15,,,,,,,Women's Football,1,ea-drop-api,78687,https://www.ea.com/games/ea-sports-fc/ratings?playerId=78687,ea-drop-api,ea-drop-api,,fc27,2026-08-28T08:51:40.553Z
272236,Nayluisa Cáceres,Nayluisa,Cáceres,,1999-11-18,26,Venezuela,Venezuela,61,172,65,C. Adeje Tenerife,116332,Liga F Moeve,,GK,GK,,Defense,Right,69,,68,49,45,69,16,53,12,15,20,11,71,22,10,14,20,18,12,72,57,60,65,21,21,47,15,11,21,15,14,66,53,40,45,21,2,1,68,69,71,66,72,,,,,Cross Claimer,,Women's Football,1,ea-drop-api,272236,https://www.ea.com/games/ea-sports-fc/ratings?playerId=272236,ea-drop-api,ea-drop-api,,fc27,2026-08-28T08:51:40.553Z
275534,Nele Bauereisen,Nele,Bauereisen,,2004-04-05,22,Germany,Germany,21,182,67,Union Berlin,132589,GPFBL,,ST,"ST, LW",LW,Attack,Right,69,,71,72,71,70,72,69,68,58,65,72,66,65,64,56,70,63,65,66,61,33,72,71,62,58,68,63,43,67,55,62,72,59,64,56,3,3,15,10,14,7,8,,,,,,,Women's Football,1,ea-drop-api,275534,https://www.ea.com/games/ea-sports-fc/ratings?playerId=275534,ea-drop-api,ea-drop-api,,fc27,2026-08-28T08:51:40.553Z
273483,Jordan Silkowitz,Jordan,Silkowitz,,2000-03-27,26,USA,United States,95,183,67,Bay FC,131477,NWSL,,GK,GK,,Defense,Right,69,,72,43,53,67,8,54,5,6,18,6,72,43,13,12,24,29,13,68,28,40,65,14,26,47,7,13,7,13,14,66,48,29,41,11,2,1,72,67,72,66,68,,,,,,,Women's Football,1,ea-drop-api,273483,https://www.ea.com/games/ea-sports-fc/ratings?playerId=273483,ea-drop-api,ea-drop-api,,fc27,2026-08-28T08:51:40.553Z
79451,Noemi Ivelj,Noemi,Ivelj,,2006-11-01,19,Switzerland,Switzerland,47,171,64,Frankfurt,115997,GPFBL,,CDM,"CDM, CM",CM,Midfielder,Right,69,,64,65,64,61,62,63,61,57,59,58,66,65,60,56,72,68,60,67,73,75,57,71,56,69,71,55,69,72,69,64,65,68,64,57,3,3,12,10,9,14,7,,,,,,,Women's Football,1,ea-drop-api,79451,https://www.ea.com/games/ea-sports-fc/ratings?playerId=79451,ea-drop-api,ea-drop-api,,fc27,2026-08-28T08:51:40.553Z
79633,Selma Ličina,Selma,Ličina,,2001-05-08,25,Montenegro,Montenegro,15,171,63,1. FC Nürnberg,131386,GPFBL,,CM,CM,,Midfielder,Right,69,,64,67,62,63,64,63,61,56,63,66,67,72,58,61,72,66,62,71,72,74,58,74,63,63,63,56,58,69,64,63,63,77,58,58,3,3,13,9,9,12,10,,,,,,,Women's Football,1,ea-drop-api,79633,https://www.ea.com/games/ea-sports-fc/ratings?playerId=79633,ea-drop-api,ea-drop-api,,fc27,2026-08-28T08:51:40.553Z
274810,Mackenzie Wood,Mackenzie,Wood,,2000-07-04,26,USA,United States,95,178,63,Chicago Stars FC,116305,NWSL,,GK,GK,,Defense,Right,69,,67,49,52,70,15,50,13,18,15,11,66,44,12,11,28,27,15,71,39,47,61,19,28,50,12,15,15,15,11,67,50,26,39,32,2,1,67,70,66,67,71,,,,,,,Women's Football,1,ea-drop-api,274810,https://www.ea.com/games/ea-sports-fc/ratings?playerId=274810,ea-drop-api,ea-drop-api,,fc27,2026-08-28T08:51:40.553Z
279933,Anni Hartikainen,Anni,Hartikainen,,2003-08-19,23,Finland,Finland,17,167,56,FC Rosengård,131362,Sverige Liga,,LB,"LB, LM",LM,Defense,Right,69,,65,67,63,59,71,48,45,60,48,69,68,65,69,46,73,66,60,70,59,77,66,77,56,66,60,65,68,68,63,63,70,66,63,59,3,3,6,15,7,6,14,,,,,,,Women's Football,1,ea-drop-api,279933,https://www.ea.com/games/ea-sports-fc/ratings?playerId=279933,ea-drop-api,ea-drop-api,,fc27,2026-08-28T08:51:40.553Z
265168,Noemi Gentile,Noemi,Gentile,,2000-04-24,26,Germany,Germany,21,162,55,,,GPFBL,,CM,"CM, CAM",CAM,Midfielder,Right,69,,55,67,45,60,57,64,66,32,62,71,70,73,69,65,72,69,46,68,80,62,68,68,54,68,68,54,73,68,71,69,66,70,70,65,2,3,5,14,6,7,15,,,,,Technical,,Women's Football,1,ea-drop-api,265168,https://www.ea.com/games/ea-sports-fc/ratings?playerId=265168,ea-drop-api,ea-drop-api,,fc27,2026-08-28T08:51:40.553Z
276615,Sanja Kovačević,Sanja,Kovačević,,2003-11-04,22,Serbia,Serbia,51,167,60,FC Zürich,131361,Schweizer Damen Liga,,ST,ST,,Attack,Right,69,,70,70,70,67,70,67,66,56,50,71,63,65,55,45,70,68,35,69,68,70,66,71,51,54,50,66,42,66,50,67,73,70,70,54,3,2,10,14,14,5,8,,,,,,,Women's Football,1,ea-drop-api,276615,https://www.ea.com/games/ea-sports-fc/ratings?playerId=276615,ea-drop-api,ea-drop-api,,fc27,2026-08-28T08:51:40.553Z
267025,Marta Teresa Pandini,Marta Teresa,Pandini,,1998-03-21,28,Italy,Italy,27,172,63,Roma,116282,Calcio A Femminile,,LW,"LW, RM, CM, LM","RM, CM, LM",Attack,Right,69,,72,71,72,59,61,59,60,40,39,70,67,66,65,40,77,68,40,70,65,64,68,72,69,58,61,58,41,70,66,62,70,66,67,41,4,3,15,6,14,8,10,,,,,,,Women's Football,1,ea-drop-api,267025,https://www.ea.com/games/ea-sports-fc/ratings?playerId=267025,ea-drop-api,ea-drop-api,,fc27,2026-08-28T08:51:40.553Z
73230,Beatriz Cameirão,Beatriz Isabel,Morgado Cameirão,Beatriz Cameirão,2001-05-19,25,Portugal,Portugal,38,165,58,SL Benfica,131358,Liga Portugal Feminino,,CM,CM,,Midfielder,Right,69,,68,68,68,65,68,64,65,37,60,72,63,66,47,56,72,65,43,67,66,59,69,72,58,61,65,49,60,68,51,63,61,68,63,59,2,2,5,11,13,13,11,,,,,,,Women's Football,1,ea-drop-api,73230,https://www.ea.com/games/ea-sports-fc/ratings?playerId=73230,ea-drop-api,ea-drop-api,,fc27,2026-08-28T08:51:40.553Z
79730,Rieke Tietz,Rieke,Tietz,,2002-03-09,24,Germany,Germany,21,173,65,,,GPFBL,,LM,"LM, CAM, LW","CAM, LW",Midfielder,Right,69,,83,84,82,63,65,64,60,58,59,67,63,63,62,53,67,62,61,70,70,73,57,70,59,44,43,55,41,46,38,64,75,66,65,56,2,3,8,12,10,10,8,,,,,,,Women's Football,1,ea-drop-api,79730,https://www.ea.com/games/ea-sports-fc/ratings?playerId=79730,ea-drop-api,ea-drop-api,,fc27,2026-08-28T08:51:40.553Z
70502,Ally Lemos,Ally,Lemos,,2004-03-04,22,USA,United States,95,170,63,Orlando Pride,116307,NWSL,,CM,CM,,Midfielder,Right,69,,65,61,69,59,61,55,62,45,48,66,61,68,37,50,72,68,43,68,63,74,68,72,66,68,66,59,70,70,64,65,66,68,67,57,3,2,9,9,10,14,7,,,,,,,Women's Football,1,ea-drop-api,70502,https://www.ea.com/games/ea-sports-fc/ratings?playerId=70502,ea-drop-api,ea-drop-api,,fc27,2026-08-28T08:51:40.553Z
71559,Courtney Brown,Courtney,Brown,,2000-11-25,25,USA,United States,95,170,63,Washington Spirit,116304,NWSL,,LM,"LM, CAM, LW","CAM, LW",Midfielder,Right,69,,63,62,64,60,66,49,63,41,49,67,65,67,63,40,70,68,43,69,61,57,70,72,63,68,70,67,67,69,66,61,66,69,57,62,3,3,7,5,7,7,12,,,,,,,Women's Football,1,ea-drop-api,71559,https://www.ea.com/games/ea-sports-fc/ratings?playerId=71559,ea-drop-api,ea-drop-api,,fc27,2026-08-28T08:51:40.553Z
277633,Riley Jackson,Riley,Jackson,,2005-12-02,20,USA,United States,95,172,57,NC Courage,116303,NWSL,,CM,"CM, CDM",CDM,Midfielder,Right,69,,64,68,61,63,60,69,67,60,59,66,69,67,68,67,71,69,68,68,63,67,67,72,55,64,66,59,65,66,55,58,58,73,47,66,3,2,7,12,9,11,9,,,,,,,Women's Football,1,ea-drop-api,277633,https://www.ea.com/games/ea-sports-fc/ratings?playerId=277633,ea-drop-api,ea-drop-api,,fc27,2026-08-28T08:51:40.553Z
70305,Jameese Joseph,Jameese,Joseph,,2002-05-03,24,USA,United States,95,170,63,Chicago Stars FC,116305,NWSL,,RM,"RM, LW, RW","LW, RW",Midfielder,Right,69,,71,70,72,67,68,68,66,65,56,67,66,65,68,59,70,60,64,69,73,68,67,71,62,46,39,67,33,56,44,66,71,70,63,65,3,3,11,12,15,7,7,,,,,,,Women's Football,1,ea-drop-api,70305,https://www.ea.com/games/ea-sports-fc/ratings?playerId=70305,ea-drop-api,ea-drop-api,,fc27,2026-08-28T08:51:40.553Z
76377,Taylor Huff,Taylor,Huff,,2002-08-16,24,USA,United States,95,173,64,Bay FC,131477,NWSL,,CM,"CM, CAM",CAM,Midfielder,Right,69,,67,66,67,69,69,73,68,62,56,68,71,67,73,74,71,70,72,70,67,70,68,73,64,55,65,65,36,64,50,53,57,65,43,64,4,3,12,11,9,6,15,,,,,Dead Ball,,Women's Football,1,ea-drop-api,76377,https://www.ea.com/games/ea-sports-fc/ratings?playerId=76377,ea-drop-api,ea-drop-api,,fc27,2026-08-28T08:51:40.553Z
265691,Charlize Rule,Charlize,Rule,,2003-02-16,23,Australia,Australia,195,176,59,Brighton,116013,Barclays WSL,,RB,"RB, RM",RM,Defense,Right,69,,76,74,78,55,60,70,34,42,48,44,58,48,65,44,64,55,45,64,70,78,66,63,51,68,71,70,68,67,60,63,74,61,61,68,3,2,15,12,6,9,7,,,,,,,Women's Football,1,ea-drop-api,265691,https://www.ea.com/games/ea-sports-fc/ratings?playerId=265691,ea-drop-api,ea-drop-api,,fc27,2026-08-28T08:51:40.553Z
78682,Svea Stoldt,Svea,Stoldt,,2005-12-03,20,Germany,Germany,21,170,60,Hamburger SV,132533,GPFBL,,CDM,"CDM, CM",CM,Midfielder,Right,69,,61,59,63,64,65,65,64,49,64,61,66,67,51,62,73,70,58,63,76,67,62,67,64,68,71,53,68,72,67,61,58,72,57,58,3,2,11,12,6,11,6,,,,,,,Women's Football,1,ea-drop-api,78682,https://www.ea.com/games/ea-sports-fc/ratings?playerId=78682,ea-drop-api,ea-drop-api,,fc27,2026-08-28T08:51:40.553Z
79524,Chiara D'Angelo,Chiara,D'Angelo,,2004-07-31,22,Austria,Austria,4,170,60,SV Werder Bremen,116004,GPFBL,,RB,"RB, LB, RM","LB, RM",Defense,Right,69,,75,76,74,53,52,54,50,51,57,58,65,59,67,52,69,65,63,63,68,69,62,65,60,66,69,53,65,70,66,61,66,70,58,54,4,3,13,11,11,5,8,,,,,,,Women's Football,1,ea-drop-api,79524,https://www.ea.com/games/ea-sports-fc/ratings?playerId=79524,ea-drop-api,ea-drop-api,,fc27,2026-08-28T08:51:40.553Z
71516,Nádia Gomes,Nádia Filipa,Gomes Coelho,Nádia Gomes,1996-11-09,29,Portugal,Portugal,38,164,58,Chicago Stars FC,116305,NWSL,,LM,"LM, LW",LW,Midfielder,Left,69,,68,71,65,68,69,69,68,66,56,70,64,65,62,62,71,53,57,71,68,70,69,73,63,44,40,67,36,46,42,66,74,64,68,63,3,3,7,11,5,12,7,,,,,,,Women's Football,1,ea-drop-api,71516,https://www.ea.com/games/ea-sports-fc/ratings?playerId=71516,ea-drop-api,ea-drop-api,,fc27,2026-08-28T08:51:40.553Z
73022,Fiona Gaisser,Fiona,Gaisser,,2004-06-08,22,Germany,Germany,21,174,62,,,GPFBL,,CM,"CM, CDM",CDM,Midfielder,Right,69,,70,68,72,64,67,59,65,49,60,70,56,68,29,45,67,65,32,69,68,60,71,73,60,57,65,62,44,66,51,65,69,76,63,56,2,2,14,7,11,13,11,,,,,Aerial Fortress,,Women's Football,1,ea-drop-api,73022,https://www.ea.com/games/ea-sports-fc/ratings?playerId=73022,ea-drop-api,ea-drop-api,,fc27,2026-08-28T08:51:40.553Z
79232,Daniëlle de Jong,Daniëlle,de Jong,,2002-10-11,23,Netherlands,Holland,34,173,65,Juventus,116280,Calcio A Femminile,,GK,GK,,Defense,Right,69,,68,38,36,67,11,53,12,8,23,8,70,61,18,20,30,28,18,71,29,52,65,15,31,37,16,19,18,19,17,68,48,27,41,27,1,1,68,67,70,68,71,,,,,,,Women's Football,1,ea-drop-api,79232,https://www.ea.com/games/ea-sports-fc/ratings?playerId=79232,ea-drop-api,ea-drop-api,,fc27,2026-08-28T08:51:40.553Z
268949,Esther Laborde,Esther,Laborde Cabanillas,Esther Laborde,2004-04-20,22,Spain,Spain,45,160,52,Madrid CFF,116334,Liga F Moeve,,CDM,"CDM, CM, RM","CM, RM",Midfielder,Right,69,,74,74,74,48,41,60,55,31,55,43,69,67,67,60,73,69,61,60,68,56,68,66,58,67,62,69,68,70,67,63,71,65,57,74,2,3,14,14,5,15,12,,,,,,,Women's Football,1,ea-drop-api,268949,https://www.ea.com/games/ea-sports-fc/ratings?playerId=268949,ea-drop-api,ea-drop-api,,fc27,2026-08-28T08:51:40.553Z
269812,Roseline Éloissaint,Roseline,Éloissaint,,1999-02-20,27,Haiti,Haiti,80,161,54,FC Nantes,116417,Arkema PL,,ST,ST,,Attack,Right,69,,72,74,70,68,69,68,68,61,66,67,67,66,68,59,73,58,62,74,72,80,66,77,70,41,34,64,36,44,36,59,71,66,59,46,3,3,8,13,11,9,10,,,,,Chip Shot,,Women's Football,1,ea-drop-api,269812,https://www.ea.com/games/ea-sports-fc/ratings?playerId=269812,ea-drop-api,ea-drop-api,,fc27,2026-08-28T08:51:40.553Z
272211,Olatz Santana,Olatz,Santana Arnaldo,Olatz Santana,1997-05-08,29,Spain,Spain,45,171,57,Athletic Club,116328,Liga F Moeve,,GK,GK,,Defense,Right,69,,68,38,48,68,10,49,8,9,12,10,65,32,11,14,15,22,10,69,59,46,68,14,32,42,16,15,11,17,20,69,46,19,37,18,2,1,68,68,65,69,69,,,,,,,Women's Football,1,ea-drop-api,272211,https://www.ea.com/games/ea-sports-fc/ratings?playerId=272211,ea-drop-api,ea-drop-api,,fc27,2026-08-28T08:51:40.553Z
265091,Laura Donhauser,Laura,Donhauser,,2001-09-04,24,Germany,Germany,21,160,56,1. FC Köln,116003,GPFBL,,RM,"RM, RB",RB,Midfielder,Right,69,,78,81,75,54,58,54,52,39,40,57,65,53,68,42,73,67,59,69,71,40,72,74,59,65,67,56,65,66,62,49,59,63,37,57,2,3,14,14,10,8,13,,,,,,,Women's Football,1,ea-drop-api,265091,https://www.ea.com/games/ea-sports-fc/ratings?playerId=265091,ea-drop-api,ea-drop-api,,fc27,2026-08-28T08:51:40.553Z
272255,Chelsea Louise Ashurst,Chelsea Louise,Ashurst,,1990-04-22,36,England,England,14,169,62,DUX Logroño,132629,Liga F Moeve,,GK,GK,,Defense,Right,69,,68,48,35,67,9,47,10,6,11,7,63,26,10,12,31,21,10,69,58,41,65,12,31,43,14,10,8,16,20,70,48,17,39,18,2,1,68,67,63,70,69,,,,,"Footwork, Cross Claimer",,Women's Football,1,ea-drop-api,272255,https://www.ea.com/games/ea-sports-fc/ratings?playerId=272255,ea-drop-api,ea-drop-api,,fc27,2026-08-28T08:51:40.553Z
78605,Naika Reissner,Naika,Reissner,,2004-11-03,21,Austria,Austria,4,169,58,Union Berlin,132589,GPFBL,,LW,"LW, LM",LM,Attack,Left,69,,81,82,80,65,65,66,64,63,62,66,68,67,70,59,69,68,64,69,70,74,62,72,65,40,39,55,36,41,37,56,68,58,54,57,3,3,12,15,10,13,7,,,,,,,Women's Football,1,ea-drop-api,78605,https://www.ea.com/games/ea-sports-fc/ratings?playerId=78605,ea-drop-api,ea-drop-api,,fc27,2026-08-28T08:51:40.553Z
79454,Valentina Mädl,Valentina,Mädl,,2005-12-18,20,Austria,Austria,4,175,65,Leverkusen,115996,GPFBL,,ST,"ST, RW, RM","RW, RM",Attack,Right,69,,82,83,82,66,68,66,64,65,62,68,65,61,68,57,67,65,63,69,69,66,62,71,59,31,31,68,28,25,22,65,80,62,69,53,3,3,15,10,13,11,15,,,,,,,Women's Football,1,ea-drop-api,79454,https://www.ea.com/games/ea-sports-fc/ratings?playerId=79454,ea-drop-api,ea-drop-api,,fc27,2026-08-28T08:51:40.553Z
268996,Carla Camacho,Carla,Camacho Carrillo,Carla Camacho,2005-05-02,21,Spain,Spain,45,172,65,Brighton,116013,Barclays WSL,,ST,ST,,Attack,Right,69,,77,77,77,67,68,67,63,61,68,71,60,65,45,58,69,48,67,70,74,59,69,71,67,34,34,63,23,34,35,70,79,71,71,65,3,3,7,10,9,7,10,,,,,,,Women's Football,1,ea-drop-api,268996,https://www.ea.com/games/ea-sports-fc/ratings?playerId=268996,ea-drop-api,ea-drop-api,,fc27,2026-08-28T08:51:40.553Z
277123,Carlota Suárez,Carlota,Suárez Crespo,Carlota Suárez,1997-07-19,29,Spain,Spain,45,174,66,C. Adeje Tenerife,116332,Liga F Moeve,,ST,ST,,Attack,Right,69,,70,72,68,68,70,70,67,68,54,61,66,62,71,66,67,62,71,68,63,74,72,70,72,43,37,71,44,42,31,63,82,58,72,41,3,2,8,13,9,12,12,,,,,,,Women's Football,1,ea-drop-api,277123,https://www.ea.com/games/ea-sports-fc/ratings?playerId=277123,ea-drop-api,ea-drop-api,,fc27,2026-08-28T08:51:40.553Z
72150,Eva Dios,Eva,Dios Nieto,Eva Dios,2002-03-04,24,Spain,Spain,45,165,52,RC Deportivo,131720,Liga F Moeve,,CM,"CM, CDM",CDM,Midfielder,Right,69,,71,72,71,53,51,51,57,41,51,71,65,71,52,41,75,66,42,67,65,61,66,72,72,61,71,51,45,72,61,60,65,65,61,52,2,2,15,12,9,14,11,,,,,,,Women's Football,1,ea-drop-api,72150,https://www.ea.com/games/ea-sports-fc/ratings?playerId=72150,ea-drop-api,ea-drop-api,,fc27,2026-08-28T08:51:40.553Z
76204,Thea Sørbo,Thea,Sørbo,,2003-03-28,23,Norway,Norway,36,174,68,FC Rosengård,131362,Sverige Liga,,CM,"CM, LB",LB,Midfielder,Right,69,,60,56,64,51,55,45,54,36,35,58,62,65,45,34,74,70,35,68,53,59,71,73,55,68,72,57,66,72,66,68,67,68,72,57,4,3,8,8,8,11,6,,,,,,,Women's Football,1,ea-drop-api,76204,https://www.ea.com/games/ea-sports-fc/ratings?playerId=76204,ea-drop-api,ea-drop-api,,fc27,2026-08-28T08:51:40.553Z
265144,Lisa Gora,Lisa,Gora,,2004-03-02,22,Germany,Germany,21,163,57,,,GPFBL,,LB,"LB, LM",LM,Defense,Right,69,,68,74,63,53,55,50,49,40,60,59,65,62,68,49,71,66,44,66,70,65,70,70,60,68,69,63,72,67,63,56,67,58,53,58,3,3,12,13,7,8,5,,,,,,,Women's Football,1,ea-drop-api,265144,https://www.ea.com/games/ea-sports-fc/ratings?playerId=265144,ea-drop-api,ea-drop-api,,fc27,2026-08-28T08:51:40.553Z
272269,Garazi Fácila,Garazi,Fácila Giralte,Garazi Fácila,1999-10-25,26,Spain,Spain,45,163,60,SD Eibar,116331,Liga F Moeve,,LB,"LB, CB, LM","CB, LM",Defense,Left,69,,65,65,65,41,31,56,40,35,50,69,69,75,68,40,74,65,48,68,64,58,60,70,71,69,65,68,72,70,66,63,68,65,59,70,2,2,8,9,10,7,10,,,,,,,Women's Football,1,ea-drop-api,272269,https://www.ea.com/games/ea-sports-fc/ratings?playerId=272269,ea-drop-api,ea-drop-api,,fc27,2026-08-28T08:51:40.553Z
274808,Olivia Sekany,Olivia,Sekany,,1998-12-29,27,USA,United States,95,183,70,Rac. Louisville,116308,NWSL,,GK,GK,,Defense,Right,69,,65,38,32,69,9,51,8,8,11,4,68,41,14,14,24,21,13,68,30,55,66,11,39,36,11,10,6,14,12,69,58,34,61,18,3,1,65,69,68,69,68,,,,,,,Women's Football,1,ea-drop-api,274808,https://www.ea.com/games/ea-sports-fc/ratings?playerId=274808,ea-drop-api,ea-drop-api,,fc27,2026-08-28T08:51:40.553Z
273488,Ally Schlegel,Ally,Schlegel,,2000-02-07,26,USA,United States,95,170,59,Chicago Stars FC,116305,NWSL,,ST,ST,,Attack,Right,69,,68,70,66,68,70,68,66,58,64,72,63,66,53,57,69,65,51,69,66,71,72,70,56,44,46,70,35,43,39,61,73,53,66,53,3,3,8,14,12,6,14,,,,,,,Women's Football,1,ea-drop-api,273488,https://www.ea.com/games/ea-sports-fc/ratings?playerId=273488,ea-drop-api,ea-drop-api,,fc27,2026-08-28T08:51:40.553Z
274774,McKinley Crone,McKinley,Crone,,1998-10-20,27,USA,United States,95,170,65,Orlando Pride,116307,NWSL,,GK,GK,,Defense,Right,69,,66,36,34,67,10,50,11,10,21,5,66,40,11,10,21,29,10,69,37,57,65,19,28,35,13,12,6,10,12,70,60,35,66,15,3,1,66,67,66,70,69,,,,,,,Women's Football,1,ea-drop-api,274774,https://www.ea.com/games/ea-sports-fc/ratings?playerId=274774,ea-drop-api,ea-drop-api,,fc27,2026-08-28T08:51:40.553Z
266399,Anna Aehling,Anna,Aehling,,2001-03-23,25,Germany,Germany,21,171,60,Union Berlin,132589,GPFBL,,RB,"RB, CB, RM","CB, RM",Defense,Right,69,,72,70,74,42,39,60,34,31,50,33,61,50,59,41,70,69,38,58,76,72,69,66,67,67,66,68,68,66,67,71,75,71,71,69,3,2,12,9,13,10,7,,,,,,,Women's Football,1,ea-drop-api,266399,https://www.ea.com/games/ea-sports-fc/ratings?playerId=266399,ea-drop-api,ea-drop-api,,fc27,2026-08-28T08:51:40.553Z
70182,Leilanni Nesbeth,Leilanni,Nesbeth,,2001-07-17,25,Bermuda,Bermuda,68,163,57,Chicago Stars FC,116305,NWSL,,CM,"CM, CDM",CDM,Midfielder,Left,69,,60,62,59,62,61,63,67,55,50,66,67,71,58,57,71,70,53,67,67,71,68,70,56,59,70,54,57,58,52,55,56,67,50,53,3,2,13,12,8,11,13,,,,,,,Women's Football,1,ea-drop-api,70182,https://www.ea.com/games/ea-sports-fc/ratings?playerId=70182,ea-drop-api,ea-drop-api,,fc27,2026-08-28T08:51:40.553Z
70803,Anaïs Ebayilin,Anaïs,Ebayilin,,2007-12-17,18,France,France,18,167,62,Paris SG,116034,Arkema PL,,CM,CM,,Midfielder,Right,69,,48,51,46,65,65,66,66,55,56,66,67,67,60,60,73,69,53,69,60,62,66,77,49,62,66,55,58,65,60,59,60,54,64,50,3,2,12,7,7,13,6,,,,,,,Women's Football,1,ea-drop-api,70803,https://www.ea.com/games/ea-sports-fc/ratings?playerId=70803,ea-drop-api,ea-drop-api,,fc27,2026-08-28T08:51:40.553Z
71612,Cristina Roque,Cristina,Roque,,2001-11-06,24,Puerto Rico,Puerto Rico,88,170,63,Rac. Louisville,116308,NWSL,,GK,GK,,Defense,Right,69,,67,26,33,70,9,52,9,8,17,7,69,40,11,11,26,16,13,68,28,47,70,13,25,29,10,12,9,14,10,67,40,24,34,25,3,1,67,70,69,67,68,,,,,,,Women's Football,1,ea-drop-api,71612,https://www.ea.com/games/ea-sports-fc/ratings?playerId=71612,ea-drop-api,ea-drop-api,,fc27,2026-08-28T08:51:40.553Z
76220,Mia Justus,Mia,Justus,,2002-09-03,23,USA,United States,95,175,66,Utah Royals FC,131478,NWSL,,GK,GK,,Defense,Right,69,,67,33,22,69,7,51,5,9,11,5,68,40,10,11,29,20,14,68,24,43,70,15,31,29,10,12,6,11,12,69,42,16,34,16,2,1,67,69,68,69,68,,,,,,,Women's Football,1,ea-drop-api,76220,https://www.ea.com/games/ea-sports-fc/ratings?playerId=76220,ea-drop-api,ea-drop-api,,fc27,2026-08-28T08:51:40.553Z
265291,Libby Bance,Libby,Bance,,2003-07-23,23,England,England,14,171,63,Brighton,116013,Barclays WSL,,CM,CM,,Midfielder,Right,69,,45,45,45,61,63,68,55,54,47,65,67,68,58,47,75,71,51,69,59,64,63,74,58,63,60,35,71,68,54,65,51,68,73,46,3,3,11,8,9,11,6,,,,,,,Women's Football,1,ea-drop-api,265291,https://www.ea.com/games/ea-sports-fc/ratings?playerId=265291,ea-drop-api,ea-drop-api,,fc27,2026-08-28T08:51:40.553Z
272143,Belén,Belén,Martínez Sousa,Belén,1988-11-24,37,Spain,Spain,45,172,63,,,Liga F Moeve,,RW,"RW, ST, RM","ST, RM",Attack,Right,69,,71,73,70,71,72,71,71,69,70,68,66,70,60,60,72,59,65,69,73,59,60,73,60,33,31,67,35,23,27,59,75,56,67,40,2,4,9,9,11,14,11,,,,,Aerial Fortress,,Women's Football,1,ea-drop-api,272143,https://www.ea.com/games/ea-sports-fc/ratings?playerId=272143,ea-drop-api,ea-drop-api,,fc27,2026-08-28T08:51:40.553Z
277263,Delice Boboy,Delice,Boboy,,2006-10-30,19,Germany,Germany,21,169,57,RB Leipzig,116021,GPFBL,,ST,ST,,Attack,Right,69,,71,70,72,69,72,69,66,62,56,70,56,59,46,43,66,47,48,69,74,58,64,73,64,43,32,67,30,58,35,61,71,59,62,58,2,2,9,6,6,10,8,,,,,,,Women's Football,1,ea-drop-api,277263,https://www.ea.com/games/ea-sports-fc/ratings?playerId=277263,ea-drop-api,ea-drop-api,,fc27,2026-08-28T08:51:40.553Z
74047,Katie Lockwood,Katie,Lockwood,,1998-04-01,28,England,England,14,165,55,Glasgow City FC,131363,Scottish Women's League,,CAM,"CAM, CM",CM,Midfielder,Right,69,,68,70,67,72,75,72,68,57,68,72,61,70,40,52,70,62,45,68,68,58,67,70,60,39,46,55,32,37,35,60,68,65,67,35,3,3,11,10,11,9,11,,,,,,,Women's Football,1,ea-drop-api,74047,https://www.ea.com/games/ea-sports-fc/ratings?playerId=74047,ea-drop-api,ea-drop-api,,fc27,2026-08-28T08:51:40.553Z
275403,Louann Archier,Louann,Archier,,2004-11-18,21,France,France,18,167,61,RC Lens,132588,Arkema PL,,ST,ST,,Attack,Right,69,,81,83,80,69,73,68,65,59,55,69,55,48,49,47,69,47,45,70,76,71,56,71,55,30,22,66,27,28,20,63,82,69,72,28,2,2,9,8,6,8,10,,,,,,,Women's Football,1,ea-drop-api,275403,https://www.ea.com/games/ea-sports-fc/ratings?playerId=275403,ea-drop-api,ea-drop-api,,fc27,2026-08-28T08:51:40.553Z
77893,Liz Beardsley,Liz,Beardsley,,2003-04-23,23,USA,United States,95,173,66,Houston Dash,116306,NWSL,,GK,GK,,Defense,Right,69,,68,29,25,71,7,50,8,7,19,5,66,39,13,14,25,20,10,66,27,41,67,18,36,27,6,11,6,12,12,69,41,25,35,27,2,1,68,71,66,69,66,,,,,,,Women's Football,1,ea-drop-api,77893,https://www.ea.com/games/ea-sports-fc/ratings?playerId=77893,ea-drop-api,ea-drop-api,,fc27,2026-08-28T08:51:40.553Z
266931,Chiara Beccari,Chiara,Beccari,,2004-09-27,21,Italy,Italy,27,169,63,Juventus,116280,Calcio A Femminile,,LW,"LW, LM",LM,Attack,Right,69,,73,73,73,66,68,63,65,65,63,71,60,58,65,45,70,45,44,70,72,61,75,71,63,35,28,68,35,30,32,63,76,62,69,48,4,3,7,14,7,9,12,,,,,,,Women's Football,1,ea-drop-api,266931,https://www.ea.com/games/ea-sports-fc/ratings?playerId=266931,ea-drop-api,ea-drop-api,,fc27,2026-08-28T08:51:40.553Z
79733,Larissa Haidner,Larissa,Haidner,,2005-03-18,21,Austria,Austria,4,176,70,Hamburger SV,132533,GPFBL,,GK,GK,,Defense,Left,69,,68,24,26,69,11,50,10,7,18,9,67,58,17,16,26,20,14,70,27,38,63,19,37,25,16,16,9,19,15,67,42,25,39,26,1,1,68,69,67,67,70,,,,,,,Women's Football,1,ea-drop-api,79733,https://www.ea.com/games/ea-sports-fc/ratings?playerId=79733,ea-drop-api,ea-drop-api,,fc27,2026-08-28T08:51:40.553Z
79734,Sophie Hillebrand,Sophie,Hillebrand,,2002-01-24,24,Austria,Austria,4,168,60,Hamburger SV,132533,GPFBL,,ST,ST,,Attack,Right,69,,83,82,83,68,70,69,65,62,65,68,58,53,48,56,69,52,63,70,79,71,58,72,61,24,21,66,18,21,19,63,75,74,58,59,4,3,9,12,9,14,9,,,,,,,Women's Football,1,ea-drop-api,79734,https://www.ea.com/games/ea-sports-fc/ratings?playerId=79734,ea-drop-api,ea-drop-api,,fc27,2026-08-28T08:51:40.553Z
74026,Marlene Deyss,Marlene,Deyss,,2005-03-26,21,Germany,Germany,21,177,65,FC Zürich,131361,Schweizer Damen Liga,,CDM,"CDM, CB, CM","CB, CM",Midfielder,Right,69,,67,67,67,39,33,49,43,38,39,35,57,49,44,44,71,65,33,64,55,55,65,69,58,70,67,68,73,70,67,68,73,66,70,65,3,2,13,6,10,12,15,,,,,,,Women's Football,1,ea-drop-api,74026,https://www.ea.com/games/ea-sports-fc/ratings?playerId=74026,ea-drop-api,ea-drop-api,,fc27,2026-08-28T08:51:40.553Z
267474,Ellie Jean,Ellie,Jean,,1997-01-31,29,USA,United States,95,168,62,Rac. Louisville,116308,NWSL,,CB,CB,,Defense,Right,69,,71,69,73,39,34,49,42,34,45,38,60,42,56,43,75,60,67,64,65,39,70,71,57,72,68,70,72,74,71,59,63,71,48,70,3,2,8,11,5,12,8,,,,,,,Women's Football,1,ea-drop-api,267474,https://www.ea.com/games/ea-sports-fc/ratings?playerId=267474,ea-drop-api,ea-drop-api,,fc27,2026-08-28T08:51:40.553Z
78619,Charlotte Verdier,Charlotte,Verdier,,1993-07-27,33,France,France,18,170,59,,,Arkema PL,,GK,GK,,Defense,Right,69,,68,25,25,69,10,50,7,6,15,9,67,38,10,12,22,26,13,69,36,49,67,15,41,25,10,15,7,22,17,66,41,34,33,18,2,1,68,69,67,66,69,,,,,,,Women's Football,1,ea-drop-api,78619,https://www.ea.com/games/ea-sports-fc/ratings?playerId=78619,ea-drop-api,ea-drop-api,,fc27,2026-08-28T08:51:40.553Z
275536,Marina Scholz,Marina,Scholz,,2006-02-18,20,Germany,Germany,21,155,60,1. FC Nürnberg,131386,GPFBL,,CM,CM,,Midfielder,Right,69,,55,50,59,64,67,60,62,53,61,68,66,70,54,58,73,68,58,68,74,63,68,73,61,56,59,51,53,60,53,54,48,69,47,56,3,3,8,6,9,13,14,,,,,,,Women's Football,1,ea-drop-api,275536,https://www.ea.com/games/ea-sports-fc/ratings?playerId=275536,ea-drop-api,ea-drop-api,,fc27,2026-08-28T08:51:40.553Z
275899,Lisa Forrest,Lisa,Forrest,,2006-04-07,20,Scotland,Scotland,42,170,57,Glasgow City FC,131363,Scottish Women's League,,ST,"ST, LM",LM,Attack,Right,69,,71,71,71,68,70,68,66,65,63,70,60,51,49,69,72,51,68,68,66,61,64,72,52,37,32,73,24,41,35,59,78,61,65,37,2,2,6,14,13,14,5,,,,,,,Women's Football,1,ea-drop-api,275899,https://www.ea.com/games/ea-sports-fc/ratings?playerId=275899,ea-drop-api,ea-drop-api,,fc27,2026-08-28T08:51:40.553Z
273475,Alexa Spaanstra,Alexa,Spaanstra,,2000-02-01,26,USA,United States,95,165,59,Portland Thorns,116302,NWSL,,LM,"LM, LW",LW,Midfielder,Right,69,,76,75,77,63,66,60,62,48,63,69,65,66,64,46,70,60,60,68,71,64,67,70,51,41,41,61,36,41,39,49,57,64,35,61,3,3,13,11,8,7,5,,,,,,,Women's Football,1,ea-drop-api,273475,https://www.ea.com/games/ea-sports-fc/ratings?playerId=273475,ea-drop-api,ea-drop-api,,fc27,2026-08-28T08:51:40.553Z
265261,Kit Graham,Kit,Graham,,1995-11-11,30,England,England,14,160,51,Spurs,116011,Barclays WSL,,CAM,"CAM, CM, ST","CM, ST",Midfielder,Left,69,,54,53,55,64,60,74,65,55,56,74,66,69,55,57,70,69,70,73,67,64,65,76,74,39,45,55,35,36,34,65,68,47,77,56,4,3,14,13,8,9,5,,,,,"Pinged Pass, Aerial Fortress, Technical",,Women's Football,1,ea-drop-api,265261,https://www.ea.com/games/ea-sports-fc/ratings?playerId=265261,ea-drop-api,ea-drop-api,,fc27,2026-08-28T08:51:40.553Z
73730,Millaray Cortés,Millaray,Cortés,,2004-06-30,22,Chile,Chile,55,157,52,Sevilla FC,116337,Liga F Moeve,,CAM,"CAM, ST, CM","ST, CM",Midfielder,Right,69,,54,53,54,68,70,72,69,41,51,72,71,69,72,71,75,71,51,68,51,51,55,74,71,43,45,51,41,42,41,55,56,41,59,61,2,3,10,13,6,6,13,,,,,,,Women's Football,1,ea-drop-api,73730,https://www.ea.com/games/ea-sports-fc/ratings?playerId=73730,ea-drop-api,ea-drop-api,,fc27,2026-08-28T08:51:40.553Z
72340,Simona Botero,Simona,Botero,,1995-03-14,31,Colombia,Colombia,56,165,56,RCD Espanyol,131733,Liga F Moeve,,CB,"CB, RB, RM","RB, RM",Defense,Right,69,,72,71,72,39,31,52,45,31,41,41,55,49,51,38,62,60,39,50,60,65,74,65,71,69,70,68,71,67,65,72,78,70,73,71,2,2,6,15,9,6,6,,,,,,,Women's Football,1,ea-drop-api,72340,https://www.ea.com/games/ea-sports-fc/ratings?playerId=72340,ea-drop-api,ea-drop-api,,fc27,2026-08-28T08:51:40.553Z
266556,Missy Goodwin,Missy,Goodwin,,2003-01-27,23,England,England,14,163,57,,,Barclays WSL,,LM,"LM, LW",LW,Midfielder,Right,69,,69,69,69,63,63,63,64,60,52,74,62,62,62,45,68,58,48,71,72,64,64,70,54,32,29,58,31,28,31,60,65,65,59,57,3,3,10,12,13,11,11,,,,,,,Women's Football,1,ea-drop-api,266556,https://www.ea.com/games/ea-sports-fc/ratings?playerId=266556,ea-drop-api,ea-drop-api,,fc27,2026-08-28T08:51:40.553Z
273471,Olivia Wingate,Olivia,Wingate,,2000-02-20,26,USA,United States,95,170,61,NC Courage,116303,NWSL,,ST,"ST, LW",LW,Attack,Right,69,,68,70,66,69,70,67,69,66,60,73,59,47,51,59,70,65,48,69,52,70,70,71,60,39,38,65,32,38,36,53,70,40,61,47,4,3,11,8,5,12,7,,,,,,,Women's Football,1,ea-drop-api,273471,https://www.ea.com/games/ea-sports-fc/ratings?playerId=273471,ea-drop-api,ea-drop-api,,fc27,2026-08-28T08:51:40.553Z
77865,Caiya Hanks,Caiya,Hanks,,2004-09-26,21,USA,United States,95,163,57,Portland Thorns,116302,NWSL,,LM,"LM, ST, LW","ST, LW",Midfielder,Right,69,,72,73,71,63,66,64,58,45,62,64,64,62,69,37,70,58,50,68,70,56,66,73,52,29,24,57,20,35,22,60,70,65,64,40,3,3,6,8,6,11,7,,,,,,,Women's Football,1,ea-drop-api,77865,https://www.ea.com/games/ea-sports-fc/ratings?playerId=77865,ea-drop-api,ea-drop-api,,fc27,2026-08-28T08:51:40.553Z
275898,Chloe Warrington,Chloe,Warrington,,2002-05-05,24,Scotland,Scotland,42,169,58,Glasgow City FC,131363,Scottish Women's League,,LB,"LB, RB, LM","RB, LM",Defense,Right,69,,68,69,68,39,31,57,41,24,37,38,60,41,71,41,72,51,51,59,61,61,66,64,69,71,71,68,72,72,67,58,72,35,66,61,2,2,15,12,10,5,10,,,,,,,Women's Football,1,ea-drop-api,275898,https://www.ea.com/games/ea-sports-fc/ratings?playerId=275898,ea-drop-api,ea-drop-api,,fc27,2026-08-28T08:51:40.553Z
273478,Sierra Enge,Sierra,Enge,,2000-02-23,26,USA,United States,95,165,59,Strasbourg,131724,Arkema PL,,CDM,"CDM, CM, CB","CM, CB",Midfielder,Right,69,,48,55,43,52,53,54,49,36,48,58,63,69,45,43,71,70,47,63,57,70,63,73,57,67,69,43,68,72,69,59,53,49,64,60,3,2,13,10,14,10,8,,,,,Aerial Fortress,,Women's Football,1,ea-drop-api,273478,https://www.ea.com/games/ea-sports-fc/ratings?playerId=273478,ea-drop-api,ea-drop-api,,fc27,2026-08-28T08:51:40.553Z
72286,Raquel García,Raquel,García Yagüe,Raquel García,1997-04-22,29,Spain,Spain,45,168,62,RC Deportivo,131720,Liga F Moeve,,CB,CB,,Defense,Right,69,,64,63,64,31,32,33,31,25,29,31,59,43,51,30,75,66,45,55,53,55,67,70,61,70,70,71,70,70,69,71,78,80,73,51,2,2,9,12,8,13,7,,,,,Block,,Women's Football,1,ea-drop-api,72286,https://www.ea.com/games/ea-sports-fc/ratings?playerId=72286,ea-drop-api,ea-drop-api,,fc27,2026-08-28T08:51:40.553Z
267524,Ryanne Brown,Ryanne,Brown,,1999-01-21,27,USA,United States,95,173,64,Seattle Reign,116300,NWSL,,RB,RB,,Defense,Right,69,,60,67,54,48,48,48,51,47,40,46,64,54,70,51,68,64,65,66,55,61,69,72,62,69,72,58,71,69,67,43,51,57,34,45,3,2,7,9,7,9,10,,,,,,,Women's Football,1,ea-drop-api,267524,https://www.ea.com/games/ea-sports-fc/ratings?playerId=267524,ea-drop-api,ea-drop-api,,fc27,2026-08-28T08:51:40.553Z
77669,Riley Tiernan,Riley,Tiernan,,2002-11-14,23,USA,United States,95,173,65,Angel City FC,116311,NWSL,,ST,ST,,Attack,Right,69,,64,65,63,69,73,67,66,53,60,74,54,46,41,44,68,54,54,70,62,70,66,77,60,28,25,66,23,26,20,64,72,63,70,46,3,3,10,8,6,7,15,,,,,,,Women's Football,1,ea-drop-api,77669,https://www.ea.com/games/ea-sports-fc/ratings?playerId=77669,ea-drop-api,ea-drop-api,,fc27,2026-08-28T08:51:40.553Z
276722,Mia Enderby,Mia,Enderby,,2005-05-31,21,England,England,14,166,60,Liverpool,116343,Barclays WSL,,ST,ST,,Attack,Right,69,,76,75,76,66,68,64,62,63,64,71,54,62,28,56,67,53,37,71,69,68,70,74,58,21,16,62,17,17,14,61,73,63,65,46,3,3,9,9,13,9,12,,,,,,,Women's Football,1,ea-drop-api,276722,https://www.ea.com/games/ea-sports-fc/ratings?playerId=276722,ea-drop-api,ea-drop-api,,fc27,2026-08-28T08:51:40.553Z
71706,Laurine Hannequin,Laurine,Hannequin,,2003-06-15,23,France,France,18,168,58,Strasbourg,131724,Arkema PL,,CAM,"CAM, ST, CM","ST, CM",Midfielder,Right,69,,48,57,40,64,62,69,78,30,41,70,65,71,50,53,75,71,30,67,61,48,68,71,52,46,42,40,40,55,49,58,50,71,57,47,3,3,12,9,11,14,12,,,,,,,Women's Football,1,ea-drop-api,71706,https://www.ea.com/games/ea-sports-fc/ratings?playerId=71706,ea-drop-api,ea-drop-api,,fc27,2026-08-28T08:51:40.553Z
258577,Peke,Ainize,Barea Núñez,Peke,1992-01-25,34,Spain,Spain,45,155,53,Athletic Club,116328,Liga F Moeve,,ST,"ST, LM",LM,Attack,Right,69,,53,53,53,73,74,74,73,68,72,70,63,62,49,68,70,65,67,69,65,75,70,69,68,29,18,64,31,22,34,60,66,71,69,24,4,4,12,13,14,10,6,,,,,,,Women's Football,1,ea-drop-api,258577,https://www.ea.com/games/ea-sports-fc/ratings?playerId=258577,ea-drop-api,ea-drop-api,,fc27,2026-08-28T08:51:40.553Z
273504,Summer Yates,Summer,Yates,,2000-06-17,26,USA,United States,95,163,57,Orlando Pride,116307,NWSL,,LM,"LM, CM, LW","CM, LW",Midfielder,Right,69,,62,65,60,65,68,60,66,38,70,69,68,68,70,55,73,66,48,68,70,36,67,73,56,41,32,44,37,47,45,43,42,54,37,44,4,3,6,14,8,5,7,,,,,Technical,,Women's Football,1,ea-drop-api,273504,https://www.ea.com/games/ea-sports-fc/ratings?playerId=273504,ea-drop-api,ea-drop-api,,fc27,2026-08-28T08:51:40.553Z
266793,Diane Caldwell,Diane,Caldwell,,1988-09-11,37,Ireland,Republic of Ireland,25,174,67,FC Zürich,131361,Schweizer Damen Liga,,CB,CB,,Defense,Right,69,,44,34,53,42,31,60,44,35,55,45,60,48,56,44,71,60,56,61,56,64,67,70,78,70,71,66,75,68,60,65,64,41,75,72,3,2,12,7,12,13,11,,,,,,,Women's Football,1,ea-drop-api,266793,https://www.ea.com/games/ea-sports-fc/ratings?playerId=266793,ea-drop-api,ea-drop-api,,fc27,2026-08-28T08:51:40.553Z
71703,Mégane Hoeltzel,Mégane,Hoeltzel,,2003-04-21,23,France,France,18,162,53,Strasbourg,131724,Arkema PL,,CM,"CM, CDM",CDM,Midfielder,Right,69,,45,49,42,53,60,38,58,29,35,69,57,66,26,33,72,70,25,68,56,62,69,73,55,60,71,54,55,63,54,58,55,68,58,45,3,3,10,15,6,7,14,,,,,,,Women's Football,1,ea-drop-api,71703,https://www.ea.com/games/ea-sports-fc/ratings?playerId=71703,ea-drop-api,ea-drop-api,,fc27,2026-08-28T08:51:40.553Z
72764,Oona Sevenius,Oona,Sevenius,,2004-04-28,22,Finland,Finland,17,170,62,FC Rosengård,131362,Sverige Liga,,ST,ST,,Attack,Right,69,,66,65,67,68,70,69,66,63,60,70,54,58,38,41,68,50,38,68,64,66,67,71,53,26,20,68,18,21,31,59,71,60,66,36,3,2,8,5,7,7,11,,,,,,,Women's Football,1,ea-drop-api,72764,https://www.ea.com/games/ea-sports-fc/ratings?playerId=72764,ea-drop-api,ea-drop-api,,fc27,2026-08-28T08:51:40.553Z
264830,Jamilla Rankin,Jamilla,Rankin,,2003-05-09,23,Australia,Australia,195,163,56,TSG Hoffenheim,115999,GPFBL,,LB,"LB, LM",LM,Defense,Left,69,,71,76,67,34,33,45,25,23,37,44,58,47,68,27,67,52,44,56,52,65,66,66,53,67,68,56,67,70,67,55,64,64,50,54,4,2,10,11,14,9,11,,,,,Slide Tackle,,Women's Football,1,ea-drop-api,264830,https://www.ea.com/games/ea-sports-fc/ratings?playerId=264830,ea-drop-api,ea-drop-api,,fc27,2026-08-28T08:51:40.553Z
73764,Naomie Vagre,Naomie,Vagre,,2001-01-03,25,France,France,18,169,57,RC Lens,132588,Arkema PL,,ST,ST,,Attack,Right,69,,66,68,64,68,69,69,68,65,56,66,52,45,34,58,70,46,45,70,56,61,67,74,55,25,11,68,20,25,23,59,71,56,65,47,3,2,12,10,8,11,6,,,,,,,Women's Football,1,ea-drop-api,73764,https://www.ea.com/games/ea-sports-fc/ratings?playerId=73764,ea-drop-api,ea-drop-api,,fc27,2026-08-28T08:51:40.553Z
246637,Anam Imo,Anam,Imo,,2000-11-30,25,Nigeria,Nigeria,133,159,61,FC Rosengård,131362,Sverige Liga,,ST,ST,,Attack,Right,69,,69,70,69,69,71,66,68,65,68,72,54,48,40,59,67,51,55,68,76,74,69,68,55,20,14,69,12,17,18,58,73,63,66,28,3,3,9,11,14,11,10,,,,,,,Women's Football,1,ea-drop-api,246637,https://www.ea.com/games/ea-sports-fc/ratings?playerId=246637,ea-drop-api,ea-drop-api,,fc27,2026-08-28T08:51:40.553Z
277169,Wassa Sangare,Wassa,Sangare,,2006-03-16,20,France,France,18,172,63,London City,132176,Barclays WSL,,CB,CB,,Defense,Right,69,,54,35,70,32,29,53,21,20,37,31,54,44,38,31,70,59,47,63,38,40,57,70,49,67,59,77,60,75,72,66,77,40,81,60,3,2,7,13,9,10,7,,,,,,,Women's Football,1,ea-drop-api,277169,https://www.ea.com/games/ea-sports-fc/ratings?playerId=277169,ea-drop-api,ea-drop-api,,fc27,2026-08-28T08:51:40.553Z
265902,Romane Lejeune,Romane,Lejeune,,2004-10-09,21,France,France,18,172,63,RC Lens,132588,Arkema PL,,CB,CB,,Defense,Left,69,,45,43,47,34,29,48,28,34,39,39,48,43,31,35,61,47,51,60,51,53,65,71,49,70,68,73,71,69,67,70,73,62,76,62,2,2,9,7,5,7,10,,,,,,,Women's Football,1,ea-drop-api,265902,https://www.ea.com/games/ea-sports-fc/ratings?playerId=265902,ea-drop-api,ea-drop-api,,fc27,2026-08-28T08:51:40.553Z
276382,Kristína Košíková,Kristína,Košíková,,1993-12-20,32,Slovakia,Slovakia,43,172,64,Slavia Praha,131360,Ceska Liga Žen,,CB,CB,,Defense,Right,69,,57,58,56,27,25,35,21,21,45,27,47,25,32,46,65,63,28,52,49,57,67,61,60,70,68,65,73,71,65,70,72,59,74,72,3,2,13,14,9,13,14,,,,,,,Women's Football,1,ea-drop-api,276382,https://www.ea.com/games/ea-sports-fc/ratings?playerId=276382,ea-drop-api,ea-drop-api,,fc27,2026-08-28T08:51:40.553Z
275396,Aurore Paprzycki,Aurore,Paprzycki,,1994-03-06,32,France,France,18,165,58,Marseille,132370,Arkema PL,,CDM,"CDM, CM",CM,Midfielder,Right,68,,70,59,79,61,59,58,68,48,61,68,68,64,68,65,71,69,65,70,63,70,66,66,70,63,65,48,69,62,55,70,59,75,69,69,3,3,7,9,8,15,5,,,,,Slide Tackle,,Women's Football,1,ea-drop-api,275396,https://www.ea.com/games/ea-sports-fc/ratings?playerId=275396,ea-drop-api,ea-drop-api,,fc27,2026-08-28T08:51:40.553Z
272164,Laura Martínez,Laura,Martínez González,Laura Martínez,1999-01-29,27,Spain,Spain,45,166,59,RCD Espanyol,131733,Liga F Moeve,,CM,"CM, RM, CDM","RM, CDM",Midfielder,Right,68,,72,73,72,60,50,75,65,70,55,72,67,70,60,67,68,66,70,69,71,63,70,70,71,63,65,61,60,70,50,66,74,64,69,61,3,3,14,11,13,8,12,,,,,,,Women's Football,1,ea-drop-api,272164,https://www.ea.com/games/ea-sports-fc/ratings?playerId=272164,ea-drop-api,ea-drop-api,,fc27,2026-08-28T08:51:40.553Z
76213,Macey Hodge,Macey,Hodge,,2001-05-04,25,USA,United States,95,168,59,Angel City FC,116311,NWSL,,CDM,"CDM, CM",CM,Midfielder,Right,68,,66,61,70,63,61,67,68,56,58,66,66,65,62,55,72,66,55,69,66,65,67,75,62,64,65,57,63,68,59,68,66,69,69,63,3,2,14,9,6,13,6,,,,,,,Women's Football,1,ea-drop-api,76213,https://www.ea.com/games/ea-sports-fc/ratings?playerId=76213,ea-drop-api,ea-drop-api,,fc27,2026-08-28T08:51:40.553Z
272298,Vildan Kardeşler,Vildan,Kardeşler,,1998-02-24,28,Germany,Germany,21,170,59,Hamburger SV,132533,GPFBL,,RW,"RW, RM",RM,Attack,Right,68,,78,80,76,64,65,65,62,62,62,72,68,69,67,52,72,66,57,64,67,52,72,65,64,56,63,45,61,57,33,64,66,69,62,62,2,3,13,6,5,7,10,,,,,,,Women's Football,1,ea-drop-api,272298,https://www.ea.com/games/ea-sports-fc/ratings?playerId=272298,ea-drop-api,ea-drop-api,,fc27,2026-08-28T08:51:40.553Z
265074,Mia Büchele,Mia,Büchele,,2003-10-07,22,Germany,Germany,21,168,58,Hamburger SV,132533,GPFBL,,CM,CM,,Midfielder,Right,68,,68,68,68,65,64,60,72,58,69,64,67,68,67,50,70,66,63,68,67,49,71,72,55,60,67,64,52,63,52,65,70,68,63,63,2,2,11,15,6,8,12,,,,,,,Women's Football,1,ea-drop-api,265074,https://www.ea.com/games/ea-sports-fc/ratings?playerId=265074,ea-drop-api,ea-drop-api,,fc27,2026-08-28T08:51:40.553Z
71562,Heather Stainbrook,Heather,Stainbrook,,2001-03-14,25,USA,United States,95,163,57,Washington Spirit,116304,NWSL,,CM,CM,,Midfielder,Right,68,,63,66,61,66,67,70,71,43,50,66,70,64,72,69,71,71,70,68,62,53,67,71,65,66,68,63,64,68,62,58,63,61,54,65,3,2,10,11,13,12,13,,,,,,,Women's Football,1,ea-drop-api,71562,https://www.ea.com/games/ea-sports-fc/ratings?playerId=71562,ea-drop-api,ea-drop-api,,fc27,2026-08-28T08:51:40.553Z
79626,Sanja Homann,Sanja,Homann,,2001-11-28,24,Germany,Germany,21,165,55,1. FC Nürnberg,131386,GPFBL,,LB,"LB, LM",LM,Defense,Left,68,,74,73,74,66,67,67,66,58,59,59,66,63,69,57,67,64,66,64,71,72,62,65,58,64,69,52,64,65,59,57,60,69,51,54,3,2,15,7,6,10,13,,,,,,,Women's Football,1,ea-drop-api,79626,https://www.ea.com/games/ea-sports-fc/ratings?playerId=79626,ea-drop-api,ea-drop-api,,fc27,2026-08-28T08:51:40.553Z
277067,Kedie Johnson,Kedie,Johnson,,2000-11-19,25,Trinidad and Tobago,Trinidad and Tobago,93,173,63,,,Arkema PL,,LB,"LB, LM",LM,Defense,Left,68,,75,73,77,56,57,59,58,39,47,55,63,58,69,38,68,56,64,67,59,53,60,70,65,64,62,67,58,71,62,65,75,62,67,59,3,3,9,15,14,6,6,,,,,,,Women's Football,1,ea-drop-api,277067,https://www.ea.com/games/ea-sports-fc/ratings?playerId=277067,ea-drop-api,ea-drop-api,,fc27,2026-08-28T08:51:40.553Z
70309,Bea Franklin,Bea,Franklin,,2000-10-04,25,USA,United States,95,178,67,Chicago Stars FC,116305,NWSL,,CDM,"CDM, CM, RM, CB","CM, RM, CB",Midfielder,Left,68,,66,67,65,62,60,64,66,54,50,66,65,66,57,56,71,67,50,68,69,69,73,69,57,65,75,66,66,61,57,62,67,66,58,66,3,2,12,8,14,12,6,,,,,Aerial Fortress,,Women's Football,1,ea-drop-api,70309,https://www.ea.com/games/ea-sports-fc/ratings?playerId=70309,ea-drop-api,ea-drop-api,,fc27,2026-08-28T08:51:40.553Z
264997,Lina von Schrader,Lina,von Schrader,,2004-02-08,22,Germany,Germany,21,175,64,RB Leipzig,116021,GPFBL,,GK,GK,,Defense,Right,68,,69,48,40,64,19,51,23,12,25,18,68,59,24,22,40,35,15,71,46,49,57,32,59,45,11,6,28,12,13,70,61,24,63,40,2,1,69,64,68,70,71,,,,,,,Women's Football,1,ea-drop-api,264997,https://www.ea.com/games/ea-sports-fc/ratings?playerId=264997,ea-drop-api,ea-drop-api,,fc27,2026-08-28T08:51:40.553Z
265279,Sophie Baggaley,Sophie,Baggaley,,1996-11-29,29,England,England,14,167,65,Brighton,116013,Barclays WSL,,GK,GK,,Defense,Right,68,,70,46,41,65,7,57,15,14,21,8,76,47,16,13,30,31,17,68,46,59,68,20,30,44,18,8,11,16,18,64,61,20,63,29,3,1,70,65,76,64,68,,,,,Far Reach,,Women's Football,1,ea-drop-api,265279,https://www.ea.com/games/ea-sports-fc/ratings?playerId=265279,ea-drop-api,ea-drop-api,,fc27,2026-08-28T08:51:40.553Z
73242,Jette Ter Horst,Jette,Ter Horst,,2002-07-09,24,Germany,Germany,21,167,59,,,GPFBL,,CAM,"CAM, CM",CM,Midfielder,Right,68,,68,67,69,62,63,63,60,37,66,72,61,66,41,45,71,69,39,67,68,62,71,71,66,63,69,53,58,68,62,65,64,67,66,61,2,3,11,7,11,7,13,,,,,,,Women's Football,1,ea-drop-api,73242,https://www.ea.com/games/ea-sports-fc/ratings?playerId=73242,ea-drop-api,ea-drop-api,,fc27,2026-08-28T08:51:40.553Z
75186,Anna Csiki,Anna,Csiki,,1999-11-14,26,Hungary,Hungary,23,179,60,West Ham,116014,Barclays WSL,,CM,CM,,Midfielder,Right,68,,67,68,67,61,62,58,64,46,59,68,66,67,61,57,71,68,45,70,58,55,67,73,53,58,55,55,56,65,56,63,67,61,66,58,3,2,7,8,9,14,5,,,,,,,Women's Football,1,ea-drop-api,75186,https://www.ea.com/games/ea-sports-fc/ratings?playerId=75186,ea-drop-api,ea-drop-api,,fc27,2026-08-28T08:51:40.553Z
77059,Nayomi Buikema,Nayomi,Buikema,,2004-05-05,22,Netherlands,Holland,34,164,55,Ajax,131359,Nederland Vrouwen Liga,,CM,CM,,Midfielder,Right,68,,67,68,66,57,58,60,54,48,56,62,66,67,58,52,73,69,54,69,71,72,65,72,65,67,69,50,65,72,67,58,57,69,54,56,3,3,10,7,12,12,11,,,,,,,Women's Football,1,ea-drop-api,77059,https://www.ea.com/games/ea-sports-fc/ratings?playerId=77059,ea-drop-api,ea-drop-api,,fc27,2026-08-28T08:51:40.553Z
269943,Inès Marques,Inès,Marques,,2004-03-25,22,France,France,18,169,60,Paris FC,116035,Arkema PL,,GK,GK,,Defense,Right,68,,71,44,41,66,9,52,9,8,16,10,69,31,12,12,24,21,14,72,48,51,57,18,36,43,13,9,16,16,14,63,46,31,39,22,2,1,71,66,69,63,72,,,,,,,Women's Football,1,ea-drop-api,269943,https://www.ea.com/games/ea-sports-fc/ratings?playerId=269943,ea-drop-api,ea-drop-api,,fc27,2026-08-28T08:51:40.553Z
71495,Sam Meza,Sam,Meza,,2001-11-07,24,USA,United States,95,163,57,Seattle Reign,116300,NWSL,,CAM,"CAM, CM, ST","CM, ST",Midfielder,Right,68,,62,70,56,67,69,67,67,66,58,68,67,67,66,67,69,65,56,68,64,67,67,70,63,53,56,56,36,66,54,64,68,66,67,51,3,3,11,13,11,11,5,,,,,Block,,Women's Football,1,ea-drop-api,71495,https://www.ea.com/games/ea-sports-fc/ratings?playerId=71495,ea-drop-api,ea-drop-api,,fc27,2026-08-28T08:51:40.553Z
273180,Dayana Pierre-Louis,Dayana,Pierre-Louis,,2003-09-24,22,Haiti,Haiti,80,179,63,RC Lens,132588,Arkema PL,,CAM,"CAM, CM",CM,Midfielder,Right,68,,71,66,75,62,60,64,65,56,67,65,68,69,58,63,72,71,70,68,62,55,59,72,63,43,37,72,25,55,39,69,82,68,78,45,4,3,14,13,9,11,8,,,,,,,Women's Football,1,ea-drop-api,273180,https://www.ea.com/games/ea-sports-fc/ratings?playerId=273180,ea-drop-api,ea-drop-api,,fc27,2026-08-28T08:51:40.553Z
276849,Korina Janež,Korina,Janež,,2004-02-25,22,Slovenia,Slovenia,44,161,56,Union Berlin,132589,GPFBL,,RW,"RW, CM, RM","CM, RM",Attack,Right,68,,71,74,68,62,66,59,61,44,55,70,64,65,61,45,69,60,58,70,68,74,71,73,61,56,67,48,42,65,56,58,63,54,60,56,2,3,12,13,7,12,9,,,,,,,Women's Football,1,ea-drop-api,276849,https://www.ea.com/games/ea-sports-fc/ratings?playerId=276849,ea-drop-api,ea-drop-api,,fc27,2026-08-28T08:51:40.553Z
78679,Jaqueline Dönges,Jaqueline,Dönges,,2000-12-21,25,Germany,Germany,21,174,64,Hamburger SV,132533,GPFBL,,CB,"CB, LB",LB,Defense,Left,68,,73,71,74,52,51,54,53,48,49,56,60,53,58,46,67,65,52,57,64,64,57,63,55,69,71,65,70,70,66,69,77,66,72,63,2,2,7,12,9,12,8,,,,,,,Women's Football,1,ea-drop-api,78679,https://www.ea.com/games/ea-sports-fc/ratings?playerId=78679,ea-drop-api,ea-drop-api,,fc27,2026-08-28T08:51:40.553Z
79630,Laura Miller,Laura,Miller,,2001-12-07,24,Luxembourg,Luxembourg,31,169,55,1. FC Nürnberg,131386,GPFBL,,CM,"CM, CDM, CAM","CDM, CAM",Midfielder,Right,68,,63,65,61,56,57,56,56,51,57,52,68,72,60,56,73,68,55,67,74,72,62,72,64,65,68,48,64,69,64,61,57,72,58,54,3,3,12,14,10,12,8,,,,,,,Women's Football,1,ea-drop-api,79630,https://www.ea.com/games/ea-sports-fc/ratings?playerId=79630,ea-drop-api,ea-drop-api,,fc27,2026-08-28T08:51:40.553Z
272287,Anna Margraf,Anna,Margraf,,2001-05-07,25,Australia,Australia,195,177,60,,,GPFBL,,RM,"RM, ST, RW","ST, RW",Midfielder,Left,68,,65,68,62,59,59,65,54,54,49,70,62,69,61,62,62,59,55,69,63,50,70,70,65,58,64,44,68,54,41,67,58,71,67,62,2,2,11,12,11,13,13,,,,,,,Women's Football,1,ea-drop-api,272287,https://www.ea.com/games/ea-sports-fc/ratings?playerId=272287,ea-drop-api,ea-drop-api,,fc27,2026-08-28T08:51:40.553Z
265159,Fatma Şakar,Fatma,Şakar,,1999-03-26,27,Türkiye,Turkey,48,164,56,Union Berlin,132589,GPFBL,,RB,"RB, RM",RM,Defense,Right,68,,67,67,67,53,57,55,45,39,58,50,61,55,66,50,66,56,51,65,72,61,66,67,65,67,66,64,70,67,62,66,70,70,66,60,2,2,12,14,12,15,7,,,,,,,Women's Football,1,ea-drop-api,265159,https://www.ea.com/games/ea-sports-fc/ratings?playerId=265159,ea-drop-api,ea-drop-api,,fc27,2026-08-28T08:51:40.553Z
274767,Morgan Messner,Morgan,Messner,,2000-02-17,26,USA,United States,95,178,64,Portland Thorns,116302,NWSL,,GK,GK,,Defense,Right,68,,66,40,43,68,5,50,5,5,11,4,66,37,11,10,18,21,14,69,35,60,67,10,27,41,10,12,6,11,13,67,57,36,58,18,2,1,66,68,66,67,69,,,,,,,Women's Football,1,ea-drop-api,274767,https://www.ea.com/games/ea-sports-fc/ratings?playerId=274767,ea-drop-api,ea-drop-api,,fc27,2026-08-28T08:51:40.553Z
275451,Olivia Clark,Olivia,Clark,,2001-08-30,24,Wales,Wales,50,174,65,,,Barclays WSL,,GK,GK,,Defense,Right,68,,67,45,44,68,9,49,10,8,21,13,65,65,11,16,31,34,14,66,41,62,68,16,62,45,12,7,14,12,13,66,62,34,70,26,3,1,67,68,65,66,66,,,,,Rush Out,,Women's Football,1,ea-drop-api,275451,https://www.ea.com/games/ea-sports-fc/ratings?playerId=275451,ea-drop-api,ea-drop-api,,fc27,2026-08-28T08:51:40.553Z
277349,Judith Coquet,Judith,Coquet,,2003-08-05,23,France,France,18,160,53,Montpellier,116037,Arkema PL,,CM,"CM, CDM",CDM,Midfielder,Right,68,,67,71,64,62,65,55,66,48,55,63,63,68,52,48,65,72,53,69,74,71,66,70,55,58,72,52,38,72,50,57,60,64,54,57,3,3,7,8,12,14,9,,,,,,,Women's Football,1,ea-drop-api,277349,https://www.ea.com/games/ea-sports-fc/ratings?playerId=277349,ea-drop-api,ea-drop-api,,fc27,2026-08-28T08:51:40.553Z
72361,Judit Pablos,Judit,Pablos Garrido,Judit Pablos,1997-12-07,28,Spain,Spain,45,170,57,RCD Espanyol,131733,Liga F Moeve,,RW,"RW, LW, ST, RM","LW, ST, RM",Attack,Right,68,,72,71,72,64,70,64,55,51,51,72,66,67,67,52,70,63,55,69,69,74,51,71,69,44,41,51,38,51,43,60,59,78,51,61,2,3,12,5,9,8,6,,,,,,,Women's Football,1,ea-drop-api,72361,https://www.ea.com/games/ea-sports-fc/ratings?playerId=72361,ea-drop-api,ea-drop-api,,fc27,2026-08-28T08:51:40.553Z
272179,Kuki,Miriam,Rodriguez González,Kuki,1994-11-18,31,Spain,Spain,45,160,54,,,Liga F Moeve,,CM,"CM, CAM",CAM,Midfielder,Right,68,,62,62,62,58,51,60,69,59,60,71,64,71,55,45,68,67,62,68,60,70,69,69,66,62,69,69,55,63,55,61,68,59,60,66,3,3,11,8,8,12,12,,,,,,,Women's Football,1,ea-drop-api,272179,https://www.ea.com/games/ea-sports-fc/ratings?playerId=272179,ea-drop-api,ea-drop-api,,fc27,2026-08-28T08:51:40.553Z
72147,Paula Gutiérrez,Paula,Gutiérrez Caballero,Paula Gutiérrez,2001-03-02,25,Spain,Spain,45,170,52,RC Deportivo,131720,Liga F Moeve,,CM,"CM, CDM",CDM,Midfielder,Right,68,,67,66,68,52,50,55,53,44,51,70,68,64,66,58,72,68,67,68,64,62,69,71,72,62,70,62,55,67,54,57,63,62,54,56,3,2,10,9,13,13,14,,,,,,,Women's Football,1,ea-drop-api,72147,https://www.ea.com/games/ea-sports-fc/ratings?playerId=72147,ea-drop-api,ea-drop-api,,fc27,2026-08-28T08:51:40.553Z
265269,Emily Ramsey,Emily,Ramsey,,2000-11-16,25,England,England,14,180,72,Everton,116016,Barclays WSL,,GK,GK,,Defense,Right,68,,68,36,33,68,7,53,15,9,19,6,70,46,13,18,31,35,11,67,44,59,67,19,60,35,9,8,15,12,15,66,62,27,71,22,3,1,68,68,70,66,67,,,,,,,Women's Football,1,ea-drop-api,265269,https://www.ea.com/games/ea-sports-fc/ratings?playerId=265269,ea-drop-api,ea-drop-api,,fc27,2026-08-28T08:51:40.553Z
267374,Miriaél Taylor,Miriaél,Taylor,,2000-02-02,26,England,England,14,170,68,Aston Villa,116015,Barclays WSL,,CM,"CM, CDM",CDM,Midfielder,Right,68,,51,66,38,70,68,71,76,68,63,72,65,65,53,69,72,67,62,71,70,61,67,74,60,48,40,70,29,64,47,69,81,60,84,42,3,3,9,7,7,9,8,,,,,,,Women's Football,1,ea-drop-api,267374,https://www.ea.com/games/ea-sports-fc/ratings?playerId=267374,ea-drop-api,ea-drop-api,,fc27,2026-08-28T08:51:40.553Z
275533,Franziska Mai,Franziska,Mai,,1999-10-12,26,Germany,Germany,21,167,55,1. FC Nürnberg,131386,GPFBL,,CM,CM,,Midfielder,Right,68,,62,56,66,61,64,56,61,41,64,66,68,70,66,44,73,69,49,66,61,46,66,72,63,57,64,44,52,66,48,60,50,62,58,64,3,3,12,6,10,14,9,,,,,,,Women's Football,1,ea-drop-api,275533,https://www.ea.com/games/ea-sports-fc/ratings?playerId=275533,ea-drop-api,ea-drop-api,,fc27,2026-08-28T08:51:40.553Z
277040,Sophie Nachtigall,Sophie,Nachtigall,,2004-02-12,22,Germany,Germany,21,168,58,SC Freiburg,116002,GPFBL,,CM,CM,,Midfielder,Right,68,,66,66,66,59,66,55,53,32,54,69,60,67,36,45,70,66,48,70,68,57,70,73,62,55,66,41,45,64,50,64,56,71,64,56,2,2,12,13,9,14,5,,,,,,,Women's Football,1,ea-drop-api,277040,https://www.ea.com/games/ea-sports-fc/ratings?playerId=277040,ea-drop-api,ea-drop-api,,fc27,2026-08-28T08:51:40.553Z
79731,Nadine Böhi,Nadine,Böhi,,2003-11-21,22,Switzerland,Switzerland,47,178,70,Union Berlin,132589,GPFBL,,GK,GK,,Defense,Right,68,,67,33,36,66,9,51,11,7,16,9,68,49,15,14,22,24,13,70,31,50,64,14,28,34,15,16,11,17,15,67,45,22,41,18,1,1,67,66,68,67,70,,,,,,,Women's Football,1,ea-drop-api,79731,https://www.ea.com/games/ea-sports-fc/ratings?playerId=79731,ea-drop-api,ea-drop-api,,fc27,2026-08-28T08:51:40.553Z
74021,Natalia Wróbel,Natalia,Wróbel,,2003-08-09,23,Poland,Poland,37,168,60,Glasgow City FC,131363,Scottish Women's League,,CM,"CM, CAM",CAM,Midfielder,Left,68,,67,68,67,60,60,62,59,54,50,67,64,69,51,42,72,68,41,68,68,59,65,71,67,55,65,49,40,68,45,57,60,60,61,41,3,2,8,7,6,9,11,,,,,,,Women's Football,1,ea-drop-api,74021,https://www.ea.com/games/ea-sports-fc/ratings?playerId=74021,ea-drop-api,ea-drop-api,,fc27,2026-08-28T08:51:40.553Z
272241,Bárbara López,Bárbara,López Gorrado,Bárbara López,2005-08-30,20,Spain,Spain,45,163,62,Madrid CFF,116334,Liga F Moeve,,ST,"ST, LW, CAM","LW, CAM",Attack,Right,68,,74,76,73,69,75,67,66,55,55,72,62,66,62,55,66,50,66,72,74,75,65,73,61,24,20,42,31,15,18,70,66,63,73,70,3,4,6,15,10,8,14,,,,,Enforcer,,Women's Football,1,ea-drop-api,272241,https://www.ea.com/games/ea-sports-fc/ratings?playerId=272241,ea-drop-api,ea-drop-api,,fc27,2026-08-28T08:51:40.553Z
74741,Lexi Potter,Lexi,Potter,,2006-08-17,20,England,England,14,173,60,Chelsea,116010,Barclays WSL,,CDM,"CDM, CM",CM,Midfielder,Right,68,,65,69,61,54,56,57,51,35,51,58,63,68,47,48,71,70,41,61,55,58,62,68,55,64,65,47,67,70,56,63,61,60,63,68,3,2,6,14,11,6,5,,,,,,,Women's Football,1,ea-drop-api,74741,https://www.ea.com/games/ea-sports-fc/ratings?playerId=74741,ea-drop-api,ea-drop-api,,fc27,2026-08-28T08:51:40.553Z
75002,Luisa Blumenthal,Luisa,Blumenthal,,2000-07-21,26,Switzerland,Switzerland,47,165,54,FC Zürich,131361,Schweizer Damen Liga,,RB,"RB, RM",RM,Defense,Right,68,,62,64,60,55,57,56,60,30,46,45,62,40,69,59,70,65,50,62,55,70,70,68,50,66,66,55,68,68,67,63,66,64,66,53,3,2,11,12,6,13,5,,,,,,,Women's Football,1,ea-drop-api,75002,https://www.ea.com/games/ea-sports-fc/ratings?playerId=75002,ea-drop-api,ea-drop-api,,fc27,2026-08-28T08:51:40.553Z
80337,Zoë Hasenauer,Zoë,Hasenauer,,2000-01-13,26,USA,United States,95,167,57,1. FC Köln,116003,GPFBL,,CM,CM,,Midfielder,Right,68,,65,64,65,56,58,56,57,43,54,58,64,68,49,51,72,68,48,68,73,76,64,72,59,65,70,44,66,69,63,52,42,68,41,63,3,3,13,11,8,14,6,,,,,,,Women's Football,1,ea-drop-api,80337,https://www.ea.com/games/ea-sports-fc/ratings?playerId=80337,ea-drop-api,ea-drop-api,,fc27,2026-08-28T08:51:40.553Z
272024,Carmen Álvarez,Carmen,Álvarez Sánchez,Carmen Álvarez,2003-02-24,23,Spain,Spain,45,177,55,SD Eibar,116331,Liga F Moeve,,ST,ST,,Attack,Right,68,,75,74,76,66,70,64,62,59,68,60,63,55,57,57,74,54,67,67,59,54,60,72,50,43,40,75,35,45,35,56,76,56,57,50,3,3,7,8,12,10,11,,,,,,,Women's Football,1,ea-drop-api,272024,https://www.ea.com/games/ea-sports-fc/ratings?playerId=272024,ea-drop-api,ea-drop-api,,fc27,2026-08-28T08:51:40.553Z
273486,Messiah Bright,Messiah,Bright,,2000-01-12,26,USA,United States,95,175,64,Houston Dash,116306,NWSL,,ST,"ST, LM, LW","LM, LW",Attack,Right,68,,69,71,68,69,69,70,68,65,66,68,59,48,48,59,72,63,49,66,64,77,67,69,58,43,36,67,32,49,51,64,74,68,65,52,4,2,8,8,5,5,12,,,,,Enforcer,,Women's Football,1,ea-drop-api,273486,https://www.ea.com/games/ea-sports-fc/ratings?playerId=273486,ea-drop-api,ea-drop-api,,fc27,2026-08-28T08:51:40.553Z
276939,Alina Mailbeck,Alina,Mailbeck,,1997-06-12,29,Germany,Germany,21,167,56,1. FC Nürnberg,131386,GPFBL,,CB,CB,,Defense,Right,68,,63,64,63,44,41,55,39,36,60,38,63,66,52,55,71,63,52,64,68,64,69,67,65,69,68,61,73,71,64,67,69,69,67,62,3,2,7,13,8,10,8,,,,,,,Women's Football,1,ea-drop-api,276939,https://www.ea.com/games/ea-sports-fc/ratings?playerId=276939,ea-drop-api,ea-drop-api,,fc27,2026-08-28T08:51:40.553Z
70592,Regan Steigleder,Regan,Steigleder,,1998-09-03,27,USA,United States,95,170,63,KC Current,116309,NWSL,,RB,"RB, RM",RM,Defense,Right,68,,70,69,70,48,47,50,48,51,47,51,61,59,57,55,66,63,49,58,67,56,65,57,67,70,69,66,71,71,68,62,68,63,58,70,3,2,8,12,5,8,7,,,,,,,Women's Football,1,ea-drop-api,70592,https://www.ea.com/games/ea-sports-fc/ratings?playerId=70592,ea-drop-api,ea-drop-api,,fc27,2026-08-28T08:51:40.553Z
265029,Viktoria Schwalm,Viktoria,Schwalm,,1997-12-09,28,Germany,Germany,21,162,58,Hamburger SV,132533,GPFBL,,ST,ST,,Attack,Right,68,,67,68,66,67,69,67,66,63,55,71,60,54,65,56,70,46,40,68,67,57,66,71,66,46,37,67,45,47,39,60,72,39,68,61,2,2,9,8,6,9,12,,,,,,,Women's Football,1,ea-drop-api,265029,https://www.ea.com/games/ea-sports-fc/ratings?playerId=265029,ea-drop-api,ea-drop-api,,fc27,2026-08-28T08:51:40.553Z
272293,Laura Sieger,Laura,Sieger,,2000-01-09,26,Germany,Germany,21,165,57,Hamburger SV,132533,GPFBL,,GK,GK,,Defense,Right,68,,66,30,38,65,18,50,15,8,59,6,67,47,11,12,26,48,21,69,42,66,67,13,33,33,19,9,24,24,17,67,50,35,54,31,3,1,66,65,67,67,69,,,,,Footwork,,Women's Football,1,ea-drop-api,272293,https://www.ea.com/games/ea-sports-fc/ratings?playerId=272293,ea-drop-api,ea-drop-api,,fc27,2026-08-28T08:51:40.553Z
74754,Ella Morris,Ella,Morris,,2002-09-23,23,England,England,14,168,60,Spurs,116011,Barclays WSL,,RB,"RB, RM",RM,Defense,Right,68,,64,65,63,51,63,48,37,21,38,52,63,48,68,47,73,63,56,62,55,70,60,70,58,65,58,59,59,74,72,61,67,60,65,49,3,2,8,10,11,6,9,,,,,,,Women's Football,1,ea-drop-api,74754,https://www.ea.com/games/ea-sports-fc/ratings?playerId=74754,ea-drop-api,ea-drop-api,,fc27,2026-08-28T08:51:40.553Z
268944,Ona Baradad,Ona,Baradad Rius,Ona Baradad,2004-04-16,22,Spain,Spain,45,163,54,RCD Espanyol,131733,Liga F Moeve,,RW,"RW, RM, LW","RM, LW",Attack,Right,68,,69,68,70,68,68,72,65,64,69,68,64,65,68,52,67,56,66,68,70,63,72,69,61,36,21,58,34,39,42,61,64,64,59,60,3,3,12,5,5,7,11,,,,,,,Women's Football,1,ea-drop-api,268944,https://www.ea.com/games/ea-sports-fc/ratings?playerId=268944,ea-drop-api,ea-drop-api,,fc27,2026-08-28T08:51:40.553Z
71427,Reilyn Turner,Reilyn,Turner,,2002-10-18,23,USA,United States,95,175,66,Portland Thorns,116302,NWSL,,ST,ST,,Attack,Right,68,,69,69,69,66,68,67,63,58,50,70,55,57,34,40,72,50,33,68,61,63,66,72,50,43,31,66,30,57,39,64,72,64,67,56,3,2,8,10,11,12,9,,,,,Precision Header,,Women's Football,1,ea-drop-api,71427,https://www.ea.com/games/ea-sports-fc/ratings?playerId=71427,ea-drop-api,ea-drop-api,,fc27,2026-08-28T08:51:40.553Z
75329,Tomke Schneider,Tomke,Schneider,,2004-07-31,22,Germany,Germany,21,164,56,Union Berlin,132589,GPFBL,,CB,CB,,Defense,Right,68,,71,65,75,50,52,53,46,47,52,43,61,58,59,44,67,63,51,52,65,64,65,58,55,70,70,71,69,72,67,61,68,66,54,70,4,2,14,14,9,6,8,,,,,,,Women's Football,1,ea-drop-api,75329,https://www.ea.com/games/ea-sports-fc/ratings?playerId=75329,ea-drop-api,ea-drop-api,,fc27,2026-08-28T08:51:40.553Z
272271,Patricia Larqué,Patricia,Larqué Juste,Patricia Larqué,1992-05-02,34,Spain,Spain,45,165,62,Atlético de Madrid,116327,Liga F Moeve,,GK,GK,,Defense,Right,68,,66,38,34,62,13,45,9,11,20,10,60,22,10,13,15,15,10,68,21,30,71,20,15,36,12,15,11,11,10,72,43,22,30,18,2,1,66,62,60,72,68,,,,,,,Women's Football,1,ea-drop-api,272271,https://www.ea.com/games/ea-sports-fc/ratings?playerId=272271,ea-drop-api,ea-drop-api,,fc27,2026-08-28T08:51:40.553Z
272680,Sandra Perera,Sandra,Perera García,Sandra Perera,2001-04-11,25,Spain,Spain,45,170,65,DUX Logroño,132629,Liga F Moeve,,CM,"CM, CDM",CDM,Midfielder,Right,68,,67,68,67,58,65,45,61,36,40,67,61,70,36,37,71,69,61,64,62,50,70,70,61,53,62,40,35,70,48,61,55,70,60,55,2,3,12,11,10,13,9,,,,,,,Women's Football,1,ea-drop-api,272680,https://www.ea.com/games/ea-sports-fc/ratings?playerId=272680,ea-drop-api,ea-drop-api,,fc27,2026-08-28T08:51:40.553Z
265041,Julia Debitzki,Julia,Debitzki,,1991-06-25,35,Germany,Germany,21,171,60,,,GPFBL,,CDM,"CDM, CB, CM","CB, CM",Midfielder,Right,68,,48,45,50,54,52,62,49,55,55,61,63,65,52,52,68,65,62,62,47,59,60,65,62,67,69,52,72,66,67,69,57,77,67,68,2,2,14,12,14,8,8,,,,,,,Women's Football,1,ea-drop-api,265041,https://www.ea.com/games/ea-sports-fc/ratings?playerId=265041,ea-drop-api,ea-drop-api,,fc27,2026-08-28T08:51:40.553Z
71425,Payton Linnehan,Payton,Linnehan,,2001-03-25,25,USA,United States,95,168,60,NC Courage,116303,NWSL,,RM,"RM, LW, RW","LW, RW",Midfielder,Right,68,,54,58,50,67,67,69,67,66,59,70,65,68,63,56,70,60,46,68,54,63,69,72,60,40,45,68,33,37,36,68,70,70,70,58,3,3,7,10,12,5,15,,,,,,,Women's Football,1,ea-drop-api,71425,https://www.ea.com/games/ea-sports-fc/ratings?playerId=71425,ea-drop-api,ea-drop-api,,fc27,2026-08-28T08:51:40.553Z
71531,Cori Dyke,Cori,Dyke,,2000-09-20,25,USA,United States,95,168,60,Orlando Pride,116307,NWSL,,RB,RB,,Defense,Right,68,,63,61,64,40,35,48,43,30,37,44,61,53,64,36,69,61,57,64,64,55,68,67,61,71,70,66,72,75,66,63,70,43,70,67,3,2,5,6,13,12,8,,,,,,,Women's Football,1,ea-drop-api,71531,https://www.ea.com/games/ea-sports-fc/ratings?playerId=71531,ea-drop-api,ea-drop-api,,fc27,2026-08-28T08:51:40.553Z
72215,Samara Ortiz,Samara,Ortiz Cruz,Samara Ortiz,1997-07-16,29,Spain,Spain,45,159,50,RC Deportivo,131720,Liga F Moeve,,RB,"RB, LB, RM","LB, RM",Defense,Right,68,,72,70,73,40,35,38,50,37,42,55,64,58,67,41,71,63,51,64,66,67,65,60,65,66,65,58,64,72,66,55,61,62,51,57,2,2,7,9,15,8,11,,,,,,,Women's Football,1,ea-drop-api,72215,https://www.ea.com/games/ea-sports-fc/ratings?playerId=72215,ea-drop-api,ea-drop-api,,fc27,2026-08-28T08:51:40.553Z
275528,Elena Mühlemann,Elena,Mühlemann,,2003-08-12,23,Switzerland,Switzerland,47,174,61,,,GPFBL,,RM,"RM, RW",RW,Midfielder,Right,68,,59,64,54,59,64,59,49,38,59,73,66,64,70,54,69,66,45,67,50,57,71,71,60,50,41,55,45,60,43,60,65,55,64,57,3,2,10,5,13,5,9,,,,,,,Women's Football,1,ea-drop-api,275528,https://www.ea.com/games/ea-sports-fc/ratings?playerId=275528,ea-drop-api,ea-drop-api,,fc27,2026-08-28T08:51:40.553Z
79727,Luisa Palmen,Luisa,Palmen,,2002-02-04,24,Germany,Germany,21,180,70,,,GPFBL,,GK,GK,,Defense,Right,68,,65,19,25,68,9,53,8,7,19,10,70,57,13,16,27,28,12,69,24,46,64,14,41,21,14,22,15,16,13,67,42,25,39,18,1,1,65,68,70,67,69,,,,,,,Women's Football,1,ea-drop-api,79727,https://www.ea.com/games/ea-sports-fc/ratings?playerId=79727,ea-drop-api,ea-drop-api,,fc27,2026-08-28T08:51:40.553Z
268947,Martina Fernández,Martina,Fernández Vila,Martina Fernández,2004-10-01,21,Spain,Spain,45,168,58,Everton,116016,Barclays WSL,,CB,CB,,Defense,Right,68,,64,64,64,46,45,61,34,31,61,45,59,52,58,35,68,62,49,60,68,58,72,70,59,71,68,66,73,73,68,60,65,62,55,68,2,2,14,6,8,7,15,,,,,,,Women's Football,1,ea-drop-api,268947,https://www.ea.com/games/ea-sports-fc/ratings?playerId=268947,ea-drop-api,ea-drop-api,,fc27,2026-08-28T08:51:40.553Z
79221,Melanie Brunnthaler,Melanie,Brunnthaler,,2000-09-28,25,Austria,Austria,4,166,57,Hamburger SV,132533,GPFBL,,ST,ST,,Attack,Right,68,,71,69,73,69,71,69,66,62,65,67,57,56,52,58,62,49,65,73,72,81,70,75,66,32,29,65,25,31,26,57,64,66,53,56,2,4,14,15,11,7,12,,,,,,,Women's Football,1,ea-drop-api,79221,https://www.ea.com/games/ea-sports-fc/ratings?playerId=79221,ea-drop-api,ea-drop-api,,fc27,2026-08-28T08:51:40.553Z
76332,Madeline Dahlien,Madeline,Dahlien,,2004-07-25,22,USA,United States,95,175,66,Seattle Reign,116300,NWSL,,LM,"LM, LW",LW,Midfielder,Right,68,,67,66,67,65,67,65,65,62,43,69,65,62,68,42,69,66,52,68,69,58,66,70,56,36,33,62,31,36,31,57,70,48,67,40,3,3,8,8,6,13,15,,,,,,,Women's Football,1,ea-drop-api,76332,https://www.ea.com/games/ea-sports-fc/ratings?playerId=76332,ea-drop-api,ea-drop-api,,fc27,2026-08-28T08:51:40.553Z
276506,Paulina Bartz,Paulina,Bartz,,2005-05-09,21,Germany,Germany,21,171,58,Leverkusen,115996,GPFBL,,RM,"RM, CM, RW","CM, RW",Midfielder,Right,68,,72,71,72,59,63,56,55,46,56,72,64,64,69,50,67,56,59,68,74,64,67,68,60,41,32,31,28,63,40,52,52,46,55,50,2,3,11,8,6,12,14,,,,,,,Women's Football,1,ea-drop-api,276506,https://www.ea.com/games/ea-sports-fc/ratings?playerId=276506,ea-drop-api,ea-drop-api,,fc27,2026-08-28T08:51:40.553Z
76518,Trinity Armstrong,Trinity,Armstrong,,2007-07-25,19,USA,United States,95,167,61,San Diego Wave,116312,NWSL,,CB,CB,,Defense,Right,68,,66,64,68,42,42,52,40,31,40,29,53,40,48,29,68,55,38,62,60,74,67,70,56,69,66,63,68,74,68,63,68,55,64,67,3,2,15,9,7,9,7,,,,,,,Women's Football,1,ea-drop-api,76518,https://www.ea.com/games/ea-sports-fc/ratings?playerId=76518,ea-drop-api,ea-drop-api,,fc27,2026-08-28T08:51:40.553Z
273391,Amy Muir,Amy,Muir,,2000-03-07,26,Scotland,Scotland,42,170,62,Glasgow City FC,131363,Scottish Women's League,,LB,"LB, CB, LM","CB, LM",Defense,Right,68,,62,61,63,43,40,55,42,30,42,32,57,42,60,41,67,60,35,58,51,57,64,68,62,69,66,69,71,69,66,63,69,61,64,60,2,2,12,6,9,12,12,,,,,,,Women's Football,1,ea-drop-api,273391,https://www.ea.com/games/ea-sports-fc/ratings?playerId=273391,ea-drop-api,ea-drop-api,,fc27,2026-08-28T08:51:40.553Z
271598,Maëlle Seguin,Maëlle,Seguin,,2004-07-18,22,France,France,18,168,60,1. FC Nürnberg,131386,GPFBL,,CM,"CM, CDM",CDM,Midfielder,Right,68,,52,51,52,56,59,51,58,51,41,59,64,63,48,43,75,69,53,69,60,70,66,72,57,56,65,45,44,68,53,53,45,67,48,51,3,3,14,9,6,13,14,,,,,,,Women's Football,1,ea-drop-api,271598,https://www.ea.com/games/ea-sports-fc/ratings?playerId=271598,ea-drop-api,ea-drop-api,,fc27,2026-08-28T08:51:40.553Z
71586,Kennedy Wesley,Kennedy,Wesley,,2001-03-08,25,USA,United States,95,165,60,San Diego Wave,116312,NWSL,,CB,CB,,Defense,Right,68,,51,52,51,44,40,59,43,32,41,45,59,57,50,40,68,59,58,61,51,75,67,68,63,68,68,62,67,70,67,66,69,49,74,67,3,2,9,8,7,13,6,,,,,Precision Header,,Women's Football,1,ea-drop-api,71586,https://www.ea.com/games/ea-sports-fc/ratings?playerId=71586,ea-drop-api,ea-drop-api,,fc27,2026-08-28T08:51:40.553Z
71610,Emeri Adames,Emeri,Adames,,2006-04-03,20,USA,United States,95,165,57,Seattle Reign,116300,NWSL,,RM,"RM, LM, ST, RW","LM, ST, RW",Midfielder,Left,68,,66,67,65,67,69,68,67,65,51,68,65,66,67,42,72,55,58,68,65,61,68,74,53,34,34,53,28,35,32,47,50,48,42,56,3,3,7,11,14,12,15,,,,,,,Women's Football,1,ea-drop-api,71610,https://www.ea.com/games/ea-sports-fc/ratings?playerId=71610,ea-drop-api,ea-drop-api,,fc27,2026-08-28T08:51:40.553Z
270708,Margaux Vairon,Margaux,Vairon,,2003-04-24,23,France,France,18,160,50,,,Arkema PL,,LB,"LB, RB, RM","RB, RM",Defense,Right,68,,68,69,68,42,40,48,41,38,41,43,55,41,56,37,69,47,54,53,62,73,64,59,58,69,68,66,65,73,69,60,68,64,59,53,3,2,5,14,14,9,14,,,,,,,Women's Football,1,ea-drop-api,270708,https://www.ea.com/games/ea-sports-fc/ratings?playerId=270708,ea-drop-api,ea-drop-api,,fc27,2026-08-28T08:51:40.553Z
77049,Kaylie Ronan,Kaylie,Ronan,,2002-09-09,23,USA,United States,95,172,60,SV Werder Bremen,116004,GPFBL,,CB,CB,,Defense,Left,68,,74,71,76,35,35,41,30,32,42,30,50,35,39,31,66,58,30,48,60,69,57,60,52,70,69,69,67,72,71,69,78,67,72,61,2,2,11,14,8,10,7,,,,,,,Women's Football,1,ea-drop-api,77049,https://www.ea.com/games/ea-sports-fc/ratings?playerId=77049,ea-drop-api,ea-drop-api,,fc27,2026-08-28T08:51:40.553Z
273473,Sydney Collins,Sydney,Collins,,1999-09-08,26,Canada,Canada,70,173,62,Bay FC,131477,NWSL,,LB,"LB, CB",CB,Defense,Right,68,,61,60,61,40,36,52,40,32,39,34,54,34,56,32,68,57,37,58,44,52,68,68,61,71,71,69,71,73,69,60,69,52,63,62,3,2,7,14,7,10,8,,,,,,,Women's Football,1,ea-drop-api,273473,https://www.ea.com/games/ea-sports-fc/ratings?playerId=273473,ea-drop-api,ea-drop-api,,fc27,2026-08-28T08:51:40.553Z
271404,Dilara Acikgöz,Dilara,Acikgöz,,2004-06-02,22,Germany,Germany,21,163,57,Frankfurt,115997,GPFBL,,LB,"LB, LM",LM,Defense,Left,68,,62,61,63,40,45,35,36,29,51,34,61,49,68,55,68,56,62,60,69,74,67,70,63,66,65,62,67,67,65,51,54,63,42,60,2,2,9,13,13,9,15,,,,,,,Women's Football,1,ea-drop-api,271404,https://www.ea.com/games/ea-sports-fc/ratings?playerId=271404,ea-drop-api,ea-drop-api,,fc27,2026-08-28T08:51:40.553Z
273480,Gabrielle Robinson,Gabrielle,Robinson,,2000-06-18,26,USA,United States,95,173,61,KC Current,116309,NWSL,,CB,CB,,Defense,Right,68,,53,59,48,42,38,50,50,31,40,34,55,42,47,50,65,60,50,56,47,73,65,63,49,69,68,69,70,70,68,65,73,52,73,61,3,2,13,13,14,13,12,,,,,Block,,Women's Football,1,ea-drop-api,273480,https://www.ea.com/games/ea-sports-fc/ratings?playerId=273480,ea-drop-api,ea-drop-api,,fc27,2026-08-28T08:51:40.553Z
276237,Mikaela Stojanovska,Mikaela,Stojanovska,,2006-11-28,19,Sweden,Sweden,46,170,59,FC Rosengård,131362,Sverige Liga,,RB,"RB, RM",RM,Defense,Right,68,,64,69,60,38,39,45,29,39,39,39,56,45,62,38,68,43,45,61,53,48,72,70,48,66,66,65,65,68,63,55,64,67,52,45,3,2,13,15,13,8,12,,,,,,,Women's Football,1,ea-drop-api,276237,https://www.ea.com/games/ea-sports-fc/ratings?playerId=276237,ea-drop-api,ea-drop-api,,fc27,2026-08-28T08:51:40.553Z
75388,Klára Cvrčková,Klára,Cvrčková,,2001-07-25,25,Czechia,Czech Republic,12,167,58,Slavia Praha,131360,Ceska Liga Žen,,ST,ST,,Attack,Right,68,,67,63,70,70,73,72,68,64,52,72,48,43,38,47,62,37,46,61,57,57,62,67,52,27,17,61,30,22,20,65,71,60,71,53,2,2,6,12,8,12,5,,,,,,,Women's Football,1,ea-drop-api,75388,https://www.ea.com/games/ea-sports-fc/ratings?playerId=75388,ea-drop-api,ea-drop-api,,fc27,2026-08-28T08:51:40.553Z
265342,Ruby Mace,Ruby,Mace,,2003-09-03,22,England,England,14,168,65,,,Barclays WSL,,CDM,"CDM, CM",CM,Midfielder,Right,68,,36,34,37,45,35,63,47,35,52,48,60,51,61,48,66,63,50,55,32,34,63,67,63,69,73,53,70,71,68,70,60,52,80,70,3,2,15,6,6,14,11,,,,,Bruiser,,Women's Football,1,ea-drop-api,265342,https://www.ea.com/games/ea-sports-fc/ratings?playerId=265342,ea-drop-api,ea-drop-api,,fc27,2026-08-28T08:51:40.553Z
71160,Maycee Bell,Maycee,Bell,,2000-09-18,25,USA,United States,95,180,70,NC Courage,116303,NWSL,,CB,CB,,Defense,Right,68,,44,41,46,40,37,53,36,33,40,44,59,52,58,37,68,60,45,58,35,60,68,68,60,70,69,67,70,72,68,63,63,50,70,63,3,2,9,12,14,8,11,,,,,,,Women's Football,1,ea-drop-api,71160,https://www.ea.com/games/ea-sports-fc/ratings?playerId=71160,ea-drop-api,ea-drop-api,,fc27,2026-08-28T08:51:40.553Z
75108,Veerle Buurman,Veerle,Buurman,,2006-04-21,20,Netherlands,Holland,34,173,60,Chelsea,116010,Barclays WSL,,CB,CB,,Defense,Left,68,,66,64,68,35,36,38,31,27,47,31,50,42,34,33,67,56,35,51,47,60,60,68,61,69,69,69,66,73,68,63,70,61,63,64,3,2,13,12,10,10,6,,,,,,,Women's Football,1,ea-drop-api,75108,https://www.ea.com/games/ea-sports-fc/ratings?playerId=75108,ea-drop-api,ea-drop-api,,fc27,2026-08-28T08:51:40.553Z
73652,Amelie Bohnen,Amelie,Bohnen,,2001-08-16,25,Germany,Germany,21,170,60,1. FC Köln,116003,GPFBL,,CB,CB,,Defense,Right,68,,58,58,58,34,30,50,28,23,51,28,44,28,28,39,65,43,31,52,62,60,67,63,62,69,69,64,73,69,66,66,68,64,68,65,2,2,14,12,11,11,15,,,,,,,Women's Football,1,ea-drop-api,73652,https://www.ea.com/games/ea-sports-fc/ratings?playerId=73652,ea-drop-api,ea-drop-api,,fc27,2026-08-28T08:51:40.553Z
74954,Felicia Sträßer,Felicia,Sträßer,,2007-12-16,18,Germany,Germany,21,168,56,,,GPFBL,,RB,"RB, RM",RM,Defense,Right,68,,66,68,64,32,30,29,31,36,50,40,55,31,67,40,68,48,45,58,57,57,68,69,51,64,64,66,58,69,67,44,54,58,33,50,3,2,13,12,15,6,9,,,,,,,Women's Football,1,ea-drop-api,74954,https://www.ea.com/games/ea-sports-fc/ratings?playerId=74954,ea-drop-api,ea-drop-api,,fc27,2026-08-28T08:51:40.553Z
80230,Bella Andersson,Bella,Andersson,,2006-07-12,20,Sweden,Sweden,46,183,70,Real Madrid,116326,Liga F Moeve,,CB,CB,,Defense,Left,68,,66,65,67,24,23,35,16,22,30,22,44,30,25,24,67,50,26,51,53,64,62,66,52,68,68,75,66,68,65,66,77,61,70,60,2,2,13,14,6,9,6,,,,,,,Women's Football,1,ea-drop-api,80230,https://www.ea.com/games/ea-sports-fc/ratings?playerId=80230,ea-drop-api,ea-drop-api,,fc27,2026-08-28T08:51:40.553Z
251252,Daiane,Daiane Limeira,Santos Silva,Daiane,1997-09-07,28,Brazil,Brazil,54,180,68,Portland Thorns,116302,NWSL,,CB,CB,,Defense,Left,68,,54,55,53,24,21,36,16,24,36,28,55,32,50,29,72,69,36,46,34,47,50,56,67,72,66,76,69,77,70,63,73,63,60,66,3,2,15,11,15,10,15,,,,,,,Women's Football,1,ea-drop-api,251252,https://www.ea.com/games/ea-sports-fc/ratings?playerId=251252,ea-drop-api,ea-drop-api,,fc27,2026-08-28T08:51:40.553Z
74738,Marit Auée,Marit,Auée,,2002-01-11,24,Netherlands,Holland,34,178,70,Brighton,116013,Barclays WSL,,RB,"RB, CB",CB,Defense,Right,68,,62,65,60,23,21,23,20,29,35,44,53,39,63,25,66,43,40,57,51,73,65,65,50,69,67,66,71,68,68,48,55,70,38,45,3,2,15,7,8,15,10,,,,,,,Women's Football,1,ea-drop-api,74738,https://www.ea.com/games/ea-sports-fc/ratings?playerId=74738,ea-drop-api,ea-drop-api,,fc27,2026-08-28T08:51:40.553Z
228081,Amy Turner,Amy,Turner,,1991-07-04,35,England,England,14,166,60,Spurs,116011,Barclays WSL,,CB,CB,,Defense,Right,68,,32,33,32,27,24,36,20,29,41,23,48,34,25,25,73,53,28,51,34,63,68,65,53,68,64,71,72,68,61,65,68,34,75,76,3,2,6,9,14,9,6,,,,,,,Women's Football,1,ea-drop-api,228081,https://www.ea.com/games/ea-sports-fc/ratings?playerId=228081,ea-drop-api,ea-drop-api,,fc27,2026-08-28T08:51:40.553Z
273194,Jennyfer Limage,Jennyfer,Limage,,1997-12-25,28,Haiti,Haiti,80,180,57,RC Lens,132588,Arkema PL,,CDM,"CDM, CM, CB","CM, CB",Midfielder,Right,67,,70,68,72,54,58,48,55,47,45,59,58,66,42,48,63,63,57,68,71,74,68,65,68,65,70,60,66,65,60,76,78,67,83,68,3,3,13,15,13,10,15,,,,,Long Ball Pass,,Women's Football,1,ea-drop-api,273194,https://www.ea.com/games/ea-sports-fc/ratings?playerId=273194,ea-drop-api,ea-drop-api,,fc27,2026-08-28T08:51:40.553Z
76319,Abi Brighton,Abi,Brighton,,2002-03-29,24,USA,United States,95,170,64,Juventus,116280,Calcio A Femminile,,CM,CM,,Midfielder,Right,67,,68,66,69,62,65,60,60,58,47,65,58,61,33,40,73,65,42,70,65,72,66,74,58,62,65,60,58,67,59,66,69,66,66,64,3,3,10,8,8,7,10,,,,,,,Women's Football,1,ea-drop-api,76319,https://www.ea.com/games/ea-sports-fc/ratings?playerId=76319,ea-drop-api,ea-drop-api,,fc27,2026-08-28T08:51:40.553Z
265832,Amandine Béché,Amandine,Béché,,2001-11-12,24,France,France,18,164,58,Strasbourg,131724,Arkema PL,,RB,"RB, LB, RM","LB, RM",Defense,Right,67,,76,79,73,58,62,51,61,48,55,59,63,62,63,59,68,53,58,70,78,76,62,72,59,64,60,60,65,66,62,55,71,64,56,37,2,3,12,11,7,11,8,,,,,,,Women's Football,1,ea-drop-api,265832,https://www.ea.com/games/ea-sports-fc/ratings?playerId=265832,ea-drop-api,ea-drop-api,,fc27,2026-08-28T08:51:40.553Z
273050,Sofie Lundgaard,Sofie,Lundgaard,,2002-05-29,24,Denmark,Denmark,13,172,63,Liverpool,116343,Barclays WSL,,CM,CM,,Midfielder,Right,67,,71,70,71,66,72,59,64,56,54,70,59,69,35,52,69,64,30,68,70,65,69,70,59,57,58,46,56,64,49,61,58,65,59,60,3,3,11,9,9,13,6,,,,,,,Women's Football,1,ea-drop-api,273050,https://www.ea.com/games/ea-sports-fc/ratings?playerId=273050,ea-drop-api,ea-drop-api,,fc27,2026-08-28T08:51:40.553Z
73026,Nicole Ojukwu,Nicole,Ojukwu,,2005-11-28,20,Austria,Austria,4,163,55,SC Freiburg,116002,GPFBL,,CDM,"CDM, CB",CB,Midfielder,Right,67,,67,66,68,61,59,62,63,52,57,70,63,64,58,47,70,66,42,67,65,61,65,73,58,61,64,38,58,68,63,62,53,67,60,65,2,3,8,10,7,10,15,,,,,,,Women's Football,1,ea-drop-api,73026,https://www.ea.com/games/ea-sports-fc/ratings?playerId=73026,ea-drop-api,ea-drop-api,,fc27,2026-08-28T08:51:40.553Z
265075,Nia Szenk,Nia,Szenk,,2004-05-05,22,Germany,Germany,21,157,53,SC Freiburg,116002,GPFBL,,RB,"RB, RM",RM,Defense,Right,67,,71,70,71,57,58,58,55,41,61,60,59,55,64,42,66,50,41,65,69,62,68,67,62,64,65,55,68,64,61,63,66,68,62,59,2,2,13,14,8,7,11,,,,,,,Women's Football,1,ea-drop-api,265075,https://www.ea.com/games/ea-sports-fc/ratings?playerId=265075,ea-drop-api,ea-drop-api,,fc27,2026-08-28T08:51:40.553Z
273567,Chiara Hahn,Chiara,Hahn,,2002-01-02,24,Germany,Germany,21,177,62,TSG Hoffenheim,115999,GPFBL,,RB,"RB, RM",RM,Defense,Right,67,,69,69,69,61,68,59,60,28,46,63,62,64,57,36,70,65,34,68,60,41,70,73,54,61,68,56,55,63,59,57,59,71,50,56,3,3,11,15,11,12,6,,,,,,,Women's Football,1,ea-drop-api,273567,https://www.ea.com/games/ea-sports-fc/ratings?playerId=273567,ea-drop-api,ea-drop-api,,fc27,2026-08-28T08:51:40.553Z
71556,Savy King,Savy,King,,2005-02-07,21,USA,United States,95,168,62,Angel City FC,116311,NWSL,,CB,CB,,Defense,Right,67,,67,66,67,53,50,54,66,33,37,59,57,29,60,50,68,64,56,66,60,64,67,69,56,67,68,67,67,68,66,67,71,66,67,67,4,2,14,12,6,11,13,,,,,,,Women's Football,1,ea-drop-api,71556,https://www.ea.com/games/ea-sports-fc/ratings?playerId=71556,ea-drop-api,ea-drop-api,,fc27,2026-08-28T08:51:40.553Z
77548,Katie O'Kane,Katie,O'Kane,,2002-01-18,24,USA,United States,95,163,58,Rac. Louisville,116308,NWSL,,CM,CM,,Midfielder,Right,67,,71,70,72,61,64,56,65,43,44,65,63,65,58,42,71,65,38,69,71,67,66,73,53,54,64,54,42,59,55,59,61,69,55,57,3,2,6,5,9,10,10,,,,,,,Women's Football,1,ea-drop-api,77548,https://www.ea.com/games/ea-sports-fc/ratings?playerId=77548,ea-drop-api,ea-drop-api,,fc27,2026-08-28T08:51:40.553Z
276937,Vanessa Haim,Vanessa,Haim,,1997-05-01,29,Germany,Germany,21,157,53,Leverkusen,115996,GPFBL,,ST,ST,,Attack,Right,67,,67,68,67,68,71,66,68,59,59,72,62,67,53,45,69,58,51,68,67,60,70,71,62,52,63,54,43,55,45,60,61,68,58,56,3,2,8,10,12,6,13,,,,,,,Women's Football,1,ea-drop-api,276937,https://www.ea.com/games/ea-sports-fc/ratings?playerId=276937,ea-drop-api,ea-drop-api,,fc27,2026-08-28T08:51:40.553Z
264943,Leonie Köster,Leonie,Köster,,2001-04-06,25,Germany,Germany,21,167,60,Union Berlin,132589,GPFBL,,CDM,"CDM, CM",CM,Midfielder,Right,67,,60,74,48,60,59,62,64,35,68,65,60,63,38,52,71,68,43,70,72,68,72,72,62,64,64,56,65,65,63,62,69,55,62,67,3,3,12,11,12,6,6,,,,,,,Women's Football,1,ea-drop-api,264943,https://www.ea.com/games/ea-sports-fc/ratings?playerId=264943,ea-drop-api,ea-drop-api,,fc27,2026-08-28T08:51:40.553Z
276941,Pia Lucassen,Pia,Lucassen,,2006-05-14,20,Germany,Germany,21,170,60,,,GPFBL,,GK,GK,,Defense,Right,67,,68,38,50,65,15,50,16,14,16,17,66,21,11,13,20,25,19,71,42,30,64,11,18,43,14,10,17,14,10,63,41,16,30,16,2,1,68,65,66,63,71,,,,,,,Women's Football,1,ea-drop-api,276941,https://www.ea.com/games/ea-sports-fc/ratings?playerId=276941,ea-drop-api,ea-drop-api,,fc27,2026-08-28T08:51:40.553Z
77098,Emma Stølen Godø,Emma Stølen,Godø,,2000-05-31,26,Norway,Norway,36,178,67,Juventus,116280,Calcio A Femminile,,CM,CM,,Midfielder,Right,67,,68,66,69,65,67,68,68,41,46,66,60,68,45,46,68,63,37,68,64,68,65,74,50,54,64,56,42,64,42,59,63,68,58,49,3,2,8,10,5,13,13,,,,,,,Women's Football,1,ea-drop-api,77098,https://www.ea.com/games/ea-sports-fc/ratings?playerId=77098,ea-drop-api,ea-drop-api,,fc27,2026-08-28T08:51:40.553Z
275822,Tamara Morávková,Tamara,Morávková,,2003-01-02,23,Slovakia,Slovakia,43,165,56,Slavia Praha,131360,Ceska Liga Žen,,LM,"LM, LW",LW,Midfielder,Right,67,,71,70,72,65,66,65,69,40,58,66,63,59,62,60,67,61,56,68,62,65,62,71,61,43,23,56,33,60,52,63,69,64,70,45,3,3,8,14,7,9,5,,,,,,,Women's Football,1,ea-drop-api,275822,https://www.ea.com/games/ea-sports-fc/ratings?playerId=275822,ea-drop-api,ea-drop-api,,fc27,2026-08-28T08:51:40.553Z
271405,Ilayda Acikgöz,Ilayda,Acikgöz,,2004-06-02,22,Germany,Germany,21,163,57,Frankfurt,115997,GPFBL,,CM,"CM, CAM",CAM,Midfielder,Right,67,,62,61,63,64,65,65,63,57,59,68,60,68,33,55,69,65,53,70,77,75,67,72,63,57,67,54,46,66,42,58,56,61,53,67,3,2,9,15,15,14,7,,,,,,,Women's Football,1,ea-drop-api,271405,https://www.ea.com/games/ea-sports-fc/ratings?playerId=271405,ea-drop-api,ea-drop-api,,fc27,2026-08-28T08:51:40.553Z
272168,Núria Garrote,Núria,Garrote Camuñez,Núria Garrote,1997-06-10,29,Spain,Spain,45,164,60,Badalona Women,131125,Liga F Moeve,,RB,"RB, LB, LM","LB, LM",Defense,Right,67,,61,70,54,57,59,61,50,45,60,60,59,45,60,50,65,69,49,66,63,43,65,64,65,67,72,65,69,64,59,60,64,70,50,70,3,3,14,11,13,8,13,,,,,,,Women's Football,1,ea-drop-api,272168,https://www.ea.com/games/ea-sports-fc/ratings?playerId=272168,ea-drop-api,ea-drop-api,,fc27,2026-08-28T08:51:40.553Z
74580,Tessa Blumenberg,Tessa,Blumenberg,,2005-01-19,21,Germany,Germany,21,170,60,SC Freiburg,116002,GPFBL,,RM,"RM, LM, RW","LM, RW",Midfielder,Right,67,,71,73,70,62,67,59,55,50,63,66,64,64,67,56,65,63,46,66,67,60,65,68,61,46,40,55,42,55,38,60,68,61,61,53,2,3,8,11,13,12,7,,,,,,,Women's Football,1,ea-drop-api,74580,https://www.ea.com/games/ea-sports-fc/ratings?playerId=74580,ea-drop-api,ea-drop-api,,fc27,2026-08-28T08:51:40.553Z
272284,Isabella Jaron,Isabella,Jaron,,2002-01-24,24,Germany,Germany,21,171,62,,,GPFBL,,ST,"ST, CAM",CAM,Attack,Right,67,,67,64,70,67,70,67,65,63,57,69,62,57,59,60,70,60,52,66,63,54,66,69,64,42,40,58,41,42,34,65,67,65,67,57,3,2,8,12,10,13,10,,,,,,,Women's Football,1,ea-drop-api,272284,https://www.ea.com/games/ea-sports-fc/ratings?playerId=272284,ea-drop-api,ea-drop-api,,fc27,2026-08-28T08:51:40.553Z
70684,Amanda West,Amanda,West,,2001-02-11,25,Canada,Canada,70,165,58,Houston Dash,116306,NWSL,,ST,"ST, LM",LM,Attack,Left,67,,69,68,69,66,67,67,63,58,67,68,59,54,46,58,69,60,56,69,69,68,68,71,62,39,36,62,35,39,36,64,70,63,66,60,3,2,13,8,12,9,9,,,,,,,Women's Football,1,ea-drop-api,70684,https://www.ea.com/games/ea-sports-fc/ratings?playerId=70684,ea-drop-api,ea-drop-api,,fc27,2026-08-28T08:51:40.553Z
74017,Sofia Määttä,Sofia,Määttä,,2004-09-20,21,Finland,Finland,17,163,57,Glasgow City FC,131363,Scottish Women's League,,LM,"LM, RM, LW","RM, LW",Midfielder,Right,67,,66,67,66,59,59,62,57,55,49,67,62,67,59,41,67,62,40,68,68,58,64,70,68,54,64,48,38,67,45,56,57,63,58,40,3,3,8,5,6,11,10,,,,,,,Women's Football,1,ea-drop-api,74017,https://www.ea.com/games/ea-sports-fc/ratings?playerId=74017,ea-drop-api,ea-drop-api,,fc27,2026-08-28T08:51:40.553Z
79518,Linda Natter,Linda,Natter,,2005-05-12,21,Austria,Austria,4,165,56,TSG Hoffenheim,115999,GPFBL,,ST,"ST, CAM",CAM,Attack,Right,67,,84,83,84,69,72,69,66,65,64,69,57,56,54,56,62,49,66,68,78,72,58,69,64,29,28,51,26,28,25,58,67,63,55,59,4,3,9,13,10,8,6,,,,,,,Women's Football,1,ea-drop-api,79518,https://www.ea.com/games/ea-sports-fc/ratings?playerId=79518,ea-drop-api,ea-drop-api,,fc27,2026-08-28T08:51:40.553Z
273493,Lyza Jessee,Lyza,Jessee,,2001-07-27,25,USA,United States,95,178,63,Washington Spirit,116304,NWSL,,GK,GK,,Defense,Right,67,,66,33,33,68,7,47,6,8,10,6,63,41,10,10,28,17,12,67,24,46,61,10,33,33,7,13,7,11,14,68,43,21,38,11,3,1,66,68,63,68,67,,,,,,,Women's Football,1,ea-drop-api,273493,https://www.ea.com/games/ea-sports-fc/ratings?playerId=273493,ea-drop-api,ea-drop-api,,fc27,2026-08-28T08:51:40.553Z
72217,Yohana Gómez,Yohana,Gómez Camino,Yohana Gómez,1994-01-20,32,Spain,Spain,45,168,58,RC Deportivo,131720,Liga F Moeve,,GK,GK,,Defense,Right,67,,67,35,32,60,11,48,12,15,21,10,64,52,14,15,23,25,11,69,31,41,61,17,51,34,17,17,14,13,18,70,53,24,51,21,2,1,67,60,64,70,69,,,,,,,Women's Football,1,ea-drop-api,72217,https://www.ea.com/games/ea-sports-fc/ratings?playerId=72217,ea-drop-api,ea-drop-api,,fc27,2026-08-28T08:51:40.553Z
76334,Pietra Tordin,Pietra,Tordin,,2004-03-30,22,USA,United States,95,167,60,Portland Thorns,116302,NWSL,,ST,ST,,Attack,Right,67,,70,70,70,64,67,66,58,56,56,68,53,48,37,41,69,51,37,67,70,66,66,69,53,43,29,65,30,58,40,67,75,65,71,57,3,3,5,13,7,14,7,,,,,,,Women's Football,1,ea-drop-api,76334,https://www.ea.com/games/ea-sports-fc/ratings?playerId=76334,ea-drop-api,ea-drop-api,,fc27,2026-08-28T08:51:40.553Z
275889,Lourdes Romero,Lourdes,Romero,,2002-12-02,23,Germany,Germany,21,174,64,1. FC Nürnberg,131386,GPFBL,,GK,GK,,Defense,Right,67,,65,28,32,66,9,51,7,7,16,5,68,46,13,11,25,30,10,70,34,50,66,18,24,30,10,9,8,13,12,64,42,36,44,30,3,1,65,66,68,64,70,,,,,,,Women's Football,1,ea-drop-api,275889,https://www.ea.com/games/ea-sports-fc/ratings?playerId=275889,ea-drop-api,ea-drop-api,,fc27,2026-08-28T08:51:40.553Z
77421,Jayden Perry,Jayden,Perry,,2001-02-20,25,USA,United States,95,175,65,Portland Thorns,116302,NWSL,,CB,CB,,Defense,Left,67,,57,54,60,58,66,67,42,28,70,36,55,58,33,30,64,68,45,60,54,72,66,66,54,67,65,65,68,68,66,65,67,54,68,69,3,2,15,10,7,12,14,,,,,,,Women's Football,1,ea-drop-api,77421,https://www.ea.com/games/ea-sports-fc/ratings?playerId=77421,ea-drop-api,ea-drop-api,,fc27,2026-08-28T08:51:40.553Z
78677,Annaleen Böhler,Annaleen,Böhler,,2005-07-18,21,Germany,Germany,21,172,65,Hamburger SV,132533,GPFBL,,CB,CB,,Defense,Right,67,,69,66,72,51,52,54,50,46,44,54,60,52,60,42,67,63,53,51,67,58,61,59,49,69,68,68,66,72,69,60,70,52,62,60,2,2,14,13,10,15,7,,,,,,,Women's Football,1,ea-drop-api,78677,https://www.ea.com/games/ea-sports-fc/ratings?playerId=78677,ea-drop-api,ea-drop-api,,fc27,2026-08-28T08:51:40.553Z
267648,Manon Le Page,Manon,Le Page,,2003-01-06,23,France,France,18,173,62,Strasbourg,131724,Arkema PL,,GK,GK,,Defense,Right,67,,66,25,27,65,12,50,9,9,14,8,66,33,10,12,29,25,14,72,32,47,59,14,35,26,12,12,10,10,14,65,40,26,38,27,2,1,66,65,66,65,72,,,,,,,Women's Football,1,ea-drop-api,267648,https://www.ea.com/games/ea-sports-fc/ratings?playerId=267648,ea-drop-api,ea-drop-api,,fc27,2026-08-28T08:51:40.553Z
272121,Naroa,Naroa,Uriarte Urazurrutia,Naroa,2001-02-05,25,Spain,Spain,45,168,55,Athletic Club,116328,Liga F Moeve,,CB,CB,,Defense,Right,67,,70,71,70,37,38,35,30,36,62,44,57,51,62,36,60,63,40,60,69,65,62,70,63,69,73,40,75,70,72,66,62,61,71,61,2,2,6,12,14,11,7,,,,,,,Women's Football,1,ea-drop-api,272121,https://www.ea.com/games/ea-sports-fc/ratings?playerId=272121,ea-drop-api,ea-drop-api,,fc27,2026-08-28T08:51:40.553Z
276445,Patri Zugasti,Patricia,Zugasti Osés,Patri Zugasti,2000-08-07,26,Spain,Spain,45,165,63,Athletic Club,116328,Liga F Moeve,,ST,"ST, LW, LM","LW, LM",Attack,Right,67,,61,58,64,69,73,66,68,59,64,69,64,61,60,69,70,59,69,68,61,61,55,72,66,32,31,58,25,31,30,65,65,67,69,51,3,3,9,14,6,11,7,,,,,,,Women's Football,1,ea-drop-api,276445,https://www.ea.com/games/ea-sports-fc/ratings?playerId=276445,ea-drop-api,ea-drop-api,,fc27,2026-08-28T08:51:40.553Z
70236,Lina Gay,Lina,Gay,,2007-11-17,18,France,France,18,166,60,,,Arkema PL,,CM,CM,,Midfielder,Right,67,,68,71,66,54,58,50,57,30,45,60,60,66,38,38,72,68,35,69,59,59,56,76,50,50,57,50,33,62,46,57,60,67,54,50,2,2,8,13,14,6,9,,,,,,,Women's Football,1,ea-drop-api,70236,https://www.ea.com/games/ea-sports-fc/ratings?playerId=70236,ea-drop-api,ea-drop-api,,fc27,2026-08-28T08:51:40.553Z
70484,Hannah Stambaugh,Hannah,Stambaugh,,1998-12-24,27,Japan,Japan,163,175,66,Angel City FC,116311,NWSL,,GK,GK,,Defense,Right,67,,66,30,29,66,6,47,8,6,18,5,62,50,14,11,26,24,10,67,31,55,67,12,29,30,10,11,6,12,10,67,55,24,60,26,2,1,66,66,62,67,67,,,,,,,Women's Football,1,ea-drop-api,70484,https://www.ea.com/games/ea-sports-fc/ratings?playerId=70484,ea-drop-api,ea-drop-api,,fc27,2026-08-28T08:51:40.553Z
77799,Maddie Prohaska,Maddie,Prohaska,,2002-12-02,23,USA,United States,95,180,68,Seattle Reign,116300,NWSL,,GK,GK,,Defense,Right,67,,66,27,29,65,5,50,7,7,17,8,66,40,12,14,25,15,14,66,22,42,67,12,32,28,13,12,8,13,10,67,38,21,30,28,2,1,66,65,66,67,66,,,,,,,Women's Football,1,ea-drop-api,77799,https://www.ea.com/games/ea-sports-fc/ratings?playerId=77799,ea-drop-api,ea-drop-api,,fc27,2026-08-28T08:51:40.553Z
276480,Carlotta Imping,Carlotta,Imping,,2003-12-10,22,Germany,Germany,21,167,55,1. FC Köln,116003,GPFBL,,RB,"RB, RM",RM,Defense,Right,67,,61,53,67,49,54,55,39,28,60,30,57,37,64,48,68,51,55,66,70,59,70,66,53,67,68,56,70,67,62,58,58,63,57,53,2,2,15,9,8,7,13,,,,,,,Women's Football,1,ea-drop-api,276480,https://www.ea.com/games/ea-sports-fc/ratings?playerId=276480,ea-drop-api,ea-drop-api,,fc27,2026-08-28T08:51:40.553Z
73021,Anna-Lena Stolze,Anna-Lena,Stolze,,2000-07-08,26,Germany,Germany,21,170,69,1. FC Köln,116003,GPFBL,,ST,"ST, RM, RW","RM, RW",Attack,Right,67,,67,66,67,67,67,68,66,61,64,70,49,41,39,43,66,43,34,65,62,63,68,68,63,45,38,67,31,59,38,64,71,60,66,61,2,2,14,15,7,14,12,,,,,,,Women's Football,1,ea-drop-api,73021,https://www.ea.com/games/ea-sports-fc/ratings?playerId=73021,ea-drop-api,ea-drop-api,,fc27,2026-08-28T08:51:40.553Z
72782,Madison White,Madison,White,,2001-06-15,25,USA,United States,95,180,68,Rac. Louisville,116308,NWSL,,GK,GK,,Defense,Right,67,,63,33,19,67,7,50,8,9,16,4,66,49,12,10,21,26,11,68,35,44,64,18,34,27,8,10,5,13,12,65,40,19,32,27,3,1,63,67,66,65,68,,,,,,,Women's Football,1,ea-drop-api,72782,https://www.ea.com/games/ea-sports-fc/ratings?playerId=72782,ea-drop-api,ea-drop-api,,fc27,2026-08-28T08:51:40.553Z
267179,Beatrix Fördős,Beatrix,Fördős,,2002-01-07,24,Hungary,Hungary,23,177,67,1. FC Nürnberg,131386,GPFBL,,CB,CB,,Defense,Right,67,,65,63,66,47,47,50,46,43,52,44,57,54,45,46,65,62,48,53,61,68,63,59,58,67,67,68,66,69,65,67,71,65,69,63,2,2,12,13,6,13,11,,,,,,,Women's Football,1,ea-drop-api,267179,https://www.ea.com/games/ea-sports-fc/ratings?playerId=267179,ea-drop-api,ea-drop-api,,fc27,2026-08-28T08:51:40.553Z
71665,Mallie McKenzie,Mallie,McKenzie,,2000-11-13,25,USA,United States,95,175,66,Portland Thorns,116302,NWSL,,CB,CB,,Defense,Left,67,,64,66,63,44,43,60,35,33,48,36,57,50,50,42,68,61,40,60,67,66,67,66,66,68,67,70,68,68,67,62,72,51,66,62,2,2,6,9,7,11,8,,,,,,,Women's Football,1,ea-drop-api,71665,https://www.ea.com/games/ea-sports-fc/ratings?playerId=71665,ea-drop-api,ea-drop-api,,fc27,2026-08-28T08:51:40.553Z
73575,Sophie Lindner,Sophie,Lindner,,2002-07-20,24,Austria,Austria,4,183,64,TSG Hoffenheim,115999,GPFBL,,GK,GK,,Defense,Right,67,,69,22,25,67,6,45,6,9,15,7,60,36,10,14,24,24,14,66,31,42,55,10,36,23,8,13,5,13,13,70,38,23,31,18,2,1,69,67,60,70,66,,,,,,,Women's Football,1,ea-drop-api,73575,https://www.ea.com/games/ea-sports-fc/ratings?playerId=73575,ea-drop-api,ea-drop-api,,fc27,2026-08-28T08:51:40.553Z
73714,Lina Altenburg,Lina,Altenburg,,2005-03-23,21,Germany,Germany,21,173,60,Frankfurt,115997,GPFBL,,GK,GK,,Defense,Right,67,,68,16,28,66,5,49,6,8,15,8,65,30,14,13,29,28,13,66,37,49,60,11,24,21,7,14,6,11,14,69,37,21,34,20,2,1,68,66,65,69,66,,,,,,,Women's Football,1,ea-drop-api,73714,https://www.ea.com/games/ea-sports-fc/ratings?playerId=73714,ea-drop-api,ea-drop-api,,fc27,2026-08-28T08:51:40.553Z
74172,Aline Gomes,Aline,Gomes Amaro,Aline Gomes,2005-07-07,21,Brazil,Brazil,54,165,62,NC Courage,116303,NWSL,,LW,"LW, LM",LM,Attack,Right,67,,64,63,64,65,65,65,66,66,56,70,64,65,58,50,74,60,46,69,64,68,68,74,58,37,36,64,30,35,34,56,69,46,65,45,3,3,8,9,12,13,9,,,,,,,Women's Football,1,ea-drop-api,74172,https://www.ea.com/games/ea-sports-fc/ratings?playerId=74172,ea-drop-api,ea-drop-api,,fc27,2026-08-28T08:51:40.553Z
75968,Halle Mackiewicz,Halle,Mackiewicz,,2001-09-24,24,USA,United States,95,170,64,Chicago Stars FC,116305,NWSL,,GK,GK,,Defense,Right,67,,67,18,28,66,9,48,5,7,12,4,64,38,13,11,16,25,11,68,33,45,64,12,35,22,7,14,6,14,13,66,36,22,30,21,2,1,67,66,64,66,68,,,,,,,Women's Football,1,ea-drop-api,75968,https://www.ea.com/games/ea-sports-fc/ratings?playerId=75968,ea-drop-api,ea-drop-api,,fc27,2026-08-28T08:51:40.553Z
76323,Clare Gagne,Clare,Gagne,,2000-02-22,26,USA,United States,95,183,70,KC Current,116309,NWSL,,GK,GK,,Defense,Right,67,,66,22,19,67,7,49,5,6,15,5,65,38,12,13,20,20,11,67,33,48,65,13,33,21,14,11,6,12,11,65,44,27,45,20,2,1,66,67,65,65,67,,,,,,,Women's Football,1,ea-drop-api,76323,https://www.ea.com/games/ea-sports-fc/ratings?playerId=76323,ea-drop-api,ea-drop-api,,fc27,2026-08-28T08:51:40.553Z
277766,Maddie Pokorny,Maddie,Pokorny,,1996-11-24,29,USA,United States,95,160,56,Rac. Louisville,116308,NWSL,,LM,"LM, LB, LW","LB, LW",Midfielder,Right,67,,61,59,63,64,65,66,63,48,52,70,63,62,64,48,70,57,41,66,53,68,69,68,62,38,35,51,38,36,35,59,58,64,59,55,3,3,9,5,14,10,12,,,,,,,Women's Football,1,ea-drop-api,277766,https://www.ea.com/games/ea-sports-fc/ratings?playerId=277766,ea-drop-api,ea-drop-api,,fc27,2026-08-28T08:51:40.553Z
74912,Ava Easdon,Ava,Easdon,,2006-07-02,20,Scotland,Scotland,42,166,65,Glasgow City FC,131363,Scottish Women's League,,GK,GK,,Defense,Right,67,,64,19,21,65,8,50,9,6,14,5,66,32,13,14,18,18,10,67,31,49,66,16,21,20,13,11,7,12,11,68,52,16,61,26,2,1,64,65,66,68,67,,,,,,,Women's Football,1,ea-drop-api,74912,https://www.ea.com/games/ea-sports-fc/ratings?playerId=74912,ea-drop-api,ea-drop-api,,fc27,2026-08-28T08:51:40.553Z
80341,Anna Tørsløv,Anna,Tørsløv,,1998-07-28,28,Denmark,Denmark,13,165,57,Slavia Praha,131360,Ceska Liga Žen,,LB,"LB, LM",LM,Defense,Left,67,,70,67,72,39,38,41,36,31,48,49,58,52,57,43,65,58,45,62,73,69,62,68,54,65,67,53,66,68,65,55,54,68,49,54,2,2,11,13,7,10,8,,,,,,,Women's Football,1,ea-drop-api,80341,https://www.ea.com/games/ea-sports-fc/ratings?playerId=80341,ea-drop-api,ea-drop-api,,fc27,2026-08-28T08:51:40.553Z
279189,Ari Arias,Ariana,Arias Jiménez,Ari Arias,2003-05-25,23,Spain,Spain,45,172,63,C. Adeje Tenerife,116332,Liga F Moeve,,ST,ST,,Attack,Right,67,,69,70,69,66,69,66,65,51,51,71,59,70,42,61,66,51,55,65,66,69,61,70,60,31,27,67,25,30,24,59,71,57,62,51,2,3,6,14,8,9,6,,,,,,,Women's Football,1,ea-drop-api,279189,https://www.ea.com/games/ea-sports-fc/ratings?playerId=279189,ea-drop-api,ea-drop-api,,fc27,2026-08-28T08:51:40.553Z
72333,Maj Schneider,Maj,Schneider,,2007-08-29,18,Germany,Germany,21,170,60,SC Freiburg,116002,GPFBL,,CDM,"CDM, CM",CM,Midfielder,Right,67,,53,51,55,51,55,54,45,28,55,48,60,56,60,37,68,64,35,60,33,75,67,67,50,67,69,57,68,68,62,57,55,64,53,59,2,2,6,6,7,9,8,,,,,,,Women's Football,1,ea-drop-api,72333,https://www.ea.com/games/ea-sports-fc/ratings?playerId=72333,ea-drop-api,ea-drop-api,,fc27,2026-08-28T08:51:40.553Z
72477,Josephine Bonsu,Josephine,Bonsu,,1999-08-20,27,Ghana,Ghana,117,165,58,,,GPFBL,,RM,"RM, RB",RB,Midfielder,Right,67,,69,67,71,66,68,63,66,61,60,70,62,67,66,41,68,48,47,65,50,93,70,67,50,45,32,62,30,60,52,41,53,62,34,31,2,3,8,14,12,14,12,,,,,,,Women's Football,1,ea-drop-api,72477,https://www.ea.com/games/ea-sports-fc/ratings?playerId=72477,ea-drop-api,ea-drop-api,,fc27,2026-08-28T08:51:40.553Z
74187,Vanesa Jílková,Vanesa,Jílková,,2005-08-23,21,Czechia,Czech Republic,12,170,60,Slavia Praha,131360,Ceska Liga Žen,,GK,GK,,Defense,Right,67,,68,22,25,66,7,45,8,6,18,8,60,30,14,14,24,23,12,68,29,47,69,12,28,23,14,11,6,14,14,63,38,17,33,21,3,1,68,66,60,63,68,,,,,,,Women's Football,1,ea-drop-api,74187,https://www.ea.com/games/ea-sports-fc/ratings?playerId=74187,ea-drop-api,ea-drop-api,,fc27,2026-08-28T08:51:40.553Z
76217,Brooklyn Courtnall,Brooklyn,Courtnall,,2002-12-28,23,Canada,Canada,70,173,65,Bay FC,131477,NWSL,,CB,CB,,Defense,Right,67,,63,65,62,41,34,55,41,33,54,33,51,40,39,30,66,57,34,62,67,66,69,67,62,68,67,67,68,69,67,62,70,53,64,66,3,2,6,6,11,12,11,,,,,,,Women's Football,1,ea-drop-api,76217,https://www.ea.com/games/ea-sports-fc/ratings?playerId=76217,ea-drop-api,ea-drop-api,,fc27,2026-08-28T08:51:40.553Z
75061,Daniela Agote,Daniela,Agote Aguirre,Daniela Agote,2006-08-27,20,Spain,Spain,45,163,54,Athletic Club,116328,Liga F Moeve,,RW,"RW, RM, LW","RM, LW",Attack,Right,67,,76,75,77,61,66,53,60,60,62,58,57,61,61,37,60,51,49,72,74,62,57,74,58,37,45,49,35,35,25,43,51,54,43,28,4,3,10,12,12,7,10,,,,,,,Women's Football,1,ea-drop-api,75061,https://www.ea.com/games/ea-sports-fc/ratings?playerId=75061,ea-drop-api,ea-drop-api,,fc27,2026-08-28T08:51:40.553Z
266406,Melina Reuter,Melina,Reuter,,2005-12-20,20,Germany,Germany,21,164,55,,,GPFBL,,LM,"LM, ST, LW","ST, LW",Midfielder,Right,67,,72,75,70,58,62,49,56,60,55,65,61,62,67,39,63,58,46,64,52,61,64,68,59,31,45,64,37,10,14,59,70,64,57,55,2,3,11,6,15,9,5,,,,,,,Women's Football,1,ea-drop-api,266406,https://www.ea.com/games/ea-sports-fc/ratings?playerId=266406,ea-drop-api,ea-drop-api,,fc27,2026-08-28T08:51:40.553Z
71663,Talia Staude,Talia,Staude,,2001-04-30,25,USA,United States,95,170,63,NC Courage,116303,NWSL,,CB,CB,,Defense,Left,67,,58,62,54,41,35,54,40,37,56,36,52,38,41,33,68,58,36,62,64,68,69,68,63,68,68,67,69,67,68,62,69,54,63,67,3,2,6,14,7,9,8,,,,,,,Women's Football,1,ea-drop-api,71663,https://www.ea.com/games/ea-sports-fc/ratings?playerId=71663,ea-drop-api,ea-drop-api,,fc27,2026-08-28T08:51:40.553Z
70308,Hannah Anderson,Hannah,Anderson,,2001-04-03,25,USA,United States,95,178,67,Chicago Stars FC,116305,NWSL,,CB,CB,,Defense,Right,67,,53,53,53,41,39,49,39,35,40,47,53,46,41,30,68,57,37,55,55,67,63,57,57,67,64,68,68,69,64,68,70,60,72,66,3,2,10,14,15,14,11,,,,,,,Women's Football,1,ea-drop-api,70308,https://www.ea.com/games/ea-sports-fc/ratings?playerId=70308,ea-drop-api,ea-drop-api,,fc27,2026-08-28T08:51:40.553Z
266404,Alina Axtmann,Alina,Axtmann,,2005-06-25,21,Germany,Germany,21,167,59,SC Freiburg,116002,GPFBL,,CB,CB,,Defense,Right,67,,51,51,51,49,49,64,39,52,40,42,57,36,60,21,72,58,47,55,34,34,63,69,61,70,67,67,70,73,71,55,62,43,58,61,2,2,9,14,8,13,7,,,,,,,Women's Football,1,ea-drop-api,266404,https://www.ea.com/games/ea-sports-fc/ratings?playerId=266404,ea-drop-api,ea-drop-api,,fc27,2026-08-28T08:51:40.553Z
277780,Lara Martins,Lara,Nogueira Martins,Lara Martins,2006-10-01,19,Portugal,Portugal,38,163,52,SL Benfica,131358,Liga Portugal Feminino,,ST,ST,,Attack,Right,67,,67,69,66,69,73,69,65,59,56,70,53,49,40,48,67,48,52,67,72,68,52,73,48,28,25,63,20,29,24,51,64,57,54,33,3,3,14,12,9,11,10,,,,,,,Women's Football,1,ea-drop-api,277780,https://www.ea.com/games/ea-sports-fc/ratings?playerId=277780,ea-drop-api,ea-drop-api,,fc27,2026-08-28T08:51:40.553Z
72798,Lotta Lindström,Lotta,Lindström,,2004-09-10,21,Finland,Finland,17,166,59,London City,132176,Barclays WSL,,ST,ST,,Attack,Right,67,,63,65,62,65,66,66,65,64,47,67,50,54,33,40,66,41,33,67,60,50,72,71,48,26,21,61,19,25,29,57,68,56,65,36,3,2,9,13,14,9,14,,,,,,,Women's Football,1,ea-drop-api,72798,https://www.ea.com/games/ea-sports-fc/ratings?playerId=72798,ea-drop-api,ea-drop-api,,fc27,2026-08-28T08:51:40.553Z
277005,Yannel Correa,Yannel,Correa,,1996-09-10,29,Uruguay,Uruguay,60,174,68,,,Liga F Moeve,,CB,CB,,Defense,Right,67,,63,62,64,30,21,41,36,35,37,31,50,40,38,33,62,62,37,50,61,66,57,66,65,70,66,72,72,72,60,64,81,61,61,69,2,2,11,6,12,9,12,,,,,,,Women's Football,1,ea-drop-api,277005,https://www.ea.com/games/ea-sports-fc/ratings?playerId=277005,ea-drop-api,ea-drop-api,,fc27,2026-08-28T08:51:40.553Z
78596,Katja Orschmann,Katja,Orschmann,,1998-01-08,28,Germany,Germany,21,165,57,Union Berlin,132589,GPFBL,,CB,CB,,Defense,Right,67,,47,43,51,43,45,46,41,37,46,32,49,35,36,39,63,58,43,50,44,62,59,58,61,71,71,67,72,73,69,59,59,58,59,59,2,2,10,13,10,10,13,,,,,,,Women's Football,1,ea-drop-api,78596,https://www.ea.com/games/ea-sports-fc/ratings?playerId=78596,ea-drop-api,ea-drop-api,,fc27,2026-08-28T08:51:40.553Z
73755,Jordyn Bugg,Jordyn,Bugg,,2006-08-11,20,USA,United States,95,170,63,Seattle Reign,116300,NWSL,,CB,CB,,Defense,Left,67,,36,38,34,46,35,66,62,30,30,40,51,32,41,42,65,64,44,60,36,58,69,67,56,69,68,68,68,72,67,56,61,33,65,63,3,2,5,12,9,11,14,,,,,,,Women's Football,1,ea-drop-api,73755,https://www.ea.com/games/ea-sports-fc/ratings?playerId=73755,ea-drop-api,ea-drop-api,,fc27,2026-08-28T08:51:40.553Z
275457,Brooke Aspin,Brooke,Aspin,,2005-07-01,21,England,England,14,171,66,Chelsea,116010,Barclays WSL,,CB,CB,,Defense,Right,67,,47,50,45,34,35,38,35,23,41,18,50,35,34,38,68,59,36,50,43,41,59,60,51,66,64,68,65,70,63,67,72,44,77,68,3,2,9,14,13,5,14,,,,,Long Ball Pass,,Women's Football,1,ea-drop-api,275457,https://www.ea.com/games/ea-sports-fc/ratings?playerId=275457,ea-drop-api,ea-drop-api,,fc27,2026-08-28T08:51:40.553Z
275450,Naomi Layzell,Naomi,Layzell,,2004-02-29,22,England,England,14,177,68,Manchester City,116017,Barclays WSL,,CB,"CB, LB, CDM","LB, CDM",Defense,Right,67,,46,39,52,32,35,29,34,17,39,25,51,36,30,38,73,63,25,52,39,36,60,61,59,68,66,69,70,69,64,63,62,55,67,65,3,2,10,14,10,14,9,,,,,,,Women's Football,1,ea-drop-api,275450,https://www.ea.com/games/ea-sports-fc/ratings?playerId=275450,ea-drop-api,ea-drop-api,,fc27,2026-08-28T08:51:40.553Z
71502,Olivia Wade-Katoa,Olivia,Wade-Katoa,,1999-12-28,26,USA,United States,95,173,65,Portland Thorns,116302,NWSL,,CM,CM,,Midfielder,Right,66,,64,67,62,65,67,66,66,45,58,66,65,65,62,56,69,66,58,68,73,68,66,68,58,64,65,58,66,64,62,62,67,61,66,51,3,2,14,12,10,8,13,,,,,,,Women's Football,1,ea-drop-api,71502,https://www.ea.com/games/ea-sports-fc/ratings?playerId=71502,ea-drop-api,ea-drop-api,,fc27,2026-08-28T08:51:40.553Z
78683,Melina Krüger,Melina,Krüger,,2006-01-05,20,Germany,Germany,21,170,60,Hamburger SV,132533,GPFBL,,RW,"RW, ST, RM","ST, RM",Attack,Right,66,,68,66,70,64,65,67,63,57,62,64,65,67,58,59,69,65,61,69,73,64,59,72,60,56,61,43,57,59,51,58,55,56,61,55,3,3,14,8,15,13,10,,,,,,,Women's Football,1,ea-drop-api,78683,https://www.ea.com/games/ea-sports-fc/ratings?playerId=78683,ea-drop-api,ea-drop-api,,fc27,2026-08-28T08:51:40.553Z
76516,Manaka Hayashi,Manaka,Hayashi,,2004-08-16,22,Japan,Japan,163,167,57,Chicago Stars FC,116305,NWSL,,CM,CM,,Midfielder,Right,66,,66,68,65,63,63,68,65,50,57,62,64,66,57,44,70,66,54,67,63,73,62,70,64,54,61,52,46,61,41,62,62,72,60,55,3,3,11,11,7,6,7,,,,,,,Women's Football,1,ea-drop-api,76516,https://www.ea.com/games/ea-sports-fc/ratings?playerId=76516,ea-drop-api,ea-drop-api,,fc27,2026-08-28T08:51:40.553Z
73715,Nelly Juckel,Nelly,Juckel,,2002-02-12,24,Germany,Germany,21,162,55,,,GPFBL,,LB,"LB, LM",LM,Defense,Right,66,,68,70,66,58,58,60,58,55,60,59,56,41,62,51,65,50,42,62,64,70,68,60,60,64,64,62,66,64,61,67,71,68,66,65,2,2,6,14,8,13,6,,,,,,,Women's Football,1,ea-drop-api,73715,https://www.ea.com/games/ea-sports-fc/ratings?playerId=73715,ea-drop-api,ea-drop-api,,fc27,2026-08-28T08:51:40.553Z
276842,Paula Hoppe,Paula,Hoppe,,2006-03-25,20,Germany,Germany,21,170,56,1. FC Köln,116003,GPFBL,,GK,GK,,Defense,Left,66,,70,49,47,62,11,47,15,12,10,15,63,21,13,13,21,28,17,67,50,27,62,13,16,48,12,10,16,12,12,64,44,15,30,11,2,1,70,62,63,64,67,,,,,Cross Claimer,,Women's Football,1,ea-drop-api,276842,https://www.ea.com/games/ea-sports-fc/ratings?playerId=276842,ea-drop-api,ea-drop-api,,fc27,2026-08-28T08:51:40.553Z
73655,Emőke Pápai,Emőke,Pápai,,2003-06-24,23,Hungary,Hungary,23,168,62,SV Werder Bremen,116004,GPFBL,,CM,"CM, LM, CAM","LM, CAM",Midfielder,Right,66,,69,68,70,61,63,59,61,48,55,68,63,65,62,43,68,64,38,66,66,57,69,68,55,55,61,42,54,60,43,57,53,62,56,54,2,3,11,13,5,14,6,,,,,,,Women's Football,1,ea-drop-api,73655,https://www.ea.com/games/ea-sports-fc/ratings?playerId=73655,ea-drop-api,ea-drop-api,,fc27,2026-08-28T08:51:40.553Z
265172,Sarah-Lisa Dübel,Sarah-Lisa,Dübel,,1998-03-26,28,Germany,Germany,21,185,72,SC Freiburg,116002,GPFBL,,GK,GK,,Defense,Right,66,,63,44,39,64,12,51,14,5,55,6,68,66,12,22,40,34,14,66,44,33,63,15,26,42,11,11,7,16,17,67,61,15,64,27,2,1,63,64,68,67,66,,,,,,,Women's Football,1,ea-drop-api,265172,https://www.ea.com/games/ea-sports-fc/ratings?playerId=265172,ea-drop-api,ea-drop-api,,fc27,2026-08-28T08:51:40.553Z
70490,Alex Pfeiffer,Alex,Pfeiffer,,2007-11-26,18,USA,United States,95,165,58,KC Current,116309,NWSL,,RW,"RW, LW, RM","LW, RM",Attack,Right,66,,70,69,70,65,67,65,63,56,59,70,62,65,55,57,70,56,47,67,69,72,64,68,50,43,40,66,36,44,40,62,70,62,63,57,5,3,9,9,6,11,9,,,,,,,Women's Football,1,ea-drop-api,70490,https://www.ea.com/games/ea-sports-fc/ratings?playerId=70490,ea-drop-api,ea-drop-api,,fc27,2026-08-28T08:51:40.553Z
265043,Kim Sindermann,Kim,Sindermann,,2001-01-01,25,Germany,Germany,21,170,65,,,GPFBL,,GK,GK,,Defense,Right,66,,65,33,51,64,15,50,10,17,51,14,67,59,21,35,18,17,23,67,43,66,64,12,35,40,11,18,12,14,16,66,61,15,68,11,2,1,65,64,67,66,67,,,,,,,Women's Football,1,ea-drop-api,265043,https://www.ea.com/games/ea-sports-fc/ratings?playerId=265043,ea-drop-api,ea-drop-api,,fc27,2026-08-28T08:51:40.553Z
265137,Hannah Mesch,Hannah,Mesch,,2004-12-03,21,Germany,Germany,21,168,60,,,GPFBL,,ST,"ST, LM",LM,Attack,Right,66,,70,68,72,66,66,65,68,63,55,69,56,55,54,50,64,47,43,66,68,51,64,68,60,51,51,66,42,58,40,60,70,55,61,59,3,2,11,15,14,5,5,,,,,,,Women's Football,1,ea-drop-api,265137,https://www.ea.com/games/ea-sports-fc/ratings?playerId=265137,ea-drop-api,ea-drop-api,,fc27,2026-08-28T08:51:40.553Z
275823,Kristýna Růžičková,Kristýna,Růžičková,,2002-11-05,23,Czechia,Czech Republic,12,172,64,Slavia Praha,131360,Ceska Liga Žen,,LM,"LM, RM, ST, LW","RM, ST, LW",Midfielder,Right,66,,65,64,65,58,61,56,58,30,51,66,62,64,59,43,69,64,37,64,48,53,66,69,58,56,53,64,45,64,59,64,70,57,69,60,3,3,8,9,13,12,13,,,,,,,Women's Football,1,ea-drop-api,275823,https://www.ea.com/games/ea-sports-fc/ratings?playerId=275823,ea-drop-api,ea-drop-api,,fc27,2026-08-28T08:51:40.553Z
74024,Amy Anderson,Amy,Anderson,,1997-11-27,28,Scotland,Scotland,42,162,57,Glasgow City FC,131363,Scottish Women's League,,CM,"CM, CDM",CDM,Midfielder,Right,66,,68,68,68,60,60,66,57,54,52,64,61,60,48,44,73,66,40,65,67,57,67,67,65,56,66,50,42,68,48,58,62,62,62,44,3,2,7,12,14,7,13,,,,,,,Women's Football,1,ea-drop-api,74024,https://www.ea.com/games/ea-sports-fc/ratings?playerId=74024,ea-drop-api,ea-drop-api,,fc27,2026-08-28T08:51:40.553Z
275782,Ángeles,Ángeles,Del Álamo Sánchez,Ángeles,1998-06-23,28,Spain,Spain,45,170,63,RCD Espanyol,131733,Liga F Moeve,,ST,"ST, LW, LM","LW, LM",Attack,Right,66,,73,72,74,61,63,61,60,45,61,71,56,55,41,42,71,54,41,67,62,71,72,70,66,45,48,59,34,51,41,66,74,64,72,50,2,2,14,5,6,14,14,,,,,,,Women's Football,1,ea-drop-api,275782,https://www.ea.com/games/ea-sports-fc/ratings?playerId=275782,ea-drop-api,ea-drop-api,,fc27,2026-08-28T08:51:40.553Z
76620,Sintia Cabezas,Sintia,Cabezas,,2006-05-01,20,Colombia,Colombia,56,161,52,,,Liga F Moeve,,LB,"LB, LM",LM,Defense,Right,66,,73,70,76,40,32,66,35,35,42,36,55,52,50,31,68,48,44,66,71,76,60,70,47,65,64,65,65,66,59,68,72,67,68,68,3,2,5,11,12,10,13,,,,,Rapid,,Women's Football,1,ea-drop-api,76620,https://www.ea.com/games/ea-sports-fc/ratings?playerId=76620,ea-drop-api,ea-drop-api,,fc27,2026-08-28T08:51:40.553Z
267351,Elizabeth Eddy,Elizabeth,Eddy,,1991-09-13,34,USA,United States,95,163,58,Angel City FC,116311,NWSL,,LB,"LB, LM",LM,Defense,Right,66,,55,54,55,54,48,61,57,59,47,61,64,57,63,52,70,61,69,66,59,45,69,70,77,66,66,61,68,67,64,62,64,51,65,68,3,3,15,7,11,10,7,,,,,,,Women's Football,1,ea-drop-api,267351,https://www.ea.com/games/ea-sports-fc/ratings?playerId=267351,ea-drop-api,ea-drop-api,,fc27,2026-08-28T08:51:40.553Z
76889,Sarah Weber,Sarah,Weber,,2003-02-14,23,USA,United States,95,168,63,Rac. Louisville,116308,NWSL,,LW,"LW, ST, LM","ST, LM",Attack,Right,66,,66,67,65,62,64,66,55,56,56,66,61,58,65,34,70,52,42,66,61,73,67,71,55,45,61,62,33,42,36,66,73,61,71,60,3,3,13,7,13,8,10,,,,,,,Women's Football,1,ea-drop-api,76889,https://www.ea.com/games/ea-sports-fc/ratings?playerId=76889,ea-drop-api,ea-drop-api,,fc27,2026-08-28T08:51:40.553Z
77162,Hannah Bebar,Hannah,Bebar,,2001-09-05,24,USA,United States,95,163,58,Bay FC,131477,NWSL,,CM,CM,,Midfielder,Right,66,,66,63,68,62,66,61,62,41,42,66,62,63,57,44,68,61,58,67,61,55,63,73,51,52,60,47,37,63,55,57,53,65,54,54,3,2,7,12,6,13,6,,,,,,,Women's Football,1,ea-drop-api,77162,https://www.ea.com/games/ea-sports-fc/ratings?playerId=77162,ea-drop-api,ea-drop-api,,fc27,2026-08-28T08:51:40.553Z
76690,Maggie Graham,Maggie,Graham,,2002-07-10,24,USA,United States,95,175,65,Houston Dash,116306,NWSL,,RW,"RW, RM",RM,Attack,Right,66,,60,56,63,61,65,62,62,34,45,66,63,65,62,40,68,60,48,68,67,67,66,73,59,54,63,58,41,62,48,59,59,71,55,55,3,3,13,11,10,9,5,,,,,,,Women's Football,1,ea-drop-api,76690,https://www.ea.com/games/ea-sports-fc/ratings?playerId=76690,ea-drop-api,ea-drop-api,,fc27,2026-08-28T08:51:40.553Z
265890,Emma Francart,Emma,Francart,,2004-01-31,22,France,France,18,172,68,FC Fleury 91,116036,Arkema PL,,GK,GK,,Defense,Right,66,,69,38,32,67,12,47,9,8,15,9,63,33,14,13,26,21,17,68,42,45,57,15,35,36,17,13,15,14,14,62,61,33,70,27,2,1,69,67,63,62,68,,,,,,,Women's Football,1,ea-drop-api,265890,https://www.ea.com/games/ea-sports-fc/ratings?playerId=265890,ea-drop-api,ea-drop-api,,fc27,2026-08-28T08:51:40.553Z
273199,Maudeline Moryl,Maudeline,Moryl,,2003-01-24,23,Haiti,Haiti,80,160,53,Marseille,132370,Arkema PL,,CDM,"CDM, CM",CM,Midfielder,Right,66,,65,62,68,48,50,46,46,34,45,56,58,57,49,38,66,65,43,67,69,72,59,68,59,65,68,53,63,69,66,62,61,61,60,66,3,2,8,15,8,12,7,,,,,,,Women's Football,1,ea-drop-api,273199,https://www.ea.com/games/ea-sports-fc/ratings?playerId=273199,ea-drop-api,ea-drop-api,,fc27,2026-08-28T08:51:40.553Z
273211,Hlín Eiríksdóttir,Hlín,Eiríksdóttir,,2000-06-12,26,Iceland,Iceland,24,167,58,,,Barclays WSL,,RM,"RM, ST, LM, RW","ST, LM, RW",Midfielder,Right,66,,69,69,69,69,72,69,67,62,59,68,59,59,67,56,63,39,69,66,58,62,60,68,65,30,19,66,23,33,29,71,78,66,78,58,4,3,9,8,13,14,11,,,,,,,Women's Football,1,ea-drop-api,273211,https://www.ea.com/games/ea-sports-fc/ratings?playerId=273211,ea-drop-api,ea-drop-api,,fc27,2026-08-28T08:51:40.553Z
71809,Kimmi Ascanio,Kimmi,Ascanio,,2008-01-21,18,USA,United States,95,165,58,San Diego Wave,116312,NWSL,,ST,ST,,Attack,Right,66,,67,70,64,61,62,66,60,55,46,66,56,54,39,38,71,59,37,72,69,66,64,78,47,55,57,65,45,60,55,52,62,54,49,54,3,3,11,13,6,8,6,,,,,,,Women's Football,1,ea-drop-api,71809,https://www.ea.com/games/ea-sports-fc/ratings?playerId=71809,ea-drop-api,ea-drop-api,,fc27,2026-08-28T08:51:40.553Z
71529,Brecken Mozingo,Brecken,Mozingo,,2001-03-08,25,USA,United States,95,167,60,Utah Royals FC,131478,NWSL,,RM,"RM, RW",RW,Midfielder,Left,66,,63,62,63,59,60,57,67,42,51,60,68,63,69,69,69,67,69,65,62,63,58,69,65,47,42,54,54,43,39,59,62,66,63,40,3,3,9,7,7,10,9,,,,,,,Women's Football,1,ea-drop-api,71529,https://www.ea.com/games/ea-sports-fc/ratings?playerId=71529,ea-drop-api,ea-drop-api,,fc27,2026-08-28T08:51:40.553Z
77095,Prisca Chilufya,Prisca,Chilufya,,1999-06-08,27,Zambia,Zambia,147,170,64,Orlando Pride,116307,NWSL,,ST,ST,,Attack,Right,66,,75,72,77,61,60,66,62,58,45,67,56,45,52,43,68,57,41,66,70,70,66,67,51,35,34,68,28,36,22,68,79,68,75,47,3,2,5,14,6,12,13,,,,,,,Women's Football,1,ea-drop-api,77095,https://www.ea.com/games/ea-sports-fc/ratings?playerId=77095,ea-drop-api,ea-drop-api,,fc27,2026-08-28T08:51:40.553Z
80042,Margot Shore,Margot,Shore,,1997-03-15,29,Italy,Italy,27,172,60,Marseille,132370,Arkema PL,,GK,GK,,Defense,Right,66,,61,35,26,62,8,51,18,16,35,6,68,49,33,15,39,34,23,70,28,44,63,20,35,31,15,12,7,16,13,69,42,15,35,30,2,1,61,62,68,69,70,,,,,,,Women's Football,1,ea-drop-api,80042,https://www.ea.com/games/ea-sports-fc/ratings?playerId=80042,ea-drop-api,ea-drop-api,,fc27,2026-08-28T08:51:40.553Z
74194,Barbora Polcarová,Barbora,Polcarová,,2002-07-24,24,Czechia,Czech Republic,12,170,60,Slavia Praha,131360,Ceska Liga Žen,,CDM,"CDM, CB, CM","CB, CM",Midfielder,Right,66,,66,65,67,56,59,58,57,40,38,53,59,60,44,33,69,66,40,58,54,71,64,65,51,65,68,47,66,68,64,55,50,62,49,62,3,2,6,12,13,6,10,,,,,,,Women's Football,1,ea-drop-api,74194,https://www.ea.com/games/ea-sports-fc/ratings?playerId=74194,ea-drop-api,ea-drop-api,,fc27,2026-08-28T08:51:40.553Z
277718,Luana Bürge,Luana,Bürge,,2005-06-02,21,Switzerland,Switzerland,47,170,63,FC Zürich,131361,Schweizer Damen Liga,,LB,"LB, CB, LM","CB, LM",Defense,Left,66,,64,66,62,48,55,48,41,21,41,43,57,47,62,47,67,50,40,59,60,67,66,67,51,65,64,64,67,65,61,66,70,66,66,64,3,2,6,12,14,10,9,,,,,,,Women's Football,1,ea-drop-api,277718,https://www.ea.com/games/ea-sports-fc/ratings?playerId=277718,ea-drop-api,ea-drop-api,,fc27,2026-08-28T08:51:40.553Z
74794,Julie Terlinden,Julie,Terlinden,,2007-07-18,19,Germany,Germany,21,169,61,,,GPFBL,,RM,"RM, RW",RW,Midfielder,Right,66,,70,71,70,61,63,58,60,47,59,67,61,65,67,49,66,47,44,65,67,54,64,68,54,42,30,49,34,58,33,57,60,57,56,57,2,3,12,8,5,11,10,,,,,,,Women's Football,1,ea-drop-api,74794,https://www.ea.com/games/ea-sports-fc/ratings?playerId=74794,ea-drop-api,ea-drop-api,,fc27,2026-08-28T08:51:40.553Z
79735,Annalena Wucher,Annalena,Wucher,,1999-06-05,27,Austria,Austria,4,169,60,Hamburger SV,132533,GPFBL,,RB,"RB, CB, RM","CB, RM",Defense,Right,66,,66,68,65,48,48,50,47,42,48,49,59,51,58,46,66,63,46,58,66,67,62,61,54,65,67,56,64,68,63,59,63,64,56,59,2,2,8,15,9,13,8,,,,,,,Women's Football,1,ea-drop-api,79735,https://www.ea.com/games/ea-sports-fc/ratings?playerId=79735,ea-drop-api,ea-drop-api,,fc27,2026-08-28T08:51:40.553Z
275818,Petra Divišová,Petra,Divišová,,1984-06-05,42,Czechia,Czech Republic,12,158,50,Slavia Praha,131360,Ceska Liga Žen,,CDM,"CDM, CB, CM","CB, CM",Midfielder,Right,66,,44,42,45,59,62,56,60,37,62,62,67,70,58,60,72,68,64,63,51,52,68,71,74,61,66,68,55,63,55,59,59,58,58,62,3,3,10,5,7,7,9,,,,,,,Women's Football,1,ea-drop-api,275818,https://www.ea.com/games/ea-sports-fc/ratings?playerId=275818,ea-drop-api,ea-drop-api,,fc27,2026-08-28T08:51:40.553Z
70546,Kassandra Potsi,Kassandra,Potsi,,2008-01-12,18,Germany,Germany,21,170,58,,,GPFBL,,CAM,"CAM, ST",ST,Midfielder,Right,66,,66,69,64,56,60,51,59,39,41,62,58,65,38,35,67,64,43,68,76,81,66,69,50,53,58,46,52,55,48,51,50,66,45,48,3,4,15,15,10,6,6,,,,,,,Women's Football,1,ea-drop-api,70546,https://www.ea.com/games/ea-sports-fc/ratings?playerId=70546,ea-drop-api,ea-drop-api,,fc27,2026-08-28T08:51:40.553Z
74023,Briana Eads,Briana,Eads,,2001-02-01,25,USA,United States,95,175,60,FC Zürich,131361,Schweizer Damen Liga,,CB,CB,,Defense,Right,66,,64,62,66,47,46,51,50,45,50,25,54,37,39,45,70,66,46,59,58,48,58,68,54,69,68,64,70,70,66,59,64,65,55,61,3,2,6,12,7,15,9,,,,,,,Women's Football,1,ea-drop-api,74023,https://www.ea.com/games/ea-sports-fc/ratings?playerId=74023,ea-drop-api,ea-drop-api,,fc27,2026-08-28T08:51:40.553Z
79138,Corinne Henson,Corinne,Henson,,2003-08-25,23,USA,United States,95,168,60,London City,132176,Barclays WSL,,CB,CB,,Defense,Left,66,,54,55,54,55,58,63,50,52,43,23,53,30,57,58,62,55,53,59,53,64,62,70,50,68,68,61,70,68,65,63,63,65,60,68,3,3,13,5,8,8,10,,,,,,,Women's Football,1,ea-drop-api,79138,https://www.ea.com/games/ea-sports-fc/ratings?playerId=79138,ea-drop-api,ea-drop-api,,fc27,2026-08-28T08:51:40.553Z
71503,Cheza,María,Echezarreta,Cheza,2001-07-19,25,Spain,Spain,45,174,60,Sevilla FC,116337,Liga F Moeve,,GK,GK,,Defense,Right,66,,62,23,25,59,10,47,11,12,21,10,62,31,22,19,28,31,15,72,32,61,62,21,23,24,12,15,10,15,14,71,41,30,41,18,2,1,62,59,62,71,72,,,,,,,Women's Football,1,ea-drop-api,71503,https://www.ea.com/games/ea-sports-fc/ratings?playerId=71503,ea-drop-api,ea-drop-api,,fc27,2026-08-28T08:51:40.553Z
272077,Marina Rivas,Marina,Rivas Jaén,Marina Rivas,2005-07-02,21,Spain,Spain,45,160,52,Madrid CFF,116334,Liga F Moeve,,CM,CM,,Midfielder,Right,66,,54,55,53,61,60,63,62,54,54,62,65,66,52,62,72,66,68,67,71,72,62,70,54,51,58,51,36,60,52,52,49,65,46,51,3,3,7,9,13,12,10,,,,,,,Women's Football,1,ea-drop-api,272077,https://www.ea.com/games/ea-sports-fc/ratings?playerId=272077,ea-drop-api,ea-drop-api,,fc27,2026-08-28T08:51:40.553Z
73226,Iara Lacosta,Iara,Lacosta Sánchez,Iara Lacosta,2001-11-08,24,Spain,Spain,45,168,54,SD Eibar,116331,Liga F Moeve,,LW,"LW, LM, RW","LM, RW",Attack,Left,66,,74,75,74,55,57,52,53,55,51,66,61,64,63,55,64,54,52,68,72,69,56,68,60,32,27,51,20,40,31,56,64,60,57,45,2,3,12,14,15,12,6,,,,,,,Women's Football,1,ea-drop-api,73226,https://www.ea.com/games/ea-sports-fc/ratings?playerId=73226,ea-drop-api,ea-drop-api,,fc27,2026-08-28T08:51:40.553Z
264912,Clara Fröhlich,Clara,Fröhlich,,2004-03-15,22,Germany,Germany,21,169,61,1. FC Nürnberg,131386,GPFBL,,CB,CB,,Defense,Right,66,,40,36,44,52,51,59,55,32,62,40,57,63,35,55,64,65,53,62,50,62,68,66,65,67,69,66,67,68,65,68,61,75,67,65,4,2,13,11,14,10,9,,,,,,,Women's Football,1,ea-drop-api,264912,https://www.ea.com/games/ea-sports-fc/ratings?playerId=264912,ea-drop-api,ea-drop-api,,fc27,2026-08-28T08:51:40.553Z
72288,Paula Monteagudo,Paula,Monteagudo Ibáñez,Paula Monteagudo,2002-05-09,24,Spain,Spain,45,172,61,RC Deportivo,131720,Liga F Moeve,,LB,"LB, LM",LM,Defense,Right,66,,65,66,65,36,31,44,35,41,31,48,60,48,61,34,70,61,54,52,63,45,61,66,51,62,62,51,64,65,61,69,68,72,75,51,2,2,14,7,14,5,6,,,,,,,Women's Football,1,ea-drop-api,72288,https://www.ea.com/games/ea-sports-fc/ratings?playerId=72288,ea-drop-api,ea-drop-api,,fc27,2026-08-28T08:51:40.553Z
277175,Liana Joseph,Liana,Joseph,,2006-08-15,20,France,France,18,165,58,OL Lyonnes,116033,Arkema PL,,ST,ST,,Attack,Right,66,,76,79,73,68,75,65,63,54,57,69,51,47,41,48,62,43,53,65,80,85,47,65,55,26,22,59,20,26,20,58,74,51,66,45,4,3,14,6,11,7,7,,,,,,,Women's Football,1,ea-drop-api,277175,https://www.ea.com/games/ea-sports-fc/ratings?playerId=277175,ea-drop-api,ea-drop-api,,fc27,2026-08-28T08:51:40.553Z
278089,Lois Niënhuis,Lois,Niënhuis,,2001-02-04,25,Netherlands,Holland,34,168,60,Ajax,131359,Nederland Vrouwen Liga,,GK,GK,,Defense,Right,66,,65,18,16,63,13,47,14,18,15,11,63,15,18,16,13,14,17,70,20,25,62,11,15,17,12,12,11,17,11,66,35,16,30,19,2,1,65,63,63,66,70,,,,,,,Women's Football,1,ea-drop-api,278089,https://www.ea.com/games/ea-sports-fc/ratings?playerId=278089,ea-drop-api,ea-drop-api,,fc27,2026-08-28T08:51:40.553Z
78921,Simone Jackson,Simone,Jackson,,2003-01-28,23,USA,United States,95,163,62,Orlando Pride,116307,NWSL,,ST,ST,,Attack,Right,66,,68,67,69,64,66,67,60,60,56,66,49,46,28,36,66,47,42,66,64,58,58,72,56,36,45,65,25,36,24,60,71,56,67,46,3,2,10,9,14,6,10,,,,,,,Women's Football,1,ea-drop-api,78921,https://www.ea.com/games/ea-sports-fc/ratings?playerId=78921,ea-drop-api,ea-drop-api,,fc27,2026-08-28T08:51:40.553Z
76218,Quincy McMahon,Quincy,McMahon,,2003-09-26,22,USA,United States,95,170,63,San Diego Wave,116312,NWSL,,CB,CB,,Defense,Right,66,,52,51,52,45,42,57,44,30,42,46,58,56,51,37,67,58,56,59,50,70,68,65,59,66,66,61,66,69,65,62,64,50,66,68,3,2,12,6,8,9,12,,,,,,,Women's Football,1,ea-drop-api,76218,https://www.ea.com/games/ea-sports-fc/ratings?playerId=76218,ea-drop-api,ea-drop-api,,fc27,2026-08-28T08:51:40.553Z
76437,Ryan Campbell,Ryan,Campbell,,2002-03-18,24,USA,United States,95,180,70,Gotham FC,116310,NWSL,,GK,GK,,Defense,Right,66,,67,19,26,63,6,46,7,5,12,5,61,48,14,14,27,19,13,66,25,41,66,16,27,22,7,14,5,12,10,63,37,20,32,22,3,1,67,63,61,63,66,,,,,,,Women's Football,1,ea-drop-api,76437,https://www.ea.com/games/ea-sports-fc/ratings?playerId=76437,ea-drop-api,ea-drop-api,,fc27,2026-08-28T08:51:40.553Z
272192,Judith Caravaca,Judith,Caravaca Muñoz,Judith Caravaca,1997-05-05,29,Spain,Spain,45,166,59,,,Liga F Moeve,,CB,CB,,Defense,Right,66,,62,55,67,41,31,51,50,43,50,40,49,45,37,41,64,40,40,60,60,60,60,67,61,66,66,60,63,70,69,62,63,55,60,75,2,2,7,6,14,12,6,,,,,,,Women's Football,1,ea-drop-api,272192,https://www.ea.com/games/ea-sports-fc/ratings?playerId=272192,ea-drop-api,ea-drop-api,,fc27,2026-08-28T08:51:40.553Z
273484,Shae Holmes,Shae,Holmes,,2000-03-08,26,USA,United States,95,173,62,Seattle Reign,116300,NWSL,,LB,"LB, CB",CB,Defense,Left,66,,52,53,52,37,37,39,37,32,34,43,54,34,58,32,66,58,46,60,32,72,64,67,59,68,69,67,66,70,68,63,66,58,66,63,3,2,10,15,14,7,6,,,,,,,Women's Football,1,ea-drop-api,273484,https://www.ea.com/games/ea-sports-fc/ratings?playerId=273484,ea-drop-api,ea-drop-api,,fc27,2026-08-28T08:51:40.553Z
71613,Lauren Flynn,Lauren,Flynn,,2002-05-22,24,USA,United States,95,167,62,Utah Royals FC,131478,NWSL,,CB,CB,,Defense,Right,66,,43,49,38,39,32,52,42,33,39,35,52,43,41,30,65,59,44,64,49,75,65,67,63,67,65,64,67,72,58,60,65,34,69,68,2,2,5,13,12,11,7,,,,,,,Women's Football,1,ea-drop-api,71613,https://www.ea.com/games/ea-sports-fc/ratings?playerId=71613,ea-drop-api,ea-drop-api,,fc27,2026-08-28T08:51:40.553Z
273160,Ángela Barón,Ángela,Barón,,2003-09-18,22,Colombia,Colombia,56,170,63,Rac. Louisville,116308,NWSL,,CB,CB,,Defense,Right,66,,63,65,62,36,31,49,31,30,55,28,45,29,28,32,65,53,26,49,66,50,65,66,55,68,65,60,73,68,65,63,67,62,61,69,2,2,14,10,9,15,13,,,,,,,Women's Football,1,ea-drop-api,273160,https://www.ea.com/games/ea-sports-fc/ratings?playerId=273160,ea-drop-api,ea-drop-api,,fc27,2026-08-28T08:51:40.553Z
79564,Evelyn Shores,Evelyn,Shores,,2004-12-29,21,USA,United States,95,173,64,Angel City FC,116311,NWSL,,LB,"LB, LM",LM,Defense,Left,66,,72,70,74,24,20,24,26,20,33,40,53,36,62,30,66,41,44,55,66,69,64,64,46,61,63,60,60,63,58,58,63,69,53,53,3,2,13,10,8,13,14,,,,,,,Women's Football,1,ea-drop-api,79564,https://www.ea.com/games/ea-sports-fc/ratings?playerId=79564,ea-drop-api,ea-drop-api,,fc27,2026-08-28T08:51:40.553Z
74729,Aisha Masaka,Aisha,Masaka,,2003-11-10,22,Tanzania,Tanzania,143,175,63,Brighton,116013,Barclays WSL,,ST,ST,,Attack,Right,66,,70,74,67,64,68,58,60,70,57,72,52,54,27,37,65,63,43,64,70,68,68,70,46,18,12,60,10,16,14,54,68,68,56,28,3,3,8,8,14,11,10,,,,,,,Women's Football,1,ea-drop-api,74729,https://www.ea.com/games/ea-sports-fc/ratings?playerId=74729,ea-drop-api,ea-drop-api,,fc27,2026-08-28T08:51:40.553Z
275814,Lucie Bendová,Lucie,Bendová,,2005-04-03,21,Czechia,Czech Republic,12,167,60,Slavia Praha,131360,Ceska Liga Žen,,CB,"CB, RB",RB,Defense,Right,66,,69,68,69,25,23,35,16,24,44,21,46,29,28,31,68,49,33,51,53,60,62,65,50,67,67,63,65,69,66,60,70,48,65,59,3,2,9,14,11,9,5,,,,,,,Women's Football,1,ea-drop-api,275814,https://www.ea.com/games/ea-sports-fc/ratings?playerId=275814,ea-drop-api,ea-drop-api,,fc27,2026-08-28T08:51:40.553Z
79313,Isa Colin,Isa,Colin,,2004-09-21,21,Netherlands,Holland,34,170,60,Ajax,131359,Nederland Vrouwen Liga,,CM,CM,,Midfielder,Right,65,,68,66,70,59,59,60,58,54,57,59,62,63,51,54,68,63,56,64,62,67,61,67,61,64,66,52,64,68,64,61,59,72,57,59,3,2,8,9,7,13,9,,,,,,,Women's Football,1,ea-drop-api,79313,https://www.ea.com/games/ea-sports-fc/ratings?playerId=79313,ea-drop-api,ea-drop-api,,fc27,2026-08-28T08:51:40.553Z
77249,Shukurat Oladipo,Shukurat,Oladipo,,2004-09-22,21,Nigeria,Nigeria,133,160,56,Roma,116282,Calcio A Femminile,,CM,CM,,Midfielder,Right,65,,68,65,70,57,60,56,57,43,42,62,60,63,56,33,67,58,49,67,63,70,66,70,47,57,63,54,48,66,46,65,64,68,66,57,3,2,6,5,7,11,13,,,,,,,Women's Football,1,ea-drop-api,77249,https://www.ea.com/games/ea-sports-fc/ratings?playerId=77249,ea-drop-api,ea-drop-api,,fc27,2026-08-28T08:51:40.553Z
76887,Sofia Cook,Sofia,Cook,,2004-08-07,22,USA,United States,95,168,59,Gotham FC,116310,NWSL,,CM,CM,,Midfielder,Right,65,,66,62,70,58,63,55,56,47,47,58,64,63,62,46,68,66,59,68,67,69,62,72,57,57,60,46,47,68,60,60,54,65,55,66,3,3,8,8,10,11,13,,,,,,,Women's Football,1,ea-drop-api,76887,https://www.ea.com/games/ea-sports-fc/ratings?playerId=76887,ea-drop-api,ea-drop-api,,fc27,2026-08-28T08:51:40.553Z
265120,Michelle Weiß,Michelle,Weiß,,2001-05-27,25,Germany,Germany,21,159,54,SV Werder Bremen,116004,GPFBL,,RB,"RB, RM",RM,Defense,Right,65,,62,59,64,53,52,63,45,39,64,50,61,60,58,45,65,63,55,65,64,85,67,65,64,64,64,53,66,66,63,67,63,62,70,65,2,2,7,9,11,14,12,,,,,,,Women's Football,1,ea-drop-api,265120,https://www.ea.com/games/ea-sports-fc/ratings?playerId=265120,ea-drop-api,ea-drop-api,,fc27,2026-08-28T08:51:40.553Z
276397,Letícia Almeida,Letícia Beatriz,Cunha Almeida,Letícia Almeida,2004-12-30,21,Portugal,Portugal,38,165,53,SL Benfica,131358,Liga Portugal Feminino,,CM,CM,,Midfielder,Right,65,,69,67,71,55,56,55,54,44,51,62,64,68,56,47,67,68,61,69,74,75,57,69,70,59,66,44,53,67,56,55,46,62,47,67,3,3,6,15,12,6,10,,,,,Long Ball Pass,,Women's Football,1,ea-drop-api,276397,https://www.ea.com/games/ea-sports-fc/ratings?playerId=276397,ea-drop-api,ea-drop-api,,fc27,2026-08-28T08:51:40.553Z
76689,Shinomi Koyama,Shinomi,Koyama,,2005-01-31,21,Japan,Japan,163,160,53,NC Courage,116303,NWSL,,CM,CM,,Midfielder,Left,65,,69,69,69,56,57,56,58,52,42,66,63,65,60,40,68,62,55,64,68,66,65,67,58,56,66,56,43,65,47,61,63,70,58,55,3,2,14,6,10,7,13,,,,,,,Women's Football,1,ea-drop-api,76689,https://www.ea.com/games/ea-sports-fc/ratings?playerId=76689,ea-drop-api,ea-drop-api,,fc27,2026-08-28T08:51:40.553Z
276774,Océane Toussaint,Océane,Toussaint,,2004-02-20,22,France,France,18,172,63,Paris SG,116034,Arkema PL,,GK,GK,,Defense,Right,65,,66,41,45,63,9,51,9,8,17,9,68,34,16,12,30,24,16,68,42,48,55,15,36,43,15,15,12,14,11,61,57,32,57,22,2,1,66,63,68,61,68,,,,,,,Women's Football,1,ea-drop-api,276774,https://www.ea.com/games/ea-sports-fc/ratings?playerId=276774,ea-drop-api,ea-drop-api,,fc27,2026-08-28T08:51:40.553Z
73227,Jade van Hensbergen,Jade,van Hensbergen,,2006-04-18,20,Netherlands,Holland,34,165,58,Ajax,131359,Nederland Vrouwen Liga,,CM,CM,,Midfielder,Right,65,,68,69,68,60,63,60,59,34,54,70,57,62,38,49,66,63,32,67,66,60,65,71,58,55,61,48,48,63,51,61,60,66,60,56,2,2,9,12,13,7,15,,,,,,,Women's Football,1,ea-drop-api,73227,https://www.ea.com/games/ea-sports-fc/ratings?playerId=73227,ea-drop-api,ea-drop-api,,fc27,2026-08-28T08:51:40.553Z
273175,Josefine Hasbo,Josefine,Hasbo,,2001-11-20,24,Denmark,Denmark,13,162,62,Gotham FC,116310,NWSL,,CM,CM,,Midfielder,Right,65,,71,70,71,55,52,54,68,32,41,61,58,62,37,48,70,60,36,65,66,66,61,68,48,54,65,44,38,66,55,62,55,67,59,65,3,3,8,10,9,7,12,,,,,,,Women's Football,1,ea-drop-api,273175,https://www.ea.com/games/ea-sports-fc/ratings?playerId=273175,ea-drop-api,ea-drop-api,,fc27,2026-08-28T08:51:40.553Z
276501,Kristin Krammer,Kristin,Krammer,,2002-05-24,24,Austria,Austria,4,182,63,1. FC Nürnberg,131386,GPFBL,,GK,GK,,Defense,Right,65,,65,43,38,63,14,50,16,13,11,16,67,21,20,16,21,16,18,66,45,20,65,12,17,41,13,13,15,11,14,63,43,15,30,15,3,1,65,63,67,63,66,,,,,,,Women's Football,1,ea-drop-api,276501,https://www.ea.com/games/ea-sports-fc/ratings?playerId=276501,ea-drop-api,ea-drop-api,,fc27,2026-08-28T08:51:40.553Z
71599,Caroline Conti,Caroline,Conti,,2001-03-28,25,USA,United States,95,168,60,Bay FC,131477,NWSL,,ST,"ST, CM",CM,Attack,Right,65,,66,66,66,64,66,64,60,58,68,64,60,60,58,52,67,57,38,66,60,68,65,70,59,48,57,60,32,53,46,57,68,45,63,56,3,2,10,8,6,14,14,,,,,,,Women's Football,1,ea-drop-api,71599,https://www.ea.com/games/ea-sports-fc/ratings?playerId=71599,ea-drop-api,ea-drop-api,,fc27,2026-08-28T08:51:40.553Z
79994,Colette Cavanagh,Colette,Cavanagh,,1998-11-24,27,Scotland,Scotland,42,165,60,RC Deportivo,131720,Liga F Moeve,,LB,"LB, LM",LM,Defense,Left,65,,65,66,64,55,52,64,67,29,30,56,59,51,65,45,66,55,45,60,67,65,58,61,48,61,60,48,59,66,64,58,56,68,56,50,4,2,13,9,6,5,10,,,,,,,Women's Football,1,ea-drop-api,79994,https://www.ea.com/games/ea-sports-fc/ratings?playerId=79994,ea-drop-api,ea-drop-api,,fc27,2026-08-28T08:51:40.553Z
76331,Bo van Egmond,Bo,van Egmond,,2006-11-13,19,Netherlands,Holland,34,175,62,Ajax,131359,Nederland Vrouwen Liga,,ST,"ST, LW, LM","LW, LM",Attack,Right,65,,82,83,81,64,66,63,62,59,57,62,59,53,62,46,63,56,60,65,66,65,57,66,58,29,29,60,20,30,23,58,76,52,60,55,3,3,7,12,14,7,10,,,,,,,Women's Football,1,ea-drop-api,76331,https://www.ea.com/games/ea-sports-fc/ratings?playerId=76331,ea-drop-api,ea-drop-api,,fc27,2026-08-28T08:51:40.553Z
78678,Sophie Profé,Sophie,Profé,,2003-04-29,23,Germany,Germany,21,168,56,Hamburger SV,132533,GPFBL,,LB,"LB, LM",LM,Defense,Left,65,,73,71,74,48,48,51,46,45,53,48,59,52,63,49,63,60,58,57,63,68,56,62,55,63,64,56,63,65,62,57,65,62,55,54,2,2,7,15,13,9,14,,,,,,,Women's Football,1,ea-drop-api,78678,https://www.ea.com/games/ea-sports-fc/ratings?playerId=78678,ea-drop-api,ea-drop-api,,fc27,2026-08-28T08:51:40.553Z
72474,Bente Fischer,Bente,Fischer,,2002-11-27,23,Germany,Germany,21,175,64,,,GPFBL,,LM,"LM, RM, LW","RM, LW",Midfielder,Left,65,,64,67,62,61,65,60,59,38,59,65,61,63,68,46,65,53,45,64,60,53,67,67,58,49,37,39,49,62,47,57,54,53,60,55,2,3,6,15,12,10,12,,,,,,,Women's Football,1,ea-drop-api,72474,https://www.ea.com/games/ea-sports-fc/ratings?playerId=72474,ea-drop-api,ea-drop-api,,fc27,2026-08-28T08:51:40.553Z
72148,Cris Martínez,Cristina,Martínez Gutiérrez,Cris Martínez,1993-06-26,33,Spain,Spain,45,160,55,RC Deportivo,131720,Liga F Moeve,,RB,"RB, RM",RM,Defense,Right,65,,62,61,62,50,51,51,54,41,41,35,61,41,63,57,72,64,52,64,55,61,62,71,71,60,61,55,54,66,61,58,61,62,59,51,2,2,12,15,13,6,6,,,,,,,Women's Football,1,ea-drop-api,72148,https://www.ea.com/games/ea-sports-fc/ratings?playerId=72148,ea-drop-api,ea-drop-api,,fc27,2026-08-28T08:51:40.553Z
72950,Alessia Capelletti,Alessia,Capelletti,,1998-10-13,27,Italy,Italy,27,168,56,Juventus,116280,Calcio A Femminile,,GK,GK,,Defense,Right,65,,63,29,24,66,5,49,7,6,11,5,65,24,9,11,22,23,10,66,24,50,49,15,26,27,9,12,6,12,10,68,38,20,30,24,2,1,63,66,65,68,66,,,,,,,Women's Football,1,ea-drop-api,72950,https://www.ea.com/games/ea-sports-fc/ratings?playerId=72950,ea-drop-api,ea-drop-api,,fc27,2026-08-28T08:51:40.553Z
76320,Mia Pante,Mia,Pante,,2003-03-25,23,Canada,Canada,70,170,62,Roma,116282,Calcio A Femminile,,CB,CB,,Defense,Right,65,,65,63,66,45,44,46,47,53,41,31,50,43,37,26,64,60,33,63,64,64,65,65,63,66,66,62,68,66,63,64,68,66,66,57,3,2,8,5,9,10,14,,,,,,,Women's Football,1,ea-drop-api,76320,https://www.ea.com/games/ea-sports-fc/ratings?playerId=76320,ea-drop-api,ea-drop-api,,fc27,2026-08-28T08:51:40.553Z
272400,Elena De Toro,Elena,De Toro Aldaria,Elena De Toro,1997-01-31,29,Spain,Spain,45,169,71,,,Liga F Moeve,,GK,GK,,Defense,Right,65,,64,35,40,60,7,45,8,7,18,6,60,27,14,13,25,19,12,66,23,44,65,14,31,37,9,13,6,12,12,65,40,19,31,23,2,1,64,60,60,65,66,,,,,,,Women's Football,1,ea-drop-api,272400,https://www.ea.com/games/ea-sports-fc/ratings?playerId=272400,ea-drop-api,ea-drop-api,,fc27,2026-08-28T08:51:40.553Z
274075,Laura Coronado,Laura,Coronado Vilchez,Laura Coronado,2003-04-06,23,Spain,Spain,45,170,60,,,Liga F Moeve,,GK,GK,,Defense,Right,65,,66,31,40,69,9,43,6,6,12,6,57,34,9,11,16,11,11,63,22,31,63,18,15,35,10,8,7,14,11,62,38,21,32,17,2,1,66,69,57,62,63,,,,,,,Women's Football,1,ea-drop-api,274075,https://www.ea.com/games/ea-sports-fc/ratings?playerId=274075,ea-drop-api,ea-drop-api,,fc27,2026-08-28T08:51:40.553Z
272144,Estefa,Estefanía,Lima Díaz,Estefa,1989-05-11,37,Spain,Spain,45,174,60,,,Liga F Moeve,,CM,CM,,Midfielder,Left,65,,52,54,51,61,60,63,59,58,65,70,63,69,60,55,63,60,59,65,50,48,65,73,70,57,60,50,62,55,49,53,51,59,50,55,2,3,11,6,13,12,11,,,,,,,Women's Football,1,ea-drop-api,272144,https://www.ea.com/games/ea-sports-fc/ratings?playerId=272144,ea-drop-api,ea-drop-api,,fc27,2026-08-28T08:51:40.553Z
75791,Trinity Byars,Trinity,Byars,,2003-01-29,23,USA,United States,95,162,58,San Diego Wave,116312,NWSL,,ST,ST,,Attack,Right,65,,67,68,66,64,65,66,63,62,52,66,52,47,44,39,67,43,45,66,65,59,60,71,56,37,40,62,33,32,29,63,69,66,64,53,3,2,7,14,15,6,8,,,,,,,Women's Football,1,ea-drop-api,75791,https://www.ea.com/games/ea-sports-fc/ratings?playerId=75791,ea-drop-api,ea-drop-api,,fc27,2026-08-28T08:51:40.553Z
274850,Marie Steiner,Marie,Steiner,,2005-09-04,20,Germany,Germany,21,155,52,TSG Hoffenheim,115999,GPFBL,,ST,ST,,Attack,Right,65,,71,71,71,63,66,62,61,56,57,68,52,49,47,40,65,40,38,67,66,81,68,68,59,52,48,64,45,60,40,41,56,35,36,55,2,3,10,7,5,7,11,,,,,,,Women's Football,1,ea-drop-api,274850,https://www.ea.com/games/ea-sports-fc/ratings?playerId=274850,ea-drop-api,ea-drop-api,,fc27,2026-08-28T08:51:40.553Z
277925,Baby Jordy Benera,Baby Jordy,Benera,,2004-05-24,22,France,France,18,169,62,Paris SG,116034,Arkema PL,,CM,CM,,Midfielder,Right,65,,35,34,36,59,59,61,61,42,48,62,62,61,53,51,71,68,41,64,57,43,57,71,62,65,62,72,61,72,51,61,66,50,70,51,3,2,6,13,7,10,7,,,,,,,Women's Football,1,ea-drop-api,277925,https://www.ea.com/games/ea-sports-fc/ratings?playerId=277925,ea-drop-api,ea-drop-api,,fc27,2026-08-28T08:51:40.553Z
76929,Irune Dorado,Irune,Dorado Alosete,Irune Dorado,2008-03-22,18,Spain,Spain,45,157,53,Real Madrid,116326,Liga F Moeve,,CM,CM,,Midfielder,Right,65,,68,67,69,43,40,48,46,34,37,52,61,66,38,32,75,71,43,67,64,73,56,70,45,53,64,63,43,54,52,50,55,62,42,52,3,3,12,13,12,11,13,,,,,,,Women's Football,1,ea-drop-api,76929,https://www.ea.com/games/ea-sports-fc/ratings?playerId=76929,ea-drop-api,ea-drop-api,,fc27,2026-08-28T08:51:40.553Z
276887,Isina Corte,Isabel,Corte Peláez,Isina Corte,1996-02-14,30,Spain,Spain,45,162,55,DUX Logroño,132629,Liga F Moeve,,ST,"ST, LM, CM, LW","LM, CM, LW",Attack,Right,65,,57,51,61,64,67,66,63,41,54,71,64,66,55,54,71,65,57,63,58,63,69,64,66,37,51,59,25,37,21,56,61,49,62,49,2,3,11,12,6,10,13,,,,,,,Women's Football,1,ea-drop-api,276887,https://www.ea.com/games/ea-sports-fc/ratings?playerId=276887,ea-drop-api,ea-drop-api,,fc27,2026-08-28T08:51:40.553Z
74739,Rebecca Rayner,Rebecca,Rayner,,1999-11-07,26,England,England,14,167,60,Brighton,116013,Barclays WSL,,CAM,"CAM, CM",CM,Midfielder,Right,65,,63,63,63,60,66,52,65,33,43,67,59,65,39,50,68,65,37,64,58,67,56,66,60,35,43,44,28,31,39,56,51,64,55,50,3,3,6,15,8,15,6,,,,,,,Women's Football,1,ea-drop-api,74739,https://www.ea.com/games/ea-sports-fc/ratings?playerId=74739,ea-drop-api,ea-drop-api,,fc27,2026-08-28T08:51:40.553Z
76481,Aisha Solórzano,Aisha,Solórzano,,1998-04-13,28,Guatemala,Guatemala,78,164,58,Utah Royals FC,131478,NWSL,,ST,ST,,Attack,Right,65,,54,53,55,64,64,68,63,61,48,66,55,48,46,40,67,57,52,65,58,63,62,68,60,38,40,66,36,33,31,60,66,44,67,60,3,2,9,8,9,14,7,,,,,,,Women's Football,1,ea-drop-api,76481,https://www.ea.com/games/ea-sports-fc/ratings?playerId=76481,ea-drop-api,ea-drop-api,,fc27,2026-08-28T08:51:40.553Z
272126,Amaia Martínez,Amaia,Martínez de la Peña,Amaia Martínez,2004-06-29,22,Spain,Spain,45,167,58,RCD Espanyol,131733,Liga F Moeve,,CB,"CB, CM, RB, CDM","CM, RB, CDM",Defense,Right,65,,59,59,59,36,37,34,31,35,45,45,58,58,48,37,71,56,34,51,54,34,45,68,59,66,70,56,60,72,68,66,65,64,70,60,2,2,6,12,9,12,12,,,,,,,Women's Football,1,ea-drop-api,272126,https://www.ea.com/games/ea-sports-fc/ratings?playerId=272126,ea-drop-api,ea-drop-api,,fc27,2026-08-28T08:51:40.553Z
273912,Paula Partido,Paula,Partido Durán,Paula Partido,2005-03-02,21,Spain,Spain,45,171,60,DUX Logroño,132629,Liga F Moeve,,RM,"RM, ST, RW","ST, RW",Midfielder,Right,65,,68,69,68,67,72,64,65,62,51,61,58,55,55,56,65,52,55,67,54,54,59,72,55,36,37,51,35,35,28,39,46,50,33,40,3,3,8,9,9,6,14,,,,,,,Women's Football,1,ea-drop-api,273912,https://www.ea.com/games/ea-sports-fc/ratings?playerId=273912,ea-drop-api,ea-drop-api,,fc27,2026-08-28T08:51:40.553Z
78844,Jacqueline Baumgärtel,Jacqueline,Baumgärtel,,2002-03-03,24,Germany,Germany,21,164,55,1. FC Nürnberg,131386,GPFBL,,ST,"ST, CAM",CAM,Attack,Right,65,,69,67,71,67,69,67,66,63,63,68,59,61,54,56,64,53,58,62,71,57,64,64,58,31,27,64,28,28,22,45,53,56,35,54,3,3,6,7,8,12,13,,,,,,,Women's Football,1,ea-drop-api,78844,https://www.ea.com/games/ea-sports-fc/ratings?playerId=78844,ea-drop-api,ea-drop-api,,fc27,2026-08-28T08:51:40.553Z
78823,Clara Bertrand,Clara,Bertrand,,2006-06-01,20,France,France,18,163,57,RC Lens,132588,Arkema PL,,CM,CM,,Midfielder,Right,65,,69,69,69,43,42,48,41,35,35,51,61,71,36,37,69,78,34,67,56,62,63,71,47,43,39,44,33,53,48,49,43,63,41,55,2,2,5,7,5,13,12,,,,,,,Women's Football,1,ea-drop-api,78823,https://www.ea.com/games/ea-sports-fc/ratings?playerId=78823,ea-drop-api,ea-drop-api,,fc27,2026-08-28T08:51:40.553Z
276297,Freya Godfrey,Freya,Godfrey,,2005-05-07,21,England,England,14,177,68,London City,132176,Barclays WSL,,ST,ST,,Attack,Right,65,,64,59,68,63,64,63,62,59,59,63,50,57,28,52,62,44,33,64,52,55,62,68,62,22,18,66,17,15,18,60,72,54,74,27,3,3,12,5,13,7,12,,,,,,,Women's Football,1,ea-drop-api,276297,https://www.ea.com/games/ea-sports-fc/ratings?playerId=276297,ea-drop-api,ea-drop-api,,fc27,2026-08-28T08:51:40.553Z
72223,Clara Rodríguez,Clara,Rodríguez García,Clara Rodríguez,2003-02-12,23,Spain,Spain,45,166,60,Granada CF,131391,Liga F Moeve,,LB,"LB, LM",LM,Defense,Left,65,,55,54,56,34,34,41,30,35,29,35,52,35,55,35,65,50,38,53,51,51,61,62,61,65,65,60,61,70,66,61,61,66,59,62,2,2,12,11,7,11,9,,,,,,,Women's Football,1,ea-drop-api,72223,https://www.ea.com/games/ea-sports-fc/ratings?playerId=72223,ea-drop-api,ea-drop-api,,fc27,2026-08-28T08:51:40.553Z
76333,Emily Mason,Emily,Mason,,2002-10-23,23,USA,United States,95,175,66,Seattle Reign,116300,NWSL,,RB,"RB, RM",RM,Defense,Right,65,,49,47,51,32,31,33,32,29,34,41,55,35,64,33,66,56,45,60,49,56,66,67,55,67,68,65,66,69,67,53,59,41,56,57,3,2,11,10,15,11,6,,,,,,,Women's Football,1,ea-drop-api,76333,https://www.ea.com/games/ea-sports-fc/ratings?playerId=76333,ea-drop-api,ea-drop-api,,fc27,2026-08-28T08:51:40.553Z
79255,Sam Angel,Sam,Angel,,2000-10-26,25,USA,United States,95,173,62,Chicago Stars FC,116305,NWSL,,CB,CB,,Defense,Left,65,,64,61,66,26,23,37,24,20,30,22,42,31,24,28,61,46,28,44,56,71,61,62,50,65,63,61,66,67,62,65,68,58,67,68,3,2,5,6,14,6,8,,,,,,,Women's Football,1,ea-drop-api,79255,https://www.ea.com/games/ea-sports-fc/ratings?playerId=79255,ea-drop-api,ea-drop-api,,fc27,2026-08-28T08:51:40.553Z
267137,Lana Golob,Lana,Golob,,1999-10-26,26,Slovenia,Slovenia,44,177,71,Glasgow City FC,131363,Scottish Women's League,,CB,CB,,Defense,Right,65,,56,55,57,26,22,33,24,26,28,32,44,33,31,33,59,49,31,44,48,56,62,60,58,65,66,71,61,67,62,66,73,59,70,61,2,2,9,10,10,11,10,,,,,,,Women's Football,1,ea-drop-api,267137,https://www.ea.com/games/ea-sports-fc/ratings?playerId=267137,ea-drop-api,ea-drop-api,,fc27,2026-08-28T08:51:40.553Z
265359,Anika Metzner,Anika,Metzner,,2001-01-05,25,Germany,Germany,21,174,63,,,GPFBL,,CB,CB,,Defense,Right,65,,47,48,46,31,30,40,19,29,55,28,43,27,29,32,64,43,23,45,57,58,68,63,50,66,66,64,68,66,63,63,64,50,68,65,2,2,14,10,9,9,5,,,,,,,Women's Football,1,ea-drop-api,265359,https://www.ea.com/games/ea-sports-fc/ratings?playerId=265359,ea-drop-api,ea-drop-api,,fc27,2026-08-28T08:51:40.553Z
78690,Tarah Burmann,Tarah,Burmann,,2005-04-05,21,Germany,Germany,21,161,55,Hamburger SV,132533,GPFBL,,CM,"CM, CDM",CDM,Midfielder,Right,64,,66,65,66,51,53,50,49,45,53,58,59,59,45,49,67,64,52,65,71,71,61,68,56,64,66,47,62,69,66,59,53,70,54,58,2,2,15,9,7,14,11,,,,,,,Women's Football,1,ea-drop-api,78690,https://www.ea.com/games/ea-sports-fc/ratings?playerId=78690,ea-drop-api,ea-drop-api,,fc27,2026-08-28T08:51:40.553Z
279695,Julia Mickenhagen,Julia,Mickenhagen,,2005-04-10,21,Germany,Germany,21,168,57,Leverkusen,115996,GPFBL,,LB,"LB, LM",LM,Defense,Left,64,,68,67,69,59,58,61,59,50,63,70,59,49,62,53,66,57,46,63,64,66,67,68,60,59,55,63,54,64,59,54,62,57,52,55,2,2,8,12,12,9,8,,,,,,,Women's Football,1,ea-drop-api,279695,https://www.ea.com/games/ea-sports-fc/ratings?playerId=279695,ea-drop-api,ea-drop-api,,fc27,2026-08-28T08:51:40.553Z
266526,Katie Startup,Katie,Startup,,1999-01-28,27,England,England,14,170,64,Manchester City,116017,Barclays WSL,,GK,GK,,Defense,Right,64,,60,33,32,63,8,50,13,9,21,7,67,58,18,15,32,30,24,69,31,52,55,17,56,33,8,8,9,14,17,65,56,23,63,20,2,1,60,63,67,65,69,,,,,,,Women's Football,1,ea-drop-api,266526,https://www.ea.com/games/ea-sports-fc/ratings?playerId=266526,ea-drop-api,ea-drop-api,,fc27,2026-08-28T08:51:40.553Z
277116,Yolanda Sierra,Yolanda,Sierra Villanueva,Yolanda Sierra,2005-01-17,21,Spain,Spain,45,165,54,Granada CF,131391,Liga F Moeve,,CB,CB,,Defense,Right,64,,62,59,65,39,35,43,40,30,56,50,59,57,54,40,70,57,35,65,67,67,68,70,58,63,61,59,70,60,60,67,65,69,66,66,3,2,6,5,9,11,14,,,,,,,Women's Football,1,ea-drop-api,277116,https://www.ea.com/games/ea-sports-fc/ratings?playerId=277116,ea-drop-api,ea-drop-api,,fc27,2026-08-28T08:51:40.553Z
71294,Borbála Vincze,Borbála,Vincze,,2007-07-22,19,Hungary,Hungary,23,168,57,FC Zürich,131361,Schweizer Damen Liga,,LM,"LM, CM, CAM, LB","CM, CAM, LB",Midfielder,Right,64,,71,72,70,54,58,50,55,42,35,57,60,61,52,35,68,65,42,65,68,64,58,68,48,51,54,49,46,56,44,50,53,61,45,49,2,3,10,8,7,6,8,,,,,,,Women's Football,1,ea-drop-api,71294,https://www.ea.com/games/ea-sports-fc/ratings?playerId=71294,ea-drop-api,ea-drop-api,,fc27,2026-08-28T08:51:40.553Z
75424,Julia Schiffarth,Julia,Schiffarth,,2007-10-05,18,Germany,Germany,21,170,57,1. FC Köln,116003,GPFBL,,RW,"RW, RM",RM,Attack,Right,64,,81,82,81,55,58,55,52,42,48,61,58,60,62,41,61,53,47,64,70,59,54,67,52,39,33,47,36,43,41,54,61,59,50,54,2,3,6,6,13,6,14,,,,,,,Women's Football,1,ea-drop-api,75424,https://www.ea.com/games/ea-sports-fc/ratings?playerId=75424,ea-drop-api,ea-drop-api,,fc27,2026-08-28T08:51:40.553Z
73756,Ainsley McCammon,Ainsley,McCammon,,2007-08-16,19,USA,United States,95,165,58,Seattle Reign,116300,NWSL,,CM,CM,,Midfielder,Right,64,,61,64,59,55,57,55,60,31,38,62,60,62,54,54,67,59,44,63,57,61,66,68,46,51,64,51,32,62,50,59,61,63,62,48,3,2,11,6,8,12,12,,,,,,,Women's Football,1,ea-drop-api,73756,https://www.ea.com/games/ea-sports-fc/ratings?playerId=73756,ea-drop-api,ea-drop-api,,fc27,2026-08-28T08:51:40.553Z
79627,Larissa Rusek,Larissa,Rusek,,2005-01-01,21,Austria,Austria,4,173,67,1. FC Nürnberg,131386,GPFBL,,GK,GK,,Defense,Right,64,,61,24,33,62,10,50,8,7,19,8,66,51,12,15,21,25,12,67,34,46,62,19,25,28,15,18,9,17,14,64,40,23,37,28,1,1,61,62,66,64,67,,,,,,,Women's Football,1,ea-drop-api,79627,https://www.ea.com/games/ea-sports-fc/ratings?playerId=79627,ea-drop-api,ea-drop-api,,fc27,2026-08-28T08:51:40.553Z
76329,Khyah Harper,Khyah,Harper,,2002-08-15,24,USA,United States,95,165,59,Gotham FC,116310,NWSL,,ST,ST,,Attack,Left,64,,70,69,70,62,65,63,57,55,54,63,53,56,39,35,64,55,36,67,66,66,63,70,51,36,30,60,34,36,30,59,68,58,61,54,3,2,9,12,11,9,7,,,,,,,Women's Football,1,ea-drop-api,76329,https://www.ea.com/games/ea-sports-fc/ratings?playerId=76329,ea-drop-api,ea-drop-api,,fc27,2026-08-28T08:51:40.553Z
74791,Leonie Köpp,Leonie,Köpp,,2007-04-13,19,Germany,Germany,21,164,55,,,GPFBL,,ST,ST,,Attack,Right,64,,67,68,67,62,63,61,59,56,59,68,54,43,64,45,63,42,47,63,62,53,64,66,53,43,34,61,35,55,30,57,66,54,58,55,2,2,9,15,11,13,14,,,,,,,Women's Football,1,ea-drop-api,74791,https://www.ea.com/games/ea-sports-fc/ratings?playerId=74791,ea-drop-api,ea-drop-api,,fc27,2026-08-28T08:51:40.553Z
76324,Mary Long,Mary,Long,,2007-01-24,19,USA,United States,95,177,66,KC Current,116309,NWSL,,ST,ST,,Attack,Right,64,,69,67,70,61,68,55,53,50,52,66,60,63,45,57,69,55,54,70,65,65,52,74,56,35,33,60,37,30,26,51,61,56,51,44,3,3,11,8,7,15,11,,,,,,,Women's Football,1,ea-drop-api,76324,https://www.ea.com/games/ea-sports-fc/ratings?playerId=76324,ea-drop-api,ea-drop-api,,fc27,2026-08-28T08:51:40.553Z
78591,Melanie Wagner,Melanie,Wagner,,2002-03-22,24,Germany,Germany,21,178,65,Union Berlin,132589,GPFBL,,GK,GK,,Defense,Right,64,,61,28,31,60,9,50,11,8,20,9,66,43,18,15,29,27,16,66,24,48,62,15,31,29,17,18,11,19,17,64,42,30,39,21,1,1,61,60,66,64,66,,,,,,,Women's Football,1,ea-drop-api,78591,https://www.ea.com/games/ea-sports-fc/ratings?playerId=78591,ea-drop-api,ea-drop-api,,fc27,2026-08-28T08:51:40.553Z
272570,Raquel Pinel,Raquel,Pinel Sáez,Raquel Pinel,1994-08-30,31,Spain,Spain,45,169,64,,,Liga F Moeve,,ST,ST,,Attack,Right,64,,59,63,56,64,65,70,62,48,50,67,55,52,45,50,65,48,65,64,60,55,65,64,60,45,56,59,40,42,34,58,64,55,60,55,3,3,8,8,14,14,8,,,,,,,Women's Football,1,ea-drop-api,272570,https://www.ea.com/games/ea-sports-fc/ratings?playerId=272570,ea-drop-api,ea-drop-api,,fc27,2026-08-28T08:51:40.553Z
77300,DeAira Jackson,DeAira,Jackson,,2002-03-23,24,USA,United States,95,185,73,Utah Royals FC,131478,NWSL,,GK,GK,,Defense,Right,64,,61,26,23,65,7,46,7,7,16,7,61,46,11,11,28,26,12,65,30,49,66,11,30,25,7,14,9,14,10,60,41,18,40,22,3,1,61,65,61,60,65,,,,,,,Women's Football,1,ea-drop-api,77300,https://www.ea.com/games/ea-sports-fc/ratings?playerId=77300,ea-drop-api,ea-drop-api,,fc27,2026-08-28T08:51:40.553Z
72345,Lucía Vallejo,Lucía,Vallejo Blázquez,Lucía Vallejo,2003-07-10,23,Spain,Spain,45,165,55,RCD Espanyol,131733,Liga F Moeve,,LB,"LB, LM, LW","LM, LW",Defense,Left,64,,66,67,65,41,38,43,45,35,40,59,61,48,68,32,70,59,60,58,61,61,50,61,61,59,57,55,52,68,64,51,55,62,45,51,2,2,11,13,8,8,9,,,,,,,Women's Football,1,ea-drop-api,72345,https://www.ea.com/games/ea-sports-fc/ratings?playerId=72345,ea-drop-api,ea-drop-api,,fc27,2026-08-28T08:51:40.553Z
80340,Dana Scheriff,Dana,Scheriff,,1998-09-08,27,USA,United States,95,173,63,Slavia Praha,131360,Ceska Liga Žen,,ST,ST,,Attack,Right,64,,69,68,70,63,64,65,62,55,61,62,47,52,38,46,54,34,58,62,63,75,62,64,60,28,22,66,24,24,21,67,74,64,71,59,3,3,7,11,12,6,7,,,,,,,Women's Football,1,ea-drop-api,80340,https://www.ea.com/games/ea-sports-fc/ratings?playerId=80340,ea-drop-api,ea-drop-api,,fc27,2026-08-28T08:51:40.553Z
70830,Karla Brinkmann,Karla,Brinkmann,,2006-10-31,19,Germany,Germany,21,169,56,VfL Wolfsburg,115998,GPFBL,,CB,CB,,Defense,Right,64,,66,65,66,38,38,45,30,29,48,39,45,34,36,35,62,40,32,58,65,59,66,62,58,66,65,65,69,64,62,62,68,67,60,57,3,2,12,14,9,10,6,,,,,,,Women's Football,1,ea-drop-api,70830,https://www.ea.com/games/ea-sports-fc/ratings?playerId=70830,ea-drop-api,ea-drop-api,,fc27,2026-08-28T08:51:40.553Z
76854,Liliana Merolla,Liliana,Merolla,,2005-09-16,20,Italy,Italy,27,165,59,Roma,116282,Calcio A Femminile,,GK,GK,,Defense,Right,64,,59,20,32,60,5,42,6,7,13,5,56,23,12,12,19,28,10,66,26,43,67,18,37,25,7,14,9,10,12,68,36,28,30,26,2,1,59,60,56,68,66,,,,,,,Women's Football,1,ea-drop-api,76854,https://www.ea.com/games/ea-sports-fc/ratings?playerId=76854,ea-drop-api,ea-drop-api,,fc27,2026-08-28T08:51:40.553Z
75177,Élisa Rambaud,Élisa,Rambaud,,2006-07-24,20,France,France,18,164,56,Montpellier,116037,Arkema PL,,RM,"RM, RW",RW,Midfielder,Right,64,,61,62,61,53,64,50,35,37,44,59,59,57,53,39,69,60,40,66,59,65,58,70,52,47,45,50,38,55,49,47,46,58,40,50,3,3,10,6,11,10,10,,,,,,,Women's Football,1,ea-drop-api,75177,https://www.ea.com/games/ea-sports-fc/ratings?playerId=75177,ea-drop-api,ea-drop-api,,fc27,2026-08-28T08:51:40.553Z
76325,Katie Scott,Katie,Scott,,2007-06-20,19,USA,United States,95,167,60,Rac. Louisville,116308,NWSL,,CB,CB,,Defense,Right,64,,61,57,64,40,33,51,46,29,45,33,49,39,41,41,60,57,34,58,61,74,62,60,45,65,62,64,64,68,66,59,66,54,62,58,3,2,15,8,12,8,13,,,,,,,Women's Football,1,ea-drop-api,76325,https://www.ea.com/games/ea-sports-fc/ratings?playerId=76325,ea-drop-api,ea-drop-api,,fc27,2026-08-28T08:51:40.553Z
72479,Emily Reske,Emily,Reske,,2005-03-24,21,Germany,Germany,21,166,58,,,GPFBL,,LM,"LM, LW",LW,Midfielder,Right,64,,55,52,57,57,62,57,50,37,54,69,63,64,65,43,66,63,43,64,62,50,65,67,48,42,33,42,37,55,37,48,44,37,52,52,2,3,10,10,5,8,12,,,,,,,Women's Football,1,ea-drop-api,72479,https://www.ea.com/games/ea-sports-fc/ratings?playerId=72479,ea-drop-api,ea-drop-api,,fc27,2026-08-28T08:51:40.553Z
76485,Zara Chavoshi,Zara,Chavoshi,,2002-12-06,23,Canada,Canada,70,171,63,Orlando Pride,116307,NWSL,,CB,CB,,Defense,Right,64,,55,53,56,40,33,53,46,22,42,35,47,36,38,28,62,53,26,59,54,68,66,63,56,64,67,62,65,64,61,61,64,55,64,61,3,2,9,9,14,10,8,,,,,,,Women's Football,1,ea-drop-api,76485,https://www.ea.com/games/ea-sports-fc/ratings?playerId=76485,ea-drop-api,ea-drop-api,,fc27,2026-08-28T08:51:40.553Z
76517,Ella Hase,Ella,Hase,,2002-07-12,24,USA,United States,95,165,62,Rac. Louisville,116308,NWSL,,LB,"LB, LM",LM,Defense,Left,64,,67,68,66,41,31,56,52,29,42,40,52,34,62,34,61,54,40,58,64,66,62,64,47,61,61,58,60,64,59,47,51,64,38,48,3,2,14,10,7,7,8,,,,,,,Women's Football,1,ea-drop-api,76517,https://www.ea.com/games/ea-sports-fc/ratings?playerId=76517,ea-drop-api,ea-drop-api,,fc27,2026-08-28T08:51:40.553Z
78627,Ndeye Awa Diakhaté,Ndeye Awa,Diakhaté,,1997-01-02,29,Senegal,Senegal,136,166,58,Marseille,132370,Arkema PL,,CAM,"CAM, CM",CM,Midfielder,Right,64,,57,53,61,57,55,53,67,49,42,66,55,62,32,43,65,62,40,66,58,62,58,68,45,32,19,53,20,43,38,51,55,52,56,38,3,3,10,11,15,9,13,,,,,,,Women's Football,1,ea-drop-api,78627,https://www.ea.com/games/ea-sports-fc/ratings?playerId=78627,ea-drop-api,ea-drop-api,,fc27,2026-08-28T08:51:40.553Z
77985,Sally Menti,Sally,Menti,,2002-03-10,24,USA,United States,95,175,63,Seattle Reign,116300,NWSL,,ST,ST,,Attack,Right,64,,69,67,70,59,60,58,57,55,55,66,49,43,34,34,68,43,34,67,66,57,65,72,48,18,13,62,12,14,14,52,65,58,56,29,3,2,12,8,8,13,11,,,,,,,Women's Football,1,ea-drop-api,77985,https://www.ea.com/games/ea-sports-fc/ratings?playerId=77985,ea-drop-api,ea-drop-api,,fc27,2026-08-28T08:51:40.553Z
276726,Lenna Gunning-Williams,Lenna,Gunning-Williams,,2005-02-05,21,England,England,14,167,60,Spurs,116011,Barclays WSL,,ST,ST,,Attack,Right,64,,65,63,67,65,67,68,60,57,54,65,50,49,29,45,63,56,35,64,59,64,60,68,53,19,13,57,15,17,10,49,62,35,59,40,3,3,14,12,6,15,14,,,,,,,Women's Football,1,ea-drop-api,276726,https://www.ea.com/games/ea-sports-fc/ratings?playerId=276726,ea-drop-api,ea-drop-api,,fc27,2026-08-28T08:51:40.553Z
271403,Evelina Duljan,Evelina,Duljan,,2003-05-12,23,Sweden,Sweden,46,160,57,Houston Dash,116306,NWSL,,RM,"RM, RW",RW,Midfielder,Right,63,,70,69,71,59,58,62,62,45,60,56,63,58,65,56,66,59,65,60,70,69,57,67,59,59,58,51,58,61,61,62,62,61,61,66,3,3,9,11,13,10,13,,,,,,,Women's Football,1,ea-drop-api,271403,https://www.ea.com/games/ea-sports-fc/ratings?playerId=271403,ea-drop-api,ea-drop-api,,fc27,2026-08-28T08:51:40.553Z
272262,Sanadri,Marta,San Adrián Rocandio,Sanadri,2000-02-22,26,Spain,Spain,45,173,59,Athletic Club,116328,Liga F Moeve,,ST,"ST, LW",LW,Attack,Right,63,,67,69,66,63,67,62,60,56,57,61,60,63,61,61,60,50,63,64,55,56,61,66,69,49,49,58,46,51,45,60,64,56,59,66,3,3,8,9,7,5,9,,,,,,,Women's Football,1,ea-drop-api,272262,https://www.ea.com/games/ea-sports-fc/ratings?playerId=272262,ea-drop-api,ea-drop-api,,fc27,2026-08-28T08:51:40.553Z
271811,Mélinda Mendy,Mélinda,Mendy,,2006-12-21,19,France,France,18,170,58,Havre AC,116416,Arkema PL,,CM,"CM, RM, CAM","RM, CAM",Midfielder,Right,63,,70,71,70,58,60,49,61,59,55,63,59,63,49,50,66,58,42,70,73,72,62,72,58,51,58,55,42,57,45,54,68,46,62,38,2,3,15,9,14,5,12,,,,,,,Women's Football,1,ea-drop-api,271811,https://www.ea.com/games/ea-sports-fc/ratings?playerId=271811,ea-drop-api,ea-drop-api,,fc27,2026-08-28T08:51:40.553Z
74806,Ida Daedelow,Ida,Daedelow,,2007-08-28,19,Germany,Germany,21,165,58,Leverkusen,115996,GPFBL,,CM,CM,,Midfielder,Right,63,,69,68,69,56,57,58,55,39,53,63,61,63,61,35,65,63,41,63,67,58,64,65,53,51,55,47,47,57,37,56,56,63,55,50,2,3,12,10,9,14,13,,,,,,,Women's Football,1,ea-drop-api,74806,https://www.ea.com/games/ea-sports-fc/ratings?playerId=74806,ea-drop-api,ea-drop-api,,fc27,2026-08-28T08:51:40.553Z
267583,Lucy Parry,Lucy,Parry,,2004-05-07,22,England,England,14,164,58,Liverpool,116343,Barclays WSL,,RB,"RB, LB, RM","LB, RM",Defense,Right,63,,74,73,74,45,48,45,40,40,50,47,57,48,63,49,60,56,57,60,68,75,54,62,64,59,57,56,59,60,58,60,69,59,63,53,3,2,13,6,9,8,9,,,,,,,Women's Football,1,ea-drop-api,267583,https://www.ea.com/games/ea-sports-fc/ratings?playerId=267583,ea-drop-api,ea-drop-api,,fc27,2026-08-28T08:51:40.553Z
74915,Tilde Björklund,Tilde,Björklund,,2006-03-30,20,Sweden,Sweden,46,165,62,FC Rosengård,131362,Sverige Liga,,CM,"CM, CDM",CDM,Midfielder,Right,63,,65,66,64,52,57,43,56,32,40,63,59,65,55,40,62,63,33,63,65,59,61,65,52,56,62,63,54,53,52,59,65,67,57,50,3,2,11,12,8,10,8,,,,,,,Women's Football,1,ea-drop-api,74915,https://www.ea.com/games/ea-sports-fc/ratings?playerId=74915,ea-drop-api,ea-drop-api,,fc27,2026-08-28T08:51:40.553Z
76766,Micayla Johnson,Micayla,Johnson,,2008-01-18,18,USA,United States,95,162,55,Chicago Stars FC,116305,NWSL,,ST,ST,,Attack,Left,63,,69,66,72,59,57,63,62,46,51,63,56,47,57,43,68,45,49,67,70,81,61,68,52,35,24,62,22,46,32,67,73,68,71,52,4,3,12,8,6,14,10,,,,,,,Women's Football,1,ea-drop-api,76766,https://www.ea.com/games/ea-sports-fc/ratings?playerId=76766,ea-drop-api,ea-drop-api,,fc27,2026-08-28T08:51:40.553Z
79728,Merle Hokamp,Merle,Hokamp,,2007-01-30,19,Germany,Germany,21,170,62,1. FC Köln,116003,GPFBL,,CB,CB,,Defense,Right,63,,66,64,67,48,48,50,46,36,54,48,53,51,39,47,61,58,52,58,61,67,59,64,52,64,62,63,65,65,59,61,68,58,63,56,2,2,9,6,5,7,7,,,,,,,Women's Football,1,ea-drop-api,79728,https://www.ea.com/games/ea-sports-fc/ratings?playerId=79728,ea-drop-api,ea-drop-api,,fc27,2026-08-28T08:51:40.553Z
79674,Xanne Kip,Xanne,Kip,,2006-03-30,20,Netherlands,Holland,34,180,71,Ajax,131359,Nederland Vrouwen Liga,,ST,ST,,Attack,Right,63,,83,84,82,59,62,59,57,51,56,58,54,54,54,50,58,46,55,64,54,73,54,65,45,24,22,62,19,21,18,59,78,54,65,46,2,4,9,6,7,11,12,,,,,,,Women's Football,1,ea-drop-api,79674,https://www.ea.com/games/ea-sports-fc/ratings?playerId=79674,ea-drop-api,ea-drop-api,,fc27,2026-08-28T08:51:40.553Z
270665,Sophie Hillyerd,Sophie,Hillyerd,,2003-02-05,23,England,England,14,178,72,London City,132176,Barclays WSL,,GK,GK,,Defense,Right,63,,62,37,32,63,7,46,8,7,12,9,61,49,10,13,14,16,10,63,39,47,60,11,57,35,9,9,10,11,11,59,61,21,72,20,3,1,62,63,61,59,63,,,,,,,Women's Football,1,ea-drop-api,270665,https://www.ea.com/games/ea-sports-fc/ratings?playerId=270665,ea-drop-api,ea-drop-api,,fc27,2026-08-28T08:51:40.553Z
79676,Mirte van Koppen,Mirte,van Koppen,,2006-04-13,20,Netherlands,Holland,34,170,60,Ajax,131359,Nederland Vrouwen Liga,,LW,"LW, LM",LM,Attack,Right,63,,80,81,80,60,64,61,56,53,55,57,55,53,55,49,58,55,57,66,71,67,52,68,48,24,21,49,20,24,19,54,62,56,54,48,3,3,6,6,12,12,7,,,,,,,Women's Football,1,ea-drop-api,79676,https://www.ea.com/games/ea-sports-fc/ratings?playerId=79676,ea-drop-api,ea-drop-api,,fc27,2026-08-28T08:51:40.553Z
266590,Hannah Poulter,Hannah,Poulter,,2005-04-26,21,England,England,14,174,67,Brighton,116013,Barclays WSL,,GK,GK,,Defense,Right,63,,59,36,36,63,10,44,13,12,16,15,59,42,13,13,24,23,11,60,49,34,68,39,41,36,15,12,15,11,11,62,59,25,67,31,3,1,59,63,59,62,60,,,,,,,Women's Football,1,ea-drop-api,266590,https://www.ea.com/games/ea-sports-fc/ratings?playerId=266590,ea-drop-api,ea-drop-api,,fc27,2026-08-28T08:51:40.553Z
276883,Cerys Brown,Cerys,Brown,,2005-06-22,21,England,England,14,166,57,London City,132176,Barclays WSL,,RB,"RB, RM",RM,Defense,Right,63,,70,66,74,31,32,27,25,28,43,45,58,45,62,43,63,60,61,62,71,72,63,64,52,60,62,48,59,62,64,54,57,38,59,59,3,3,12,14,10,11,6,,,,,Rapid,,Women's Football,1,ea-drop-api,276883,https://www.ea.com/games/ea-sports-fc/ratings?playerId=276883,ea-drop-api,ea-drop-api,,fc27,2026-08-28T08:51:40.553Z
275761,Andrea Romero,Andrea,Romero Burgos,Andrea Romero,1995-02-13,31,Spain,Spain,45,163,60,Granada CF,131391,Liga F Moeve,,GK,GK,,Defense,Right,63,,62,30,38,62,9,38,9,10,18,10,51,37,9,14,16,11,12,66,22,31,59,18,20,33,11,11,10,15,12,60,37,21,30,19,2,1,62,62,51,60,66,,,,,,,Women's Football,1,ea-drop-api,275761,https://www.ea.com/games/ea-sports-fc/ratings?playerId=275761,ea-drop-api,ea-drop-api,,fc27,2026-08-28T08:51:40.553Z
78694,Lotta Wrede,Lotta,Wrede,,2008-04-03,18,Germany,Germany,21,173,61,Hamburger SV,132533,GPFBL,,ST,ST,,Attack,Left,63,,73,74,73,63,66,62,61,57,57,63,52,52,45,48,58,48,60,64,58,55,60,64,46,30,28,59,25,29,22,50,67,40,56,43,3,3,7,11,11,7,14,,,,,,,Women's Football,1,ea-drop-api,78694,https://www.ea.com/games/ea-sports-fc/ratings?playerId=78694,ea-drop-api,ea-drop-api,,fc27,2026-08-28T08:51:40.553Z
73231,Marina Artero,Marina,Artero Moreno,Marina Artero,2005-10-14,20,Spain,Spain,45,168,52,RC Deportivo,131720,Liga F Moeve,,CB,"CB, CM, CDM","CM, CDM",Defense,Right,63,,63,61,65,42,43,42,41,45,41,30,50,40,35,36,65,54,50,52,60,63,60,63,51,66,65,65,65,70,63,57,61,70,50,57,2,2,15,15,11,15,12,,,,,,,Women's Football,1,ea-drop-api,73231,https://www.ea.com/games/ea-sports-fc/ratings?playerId=73231,ea-drop-api,ea-drop-api,,fc27,2026-08-28T08:51:40.553Z
72476,Hannah Lehmann,Hannah,Lehmann,,2004-02-13,22,Germany,Germany,21,165,58,,,GPFBL,,LM,"LM, RM, LW","RM, LW",Midfielder,Right,63,,61,55,65,54,59,55,45,38,53,65,60,63,63,38,63,58,47,61,51,64,64,60,54,39,20,39,35,55,40,53,46,55,55,49,2,3,14,12,14,9,6,,,,,,,Women's Football,1,ea-drop-api,72476,https://www.ea.com/games/ea-sports-fc/ratings?playerId=72476,ea-drop-api,ea-drop-api,,fc27,2026-08-28T08:51:40.553Z
74803,Sara Ritter,Sara,Ritter,,2005-07-25,21,Germany,Germany,21,169,62,TSG Hoffenheim,115999,GPFBL,,CB,CB,,Defense,Right,63,,60,59,60,45,47,50,46,24,52,25,42,32,25,28,63,40,27,53,61,56,64,62,49,64,63,66,67,62,61,59,66,55,60,59,2,2,15,11,8,9,13,,,,,,,Women's Football,1,ea-drop-api,74803,https://www.ea.com/games/ea-sports-fc/ratings?playerId=74803,ea-drop-api,ea-drop-api,,fc27,2026-08-28T08:51:40.553Z
247543,Javiera Toro,Javiera,Toro,,1998-04-22,28,Chile,Chile,55,160,56,,,Liga F Moeve,,LB,"LB, LM",LM,Defense,Left,63,,46,42,50,41,45,51,24,21,42,46,56,42,71,35,66,42,49,59,67,79,66,70,58,64,60,72,67,62,60,57,65,48,60,60,3,3,6,10,10,15,12,,,,,,,Women's Football,1,ea-drop-api,247543,https://www.ea.com/games/ea-sports-fc/ratings?playerId=247543,ea-drop-api,ea-drop-api,,fc27,2026-08-28T08:51:40.553Z
76651,Molly Johansson,Molly,Johansson,,2002-06-11,24,Sweden,Sweden,46,172,63,FC Rosengård,131362,Sverige Liga,,CB,CB,,Defense,Right,63,,62,59,65,37,39,46,29,21,38,24,47,45,22,34,65,52,23,53,48,63,66,70,50,64,64,58,60,68,66,59,61,61,58,60,3,2,11,13,7,13,13,,,,,,,Women's Football,1,ea-drop-api,76651,https://www.ea.com/games/ea-sports-fc/ratings?playerId=76651,ea-drop-api,ea-drop-api,,fc27,2026-08-28T08:51:40.553Z
75005,Sury Lamontana,Sury,Lamontana,,2000-03-20,26,Italy,Italy,27,176,64,FC Zürich,131361,Schweizer Damen Liga,,ST,ST,,Attack,Right,63,,67,65,68,64,66,65,63,58,63,60,52,58,32,51,61,58,34,62,70,56,58,60,52,22,13,65,12,23,19,54,66,60,57,35,4,3,13,10,13,6,9,,,,,,,Women's Football,1,ea-drop-api,75005,https://www.ea.com/games/ea-sports-fc/ratings?playerId=75005,ea-drop-api,ea-drop-api,,fc27,2026-08-28T08:51:40.553Z
75204,Lily Murphy,Lily,Murphy,,2006-02-13,20,England,England,14,168,59,Manchester City,116017,Barclays WSL,,LW,"LW, LM",LM,Attack,Right,63,,76,78,75,58,60,53,58,56,63,63,63,60,63,45,69,65,38,59,63,61,60,59,48,19,18,52,15,15,13,45,51,65,32,50,3,3,5,8,8,10,8,,,,,,,Women's Football,1,ea-drop-api,75204,https://www.ea.com/games/ea-sports-fc/ratings?playerId=75204,ea-drop-api,ea-drop-api,,fc27,2026-08-28T08:51:40.553Z
275453,Maddi Wilde,Maddi,Wilde,,2003-10-04,22,England,England,14,174,60,London City,132176,Barclays WSL,,RB,"RB, CB, RM","CB, RM",Defense,Right,63,,58,65,53,26,23,34,21,27,45,30,54,29,60,31,66,60,54,53,51,58,59,62,55,61,58,65,60,62,60,66,73,63,71,56,3,2,7,13,13,9,11,,,,,,,Women's Football,1,ea-drop-api,275453,https://www.ea.com/games/ea-sports-fc/ratings?playerId=275453,ea-drop-api,ea-drop-api,,fc27,2026-08-28T08:51:40.553Z
77986,Rebeca,Rebeca,Costa da Silva,Rebeca,2005-09-01,20,Brazil,Brazil,54,168,60,DUX Logroño,132629,Liga F Moeve,,CB,CB,,Defense,Right,63,,57,56,57,33,28,48,31,27,45,28,47,34,35,30,62,55,32,48,43,72,66,64,51,63,64,66,63,64,58,63,67,60,65,63,3,2,11,14,10,10,10,,,,,,,Women's Football,1,ea-drop-api,77986,https://www.ea.com/games/ea-sports-fc/ratings?playerId=77986,ea-drop-api,ea-drop-api,,fc27,2026-08-28T08:51:40.553Z
270080,Melissa Lowder,Melissa,Lowder,,1997-01-29,29,USA,United States,95,172,66,Bay FC,131477,NWSL,,GK,GK,,Defense,Right,62,,64,45,51,58,9,44,8,7,21,9,59,45,9,14,28,22,12,68,58,68,52,18,15,47,6,12,8,13,8,58,60,38,62,25,2,1,64,58,59,58,68,,,,,,,Women's Football,1,ea-drop-api,270080,https://www.ea.com/games/ea-sports-fc/ratings?playerId=270080,ea-drop-api,ea-drop-api,,fc27,2026-08-28T08:51:40.553Z
266600,Halle Houssein,Halle,Houssein,,2004-12-11,21,Türkiye,Turkey,48,161,58,West Ham,116014,Barclays WSL,,CAM,"CAM, CM",CM,Midfielder,Right,62,,74,71,77,57,56,61,55,57,47,63,58,60,59,34,61,56,55,66,75,77,56,66,60,43,39,44,36,51,45,55,56,46,59,56,3,3,7,11,8,5,11,,,,,,,Women's Football,1,ea-drop-api,266600,https://www.ea.com/games/ea-sports-fc/ratings?playerId=266600,ea-drop-api,ea-drop-api,,fc27,2026-08-28T08:51:40.553Z
273838,Safia Middleton-Patel,Safia,Middleton-Patel,,2004-09-21,21,Wales,Wales,50,170,63,Manchester Utd,116012,Barclays WSL,,GK,GK,,Defense,Right,62,,62,50,48,60,10,44,11,12,20,13,59,49,14,21,35,28,14,61,43,50,60,19,45,49,12,12,17,17,15,60,66,27,71,25,2,1,62,60,59,60,61,,,,,,,Women's Football,1,ea-drop-api,273838,https://www.ea.com/games/ea-sports-fc/ratings?playerId=273838,ea-drop-api,ea-drop-api,,fc27,2026-08-28T08:51:40.553Z
272017,Ainhoa Bascuñán,Ainhoa,Estévez Bascuñán,Ainhoa Bascuñán,2004-02-23,22,Spain,Spain,45,169,58,,,Liga F Moeve,,CM,"CM, CDM",CDM,Midfielder,Right,62,,56,58,55,53,45,61,63,57,45,58,59,63,54,56,63,55,53,65,56,36,59,68,62,58,62,53,58,62,47,56,57,64,57,43,2,3,6,11,12,7,9,,,,,,,Women's Football,1,ea-drop-api,272017,https://www.ea.com/games/ea-sports-fc/ratings?playerId=272017,ea-drop-api,ea-drop-api,,fc27,2026-08-28T08:51:40.553Z
274510,Kyra Spitzner,Kyra,Spitzner,,2005-03-23,21,Germany,Germany,21,170,59,RB Leipzig,116021,GPFBL,,ST,ST,,Attack,Right,62,,69,69,69,59,62,57,55,48,52,64,55,60,44,40,62,56,41,63,73,60,63,65,50,40,46,56,31,43,34,61,66,61,63,56,2,2,13,11,13,9,11,,,,,,,Women's Football,1,ea-drop-api,274510,https://www.ea.com/games/ea-sports-fc/ratings?playerId=274510,ea-drop-api,ea-drop-api,,fc27,2026-08-28T08:51:40.553Z
77896,Jordan Fusco,Jordan,Fusco,,2003-09-11,22,USA,United States,95,175,67,San Diego Wave,116312,NWSL,,CM,CM,,Midfielder,Right,62,,68,67,68,54,56,52,56,30,43,63,55,62,39,34,64,58,44,61,61,55,61,65,50,49,60,47,34,61,41,57,53,64,54,58,3,2,13,9,7,14,5,,,,,,,Women's Football,1,ea-drop-api,77896,https://www.ea.com/games/ea-sports-fc/ratings?playerId=77896,ea-drop-api,ea-drop-api,,fc27,2026-08-28T08:51:40.553Z
274511,Mia Werner,Mia,Werner,,2005-08-05,21,Germany,Germany,21,168,55,RB Leipzig,116021,GPFBL,,ST,ST,,Attack,Right,62,,67,65,69,60,62,60,56,47,57,67,54,61,39,40,62,55,38,65,72,68,64,67,52,40,42,54,33,44,32,49,56,33,53,55,2,2,12,9,9,6,14,,,,,,,Women's Football,1,ea-drop-api,274511,https://www.ea.com/games/ea-sports-fc/ratings?playerId=274511,ea-drop-api,ea-drop-api,,fc27,2026-08-28T08:51:40.553Z
71807,Olivia Griffitts,Olivia,Griffitts,,2001-08-02,25,USA,United States,95,168,60,Utah Royals FC,131478,NWSL,,RB,"RB, RM",RM,Defense,Right,62,,54,56,53,41,35,52,43,40,40,43,59,57,60,49,60,59,57,59,57,60,59,61,58,61,59,59,61,64,60,59,60,59,59,60,2,2,11,10,8,7,6,,,,,,,Women's Football,1,ea-drop-api,71807,https://www.ea.com/games/ea-sports-fc/ratings?playerId=71807,ea-drop-api,ea-drop-api,,fc27,2026-08-28T08:51:40.553Z
277256,Alba Cerrato,Alba,Cerrato Izquierdo,Alba Cerrato,2007-01-01,19,Spain,Spain,45,163,50,Sevilla FC,116337,Liga F Moeve,,ST,"ST, LM, LW","LM, LW",Attack,Right,62,,68,67,68,61,62,62,60,58,41,68,56,60,53,35,62,50,39,66,64,61,54,65,52,35,33,56,32,33,30,42,55,42,47,24,3,2,13,14,15,15,14,,,,,,,Women's Football,1,ea-drop-api,277256,https://www.ea.com/games/ea-sports-fc/ratings?playerId=277256,ea-drop-api,ea-drop-api,,fc27,2026-08-28T08:51:40.553Z
277983,Georgia Mullett,Georgia,Mullett,,2005-09-16,20,England,England,14,162,51,Aston Villa,116015,Barclays WSL,,ST,ST,,Attack,Right,62,,61,64,59,63,65,60,65,62,52,62,50,58,32,54,59,41,56,65,68,70,60,66,53,31,32,58,21,31,29,58,64,65,60,45,3,3,9,11,11,14,8,,,,,,,Women's Football,1,ea-drop-api,277983,https://www.ea.com/games/ea-sports-fc/ratings?playerId=277983,ea-drop-api,ea-drop-api,,fc27,2026-08-28T08:51:40.553Z
71967,Emmie Allen,Emmie,Allen,,2002-10-25,23,USA,United States,95,178,68,Bay FC,131477,NWSL,,GK,GK,,Defense,Right,62,,63,30,20,60,9,42,8,5,11,6,56,35,12,12,15,20,10,63,35,42,62,17,33,26,6,11,8,10,10,57,38,20,34,25,2,1,63,60,56,57,63,,,,,,,Women's Football,1,ea-drop-api,71967,https://www.ea.com/games/ea-sports-fc/ratings?playerId=71967,ea-drop-api,ea-drop-api,,fc27,2026-08-28T08:51:40.553Z
72448,Suya Haering,Suya,Haering,,2005-03-07,21,New Zealand,New Zealand,198,171,62,,,GPFBL,,LB,"LB, LM",LM,Defense,Left,62,,66,68,65,32,30,40,28,38,35,29,52,40,61,30,63,42,44,55,35,56,57,63,49,60,61,55,60,62,57,54,63,45,58,53,2,2,13,9,13,6,12,,,,,,,Women's Football,1,ea-drop-api,72448,https://www.ea.com/games/ea-sports-fc/ratings?playerId=72448,ea-drop-api,ea-drop-api,,fc27,2026-08-28T08:51:40.553Z
276350,Iman Beney,Iman,Beney,,2006-07-23,20,Switzerland,Switzerland,47,160,52,Manchester City,116017,Barclays WSL,,ST,ST,,Attack,Right,62,,72,70,73,60,63,56,58,55,59,62,48,45,30,33,67,42,39,65,67,62,56,68,53,25,10,64,16,30,26,48,60,63,48,25,3,2,9,6,5,13,12,,,,,,,Women's Football,1,ea-drop-api,276350,https://www.ea.com/games/ea-sports-fc/ratings?playerId=276350,ea-drop-api,ea-drop-api,,fc27,2026-08-28T08:51:40.553Z
277202,Adèle Connesson,Adèle,Connesson,,2004-06-18,22,France,France,18,169,59,,,Arkema PL,,ST,"ST, RM, RW","RM, RW",Attack,Right,62,,64,51,74,60,63,58,61,57,45,63,50,52,39,38,60,46,44,65,57,52,60,70,52,27,23,58,20,27,20,50,60,45,60,29,3,3,10,12,15,12,6,,,,,,,Women's Football,1,ea-drop-api,277202,https://www.ea.com/games/ea-sports-fc/ratings?playerId=277202,ea-drop-api,ea-drop-api,,fc27,2026-08-28T08:51:40.553Z
277314,Lola Gstalter,Lola,Gstalter,,2005-07-13,21,France,France,18,164,48,Montpellier,116037,Arkema PL,,LM,"LM, LB",LB,Midfielder,Left,62,,68,70,66,52,55,52,48,42,47,61,59,57,53,44,65,58,67,65,74,58,60,66,55,36,39,46,31,38,32,36,42,38,33,40,2,3,6,5,13,8,15,,,,,,,Women's Football,1,ea-drop-api,277314,https://www.ea.com/games/ea-sports-fc/ratings?playerId=277314,ea-drop-api,ea-drop-api,,fc27,2026-08-28T08:51:40.553Z
266243,Winonah Heatley,Winonah,Heatley,,2001-06-18,25,Australia,Australia,195,172,68,Roma,116282,Calcio A Femminile,,CB,"CB, RB",RB,Defense,Right,62,,67,68,66,25,20,36,19,25,33,43,47,40,35,24,65,48,24,51,45,72,56,58,45,63,65,55,63,67,58,61,66,57,63,58,3,2,10,5,7,9,6,,,,,,,Women's Football,1,ea-drop-api,266243,https://www.ea.com/games/ea-sports-fc/ratings?playerId=266243,ea-drop-api,ea-drop-api,,fc27,2026-08-28T08:51:40.553Z
79720,Ísabella Tryggvadóttir,Ísabella,Tryggvadóttir,,2006-09-08,19,Iceland,Iceland,24,168,58,FC Rosengård,131362,Sverige Liga,,ST,"ST, LM",LM,Attack,Right,62,,58,60,57,59,63,60,52,48,60,65,50,43,33,38,65,52,39,64,62,63,57,66,48,19,18,60,14,14,12,54,65,59,60,29,3,2,7,13,8,6,11,,,,,,,Women's Football,1,ea-drop-api,79720,https://www.ea.com/games/ea-sports-fc/ratings?playerId=79720,ea-drop-api,ea-drop-api,,fc27,2026-08-28T08:51:40.553Z
79542,Aleksandra Gajić,Aleksandra,Gajić,,2006-08-31,19,Serbia,Serbia,51,160,56,,,Arkema PL,,CB,CB,,Defense,Right,62,,52,55,50,24,20,33,21,21,34,22,47,25,44,35,60,59,25,48,52,59,60,49,42,63,62,64,65,63,58,64,66,59,66,67,2,2,9,13,13,7,13,,,,,,,Women's Football,1,ea-drop-api,79542,https://www.ea.com/games/ea-sports-fc/ratings?playerId=79542,ea-drop-api,ea-drop-api,,fc27,2026-08-28T08:51:40.553Z
277170,Julie Swierot,Julie,Swierot,,2006-03-14,20,France,France,18,168,62,OL Lyonnes,116033,Arkema PL,,CM,"CM, RM",RM,Midfielder,Right,61,,68,71,66,59,58,63,63,48,56,57,58,57,48,48,65,61,57,65,67,65,51,69,56,48,51,46,39,58,43,61,64,58,70,41,3,3,8,10,13,7,9,,,,,,,Women's Football,1,ea-drop-api,277170,https://www.ea.com/games/ea-sports-fc/ratings?playerId=277170,ea-drop-api,ea-drop-api,,fc27,2026-08-28T08:51:40.553Z
70576,Emilia Pelgander,Emilia,Pelgander,,2004-03-03,22,Sweden,Sweden,46,166,55,FC Rosengård,131362,Sverige Liga,,CM,"CM, CDM",CDM,Midfielder,Right,61,,63,60,65,60,62,61,58,55,55,60,58,61,54,50,61,59,52,63,60,65,59,66,52,52,54,49,48,54,52,59,55,63,58,58,3,2,12,13,10,13,12,,,,,,,Women's Football,1,ea-drop-api,70576,https://www.ea.com/games/ea-sports-fc/ratings?playerId=70576,ea-drop-api,ea-drop-api,,fc27,2026-08-28T08:51:40.553Z
71679,Jamie Shepherd,Jamie,Shepherd,,2000-10-09,25,USA,United States,95,170,63,Bay FC,131477,NWSL,,CM,CM,,Midfielder,Right,61,,63,66,60,56,57,56,56,39,55,60,58,58,55,52,65,56,36,62,69,57,63,64,57,55,64,60,40,62,54,59,65,61,59,57,3,2,9,7,12,7,6,,,,,,,Women's Football,1,ea-drop-api,71679,https://www.ea.com/games/ea-sports-fc/ratings?playerId=71679,ea-drop-api,ea-drop-api,,fc27,2026-08-28T08:51:40.553Z
279191,Elene Guridi,Elene,Guridi Mesonero,Elene Guridi,2002-07-26,24,Spain,Spain,45,170,60,Real Sociedad,116336,Liga F Moeve,,CM,"CM, CDM, CAM","CDM, CAM",Midfielder,Right,61,,55,56,54,56,63,51,52,41,51,51,62,59,57,45,71,63,46,57,55,67,54,60,62,54,61,54,41,64,51,69,67,61,78,57,2,2,7,9,15,10,6,,,,,,,Women's Football,1,ea-drop-api,279191,https://www.ea.com/games/ea-sports-fc/ratings?playerId=279191,ea-drop-api,ea-drop-api,,fc27,2026-08-28T08:51:40.553Z
71680,Maddie Moreau,Maddie,Moreau,,2000-12-05,25,USA,United States,95,155,54,Bay FC,131477,NWSL,,RB,"RB, CM, RM","CM, RM",Defense,Left,61,,64,63,65,52,56,53,55,31,49,30,55,53,58,36,60,57,37,60,68,75,58,60,54,58,55,51,61,59,57,61,61,62,63,57,3,2,9,13,14,8,8,,,,,,,Women's Football,1,ea-drop-api,71680,https://www.ea.com/games/ea-sports-fc/ratings?playerId=71680,ea-drop-api,ea-drop-api,,fc27,2026-08-28T08:51:40.553Z
79516,Laura Gloning,Laura,Gloning,,2005-06-05,21,Germany,Germany,21,165,55,TSG Hoffenheim,115999,GPFBL,,RB,"RB, RM",RM,Defense,Right,61,,71,69,73,47,46,47,47,44,48,53,56,54,56,41,59,55,52,56,74,71,53,59,56,58,59,54,56,61,55,54,54,64,49,55,2,3,7,5,13,9,7,,,,,,,Women's Football,1,ea-drop-api,79516,https://www.ea.com/games/ea-sports-fc/ratings?playerId=79516,ea-drop-api,ea-drop-api,,fc27,2026-08-28T08:51:40.553Z
264893,Féerine Belhadj,Féerine,Belhadj,,2005-02-14,21,France,France,18,165,65,OL Lyonnes,116033,Arkema PL,,GK,GK,,Defense,Left,61,,60,39,44,54,11,46,8,8,16,8,61,38,12,13,26,22,14,67,41,58,57,15,22,41,14,9,11,14,11,58,58,30,68,25,2,1,60,54,61,58,67,,,,,,,Women's Football,1,ea-drop-api,264893,https://www.ea.com/games/ea-sports-fc/ratings?playerId=264893,ea-drop-api,ea-drop-api,,fc27,2026-08-28T08:51:40.553Z
72783,Intza Eguiguren,Intza,Eguiguren Beraza,Intza Eguiguren,2005-12-29,20,Spain,Spain,45,160,51,Real Sociedad,116336,Liga F Moeve,,CAM,"CAM, LM, ST, CM","LM, ST, CM",Midfielder,Left,61,,65,66,65,58,60,56,58,53,54,56,62,60,61,57,65,60,55,60,57,54,53,62,48,38,43,40,30,38,48,55,47,63,53,51,3,4,14,6,10,12,7,,,,,,,Women's Football,1,ea-drop-api,72783,https://www.ea.com/games/ea-sports-fc/ratings?playerId=72783,ea-drop-api,ea-drop-api,,fc27,2026-08-28T08:51:40.553Z
272018,Núria Escoms,Núria,Escoms García,Núria Escoms,2006-08-15,20,Spain,Spain,45,166,51,,,Liga F Moeve,,CM,CM,,Midfielder,Left,61,,48,66,33,54,45,66,64,58,44,59,57,64,53,55,57,55,62,64,50,33,57,69,61,58,61,52,59,61,46,57,59,63,58,44,2,3,12,9,15,6,6,,,,,,,Women's Football,1,ea-drop-api,272018,https://www.ea.com/games/ea-sports-fc/ratings?playerId=272018,ea-drop-api,ea-drop-api,,fc27,2026-08-28T08:51:40.553Z
79669,Ranneke Derks,Ranneke,Derks,,2008-04-29,18,Netherlands,Holland,34,170,60,Ajax,131359,Nederland Vrouwen Liga,,ST,ST,,Attack,Right,61,,84,85,83,60,62,61,57,56,59,58,51,51,48,57,54,44,60,60,72,71,49,63,50,27,25,56,21,26,21,54,72,54,57,41,3,3,13,11,11,10,6,,,,,,,Women's Football,1,ea-drop-api,79669,https://www.ea.com/games/ea-sports-fc/ratings?playerId=79669,ea-drop-api,ea-drop-api,,fc27,2026-08-28T08:51:40.553Z
79675,Renee van Asten,Renee,van Asten,,2006-10-07,19,Netherlands,Holland,34,173,64,Ajax,131359,Nederland Vrouwen Liga,,CB,"CB, RB, RM","RB, RM",Defense,Right,61,,63,65,62,43,43,44,40,38,52,37,51,46,49,47,55,52,48,56,53,67,54,59,48,62,62,65,63,61,57,61,70,59,65,50,2,2,13,8,10,10,7,,,,,,,Women's Football,1,ea-drop-api,79675,https://www.ea.com/games/ea-sports-fc/ratings?playerId=79675,ea-drop-api,ea-drop-api,,fc27,2026-08-28T08:51:40.553Z
268951,Meritxell Muñoz,Meritxell,Muñoz Alsina,Meritxell Muñoz,2003-06-18,23,Spain,Spain,45,169,58,RCD Espanyol,131733,Liga F Moeve,,GK,GK,,Defense,Right,61,,57,32,35,59,4,46,7,4,58,7,61,51,9,12,47,57,9,63,38,56,64,35,42,33,10,6,10,7,9,59,51,16,57,18,2,1,57,59,61,59,63,,,,,,,Women's Football,1,ea-drop-api,268951,https://www.ea.com/games/ea-sports-fc/ratings?playerId=268951,ea-drop-api,ea-drop-api,,fc27,2026-08-28T08:51:40.553Z
271402,Ananée Yeboah,Ananée,Yeboah,,2005-01-27,21,France,France,18,168,62,Strasbourg,131724,Arkema PL,,ST,ST,,Attack,Right,61,,79,78,80,58,60,53,61,60,52,60,50,49,39,50,58,49,45,66,67,71,54,69,46,25,20,50,22,23,20,53,70,40,68,29,3,2,6,5,5,12,9,,,,,,,Women's Football,1,ea-drop-api,271402,https://www.ea.com/games/ea-sports-fc/ratings?playerId=271402,ea-drop-api,ea-drop-api,,fc27,2026-08-28T08:51:40.553Z
274806,Chloe Ricketts,Chloe,Ricketts,,2007-05-23,19,USA,United States,95,155,54,Washington Spirit,116304,NWSL,,CM,CM,,Midfielder,Right,61,,61,65,57,55,55,60,53,50,42,64,61,63,55,49,67,59,48,63,60,54,57,68,41,42,45,50,37,42,40,47,44,66,33,60,3,2,6,6,11,15,10,,,,,,,Women's Football,1,ea-drop-api,274806,https://www.ea.com/games/ea-sports-fc/ratings?playerId=274806,ea-drop-api,ea-drop-api,,fc27,2026-08-28T08:51:40.553Z
76308,Kateryna Boklach,Kateryna,Boklach,,2004-01-16,22,Ukraine,Ukraine,49,181,70,FC Nantes,116417,Arkema PL,,GK,GK,,Defense,Right,61,,65,23,29,62,6,47,5,7,19,7,63,24,10,12,21,15,14,59,38,45,55,15,28,25,9,10,9,12,14,54,45,26,50,21,2,1,65,62,63,54,59,,,,,,,Women's Football,1,ea-drop-api,76308,https://www.ea.com/games/ea-sports-fc/ratings?playerId=76308,ea-drop-api,ea-drop-api,,fc27,2026-08-28T08:51:40.553Z
72810,Milagros Martin,Milagros,Martin,,2007-04-26,19,Argentina,Argentina,52,166,59,C. Adeje Tenerife,116332,Liga F Moeve,,LB,"LB, LM",LM,Defense,Left,61,,68,67,69,33,31,38,30,30,39,40,53,33,60,34,63,56,40,64,67,61,51,66,44,56,51,60,50,62,58,51,58,56,47,52,3,2,7,14,15,9,8,,,,,,,Women's Football,1,ea-drop-api,72810,https://www.ea.com/games/ea-sports-fc/ratings?playerId=72810,ea-drop-api,ea-drop-api,,fc27,2026-08-28T08:51:40.553Z
76482,Chiamaka Okwuchukwu,Chiamaka,Okwuchukwu,,2005-08-07,21,Nigeria,Nigeria,133,160,55,San Diego Wave,116312,NWSL,,ST,ST,,Attack,Right,61,,61,58,63,58,58,58,59,60,43,61,47,43,32,36,64,40,38,60,55,55,60,64,46,32,33,60,28,29,24,59,66,55,66,44,3,2,8,8,13,9,7,,,,,,,Women's Football,1,ea-drop-api,76482,https://www.ea.com/games/ea-sports-fc/ratings?playerId=76482,ea-drop-api,ea-drop-api,,fc27,2026-08-28T08:51:40.553Z
275897,Erin Clachers,Erin,Clachers,,1999-06-20,27,Scotland,Scotland,42,170,60,Glasgow City FC,131363,Scottish Women's League,,GK,GK,,Defense,Right,61,,61,18,17,57,9,41,10,11,14,9,55,35,15,13,25,16,12,62,22,31,59,18,16,18,12,8,9,15,11,61,32,21,32,17,2,1,61,57,55,61,62,,,,,,,Women's Football,1,ea-drop-api,275897,https://www.ea.com/games/ea-sports-fc/ratings?playerId=275897,ea-drop-api,ea-drop-api,,fc27,2026-08-28T08:51:40.553Z
75809,Jana Žufánková,Jana,Žufánková,,2002-11-14,23,Czechia,Czech Republic,12,172,60,Slavia Praha,131360,Ceska Liga Žen,,ST,ST,,Attack,Right,61,,67,66,68,61,63,61,59,54,51,62,44,47,30,34,54,38,42,58,59,56,55,64,51,27,23,60,19,27,22,56,65,60,58,46,3,2,12,7,7,7,12,,,,,,,Women's Football,1,ea-drop-api,75809,https://www.ea.com/games/ea-sports-fc/ratings?playerId=75809,ea-drop-api,ea-drop-api,,fc27,2026-08-28T08:51:40.553Z
79410,Tōko Koga,Tōko,Koga,,2006-01-06,20,Japan,Japan,163,173,67,Spurs,116011,Barclays WSL,,CB,CB,,Defense,Right,61,,64,61,66,24,23,30,17,27,38,27,44,34,25,22,64,50,20,47,57,73,60,66,44,60,56,63,58,63,58,65,68,66,65,64,3,2,7,13,8,13,10,,,,,,,Women's Football,1,ea-drop-api,79410,https://www.ea.com/games/ea-sports-fc/ratings?playerId=79410,ea-drop-api,ea-drop-api,,fc27,2026-08-28T08:51:40.553Z
272072,Alba Ruiz,Alba,Ruiz Soto,Alba Ruiz,2001-11-11,24,Spain,Spain,45,165,55,Madrid CFF,116334,Liga F Moeve,,RB,"RB, LB, LM, RM","LB, LM, RM",Defense,Right,60,,72,71,72,54,49,58,62,56,67,45,59,45,65,63,68,46,62,67,72,49,60,64,66,51,53,54,50,50,49,59,63,55,58,64,2,2,14,14,14,12,15,,,,,,,Women's Football,1,ea-drop-api,272072,https://www.ea.com/games/ea-sports-fc/ratings?playerId=272072,ea-drop-api,ea-drop-api,,fc27,2026-08-28T08:51:40.553Z
80614,Lucia Kendall,Lucia,Kendall,,2004-05-20,22,England,England,14,170,67,Aston Villa,116015,Barclays WSL,,CM,CM,,Midfielder,Right,60,,67,68,66,55,58,60,52,38,40,58,54,62,43,35,59,57,37,60,54,70,59,68,55,54,58,53,48,58,51,70,69,68,75,60,3,2,14,14,15,8,8,,,,,,,Women's Football,1,ea-drop-api,80614,https://www.ea.com/games/ea-sports-fc/ratings?playerId=80614,ea-drop-api,ea-drop-api,,fc27,2026-08-28T08:51:40.553Z
72312,Zara Shaw,Zara,Shaw,,2007-06-06,19,England,England,14,165,52,Liverpool,116343,Barclays WSL,,CM,CM,,Midfielder,Right,60,,64,61,66,58,60,54,62,42,52,60,57,56,45,48,65,63,36,59,54,60,57,63,47,49,53,43,40,58,50,53,46,54,53,52,3,2,6,7,13,7,12,,,,,,,Women's Football,1,ea-drop-api,72312,https://www.ea.com/games/ea-sports-fc/ratings?playerId=72312,ea-drop-api,ea-drop-api,,fc27,2026-08-28T08:51:40.553Z
268946,Júlia Bartel,Júlia,Bartel Holgado,Júlia Bartel,2004-05-18,22,Spain,Spain,45,160,59,Atlético de Madrid,116327,Liga F Moeve,,CM,CM,,Midfielder,Right,60,,56,55,57,50,50,54,47,37,45,67,55,64,42,49,60,55,47,60,52,53,71,61,56,54,57,56,59,48,48,61,58,68,57,64,2,2,12,8,7,13,5,,,,,,,Women's Football,1,ea-drop-api,268946,https://www.ea.com/games/ea-sports-fc/ratings?playerId=268946,ea-drop-api,ea-drop-api,,fc27,2026-08-28T08:51:40.553Z
265255,Eleanor Heeps,Eleanor,Heeps,,2003-08-04,23,England,England,14,175,58,Spurs,116011,Barclays WSL,,GK,GK,,Defense,Right,60,,59,40,41,60,7,42,8,7,21,7,56,37,9,15,31,26,10,61,42,40,60,14,39,40,9,8,11,11,13,57,49,22,50,18,2,1,59,60,56,57,61,,,,,,,Women's Football,1,ea-drop-api,265255,https://www.ea.com/games/ea-sports-fc/ratings?playerId=265255,ea-drop-api,ea-drop-api,,fc27,2026-08-28T08:51:40.553Z
277299,Marlene Lindner,Marlene,Lindner,,2007-01-20,19,Germany,Germany,21,173,64,1. FC Nürnberg,131386,GPFBL,,CB,CB,,Defense,Right,60,,68,65,70,40,41,42,37,32,49,34,48,39,35,37,60,56,41,55,74,54,58,63,51,61,62,58,59,62,60,60,65,61,61,56,2,2,12,15,8,15,11,,,,,,,Women's Football,1,ea-drop-api,277299,https://www.ea.com/games/ea-sports-fc/ratings?playerId=277299,ea-drop-api,ea-drop-api,,fc27,2026-08-28T08:51:40.553Z
73648,Amaia Iribarren,Amaia,Iribarren Arteta,Amaia Iribarren,2006-06-06,20,Spain,Spain,45,170,55,SD Eibar,116331,Liga F Moeve,,CM,"CM, CAM",CAM,Midfielder,Right,60,,58,54,61,54,55,61,51,41,42,56,62,59,61,49,69,62,48,58,70,34,49,65,49,56,60,45,53,61,52,43,37,54,36,49,2,2,5,12,7,9,6,,,,,,,Women's Football,1,ea-drop-api,73648,https://www.ea.com/games/ea-sports-fc/ratings?playerId=73648,ea-drop-api,ea-drop-api,,fc27,2026-08-28T08:51:40.553Z
75041,Emma Moreno,Emma,Moreno Torres,Emma Moreno,2007-05-02,19,Spain,Spain,45,157,53,SD Eibar,116331,Liga F Moeve,,RM,"RM, CM, RW","CM, RW",Midfielder,Right,60,,69,71,67,48,52,50,41,31,48,54,53,52,52,34,58,55,40,60,62,53,55,62,53,40,36,43,35,41,52,60,54,68,55,62,2,3,11,12,10,9,9,,,,,,,Women's Football,1,ea-drop-api,75041,https://www.ea.com/games/ea-sports-fc/ratings?playerId=75041,ea-drop-api,ea-drop-api,,fc27,2026-08-28T08:51:40.553Z
271821,Faye Kirby,Faye,Kirby,,2004-04-05,22,England,England,14,173,65,Liverpool,116343,Barclays WSL,,GK,GK,,Defense,Right,60,,58,32,32,61,10,45,11,10,18,13,60,44,17,18,31,25,15,59,31,43,58,16,40,32,11,12,13,16,15,60,49,28,54,25,3,1,58,61,60,60,59,,,,,,,Women's Football,1,ea-drop-api,271821,https://www.ea.com/games/ea-sports-fc/ratings?playerId=271821,ea-drop-api,ea-drop-api,,fc27,2026-08-28T08:51:40.553Z
267585,Hannah Silcock,Hannah,Silcock,,2004-09-02,21,England,England,14,176,59,Liverpool,116343,Barclays WSL,,CB,CB,,Defense,Right,60,,63,62,64,37,28,45,40,41,48,50,56,53,50,48,62,60,51,59,66,54,60,60,60,60,59,60,57,64,61,54,66,37,62,50,3,2,11,10,11,7,6,,,,,,,Women's Football,1,ea-drop-api,267585,https://www.ea.com/games/ea-sports-fc/ratings?playerId=267585,ea-drop-api,ea-drop-api,,fc27,2026-08-28T08:51:40.553Z
271107,Kenzie Weir,Kenzie,Weir,,2004-01-14,22,Scotland,Scotland,42,175,60,Everton,116016,Barclays WSL,,CB,CB,,Defense,Right,60,,63,64,63,38,35,43,40,37,51,33,51,52,39,45,58,57,39,57,61,49,57,57,50,59,55,60,64,58,57,60,69,46,69,51,3,2,7,8,15,8,13,,,,,,,Women's Football,1,ea-drop-api,271107,https://www.ea.com/games/ea-sports-fc/ratings?playerId=271107,ea-drop-api,ea-drop-api,,fc27,2026-08-28T08:51:40.553Z
277685,Belén de Gracia,Belén,de Gracia Ruiz,Belén de Gracia,2004-04-12,22,Spain,Spain,45,170,60,Madrid CFF,116334,Liga F Moeve,,GK,GK,,Defense,Right,60,,61,30,33,54,9,46,10,11,13,9,61,36,10,11,18,12,13,59,21,31,59,17,15,31,11,10,10,15,11,60,36,21,32,17,2,1,61,54,61,60,59,,,,,,,Women's Football,1,ea-drop-api,277685,https://www.ea.com/games/ea-sports-fc/ratings?playerId=277685,ea-drop-api,ea-drop-api,,fc27,2026-08-28T08:51:40.553Z
72366,María Barquero,María,Barquero Gutierrez,María Barquero,2003-01-29,23,Spain,Spain,45,170,58,Granada CF,131391,Liga F Moeve,,ST,ST,,Attack,Right,60,,67,68,67,57,62,52,55,45,41,61,56,59,48,42,65,51,48,59,61,64,51,69,55,33,27,62,25,37,32,52,62,59,51,45,3,2,11,6,7,6,8,,,,,,,Women's Football,1,ea-drop-api,72366,https://www.ea.com/games/ea-sports-fc/ratings?playerId=72366,ea-drop-api,ea-drop-api,,fc27,2026-08-28T08:51:40.553Z
266503,Evie Rabjohn,Evie,Rabjohn,,2005-04-28,21,England,England,14,168,57,Manchester Utd,116012,Barclays WSL,,CB,"CB, CDM, CAM","CDM, CAM",Defense,Right,60,,61,58,63,38,28,55,40,36,51,42,51,45,34,51,61,59,51,58,64,74,58,62,53,61,57,63,64,61,58,54,63,40,57,61,3,2,8,9,6,6,6,,,,,,,Women's Football,1,ea-drop-api,266503,https://www.ea.com/games/ea-sports-fc/ratings?playerId=266503,ea-drop-api,ea-drop-api,,fc27,2026-08-28T08:51:40.553Z
78599,Ida Heikkinen,Ida,Heikkinen,,2006-10-13,19,Finland,Finland,17,167,55,Union Berlin,132589,GPFBL,,RB,"RB, RM",RM,Defense,Right,60,,69,75,64,41,39,43,41,37,44,50,53,43,56,37,58,55,52,52,66,57,54,57,48,58,60,52,55,61,56,48,56,51,46,47,2,2,10,12,10,8,9,,,,,,,Women's Football,1,ea-drop-api,78599,https://www.ea.com/games/ea-sports-fc/ratings?playerId=78599,ea-drop-api,ea-drop-api,,fc27,2026-08-28T08:51:40.553Z
79719,Onyeka Gamero,Onyeka,Gamero,,2006-02-23,20,USA,United States,95,162,56,Bay FC,131477,NWSL,,ST,ST,,Attack,Right,60,,71,68,73,54,58,52,48,45,56,57,49,46,32,31,66,42,52,64,65,67,57,68,42,31,25,62,22,33,28,51,65,50,56,36,3,2,9,9,7,10,7,,,,,,,Women's Football,1,ea-drop-api,79719,https://www.ea.com/games/ea-sports-fc/ratings?playerId=79719,ea-drop-api,ea-drop-api,,fc27,2026-08-28T08:51:40.553Z
78812,Ambre Bouchard,Ambre,Bouchard,,2007-05-14,19,France,France,18,171,58,RC Lens,132588,Arkema PL,,GK,GK,,Defense,Right,60,,58,18,34,57,9,44,6,10,18,9,59,35,15,10,40,34,16,59,25,44,59,13,25,24,9,15,10,15,13,61,35,18,35,19,2,1,58,57,59,61,59,,,,,,,Women's Football,1,ea-drop-api,78812,https://www.ea.com/games/ea-sports-fc/ratings?playerId=78812,ea-drop-api,ea-drop-api,,fc27,2026-08-28T08:51:40.553Z
279185,Simone Sherwood,Simone,Sherwood,,2007-01-04,19,England,England,14,183,72,,,Barclays WSL,,CB,CB,,Defense,Right,60,,60,53,66,37,34,46,31,33,35,53,49,45,37,30,61,54,31,54,58,68,56,63,41,60,58,60,59,61,62,58,59,56,55,68,2,2,5,8,14,8,11,,,,,,,Women's Football,1,ea-drop-api,279185,https://www.ea.com/games/ea-sports-fc/ratings?playerId=279185,ea-drop-api,ea-drop-api,,fc27,2026-08-28T08:51:40.553Z
70796,Alazne Estensoro,Alazne,Estensoro Macicior,Alazne Estensoro,2006-06-05,20,Spain,Spain,45,170,60,Real Sociedad,116336,Liga F Moeve,,GK,GK,,Defense,Right,60,,60,24,20,58,10,44,12,11,19,10,58,50,14,17,26,27,12,60,34,53,56,19,39,22,15,15,18,16,12,59,53,36,60,21,3,1,60,58,58,59,60,,,,,,,Women's Football,1,ea-drop-api,70796,https://www.ea.com/games/ea-sports-fc/ratings?playerId=70796,ea-drop-api,ea-drop-api,,fc27,2026-08-28T08:51:40.553Z
72578,Araya Dennis,Araya,Dennis,,2006-01-11,20,England,England,14,168,58,Spurs,116011,Barclays WSL,,ST,ST,,Attack,Right,60,,58,56,60,61,64,62,58,48,65,60,51,50,46,47,57,44,48,60,57,53,58,63,47,25,25,54,17,26,19,62,60,63,65,56,3,2,11,9,6,14,6,,,,,,,Women's Football,1,ea-drop-api,72578,https://www.ea.com/games/ea-sports-fc/ratings?playerId=72578,ea-drop-api,ea-drop-api,,fc27,2026-08-28T08:51:40.553Z
73031,Elena Vázquez,Elena,Vázquez Brandón,Elena Vázquez,2007-10-08,18,Spain,Spain,45,165,60,RC Deportivo,131720,Liga F Moeve,,CB,CB,,Defense,Left,60,,50,55,45,39,42,42,31,31,42,32,54,46,51,31,64,62,32,49,54,63,57,55,61,59,54,56,56,69,52,66,66,61,71,61,2,2,8,14,7,8,6,,,,,,,Women's Football,1,ea-drop-api,73031,https://www.ea.com/games/ea-sports-fc/ratings?playerId=73031,ea-drop-api,ea-drop-api,,fc27,2026-08-28T08:51:40.553Z
71368,Rebekah Dowsett,Rebekah,Dowsett,,2007-05-31,19,England,England,14,170,59,West Ham,116014,Barclays WSL,,GK,GK,,Defense,Right,60,,59,24,19,58,9,43,11,8,16,6,57,50,13,11,40,35,12,59,38,56,62,18,30,22,10,12,9,12,14,58,52,40,60,20,3,1,59,58,57,58,59,,,,,,,Women's Football,1,ea-drop-api,71368,https://www.ea.com/games/ea-sports-fc/ratings?playerId=71368,ea-drop-api,ea-drop-api,,fc27,2026-08-28T08:51:40.553Z
71131,Katie Reid,Katie,Reid,,2006-09-25,19,England,England,14,180,64,Arsenal,116009,Barclays WSL,,CB,CB,,Defense,Right,60,,51,53,49,36,38,40,30,29,38,35,47,45,33,26,59,53,25,52,56,59,58,63,47,62,58,59,61,65,64,50,54,42,50,60,3,2,11,8,11,10,10,,,,,,,Women's Football,1,ea-drop-api,71131,https://www.ea.com/games/ea-sports-fc/ratings?playerId=71131,ea-drop-api,ea-drop-api,,fc27,2026-08-28T08:51:40.553Z
77841,Rachel Maltby,Rachel,Maltby,,2007-03-25,19,England,England,14,169,55,Aston Villa,116015,Barclays WSL,,LB,"LB, LM",LM,Defense,Left,60,,57,60,55,30,30,30,28,22,37,40,49,32,57,29,58,45,47,54,57,63,58,55,50,59,56,56,60,62,60,49,52,53,45,53,3,2,12,9,12,14,6,,,,,,,Women's Football,1,ea-drop-api,77841,https://www.ea.com/games/ea-sports-fc/ratings?playerId=77841,ea-drop-api,ea-drop-api,,fc27,2026-08-28T08:51:40.553Z
278313,Nerea Carmona,Nerea,Carmona Balsera,Nerea Carmona,2005-11-11,20,Spain,Spain,45,170,60,Badalona Women,131125,Liga F Moeve,,CB,CB,,Defense,Right,60,,33,33,33,35,32,41,35,31,42,31,58,51,43,41,74,61,35,51,34,38,51,65,61,63,61,62,62,65,60,52,54,39,59,51,2,2,8,14,11,6,11,,,,,,,Women's Football,1,ea-drop-api,278313,https://www.ea.com/games/ea-sports-fc/ratings?playerId=278313,ea-drop-api,ea-drop-api,,fc27,2026-08-28T08:51:40.553Z
75390,Emmi Siren,Emmi,Siren,,2001-02-23,25,Finland,Finland,17,165,54,,,Arkema PL,,CB,"CB, LB, LM","LB, LM",Defense,Left,60,,60,60,60,26,24,39,16,25,32,24,36,30,25,24,53,30,22,39,48,58,56,54,45,62,62,53,61,67,63,57,58,55,58,57,3,2,9,9,10,11,15,,,,,,,Women's Football,1,ea-drop-api,75390,https://www.ea.com/games/ea-sports-fc/ratings?playerId=75390,ea-drop-api,ea-drop-api,,fc27,2026-08-28T08:51:40.553Z
74894,Catherine Paulson,Catherine,Paulson,,2001-11-05,24,USA,United States,95,170,63,Bay FC,131477,NWSL,,CM,CM,,Midfielder,Right,59,,68,67,69,54,54,57,53,40,52,60,57,57,56,47,63,54,35,61,65,44,58,64,56,52,57,62,38,58,56,58,65,59,56,58,3,2,14,6,6,12,14,,,,,,,Women's Football,1,ea-drop-api,74894,https://www.ea.com/games/ea-sports-fc/ratings?playerId=74894,ea-drop-api,ea-drop-api,,fc27,2026-08-28T08:51:40.553Z
271830,Anne Moll,Anne,Moll,,2005-05-06,21,Germany,Germany,21,171,58,Leverkusen,115996,GPFBL,,GK,GK,,Defense,Right,59,,63,47,50,60,8,43,8,6,10,5,57,52,14,12,21,17,13,62,49,47,46,13,31,48,7,14,7,14,14,55,44,21,37,23,2,1,63,60,57,55,62,,,,,,,Women's Football,1,ea-drop-api,271830,https://www.ea.com/games/ea-sports-fc/ratings?playerId=271830,ea-drop-api,ea-drop-api,,fc27,2026-08-28T08:51:40.553Z
71364,Madison Earl,Madison,Earl,,2006-03-11,20,England,England,14,175,60,Arsenal,116009,Barclays WSL,,CM,CM,,Midfielder,Right,59,,61,58,64,54,58,49,58,37,42,57,55,58,44,38,61,59,40,59,61,55,52,61,41,50,54,50,36,61,53,56,55,58,55,57,3,2,12,14,12,8,7,,,,,,,Women's Football,1,ea-drop-api,71364,https://www.ea.com/games/ea-sports-fc/ratings?playerId=71364,ea-drop-api,ea-drop-api,,fc27,2026-08-28T08:51:40.553Z
75719,Laila Harbert,Laila,Harbert,,2007-01-03,19,England,England,14,165,61,Portland Thorns,116302,NWSL,,CM,CM,,Midfielder,Right,59,,61,62,61,50,52,48,51,33,38,58,52,54,36,40,61,57,37,60,55,60,62,61,53,50,56,46,42,55,48,57,50,66,53,58,3,2,8,9,5,11,6,,,,,,,Women's Football,1,ea-drop-api,75719,https://www.ea.com/games/ea-sports-fc/ratings?playerId=75719,ea-drop-api,ea-drop-api,,fc27,2026-08-28T08:51:40.553Z
75015,Larissa Uetz,Larissa,Uetz,,2006-02-08,20,Switzerland,Switzerland,47,170,65,FC Zürich,131361,Schweizer Damen Liga,,CB,CB,,Defense,Right,59,,59,57,60,45,45,54,48,30,35,27,45,27,36,42,58,54,40,54,68,68,57,58,48,59,56,57,63,60,52,66,65,65,70,55,3,2,8,9,13,14,14,,,,,,,Women's Football,1,ea-drop-api,75015,https://www.ea.com/games/ea-sports-fc/ratings?playerId=75015,ea-drop-api,ea-drop-api,,fc27,2026-08-28T08:51:40.553Z
77158,Nadine Bitzer,Nadine,Bitzer,,2006-05-30,20,Germany,Germany,21,163,53,TSG Hoffenheim,115999,GPFBL,,RB,"RB, RM",RM,Defense,Right,59,,67,68,66,46,45,47,48,43,43,40,50,39,52,40,55,52,51,52,54,56,52,56,46,58,59,55,56,60,57,54,59,55,53,56,2,2,15,14,8,10,8,,,,,,,Women's Football,1,ea-drop-api,77158,https://www.ea.com/games/ea-sports-fc/ratings?playerId=77158,ea-drop-api,ea-drop-api,,fc27,2026-08-28T08:51:40.553Z
78692,Almudena Sierra,Almudena,Sierra,,2007-04-27,19,France,France,18,169,60,Hamburger SV,132533,GPFBL,,ST,ST,,Attack,Right,59,,75,74,75,58,60,58,55,54,56,59,53,48,51,52,58,49,58,62,73,64,52,62,50,28,24,56,21,31,23,50,63,36,52,58,5,3,11,12,12,10,9,,,,,,,Women's Football,1,ea-drop-api,78692,https://www.ea.com/games/ea-sports-fc/ratings?playerId=78692,ea-drop-api,ea-drop-api,,fc27,2026-08-28T08:51:40.553Z
79619,Paula Rubio,Paula,Rubio Peñalver,Paula Rubio,2005-08-28,21,Spain,Spain,45,168,62,DUX Logroño,132629,Liga F Moeve,,CM,CM,,Midfielder,Right,59,,65,67,63,48,46,55,51,37,35,55,54,59,36,36,64,61,34,59,65,60,58,61,46,45,53,47,34,48,46,55,52,61,51,59,3,2,11,15,9,6,6,,,,,,,Women's Football,1,ea-drop-api,79619,https://www.ea.com/games/ea-sports-fc/ratings?playerId=79619,ea-drop-api,ea-drop-api,,fc27,2026-08-28T08:51:40.553Z
273836,Soledad Belotto,Soledad,Belotto,,2003-08-14,23,Paraguay,Paraguay,58,182,70,,,Liga F Moeve,,GK,GK,,Defense,Right,59,,57,37,35,60,13,41,14,13,14,8,54,37,14,12,24,19,12,59,41,32,57,14,35,36,11,12,13,16,14,59,58,27,68,20,3,1,57,60,54,59,59,,,,,,,Women's Football,1,ea-drop-api,273836,https://www.ea.com/games/ea-sports-fc/ratings?playerId=273836,ea-drop-api,ea-drop-api,,fc27,2026-08-28T08:51:40.553Z
278942,Alba López,Alba,López Pérez,Alba López,2005-03-08,21,Spain,Spain,45,165,54,Sevilla FC,116337,Liga F Moeve,,RB,"RB, RM",RM,Defense,Right,59,,60,60,60,45,42,51,51,35,41,40,53,47,58,31,58,54,36,56,56,59,54,59,52,58,58,52,59,61,54,52,53,52,52,51,2,2,15,9,8,13,11,,,,,,,Women's Football,1,ea-drop-api,278942,https://www.ea.com/games/ea-sports-fc/ratings?playerId=278942,ea-drop-api,ea-drop-api,,fc27,2026-08-28T08:51:40.553Z
75704,Soffia Kelly,Soffia,Kelly,,2007-03-06,19,Wales,Wales,50,170,61,Aston Villa,116015,Barclays WSL,,GK,GK,,Defense,Right,59,,57,31,30,58,11,43,10,7,18,5,57,67,11,14,28,26,15,60,37,50,54,13,48,31,9,14,15,16,14,60,38,18,35,19,3,1,57,58,57,60,60,,,,,,,Women's Football,1,ea-drop-api,75704,https://www.ea.com/games/ea-sports-fc/ratings?playerId=75704,ea-drop-api,ea-drop-api,,fc27,2026-08-28T08:51:40.553Z
79517,Juliane Schmid,Juliane,Schmid,,2004-07-15,22,Germany,Germany,21,176,68,TSG Hoffenheim,115999,GPFBL,,GK,GK,,Defense,Right,59,,57,31,35,58,9,43,8,7,18,9,57,27,14,16,27,31,15,59,32,45,54,15,26,33,10,15,11,16,13,58,38,22,35,24,1,1,57,58,57,58,59,,,,,,,Women's Football,1,ea-drop-api,79517,https://www.ea.com/games/ea-sports-fc/ratings?playerId=79517,ea-drop-api,ea-drop-api,,fc27,2026-08-28T08:51:40.553Z
274512,Zoe Werner,Zoe,Werner,,2005-08-05,21,Germany,Germany,21,166,53,RB Leipzig,116021,GPFBL,,CM,"CM, LB",LB,Midfielder,Right,59,,63,64,62,52,56,50,48,30,50,64,54,61,39,40,61,55,39,62,71,70,65,63,50,49,62,38,38,57,46,41,36,34,39,55,3,2,7,12,14,9,13,,,,,,,Women's Football,1,ea-drop-api,274512,https://www.ea.com/games/ea-sports-fc/ratings?playerId=274512,ea-drop-api,ea-drop-api,,fc27,2026-08-28T08:51:40.553Z
71677,Rucy Grunenberg,Rucy,Grunenberg,,2006-11-14,19,Germany,Germany,21,173,60,RB Leipzig,116021,GPFBL,,RM,"RM, RW",RW,Midfielder,Right,59,,75,76,74,49,50,52,45,44,37,56,56,61,52,38,60,54,41,58,65,63,49,61,46,30,28,38,25,34,29,51,56,42,56,46,2,3,5,14,11,8,10,,,,,,,Women's Football,1,ea-drop-api,71677,https://www.ea.com/games/ea-sports-fc/ratings?playerId=71677,ea-drop-api,ea-drop-api,,fc27,2026-08-28T08:51:40.553Z
77243,Danae van der Vliet,Danae,van der Vliet,,2007-02-06,19,Netherlands,Holland,34,173,65,Ajax,131359,Nederland Vrouwen Liga,,GK,GK,,Defense,Left,59,,59,24,26,56,10,45,11,10,21,9,60,27,17,15,28,31,16,61,35,46,59,11,22,25,18,18,9,20,18,55,37,25,34,31,1,1,59,56,60,55,61,,,,,,,Women's Football,1,ea-drop-api,77243,https://www.ea.com/games/ea-sports-fc/ratings?playerId=77243,ea-drop-api,ea-drop-api,,fc27,2026-08-28T08:51:40.553Z
79483,Mia-Lena Maas,Mia-Lena,Maas,,2008-03-15,18,Germany,Germany,21,174,65,SC Freiburg,116002,GPFBL,,CB,CB,,Defense,Right,59,,66,62,69,40,42,41,39,33,43,29,44,34,29,37,57,55,35,46,59,68,54,52,48,60,60,64,56,62,57,60,68,58,64,51,2,2,6,14,14,14,12,,,,,,,Women's Football,1,ea-drop-api,79483,https://www.ea.com/games/ea-sports-fc/ratings?playerId=79483,ea-drop-api,ea-drop-api,,fc27,2026-08-28T08:51:40.553Z
76649,Saga Andersson,Saga,Andersson,,2007-07-25,19,Sweden,Sweden,46,178,63,FC Rosengård,131362,Sverige Liga,,GK,GK,,Defense,Right,59,,59,22,26,56,10,42,11,7,14,5,56,50,12,13,44,38,9,62,31,44,58,15,41,24,14,14,13,18,15,57,37,19,40,25,3,1,59,56,56,57,62,,,,,,,Women's Football,1,ea-drop-api,76649,https://www.ea.com/games/ea-sports-fc/ratings?playerId=76649,ea-drop-api,ea-drop-api,,fc27,2026-08-28T08:51:40.553Z
279129,Vivienne Lia,Vivienne,Lia,,2006-09-27,19,England,England,14,170,58,Arsenal,116009,Barclays WSL,,ST,ST,,Attack,Right,59,,63,63,63,58,61,54,55,51,54,61,50,50,50,32,56,47,38,58,60,62,62,58,40,30,36,53,18,32,27,54,61,55,62,30,3,2,13,13,10,12,10,,,,,,,Women's Football,1,ea-drop-api,279129,https://www.ea.com/games/ea-sports-fc/ratings?playerId=279129,ea-drop-api,ea-drop-api,,fc27,2026-08-28T08:51:40.553Z
79140,Gesa Marashi,Gesa,Marashi,,2006-07-13,20,England,England,14,165,60,London City,132176,Barclays WSL,,CAM,"CAM, CM",CM,Midfielder,Right,59,,61,64,59,52,56,48,51,33,43,58,52,59,37,40,59,57,31,58,60,45,57,59,43,45,47,46,38,50,48,39,40,39,34,50,3,2,7,8,12,8,11,,,,,,,Women's Football,1,ea-drop-api,79140,https://www.ea.com/games/ea-sports-fc/ratings?playerId=79140,ea-drop-api,ea-drop-api,,fc27,2026-08-28T08:51:40.553Z
75566,Judit Pujols,Judit,Pujols Parera,Judit Pujols,2005-02-25,21,Spain,Spain,45,158,53,VfL Wolfsburg,115998,GPFBL,,LB,"LB, LM",LM,Defense,Left,59,,64,66,63,28,28,24,25,22,39,46,50,38,58,31,59,42,42,56,61,68,49,57,43,55,58,38,55,58,56,53,46,58,54,47,3,2,11,8,11,8,7,,,,,,,Women's Football,1,ea-drop-api,75566,https://www.ea.com/games/ea-sports-fc/ratings?playerId=75566,ea-drop-api,ea-drop-api,,fc27,2026-08-28T08:51:40.553Z
75933,Maria Penner,Maria,Penner,,2007-04-28,19,Germany,Germany,21,166,56,SV Werder Bremen,116004,GPFBL,,RB,"RB, RM",RM,Defense,Right,59,,67,67,67,35,35,37,33,30,40,30,46,38,45,35,50,52,41,41,65,70,56,51,52,58,61,52,58,60,56,57,59,62,56,55,2,2,8,7,7,8,5,,,,,,,Women's Football,1,ea-drop-api,75933,https://www.ea.com/games/ea-sports-fc/ratings?playerId=75933,ea-drop-api,ea-drop-api,,fc27,2026-08-28T08:51:40.553Z
74889,Nora Scherer,Nora,Scherer,,2005-11-15,20,Germany,Germany,21,167,56,SC Freiburg,116002,GPFBL,,ST,ST,,Attack,Right,59,,67,66,68,57,61,54,53,48,50,59,43,38,30,35,59,37,31,59,55,66,54,63,40,21,15,55,11,26,15,52,59,52,54,45,2,2,7,8,13,9,10,,,,,,,Women's Football,1,ea-drop-api,74889,https://www.ea.com/games/ea-sports-fc/ratings?playerId=74889,ea-drop-api,ea-drop-api,,fc27,2026-08-28T08:51:40.553Z
79431,Jessie Gale,Jessie,Gale,,2006-08-23,20,England,England,14,166,59,Arsenal,116009,Barclays WSL,,ST,ST,,Attack,Right,59,,68,66,69,55,59,53,51,50,57,55,47,41,26,28,64,50,38,61,62,68,52,65,42,19,14,60,18,12,15,49,64,51,55,28,3,2,10,8,7,6,8,,,,,,,Women's Football,1,ea-drop-api,79431,https://www.ea.com/games/ea-sports-fc/ratings?playerId=79431,ea-drop-api,ea-drop-api,,fc27,2026-08-28T08:51:40.553Z
277508,Keira Barry,Keira,Barry,,2005-06-13,21,England,England,14,175,66,Manchester Utd,116012,Barclays WSL,,ST,ST,,Attack,Right,59,,62,63,62,55,52,55,60,54,57,59,49,54,33,40,60,43,36,58,45,40,55,62,55,22,18,65,18,16,14,52,73,32,72,24,3,3,5,14,7,9,12,,,,,,,Women's Football,1,ea-drop-api,277508,https://www.ea.com/games/ea-sports-fc/ratings?playerId=277508,ea-drop-api,ea-drop-api,,fc27,2026-08-28T08:51:40.553Z
78780,Jonna Wrede,Jonna,Wrede,,2008-06-01,18,Germany,Germany,21,162,54,Hamburger SV,132533,GPFBL,,CM,CM,,Midfielder,Right,58,,66,65,66,51,51,52,50,46,54,57,57,59,51,50,60,58,48,59,70,63,52,62,47,55,55,48,53,58,55,50,48,53,48,52,3,3,9,15,5,5,9,,,,,,,Women's Football,1,ea-drop-api,78780,https://www.ea.com/games/ea-sports-fc/ratings?playerId=78780,ea-drop-api,ea-drop-api,,fc27,2026-08-28T08:51:40.553Z
75435,Zoe Matthews,Zoe,Matthews,,2007-05-25,19,USA,United States,95,188,72,DUX Logroño,132629,Liga F Moeve,,CM,CM,,Midfielder,Left,58,,65,61,68,52,55,48,57,33,42,54,53,50,46,32,63,56,33,59,48,50,56,64,38,47,55,48,33,56,40,56,50,68,53,49,3,2,10,8,8,9,11,,,,,,,Women's Football,1,ea-drop-api,75435,https://www.ea.com/games/ea-sports-fc/ratings?playerId=75435,ea-drop-api,ea-drop-api,,fc27,2026-08-28T08:51:40.553Z
75279,Napsugár Sinka,Napsugár,Sinka,,2006-09-13,19,Hungary,Hungary,23,165,55,TSG Hoffenheim,115999,GPFBL,,CM,CM,,Midfielder,Right,58,,62,65,59,53,53,56,55,48,40,53,54,56,38,37,61,59,53,61,72,70,53,62,49,53,51,47,51,58,55,43,40,54,33,56,3,3,9,10,8,9,7,,,,,,,Women's Football,1,ea-drop-api,75279,https://www.ea.com/games/ea-sports-fc/ratings?playerId=75279,ea-drop-api,ea-drop-api,,fc27,2026-08-28T08:51:40.553Z
72075,Leila Wandeler,Leila,Wandeler,,2006-04-11,20,Switzerland,Switzerland,47,167,55,West Ham,116014,Barclays WSL,,ST,ST,,Attack,Right,58,,69,66,72,61,67,59,54,48,51,60,52,51,48,42,57,52,45,61,56,63,40,63,48,32,17,51,28,39,36,45,44,59,36,50,2,2,5,10,5,7,12,,,,,,,Women's Football,1,ea-drop-api,72075,https://www.ea.com/games/ea-sports-fc/ratings?playerId=72075,ea-drop-api,ea-drop-api,,fc27,2026-08-28T08:51:40.553Z
79450,Janne Krumme,Janne,Krumme,,2007-05-22,19,Germany,Germany,21,180,70,Frankfurt,115997,GPFBL,,GK,GK,,Defense,Right,58,,57,29,21,56,7,44,8,7,17,9,58,28,13,14,31,19,16,60,22,51,53,13,38,26,9,18,10,15,12,55,39,23,36,17,1,1,57,56,58,55,60,,,,,,,Women's Football,1,ea-drop-api,79450,https://www.ea.com/games/ea-sports-fc/ratings?playerId=79450,ea-drop-api,ea-drop-api,,fc27,2026-08-28T08:51:40.553Z
277776,Daniela Santos,Daniela,Areia Santos,Daniela Santos,2004-02-18,22,Portugal,Portugal,38,174,66,SL Benfica,131358,Liga Portugal Feminino,,CB,CB,,Defense,Right,58,,61,58,63,36,37,42,33,27,38,28,47,35,43,35,60,45,43,48,48,49,56,54,47,59,57,62,58,59,58,59,63,62,58,56,2,2,15,9,13,10,14,,,,,,,Women's Football,1,ea-drop-api,277776,https://www.ea.com/games/ea-sports-fc/ratings?playerId=277776,ea-drop-api,ea-drop-api,,fc27,2026-08-28T08:51:40.553Z
74019,Riana Gmür,Riana,Gmür,,2006-04-25,20,Switzerland,Switzerland,47,168,58,FC Zürich,131361,Schweizer Damen Liga,,GK,GK,,Defense,Right,58,,58,21,29,57,5,41,6,8,18,4,55,26,14,10,20,19,10,57,21,45,55,13,28,24,14,10,7,11,10,56,33,19,35,16,3,1,58,57,55,56,57,,,,,,,Women's Football,1,ea-drop-api,74019,https://www.ea.com/games/ea-sports-fc/ratings?playerId=74019,ea-drop-api,ea-drop-api,,fc27,2026-08-28T08:51:40.553Z
78782,Leni Eggert,Leni,Eggert,,2008-07-06,18,Germany,Germany,21,171,64,Hamburger SV,132533,GPFBL,,CM,CM,,Midfielder,Right,57,,62,58,66,56,58,55,56,50,54,56,57,59,48,52,62,56,53,57,67,61,52,61,45,51,54,46,52,52,41,50,48,51,51,49,3,3,5,11,6,13,15,,,,,,,Women's Football,1,ea-drop-api,78782,https://www.ea.com/games/ea-sports-fc/ratings?playerId=78782,ea-drop-api,ea-drop-api,,fc27,2026-08-28T08:51:40.553Z
278811,Denny Draper,Denny,Draper,,2007-03-17,19,England,England,14,170,65,,,Barclays WSL,,ST,ST,,Attack,Right,57,,63,68,58,57,58,56,57,50,57,56,50,50,36,40,60,56,34,56,54,51,54,57,45,41,35,53,31,48,45,54,55,62,51,52,3,3,6,13,6,8,7,,,,,,,Women's Football,1,ea-drop-api,278811,https://www.ea.com/games/ea-sports-fc/ratings?playerId=278811,ea-drop-api,ea-drop-api,,fc27,2026-08-28T08:51:40.553Z
272665,Alba Caño,Alba,Caño Isant,Alba Caño,2003-09-30,22,Spain,Spain,45,165,57,FC Barcelona,116325,Liga F Moeve,,CM,CM,,Midfielder,Right,57,,53,53,53,47,44,50,57,30,35,55,52,50,33,41,63,55,51,54,33,55,58,60,51,59,60,40,66,60,50,55,57,51,62,40,3,2,8,9,12,11,14,,,,,,,Women's Football,1,ea-drop-api,272665,https://www.ea.com/games/ea-sports-fc/ratings?playerId=272665,ea-drop-api,ea-drop-api,,fc27,2026-08-28T08:51:40.553Z
73675,Emma Templier,Emma,Templier,,2001-12-24,24,France,France,18,168,56,,,Arkema PL,,GK,GK,,Defense,Right,57,,59,24,28,64,5,44,5,6,18,5,59,32,9,11,30,20,9,58,39,42,37,10,26,26,7,12,5,11,10,53,33,15,30,25,2,1,59,64,59,53,58,,,,,,,Women's Football,1,ea-drop-api,73675,https://www.ea.com/games/ea-sports-fc/ratings?playerId=73675,ea-drop-api,ea-drop-api,,fc27,2026-08-28T08:51:40.553Z
77307,Anna Matsushita,Anna,Matsushita,,2004-08-02,22,Switzerland,Switzerland,47,171,64,FC Zürich,131361,Schweizer Damen Liga,,CDM,"CDM, CM",CM,Midfielder,Right,57,,63,60,66,42,38,47,43,38,45,47,52,54,35,34,62,58,37,54,51,80,54,58,38,53,55,48,52,54,50,52,46,61,46,56,3,2,6,10,10,10,8,,,,,,,Women's Football,1,ea-drop-api,77307,https://www.ea.com/games/ea-sports-fc/ratings?playerId=77307,ea-drop-api,ea-drop-api,,fc27,2026-08-28T08:51:40.553Z
75473,Sofie Lehmann,Sofie,Lehmann,,2007-09-23,18,Germany,Germany,21,175,65,,,GPFBL,,GK,GK,,Defense,Right,57,,57,32,33,54,9,44,8,8,20,10,58,47,14,17,21,27,13,58,29,49,51,18,33,32,15,16,11,17,15,56,49,22,54,19,1,1,57,54,58,56,58,,,,,,,Women's Football,1,ea-drop-api,75473,https://www.ea.com/games/ea-sports-fc/ratings?playerId=75473,ea-drop-api,ea-drop-api,,fc27,2026-08-28T08:51:40.553Z
72229,Yasmine Ammar,Yasmine,Ammar,,2006-08-10,20,Switzerland,Switzerland,47,175,60,FC Zürich,131361,Schweizer Damen Liga,,GK,GK,,Defense,Right,57,,57,21,17,55,9,38,7,8,18,5,51,28,11,12,15,25,10,58,28,48,53,11,37,19,14,14,9,12,10,56,33,21,31,24,1,1,57,55,51,56,58,,,,,,,Women's Football,1,ea-drop-api,72229,https://www.ea.com/games/ea-sports-fc/ratings?playerId=72229,ea-drop-api,ea-drop-api,,fc27,2026-08-28T08:51:40.553Z
75094,Lany Bäcker,Lany,Bäcker,,2008-03-06,18,Germany,Germany,21,173,61,,,GPFBL,,CB,CB,,Defense,Right,57,,66,65,67,30,28,35,30,24,37,24,40,27,28,28,56,43,29,38,55,55,53,48,48,58,59,59,55,61,59,55,58,62,51,53,2,2,9,13,14,12,12,,,,,,,Women's Football,1,ea-drop-api,75094,https://www.ea.com/games/ea-sports-fc/ratings?playerId=75094,ea-drop-api,ea-drop-api,,fc27,2026-08-28T08:51:40.553Z
271787,Melina Kunkel,Melina,Kunkel,,2006-07-01,20,Germany,Germany,21,165,57,SV Werder Bremen,116004,GPFBL,,CM,CM,,Midfielder,Right,56,,63,66,60,58,60,65,53,30,49,59,50,55,35,51,59,45,34,57,36,36,59,63,49,55,64,38,59,53,44,48,45,34,53,55,2,2,12,12,5,11,13,,,,,,,Women's Football,1,ea-drop-api,271787,https://www.ea.com/games/ea-sports-fc/ratings?playerId=271787,ea-drop-api,ea-drop-api,,fc27,2026-08-28T08:51:40.553Z
78681,Melina Bünning,Melina,Bünning,,2006-07-29,20,Germany,Germany,21,172,62,Hamburger SV,132533,GPFBL,,CDM,"CDM, CM",CM,Midfielder,Right,56,,66,64,68,50,49,53,51,46,55,47,51,48,42,47,56,55,50,51,49,62,52,56,51,56,57,52,55,58,56,55,58,53,58,51,2,2,8,10,6,10,9,,,,,,,Women's Football,1,ea-drop-api,78681,https://www.ea.com/games/ea-sports-fc/ratings?playerId=78681,ea-drop-api,ea-drop-api,,fc27,2026-08-28T08:51:40.553Z
279215,Marisa Garcia,Maria Luisa,Garcia Antolin,Marisa Garcia,2006-06-22,20,Spain,Spain,45,165,56,RC Deportivo,131720,Liga F Moeve,,ST,ST,,Attack,Right,56,,62,65,59,55,60,55,52,48,35,52,49,61,32,47,55,41,51,63,57,59,44,63,49,27,22,53,21,28,25,46,54,44,51,34,2,2,9,11,11,14,11,,,,,,,Women's Football,1,ea-drop-api,279215,https://www.ea.com/games/ea-sports-fc/ratings?playerId=279215,ea-drop-api,ea-drop-api,,fc27,2026-08-28T08:51:40.553Z
276617,Joy Lysser,Joy,Lysser,,2003-10-31,22,Switzerland,Switzerland,47,174,66,FC Zürich,131361,Schweizer Damen Liga,,CM,CM,,Midfielder,Left,55,,61,60,62,52,54,58,50,33,39,55,49,54,37,36,57,50,36,56,59,69,52,58,49,53,50,45,52,58,50,58,55,60,60,50,3,2,15,10,12,9,9,,,,,,,Women's Football,1,ea-drop-api,276617,https://www.ea.com/games/ea-sports-fc/ratings?playerId=276617,ea-drop-api,ea-drop-api,,fc27,2026-08-28T08:51:40.553Z
75067,Mia León,Mia,León,,2005-03-22,21,Peru,Peru,59,161,60,Madrid CFF,116334,Liga F Moeve,,CDM,"CDM, CM, CB","CM, CB",Midfielder,Right,55,,62,53,69,41,40,52,30,36,36,50,51,42,45,35,61,58,33,52,62,65,54,55,44,50,45,49,43,58,57,63,56,60,70,52,2,2,12,15,9,9,15,,,,,,,Women's Football,1,ea-drop-api,75067,https://www.ea.com/games/ea-sports-fc/ratings?playerId=75067,ea-drop-api,ea-drop-api,,fc27,2026-08-28T08:51:40.553Z
79521,Lina Szaraz,Lina,Szaraz,,2008-03-10,18,Germany,Germany,21,168,60,SV Werder Bremen,116004,GPFBL,,CB,"CB, RB, RM","RB, RM",Defense,Right,55,,66,67,65,39,42,38,36,34,46,28,49,47,41,37,57,54,39,47,62,70,49,52,46,56,57,56,53,59,56,51,58,51,53,43,2,2,12,9,6,11,6,,,,,,,Women's Football,1,ea-drop-api,79521,https://www.ea.com/games/ea-sports-fc/ratings?playerId=79521,ea-drop-api,ea-drop-api,,fc27,2026-08-28T08:51:40.553Z
72078,Kenza Roche-Dufour,Kenza,Roche-Dufour,,2007-08-03,19,France,France,18,167,56,Paris FC,116035,Arkema PL,,LM,"LM, CM, LW","CM, LW",Midfielder,Right,55,,65,69,62,43,45,48,35,37,44,50,50,46,50,40,58,46,38,58,73,64,48,58,40,32,22,48,21,42,37,46,48,50,48,33,2,2,12,10,6,11,11,,,,,,,Women's Football,1,ea-drop-api,72078,https://www.ea.com/games/ea-sports-fc/ratings?playerId=72078,ea-drop-api,ea-drop-api,,fc27,2026-08-28T08:51:40.553Z
74189,Gabriela Sobotková,Gabriela,Sobotková,,2008-07-23,18,Czechia,Czech Republic,12,170,60,Slavia Praha,131360,Ceska Liga Žen,,GK,GK,,Defense,Right,55,,54,19,28,55,6,39,5,7,16,4,52,38,11,10,26,22,13,59,22,41,53,13,25,23,13,11,5,14,11,50,32,22,35,20,3,1,54,55,52,50,59,,,,,,,Women's Football,1,ea-drop-api,74189,https://www.ea.com/games/ea-sports-fc/ratings?playerId=74189,ea-drop-api,ea-drop-api,,fc27,2026-08-28T08:51:40.553Z
70802,Agathe Felden,Agathe,Felden,,2005-09-21,20,France,France,18,174,65,Montpellier,116037,Arkema PL,,CB,CB,,Defense,Right,55,,62,59,65,33,29,46,30,30,37,24,40,34,42,24,50,30,31,40,61,50,51,42,43,56,57,49,55,59,56,55,53,55,57,52,3,2,14,11,13,8,7,,,,,,,Women's Football,1,ea-drop-api,70802,https://www.ea.com/games/ea-sports-fc/ratings?playerId=70802,ea-drop-api,ea-drop-api,,fc27,2026-08-28T08:51:40.553Z
76011,Rahel Hinder,Rahel,Hinder,,2007-11-29,18,Switzerland,Switzerland,47,168,59,FC Zürich,131361,Schweizer Damen Liga,,ST,ST,,Attack,Right,55,,67,66,68,55,59,49,54,43,58,58,39,48,31,32,46,25,34,56,58,66,52,54,48,17,10,48,17,11,19,45,43,58,44,34,3,3,13,10,7,13,6,,,,,,,Women's Football,1,ea-drop-api,76011,https://www.ea.com/games/ea-sports-fc/ratings?playerId=76011,ea-drop-api,ea-drop-api,,fc27,2026-08-28T08:51:40.553Z
75369,Martina Cavar,Martina,Cavar,,2003-05-11,23,Switzerland,Switzerland,47,171,61,FC Zürich,131361,Schweizer Damen Liga,,ST,ST,,Attack,Right,55,,65,67,63,55,59,55,51,41,56,57,39,46,34,32,43,32,35,53,58,57,51,49,46,20,19,58,19,13,11,45,55,50,48,27,2,2,6,12,5,11,13,,,,,,,Women's Football,1,ea-drop-api,75369,https://www.ea.com/games/ea-sports-fc/ratings?playerId=75369,ea-drop-api,ea-drop-api,,fc27,2026-08-28T08:51:40.553Z
75165,Mailin Tenhagen,Mailin,Tenhagen,,2007-11-16,18,Germany,Germany,21,179,61,,,GPFBL,,CB,CB,,Defense,Right,55,,63,60,66,27,22,37,24,29,33,26,33,28,20,21,46,32,21,38,53,71,49,41,44,59,58,57,55,63,58,51,56,52,51,46,2,2,11,12,12,10,12,,,,,,,Women's Football,1,ea-drop-api,75165,https://www.ea.com/games/ea-sports-fc/ratings?playerId=75165,ea-drop-api,ea-drop-api,,fc27,2026-08-28T08:51:40.553Z
