league_id,country,team_id,team_name,missing_slot_index,position,required_real_player_name,age,nationality,preferred_foot,current_template_players,target_squad_size,missing_players_for_team,target_overall,target_potential,pace,shooting,passing,dribbling,defending,physical,diving,handling,kicking,reflexes,speed,positioning
ger,Germany,fc-heidenheim,1. FC Heidenheim,1,CB,TBD,TBD,TBD,TBD,25,25,4,59,67,51,35,49,47,63,65,,,,,,
ger,Germany,fc-heidenheim,1. FC Heidenheim,2,CB,TBD,TBD,TBD,TBD,25,25,4,59,67,51,35,49,47,63,65,,,,,,
ger,Germany,fc-heidenheim,1. FC Heidenheim,3,RB,TBD,TBD,TBD,TBD,25,25,4,60,68,65,42,58,62,60,61,,,,,,
ger,Germany,fc-heidenheim,1. FC Heidenheim,4,CM,TBD,TBD,TBD,TBD,25,25,4,61,69,60,57,65,66,59,61,,,,,,
cze,Czechia,slovacko,1. FC Slovácko,1,GK,TBD,TBD,TBD,TBD,0,25,25,48,56,,,,,,,50,48,46,51,35,49
cze,Czechia,slovacko,1. FC Slovácko,2,GK,TBD,TBD,TBD,TBD,0,25,25,48,56,,,,,,,50,48,46,51,35,49
cze,Czechia,slovacko,1. FC Slovácko,3,CB,TBD,TBD,TBD,TBD,0,25,25,48,56,40,35,38,36,52,54,,,,,,
cze,Czechia,slovacko,1. FC Slovácko,4,CB,TBD,TBD,TBD,TBD,0,25,25,48,56,40,35,38,36,52,54,,,,,,
cze,Czechia,slovacko,1. FC Slovácko,5,CB,TBD,TBD,TBD,TBD,0,25,25,48,56,40,35,38,36,52,54,,,,,,
cze,Czechia,slovacko,1. FC Slovácko,6,CB,TBD,TBD,TBD,TBD,0,25,25,48,56,40,35,38,36,52,54,,,,,,
cze,Czechia,slovacko,1. FC Slovácko,7,CB,TBD,TBD,TBD,TBD,0,25,25,48,56,40,35,38,36,52,54,,,,,,
cze,Czechia,slovacko,1. FC Slovácko,8,LB,TBD,TBD,TBD,TBD,0,25,25,49,57,54,35,47,51,49,50,,,,,,
cze,Czechia,slovacko,1. FC Slovácko,9,LB,TBD,TBD,TBD,TBD,0,25,25,49,57,54,35,47,51,49,50,,,,,,
cze,Czechia,slovacko,1. FC Slovácko,10,RB,TBD,TBD,TBD,TBD,0,25,25,49,57,54,35,47,51,49,50,,,,,,
cze,Czechia,slovacko,1. FC Slovácko,11,RB,TBD,TBD,TBD,TBD,0,25,25,49,57,54,35,47,51,49,50,,,,,,
cze,Czechia,slovacko,1. FC Slovácko,12,CDM,TBD,TBD,TBD,TBD,0,25,25,49,57,46,37,51,49,53,54,,,,,,
cze,Czechia,slovacko,1. FC Slovácko,13,CM,TBD,TBD,TBD,TBD,0,25,25,50,58,49,46,54,55,48,50,,,,,,
cze,Czechia,slovacko,1. FC Slovácko,14,CM,TBD,TBD,TBD,TBD,0,25,25,50,58,49,46,54,55,48,50,,,,,,
cze,Czechia,slovacko,1. FC Slovácko,15,CM,TBD,TBD,TBD,TBD,0,25,25,50,58,49,46,54,55,48,50,,,,,,
cze,Czechia,slovacko,1. FC Slovácko,16,CM,TBD,TBD,TBD,TBD,0,25,25,50,58,49,46,54,55,48,50,,,,,,
cze,Czechia,slovacko,1. FC Slovácko,17,CM,TBD,TBD,TBD,TBD,0,25,25,50,58,49,46,54,55,48,50,,,,,,
cze,Czechia,slovacko,1. FC Slovácko,18,CAM,TBD,TBD,TBD,TBD,0,25,25,50,58,53,52,58,60,35,42,,,,,,
cze,Czechia,slovacko,1. FC Slovácko,19,LW,TBD,TBD,TBD,TBD,0,25,25,50,58,63,52,50,61,35,40,,,,,,
cze,Czechia,slovacko,1. FC Slovácko,20,LW,TBD,TBD,TBD,TBD,0,25,25,50,58,63,52,50,61,35,40,,,,,,
cze,Czechia,slovacko,1. FC Slovácko,21,RW,TBD,TBD,TBD,TBD,0,25,25,50,58,63,52,50,61,35,40,,,,,,
cze,Czechia,slovacko,1. FC Slovácko,22,RW,TBD,TBD,TBD,TBD,0,25,25,50,58,63,52,50,61,35,40,,,,,,
cze,Czechia,slovacko,1. FC Slovácko,23,ST,TBD,TBD,TBD,TBD,0,25,25,50,58,58,58,43,56,35,52,,,,,,
cze,Czechia,slovacko,1. FC Slovácko,24,ST,TBD,TBD,TBD,TBD,0,25,25,50,58,58,58,43,56,35,52,,,,,,
cze,Czechia,slovacko,1. FC Slovácko,25,ST,TBD,TBD,TBD,TBD,0,25,25,50,58,58,58,43,56,35,52,,,,,,
ger,Germany,union-berlin,1. FC Union Berlin,1,LB,TBD,TBD,TBD,TBD,25,25,3,66,74,71,48,64,68,66,67,,,,,,
ger,Germany,union-berlin,1. FC Union Berlin,2,CM,TBD,TBD,TBD,TBD,25,25,3,67,75,66,63,71,72,65,67,,,,,,
ger,Germany,union-berlin,1. FC Union Berlin,3,CM,TBD,TBD,TBD,TBD,25,25,3,67,75,66,63,71,72,65,67,,,,,,
ger,Germany,mainz-05,1. FSV Mainz 05,1,RB,TBD,TBD,TBD,TBD,25,25,5,66,74,71,48,64,68,66,67,,,,,,
ger,Germany,mainz-05,1. FSV Mainz 05,2,CM,TBD,TBD,TBD,TBD,25,25,5,67,75,66,63,71,72,65,67,,,,,,
ger,Germany,mainz-05,1. FSV Mainz 05,3,CM,TBD,TBD,TBD,TBD,25,25,5,67,75,66,63,71,72,65,67,,,,,,
ger,Germany,mainz-05,1. FSV Mainz 05,4,CM,TBD,TBD,TBD,TBD,25,25,5,67,75,66,63,71,72,65,67,,,,,,
ger,Germany,mainz-05,1. FSV Mainz 05,5,LW,TBD,TBD,TBD,TBD,25,25,5,67,75,80,69,67,78,42,57,,,,,,
ita,Italy,monza,AC Monza,1,CB,TBD,TBD,TBD,TBD,25,25,4,60,68,52,35,50,48,64,66,,,,,,
ita,Italy,monza,AC Monza,2,LB,TBD,TBD,TBD,TBD,25,25,4,61,69,66,43,59,63,61,62,,,,,,
ita,Italy,monza,AC Monza,3,LW,TBD,TBD,TBD,TBD,25,25,4,62,70,75,64,62,73,37,52,,,,,,
ita,Italy,monza,AC Monza,4,RW,TBD,TBD,TBD,TBD,25,25,4,62,70,75,64,62,73,37,52,,,,,,
fin,Finland,ac-oulu,AC Oulu,1,GK,TBD,TBD,TBD,TBD,0,25,25,45,53,,,,,,,47,45,43,48,35,46
fin,Finland,ac-oulu,AC Oulu,2,GK,TBD,TBD,TBD,TBD,0,25,25,45,53,,,,,,,47,45,43,48,35,46
fin,Finland,ac-oulu,AC Oulu,3,CB,TBD,TBD,TBD,TBD,0,25,25,45,53,37,35,35,35,49,51,,,,,,
fin,Finland,ac-oulu,AC Oulu,4,CB,TBD,TBD,TBD,TBD,0,25,25,45,53,37,35,35,35,49,51,,,,,,
fin,Finland,ac-oulu,AC Oulu,5,CB,TBD,TBD,TBD,TBD,0,25,25,45,53,37,35,35,35,49,51,,,,,,
fin,Finland,ac-oulu,AC Oulu,6,CB,TBD,TBD,TBD,TBD,0,25,25,45,53,37,35,35,35,49,51,,,,,,
fin,Finland,ac-oulu,AC Oulu,7,CB,TBD,TBD,TBD,TBD,0,25,25,45,53,37,35,35,35,49,51,,,,,,
fin,Finland,ac-oulu,AC Oulu,8,LB,TBD,TBD,TBD,TBD,0,25,25,46,54,51,35,44,48,46,47,,,,,,
fin,Finland,ac-oulu,AC Oulu,9,LB,TBD,TBD,TBD,TBD,0,25,25,46,54,51,35,44,48,46,47,,,,,,
fin,Finland,ac-oulu,AC Oulu,10,RB,TBD,TBD,TBD,TBD,0,25,25,46,54,51,35,44,48,46,47,,,,,,
fin,Finland,ac-oulu,AC Oulu,11,RB,TBD,TBD,TBD,TBD,0,25,25,46,54,51,35,44,48,46,47,,,,,,
fin,Finland,ac-oulu,AC Oulu,12,CDM,TBD,TBD,TBD,TBD,0,25,25,46,54,43,35,48,46,50,51,,,,,,
fin,Finland,ac-oulu,AC Oulu,13,CM,TBD,TBD,TBD,TBD,0,25,25,47,55,46,43,51,52,45,47,,,,,,
fin,Finland,ac-oulu,AC Oulu,14,CM,TBD,TBD,TBD,TBD,0,25,25,47,55,46,43,51,52,45,47,,,,,,
fin,Finland,ac-oulu,AC Oulu,15,CM,TBD,TBD,TBD,TBD,0,25,25,47,55,46,43,51,52,45,47,,,,,,
fin,Finland,ac-oulu,AC Oulu,16,CM,TBD,TBD,TBD,TBD,0,25,25,47,55,46,43,51,52,45,47,,,,,,
fin,Finland,ac-oulu,AC Oulu,17,CM,TBD,TBD,TBD,TBD,0,25,25,47,55,46,43,51,52,45,47,,,,,,
fin,Finland,ac-oulu,AC Oulu,18,CAM,TBD,TBD,TBD,TBD,0,25,25,47,55,50,49,55,57,35,39,,,,,,
fin,Finland,ac-oulu,AC Oulu,19,LW,TBD,TBD,TBD,TBD,0,25,25,47,55,60,49,47,58,35,37,,,,,,
fin,Finland,ac-oulu,AC Oulu,20,LW,TBD,TBD,TBD,TBD,0,25,25,47,55,60,49,47,58,35,37,,,,,,
fin,Finland,ac-oulu,AC Oulu,21,RW,TBD,TBD,TBD,TBD,0,25,25,47,55,60,49,47,58,35,37,,,,,,
fin,Finland,ac-oulu,AC Oulu,22,RW,TBD,TBD,TBD,TBD,0,25,25,47,55,60,49,47,58,35,37,,,,,,
fin,Finland,ac-oulu,AC Oulu,23,ST,TBD,TBD,TBD,TBD,0,25,25,47,55,55,55,40,53,35,49,,,,,,
fin,Finland,ac-oulu,AC Oulu,24,ST,TBD,TBD,TBD,TBD,0,25,25,47,55,55,55,40,53,35,49,,,,,,
fin,Finland,ac-oulu,AC Oulu,25,ST,TBD,TBD,TBD,TBD,0,25,25,47,55,55,55,40,53,35,49,,,,,,
ita,Italy,fiorentina,ACF Fiorentina,1,CB,TBD,TBD,TBD,TBD,25,25,4,72,80,64,42,62,60,76,78,,,,,,
ita,Italy,fiorentina,ACF Fiorentina,2,CM,TBD,TBD,TBD,TBD,25,25,4,74,82,73,70,78,79,72,74,,,,,,
ita,Italy,fiorentina,ACF Fiorentina,3,CM,TBD,TBD,TBD,TBD,25,25,4,74,82,73,70,78,79,72,74,,,,,,
ita,Italy,fiorentina,ACF Fiorentina,4,LW,TBD,TBD,TBD,TBD,25,25,4,74,82,87,76,74,85,49,64,,,,,,
gre,Greece,aek-athens,AEK Athens FC,1,GK,TBD,TBD,TBD,TBD,0,25,25,56,64,,,,,,,58,56,54,59,35,57
gre,Greece,aek-athens,AEK Athens FC,2,GK,TBD,TBD,TBD,TBD,0,25,25,56,64,,,,,,,58,56,54,59,35,57
gre,Greece,aek-athens,AEK Athens FC,3,CB,TBD,TBD,TBD,TBD,0,25,25,56,64,48,35,46,44,60,62,,,,,,
gre,Greece,aek-athens,AEK Athens FC,4,CB,TBD,TBD,TBD,TBD,0,25,25,56,64,48,35,46,44,60,62,,,,,,
gre,Greece,aek-athens,AEK Athens FC,5,CB,TBD,TBD,TBD,TBD,0,25,25,56,64,48,35,46,44,60,62,,,,,,
gre,Greece,aek-athens,AEK Athens FC,6,CB,TBD,TBD,TBD,TBD,0,25,25,56,64,48,35,46,44,60,62,,,,,,
gre,Greece,aek-athens,AEK Athens FC,7,CB,TBD,TBD,TBD,TBD,0,25,25,56,64,48,35,46,44,60,62,,,,,,
gre,Greece,aek-athens,AEK Athens FC,8,LB,TBD,TBD,TBD,TBD,0,25,25,57,65,62,39,55,59,57,58,,,,,,
gre,Greece,aek-athens,AEK Athens FC,9,LB,TBD,TBD,TBD,TBD,0,25,25,57,65,62,39,55,59,57,58,,,,,,
gre,Greece,aek-athens,AEK Athens FC,10,RB,TBD,TBD,TBD,TBD,0,25,25,57,65,62,39,55,59,57,58,,,,,,
gre,Greece,aek-athens,AEK Athens FC,11,RB,TBD,TBD,TBD,TBD,0,25,25,57,65,62,39,55,59,57,58,,,,,,
gre,Greece,aek-athens,AEK Athens FC,12,CDM,TBD,TBD,TBD,TBD,0,25,25,57,65,54,45,59,57,61,62,,,,,,
gre,Greece,aek-athens,AEK Athens FC,13,CM,TBD,TBD,TBD,TBD,0,25,25,58,66,57,54,62,63,56,58,,,,,,
gre,Greece,aek-athens,AEK Athens FC,14,CM,TBD,TBD,TBD,TBD,0,25,25,58,66,57,54,62,63,56,58,,,,,,
gre,Greece,aek-athens,AEK Athens FC,15,CM,TBD,TBD,TBD,TBD,0,25,25,58,66,57,54,62,63,56,58,,,,,,
gre,Greece,aek-athens,AEK Athens FC,16,CM,TBD,TBD,TBD,TBD,0,25,25,58,66,57,54,62,63,56,58,,,,,,
gre,Greece,aek-athens,AEK Athens FC,17,CM,TBD,TBD,TBD,TBD,0,25,25,58,66,57,54,62,63,56,58,,,,,,
gre,Greece,aek-athens,AEK Athens FC,18,CAM,TBD,TBD,TBD,TBD,0,25,25,58,66,61,60,66,68,40,50,,,,,,
gre,Greece,aek-athens,AEK Athens FC,19,LW,TBD,TBD,TBD,TBD,0,25,25,58,66,71,60,58,69,35,48,,,,,,
gre,Greece,aek-athens,AEK Athens FC,20,LW,TBD,TBD,TBD,TBD,0,25,25,58,66,71,60,58,69,35,48,,,,,,
gre,Greece,aek-athens,AEK Athens FC,21,RW,TBD,TBD,TBD,TBD,0,25,25,58,66,71,60,58,69,35,48,,,,,,
gre,Greece,aek-athens,AEK Athens FC,22,RW,TBD,TBD,TBD,TBD,0,25,25,58,66,71,60,58,69,35,48,,,,,,
gre,Greece,aek-athens,AEK Athens FC,23,ST,TBD,TBD,TBD,TBD,0,25,25,58,66,66,66,51,64,35,60,,,,,,
gre,Greece,aek-athens,AEK Athens FC,24,ST,TBD,TBD,TBD,TBD,0,25,25,58,66,66,66,51,64,35,60,,,,,,
gre,Greece,aek-athens,AEK Athens FC,25,ST,TBD,TBD,TBD,TBD,0,25,25,58,66,66,66,51,64,35,60,,,,,,
cyp,Cyprus,aek-larnaca,AEK Larnaca,1,GK,TBD,TBD,TBD,TBD,0,25,25,45,53,,,,,,,47,45,43,48,35,46
cyp,Cyprus,aek-larnaca,AEK Larnaca,2,GK,TBD,TBD,TBD,TBD,0,25,25,45,53,,,,,,,47,45,43,48,35,46
cyp,Cyprus,aek-larnaca,AEK Larnaca,3,CB,TBD,TBD,TBD,TBD,0,25,25,45,53,37,35,35,35,49,51,,,,,,
cyp,Cyprus,aek-larnaca,AEK Larnaca,4,CB,TBD,TBD,TBD,TBD,0,25,25,45,53,37,35,35,35,49,51,,,,,,
cyp,Cyprus,aek-larnaca,AEK Larnaca,5,CB,TBD,TBD,TBD,TBD,0,25,25,45,53,37,35,35,35,49,51,,,,,,
cyp,Cyprus,aek-larnaca,AEK Larnaca,6,CB,TBD,TBD,TBD,TBD,0,25,25,45,53,37,35,35,35,49,51,,,,,,
cyp,Cyprus,aek-larnaca,AEK Larnaca,7,CB,TBD,TBD,TBD,TBD,0,25,25,45,53,37,35,35,35,49,51,,,,,,
cyp,Cyprus,aek-larnaca,AEK Larnaca,8,LB,TBD,TBD,TBD,TBD,0,25,25,46,54,51,35,44,48,46,47,,,,,,
cyp,Cyprus,aek-larnaca,AEK Larnaca,9,LB,TBD,TBD,TBD,TBD,0,25,25,46,54,51,35,44,48,46,47,,,,,,
cyp,Cyprus,aek-larnaca,AEK Larnaca,10,RB,TBD,TBD,TBD,TBD,0,25,25,46,54,51,35,44,48,46,47,,,,,,
cyp,Cyprus,aek-larnaca,AEK Larnaca,11,RB,TBD,TBD,TBD,TBD,0,25,25,46,54,51,35,44,48,46,47,,,,,,
cyp,Cyprus,aek-larnaca,AEK Larnaca,12,CDM,TBD,TBD,TBD,TBD,0,25,25,46,54,43,35,48,46,50,51,,,,,,
cyp,Cyprus,aek-larnaca,AEK Larnaca,13,CM,TBD,TBD,TBD,TBD,0,25,25,47,55,46,43,51,52,45,47,,,,,,
cyp,Cyprus,aek-larnaca,AEK Larnaca,14,CM,TBD,TBD,TBD,TBD,0,25,25,47,55,46,43,51,52,45,47,,,,,,
cyp,Cyprus,aek-larnaca,AEK Larnaca,15,CM,TBD,TBD,TBD,TBD,0,25,25,47,55,46,43,51,52,45,47,,,,,,
cyp,Cyprus,aek-larnaca,AEK Larnaca,16,CM,TBD,TBD,TBD,TBD,0,25,25,47,55,46,43,51,52,45,47,,,,,,
cyp,Cyprus,aek-larnaca,AEK Larnaca,17,CM,TBD,TBD,TBD,TBD,0,25,25,47,55,46,43,51,52,45,47,,,,,,
cyp,Cyprus,aek-larnaca,AEK Larnaca,18,CAM,TBD,TBD,TBD,TBD,0,25,25,47,55,50,49,55,57,35,39,,,,,,
cyp,Cyprus,aek-larnaca,AEK Larnaca,19,LW,TBD,TBD,TBD,TBD,0,25,25,47,55,60,49,47,58,35,37,,,,,,
cyp,Cyprus,aek-larnaca,AEK Larnaca,20,LW,TBD,TBD,TBD,TBD,0,25,25,47,55,60,49,47,58,35,37,,,,,,
cyp,Cyprus,aek-larnaca,AEK Larnaca,21,RW,TBD,TBD,TBD,TBD,0,25,25,47,55,60,49,47,58,35,37,,,,,,
cyp,Cyprus,aek-larnaca,AEK Larnaca,22,RW,TBD,TBD,TBD,TBD,0,25,25,47,55,60,49,47,58,35,37,,,,,,
cyp,Cyprus,aek-larnaca,AEK Larnaca,23,ST,TBD,TBD,TBD,TBD,0,25,25,47,55,55,55,40,53,35,49,,,,,,
cyp,Cyprus,aek-larnaca,AEK Larnaca,24,ST,TBD,TBD,TBD,TBD,0,25,25,47,55,55,55,40,53,35,49,,,,,,
cyp,Cyprus,aek-larnaca,AEK Larnaca,25,ST,TBD,TBD,TBD,TBD,0,25,25,47,55,55,55,40,53,35,49,,,,,,
cyp,Cyprus,ael-limassol,AEL Limassol,1,GK,TBD,TBD,TBD,TBD,0,25,25,45,53,,,,,,,47,45,43,48,35,46
cyp,Cyprus,ael-limassol,AEL Limassol,2,GK,TBD,TBD,TBD,TBD,0,25,25,45,53,,,,,,,47,45,43,48,35,46
cyp,Cyprus,ael-limassol,AEL Limassol,3,CB,TBD,TBD,TBD,TBD,0,25,25,45,53,37,35,35,35,49,51,,,,,,
cyp,Cyprus,ael-limassol,AEL Limassol,4,CB,TBD,TBD,TBD,TBD,0,25,25,45,53,37,35,35,35,49,51,,,,,,
cyp,Cyprus,ael-limassol,AEL Limassol,5,CB,TBD,TBD,TBD,TBD,0,25,25,45,53,37,35,35,35,49,51,,,,,,
cyp,Cyprus,ael-limassol,AEL Limassol,6,CB,TBD,TBD,TBD,TBD,0,25,25,45,53,37,35,35,35,49,51,,,,,,
cyp,Cyprus,ael-limassol,AEL Limassol,7,CB,TBD,TBD,TBD,TBD,0,25,25,45,53,37,35,35,35,49,51,,,,,,
cyp,Cyprus,ael-limassol,AEL Limassol,8,LB,TBD,TBD,TBD,TBD,0,25,25,46,54,51,35,44,48,46,47,,,,,,
cyp,Cyprus,ael-limassol,AEL Limassol,9,LB,TBD,TBD,TBD,TBD,0,25,25,46,54,51,35,44,48,46,47,,,,,,
cyp,Cyprus,ael-limassol,AEL Limassol,10,RB,TBD,TBD,TBD,TBD,0,25,25,46,54,51,35,44,48,46,47,,,,,,
cyp,Cyprus,ael-limassol,AEL Limassol,11,RB,TBD,TBD,TBD,TBD,0,25,25,46,54,51,35,44,48,46,47,,,,,,
cyp,Cyprus,ael-limassol,AEL Limassol,12,CDM,TBD,TBD,TBD,TBD,0,25,25,46,54,43,35,48,46,50,51,,,,,,
cyp,Cyprus,ael-limassol,AEL Limassol,13,CM,TBD,TBD,TBD,TBD,0,25,25,47,55,46,43,51,52,45,47,,,,,,
cyp,Cyprus,ael-limassol,AEL Limassol,14,CM,TBD,TBD,TBD,TBD,0,25,25,47,55,46,43,51,52,45,47,,,,,,
cyp,Cyprus,ael-limassol,AEL Limassol,15,CM,TBD,TBD,TBD,TBD,0,25,25,47,55,46,43,51,52,45,47,,,,,,
cyp,Cyprus,ael-limassol,AEL Limassol,16,CM,TBD,TBD,TBD,TBD,0,25,25,47,55,46,43,51,52,45,47,,,,,,
cyp,Cyprus,ael-limassol,AEL Limassol,17,CM,TBD,TBD,TBD,TBD,0,25,25,47,55,46,43,51,52,45,47,,,,,,
cyp,Cyprus,ael-limassol,AEL Limassol,18,CAM,TBD,TBD,TBD,TBD,0,25,25,47,55,50,49,55,57,35,39,,,,,,
cyp,Cyprus,ael-limassol,AEL Limassol,19,LW,TBD,TBD,TBD,TBD,0,25,25,47,55,60,49,47,58,35,37,,,,,,
cyp,Cyprus,ael-limassol,AEL Limassol,20,LW,TBD,TBD,TBD,TBD,0,25,25,47,55,60,49,47,58,35,37,,,,,,
cyp,Cyprus,ael-limassol,AEL Limassol,21,RW,TBD,TBD,TBD,TBD,0,25,25,47,55,60,49,47,58,35,37,,,,,,
cyp,Cyprus,ael-limassol,AEL Limassol,22,RW,TBD,TBD,TBD,TBD,0,25,25,47,55,60,49,47,58,35,37,,,,,,
cyp,Cyprus,ael-limassol,AEL Limassol,23,ST,TBD,TBD,TBD,TBD,0,25,25,47,55,55,55,40,53,35,49,,,,,,
cyp,Cyprus,ael-limassol,AEL Limassol,24,ST,TBD,TBD,TBD,TBD,0,25,25,47,55,55,55,40,53,35,49,,,,,,
cyp,Cyprus,ael-limassol,AEL Limassol,25,ST,TBD,TBD,TBD,TBD,0,25,25,47,55,55,55,40,53,35,49,,,,,,
swe,Sweden,aik,AIK,1,GK,TBD,TBD,TBD,TBD,0,25,25,56,64,,,,,,,58,56,54,59,35,57
swe,Sweden,aik,AIK,2,GK,TBD,TBD,TBD,TBD,0,25,25,56,64,,,,,,,58,56,54,59,35,57
swe,Sweden,aik,AIK,3,CB,TBD,TBD,TBD,TBD,0,25,25,56,64,48,35,46,44,60,62,,,,,,
swe,Sweden,aik,AIK,4,CB,TBD,TBD,TBD,TBD,0,25,25,56,64,48,35,46,44,60,62,,,,,,
swe,Sweden,aik,AIK,5,CB,TBD,TBD,TBD,TBD,0,25,25,56,64,48,35,46,44,60,62,,,,,,
swe,Sweden,aik,AIK,6,CB,TBD,TBD,TBD,TBD,0,25,25,56,64,48,35,46,44,60,62,,,,,,
swe,Sweden,aik,AIK,7,CB,TBD,TBD,TBD,TBD,0,25,25,56,64,48,35,46,44,60,62,,,,,,
swe,Sweden,aik,AIK,8,LB,TBD,TBD,TBD,TBD,0,25,25,57,65,62,39,55,59,57,58,,,,,,
swe,Sweden,aik,AIK,9,LB,TBD,TBD,TBD,TBD,0,25,25,57,65,62,39,55,59,57,58,,,,,,
swe,Sweden,aik,AIK,10,RB,TBD,TBD,TBD,TBD,0,25,25,57,65,62,39,55,59,57,58,,,,,,
swe,Sweden,aik,AIK,11,RB,TBD,TBD,TBD,TBD,0,25,25,57,65,62,39,55,59,57,58,,,,,,
swe,Sweden,aik,AIK,12,CDM,TBD,TBD,TBD,TBD,0,25,25,57,65,54,45,59,57,61,62,,,,,,
swe,Sweden,aik,AIK,13,CM,TBD,TBD,TBD,TBD,0,25,25,58,66,57,54,62,63,56,58,,,,,,
swe,Sweden,aik,AIK,14,CM,TBD,TBD,TBD,TBD,0,25,25,58,66,57,54,62,63,56,58,,,,,,
swe,Sweden,aik,AIK,15,CM,TBD,TBD,TBD,TBD,0,25,25,58,66,57,54,62,63,56,58,,,,,,
swe,Sweden,aik,AIK,16,CM,TBD,TBD,TBD,TBD,0,25,25,58,66,57,54,62,63,56,58,,,,,,
swe,Sweden,aik,AIK,17,CM,TBD,TBD,TBD,TBD,0,25,25,58,66,57,54,62,63,56,58,,,,,,
swe,Sweden,aik,AIK,18,CAM,TBD,TBD,TBD,TBD,0,25,25,58,66,61,60,66,68,40,50,,,,,,
swe,Sweden,aik,AIK,19,LW,TBD,TBD,TBD,TBD,0,25,25,58,66,71,60,58,69,35,48,,,,,,
swe,Sweden,aik,AIK,20,LW,TBD,TBD,TBD,TBD,0,25,25,58,66,71,60,58,69,35,48,,,,,,
swe,Sweden,aik,AIK,21,RW,TBD,TBD,TBD,TBD,0,25,25,58,66,71,60,58,69,35,48,,,,,,
swe,Sweden,aik,AIK,22,RW,TBD,TBD,TBD,TBD,0,25,25,58,66,71,60,58,69,35,48,,,,,,
swe,Sweden,aik,AIK,23,ST,TBD,TBD,TBD,TBD,0,25,25,58,66,66,66,51,64,35,60,,,,,,
swe,Sweden,aik,AIK,24,ST,TBD,TBD,TBD,TBD,0,25,25,58,66,66,66,51,64,35,60,,,,,,
swe,Sweden,aik,AIK,25,ST,TBD,TBD,TBD,TBD,0,25,25,58,66,66,66,51,64,35,60,,,,,,
fra,France,auxerre,AJ Auxerre,1,CB,TBD,TBD,TBD,TBD,25,25,2,58,66,50,35,48,46,62,64,,,,,,
fra,France,auxerre,AJ Auxerre,2,CM,TBD,TBD,TBD,TBD,25,25,2,60,68,59,56,64,65,58,60,,,,,,
fra,France,monaco,AS Monaco,1,CB,TBD,TBD,TBD,TBD,25,25,3,77,82,69,47,67,65,81,83,,,,,,
fra,France,monaco,AS Monaco,2,CM,TBD,TBD,TBD,TBD,25,25,3,79,84,78,75,83,84,77,79,,,,,,
fra,France,monaco,AS Monaco,3,CM,TBD,TBD,TBD,TBD,25,25,3,79,84,78,75,83,84,77,79,,,,,,
ita,Italy,as-roma,AS Roma,1,CB,TBD,TBD,TBD,TBD,25,25,4,73,81,65,43,63,61,77,79,,,,,,
ita,Italy,as-roma,AS Roma,2,LW,TBD,TBD,TBD,TBD,25,25,4,75,80,88,77,75,86,50,65,,,,,,
ita,Italy,as-roma,AS Roma,3,RW,TBD,TBD,TBD,TBD,25,25,4,75,80,88,77,75,86,50,65,,,,,,
ita,Italy,as-roma,AS Roma,4,ST,TBD,TBD,TBD,TBD,25,25,4,75,80,83,83,68,81,45,77,,,,,,
fra,France,saint-etienne,AS Saint-Étienne,1,CB,TBD,TBD,TBD,TBD,25,25,3,59,67,51,35,49,47,63,65,,,,,,
fra,France,saint-etienne,AS Saint-Étienne,2,CM,TBD,TBD,TBD,TBD,25,25,3,61,69,60,57,65,66,59,61,,,,,,
fra,France,saint-etienne,AS Saint-Étienne,3,CM,TBD,TBD,TBD,TBD,25,25,3,61,69,60,57,65,66,59,61,,,,,,
svk,Slovakia,trencin,AS Trenčín,1,GK,TBD,TBD,TBD,TBD,0,25,25,45,53,,,,,,,47,45,43,48,35,46
svk,Slovakia,trencin,AS Trenčín,2,GK,TBD,TBD,TBD,TBD,0,25,25,45,53,,,,,,,47,45,43,48,35,46
svk,Slovakia,trencin,AS Trenčín,3,CB,TBD,TBD,TBD,TBD,0,25,25,45,53,37,35,35,35,49,51,,,,,,
svk,Slovakia,trencin,AS Trenčín,4,CB,TBD,TBD,TBD,TBD,0,25,25,45,53,37,35,35,35,49,51,,,,,,
svk,Slovakia,trencin,AS Trenčín,5,CB,TBD,TBD,TBD,TBD,0,25,25,45,53,37,35,35,35,49,51,,,,,,
svk,Slovakia,trencin,AS Trenčín,6,CB,TBD,TBD,TBD,TBD,0,25,25,45,53,37,35,35,35,49,51,,,,,,
svk,Slovakia,trencin,AS Trenčín,7,CB,TBD,TBD,TBD,TBD,0,25,25,45,53,37,35,35,35,49,51,,,,,,
svk,Slovakia,trencin,AS Trenčín,8,LB,TBD,TBD,TBD,TBD,0,25,25,46,54,51,35,44,48,46,47,,,,,,
svk,Slovakia,trencin,AS Trenčín,9,LB,TBD,TBD,TBD,TBD,0,25,25,46,54,51,35,44,48,46,47,,,,,,
svk,Slovakia,trencin,AS Trenčín,10,RB,TBD,TBD,TBD,TBD,0,25,25,46,54,51,35,44,48,46,47,,,,,,
svk,Slovakia,trencin,AS Trenčín,11,RB,TBD,TBD,TBD,TBD,0,25,25,46,54,51,35,44,48,46,47,,,,,,
svk,Slovakia,trencin,AS Trenčín,12,CDM,TBD,TBD,TBD,TBD,0,25,25,46,54,43,35,48,46,50,51,,,,,,
svk,Slovakia,trencin,AS Trenčín,13,CM,TBD,TBD,TBD,TBD,0,25,25,47,55,46,43,51,52,45,47,,,,,,
svk,Slovakia,trencin,AS Trenčín,14,CM,TBD,TBD,TBD,TBD,0,25,25,47,55,46,43,51,52,45,47,,,,,,
svk,Slovakia,trencin,AS Trenčín,15,CM,TBD,TBD,TBD,TBD,0,25,25,47,55,46,43,51,52,45,47,,,,,,
svk,Slovakia,trencin,AS Trenčín,16,CM,TBD,TBD,TBD,TBD,0,25,25,47,55,46,43,51,52,45,47,,,,,,
svk,Slovakia,trencin,AS Trenčín,17,CM,TBD,TBD,TBD,TBD,0,25,25,47,55,46,43,51,52,45,47,,,,,,
svk,Slovakia,trencin,AS Trenčín,18,CAM,TBD,TBD,TBD,TBD,0,25,25,47,55,50,49,55,57,35,39,,,,,,
svk,Slovakia,trencin,AS Trenčín,19,LW,TBD,TBD,TBD,TBD,0,25,25,47,55,60,49,47,58,35,37,,,,,,
svk,Slovakia,trencin,AS Trenčín,20,LW,TBD,TBD,TBD,TBD,0,25,25,47,55,60,49,47,58,35,37,,,,,,
svk,Slovakia,trencin,AS Trenčín,21,RW,TBD,TBD,TBD,TBD,0,25,25,47,55,60,49,47,58,35,37,,,,,,
svk,Slovakia,trencin,AS Trenčín,22,RW,TBD,TBD,TBD,TBD,0,25,25,47,55,60,49,47,58,35,37,,,,,,
svk,Slovakia,trencin,AS Trenčín,23,ST,TBD,TBD,TBD,TBD,0,25,25,47,55,55,55,40,53,35,49,,,,,,
svk,Slovakia,trencin,AS Trenčín,24,ST,TBD,TBD,TBD,TBD,0,25,25,47,55,55,55,40,53,35,49,,,,,,
svk,Slovakia,trencin,AS Trenčín,25,ST,TBD,TBD,TBD,TBD,0,25,25,47,55,55,55,40,53,35,49,,,,,,
por,Portugal,avs,AVS Futebol SAD,1,GK,TBD,TBD,TBD,TBD,0,25,25,57,65,,,,,,,59,57,55,60,35,58
por,Portugal,avs,AVS Futebol SAD,2,GK,TBD,TBD,TBD,TBD,0,25,25,57,65,,,,,,,59,57,55,60,35,58
por,Portugal,avs,AVS Futebol SAD,3,CB,TBD,TBD,TBD,TBD,0,25,25,57,65,49,35,47,45,61,63,,,,,,
por,Portugal,avs,AVS Futebol SAD,4,CB,TBD,TBD,TBD,TBD,0,25,25,57,65,49,35,47,45,61,63,,,,,,
por,Portugal,avs,AVS Futebol SAD,5,CB,TBD,TBD,TBD,TBD,0,25,25,57,65,49,35,47,45,61,63,,,,,,
por,Portugal,avs,AVS Futebol SAD,6,CB,TBD,TBD,TBD,TBD,0,25,25,57,65,49,35,47,45,61,63,,,,,,
por,Portugal,avs,AVS Futebol SAD,7,CB,TBD,TBD,TBD,TBD,0,25,25,57,65,49,35,47,45,61,63,,,,,,
por,Portugal,avs,AVS Futebol SAD,8,LB,TBD,TBD,TBD,TBD,0,25,25,58,66,63,40,56,60,58,59,,,,,,
por,Portugal,avs,AVS Futebol SAD,9,LB,TBD,TBD,TBD,TBD,0,25,25,58,66,63,40,56,60,58,59,,,,,,
por,Portugal,avs,AVS Futebol SAD,10,RB,TBD,TBD,TBD,TBD,0,25,25,58,66,63,40,56,60,58,59,,,,,,
por,Portugal,avs,AVS Futebol SAD,11,RB,TBD,TBD,TBD,TBD,0,25,25,58,66,63,40,56,60,58,59,,,,,,
por,Portugal,avs,AVS Futebol SAD,12,CDM,TBD,TBD,TBD,TBD,0,25,25,58,66,55,46,60,58,62,63,,,,,,
por,Portugal,avs,AVS Futebol SAD,13,CM,TBD,TBD,TBD,TBD,0,25,25,59,67,58,55,63,64,57,59,,,,,,
por,Portugal,avs,AVS Futebol SAD,14,CM,TBD,TBD,TBD,TBD,0,25,25,59,67,58,55,63,64,57,59,,,,,,
por,Portugal,avs,AVS Futebol SAD,15,CM,TBD,TBD,TBD,TBD,0,25,25,59,67,58,55,63,64,57,59,,,,,,
por,Portugal,avs,AVS Futebol SAD,16,CM,TBD,TBD,TBD,TBD,0,25,25,59,67,58,55,63,64,57,59,,,,,,
por,Portugal,avs,AVS Futebol SAD,17,CM,TBD,TBD,TBD,TBD,0,25,25,59,67,58,55,63,64,57,59,,,,,,
por,Portugal,avs,AVS Futebol SAD,18,CAM,TBD,TBD,TBD,TBD,0,25,25,59,67,62,61,67,69,41,51,,,,,,
por,Portugal,avs,AVS Futebol SAD,19,LW,TBD,TBD,TBD,TBD,0,25,25,59,67,72,61,59,70,35,49,,,,,,
por,Portugal,avs,AVS Futebol SAD,20,LW,TBD,TBD,TBD,TBD,0,25,25,59,67,72,61,59,70,35,49,,,,,,
por,Portugal,avs,AVS Futebol SAD,21,RW,TBD,TBD,TBD,TBD,0,25,25,59,67,72,61,59,70,35,49,,,,,,
por,Portugal,avs,AVS Futebol SAD,22,RW,TBD,TBD,TBD,TBD,0,25,25,59,67,72,61,59,70,35,49,,,,,,
por,Portugal,avs,AVS Futebol SAD,23,ST,TBD,TBD,TBD,TBD,0,25,25,59,67,67,67,52,65,35,61,,,,,,
por,Portugal,avs,AVS Futebol SAD,24,ST,TBD,TBD,TBD,TBD,0,25,25,59,67,67,67,52,65,35,61,,,,,,
por,Portugal,avs,AVS Futebol SAD,25,ST,TBD,TBD,TBD,TBD,0,25,25,59,67,67,67,52,65,35,61,,,,,,
ned,Netherlands,az-alkmaar,AZ Alkmaar,1,CB,TBD,TBD,TBD,TBD,25,25,3,71,79,63,41,61,59,75,77,,,,,,
ned,Netherlands,az-alkmaar,AZ Alkmaar,2,CM,TBD,TBD,TBD,TBD,25,25,3,73,81,72,69,77,78,71,73,,,,,,
ned,Netherlands,az-alkmaar,AZ Alkmaar,3,CM,TBD,TBD,TBD,TBD,25,25,3,73,81,72,69,77,78,71,73,,,,,,
den,Denmark,aarhus-gf,Aarhus GF,1,GK,TBD,TBD,TBD,TBD,0,25,25,50,58,,,,,,,52,50,48,53,35,51
den,Denmark,aarhus-gf,Aarhus GF,2,GK,TBD,TBD,TBD,TBD,0,25,25,50,58,,,,,,,52,50,48,53,35,51
den,Denmark,aarhus-gf,Aarhus GF,3,CB,TBD,TBD,TBD,TBD,0,25,25,50,58,42,35,40,38,54,56,,,,,,
den,Denmark,aarhus-gf,Aarhus GF,4,CB,TBD,TBD,TBD,TBD,0,25,25,50,58,42,35,40,38,54,56,,,,,,
den,Denmark,aarhus-gf,Aarhus GF,5,CB,TBD,TBD,TBD,TBD,0,25,25,50,58,42,35,40,38,54,56,,,,,,
den,Denmark,aarhus-gf,Aarhus GF,6,CB,TBD,TBD,TBD,TBD,0,25,25,50,58,42,35,40,38,54,56,,,,,,
den,Denmark,aarhus-gf,Aarhus GF,7,CB,TBD,TBD,TBD,TBD,0,25,25,50,58,42,35,40,38,54,56,,,,,,
den,Denmark,aarhus-gf,Aarhus GF,8,LB,TBD,TBD,TBD,TBD,0,25,25,51,59,56,35,49,53,51,52,,,,,,
den,Denmark,aarhus-gf,Aarhus GF,9,LB,TBD,TBD,TBD,TBD,0,25,25,51,59,56,35,49,53,51,52,,,,,,
den,Denmark,aarhus-gf,Aarhus GF,10,RB,TBD,TBD,TBD,TBD,0,25,25,51,59,56,35,49,53,51,52,,,,,,
den,Denmark,aarhus-gf,Aarhus GF,11,RB,TBD,TBD,TBD,TBD,0,25,25,51,59,56,35,49,53,51,52,,,,,,
den,Denmark,aarhus-gf,Aarhus GF,12,CDM,TBD,TBD,TBD,TBD,0,25,25,51,59,48,39,53,51,55,56,,,,,,
den,Denmark,aarhus-gf,Aarhus GF,13,CM,TBD,TBD,TBD,TBD,0,25,25,52,60,51,48,56,57,50,52,,,,,,
den,Denmark,aarhus-gf,Aarhus GF,14,CM,TBD,TBD,TBD,TBD,0,25,25,52,60,51,48,56,57,50,52,,,,,,
den,Denmark,aarhus-gf,Aarhus GF,15,CM,TBD,TBD,TBD,TBD,0,25,25,52,60,51,48,56,57,50,52,,,,,,
den,Denmark,aarhus-gf,Aarhus GF,16,CM,TBD,TBD,TBD,TBD,0,25,25,52,60,51,48,56,57,50,52,,,,,,
den,Denmark,aarhus-gf,Aarhus GF,17,CM,TBD,TBD,TBD,TBD,0,25,25,52,60,51,48,56,57,50,52,,,,,,
den,Denmark,aarhus-gf,Aarhus GF,18,CAM,TBD,TBD,TBD,TBD,0,25,25,52,60,55,54,60,62,35,44,,,,,,
den,Denmark,aarhus-gf,Aarhus GF,19,LW,TBD,TBD,TBD,TBD,0,25,25,52,60,65,54,52,63,35,42,,,,,,
den,Denmark,aarhus-gf,Aarhus GF,20,LW,TBD,TBD,TBD,TBD,0,25,25,52,60,65,54,52,63,35,42,,,,,,
den,Denmark,aarhus-gf,Aarhus GF,21,RW,TBD,TBD,TBD,TBD,0,25,25,52,60,65,54,52,63,35,42,,,,,,
den,Denmark,aarhus-gf,Aarhus GF,22,RW,TBD,TBD,TBD,TBD,0,25,25,52,60,65,54,52,63,35,42,,,,,,
den,Denmark,aarhus-gf,Aarhus GF,23,ST,TBD,TBD,TBD,TBD,0,25,25,52,60,60,60,45,58,35,54,,,,,,
den,Denmark,aarhus-gf,Aarhus GF,24,ST,TBD,TBD,TBD,TBD,0,25,25,52,60,60,60,45,58,35,54,,,,,,
den,Denmark,aarhus-gf,Aarhus GF,25,ST,TBD,TBD,TBD,TBD,0,25,25,52,60,60,60,45,58,35,54,,,,,,
sco,Scotland,aberdeen,Aberdeen FC,1,GK,TBD,TBD,TBD,TBD,0,25,25,52,60,,,,,,,54,52,50,55,35,53
sco,Scotland,aberdeen,Aberdeen FC,2,GK,TBD,TBD,TBD,TBD,0,25,25,52,60,,,,,,,54,52,50,55,35,53
sco,Scotland,aberdeen,Aberdeen FC,3,CB,TBD,TBD,TBD,TBD,0,25,25,52,60,44,35,42,40,56,58,,,,,,
sco,Scotland,aberdeen,Aberdeen FC,4,CB,TBD,TBD,TBD,TBD,0,25,25,52,60,44,35,42,40,56,58,,,,,,
sco,Scotland,aberdeen,Aberdeen FC,5,CB,TBD,TBD,TBD,TBD,0,25,25,52,60,44,35,42,40,56,58,,,,,,
sco,Scotland,aberdeen,Aberdeen FC,6,CB,TBD,TBD,TBD,TBD,0,25,25,52,60,44,35,42,40,56,58,,,,,,
sco,Scotland,aberdeen,Aberdeen FC,7,CB,TBD,TBD,TBD,TBD,0,25,25,52,60,44,35,42,40,56,58,,,,,,
sco,Scotland,aberdeen,Aberdeen FC,8,LB,TBD,TBD,TBD,TBD,0,25,25,53,61,58,35,51,55,53,54,,,,,,
sco,Scotland,aberdeen,Aberdeen FC,9,LB,TBD,TBD,TBD,TBD,0,25,25,53,61,58,35,51,55,53,54,,,,,,
sco,Scotland,aberdeen,Aberdeen FC,10,RB,TBD,TBD,TBD,TBD,0,25,25,53,61,58,35,51,55,53,54,,,,,,
sco,Scotland,aberdeen,Aberdeen FC,11,RB,TBD,TBD,TBD,TBD,0,25,25,53,61,58,35,51,55,53,54,,,,,,
sco,Scotland,aberdeen,Aberdeen FC,12,CDM,TBD,TBD,TBD,TBD,0,25,25,53,61,50,41,55,53,57,58,,,,,,
sco,Scotland,aberdeen,Aberdeen FC,13,CM,TBD,TBD,TBD,TBD,0,25,25,54,62,53,50,58,59,52,54,,,,,,
sco,Scotland,aberdeen,Aberdeen FC,14,CM,TBD,TBD,TBD,TBD,0,25,25,54,62,53,50,58,59,52,54,,,,,,
sco,Scotland,aberdeen,Aberdeen FC,15,CM,TBD,TBD,TBD,TBD,0,25,25,54,62,53,50,58,59,52,54,,,,,,
sco,Scotland,aberdeen,Aberdeen FC,16,CM,TBD,TBD,TBD,TBD,0,25,25,54,62,53,50,58,59,52,54,,,,,,
sco,Scotland,aberdeen,Aberdeen FC,17,CM,TBD,TBD,TBD,TBD,0,25,25,54,62,53,50,58,59,52,54,,,,,,
sco,Scotland,aberdeen,Aberdeen FC,18,CAM,TBD,TBD,TBD,TBD,0,25,25,54,62,57,56,62,64,36,46,,,,,,
sco,Scotland,aberdeen,Aberdeen FC,19,LW,TBD,TBD,TBD,TBD,0,25,25,54,62,67,56,54,65,35,44,,,,,,
sco,Scotland,aberdeen,Aberdeen FC,20,LW,TBD,TBD,TBD,TBD,0,25,25,54,62,67,56,54,65,35,44,,,,,,
sco,Scotland,aberdeen,Aberdeen FC,21,RW,TBD,TBD,TBD,TBD,0,25,25,54,62,67,56,54,65,35,44,,,,,,
sco,Scotland,aberdeen,Aberdeen FC,22,RW,TBD,TBD,TBD,TBD,0,25,25,54,62,67,56,54,65,35,44,,,,,,
sco,Scotland,aberdeen,Aberdeen FC,23,ST,TBD,TBD,TBD,TBD,0,25,25,54,62,62,62,47,60,35,56,,,,,,
sco,Scotland,aberdeen,Aberdeen FC,24,ST,TBD,TBD,TBD,TBD,0,25,25,54,62,62,62,47,60,35,56,,,,,,
sco,Scotland,aberdeen,Aberdeen FC,25,ST,TBD,TBD,TBD,TBD,0,25,25,54,62,62,62,47,60,35,56,,,,,,
tur,Turkey,adana-demirspor,Adana Demirspor,1,GK,TBD,TBD,TBD,TBD,0,25,25,59,67,,,,,,,61,59,57,62,35,60
tur,Turkey,adana-demirspor,Adana Demirspor,2,GK,TBD,TBD,TBD,TBD,0,25,25,59,67,,,,,,,61,59,57,62,35,60
tur,Turkey,adana-demirspor,Adana Demirspor,3,CB,TBD,TBD,TBD,TBD,0,25,25,59,67,51,35,49,47,63,65,,,,,,
tur,Turkey,adana-demirspor,Adana Demirspor,4,CB,TBD,TBD,TBD,TBD,0,25,25,59,67,51,35,49,47,63,65,,,,,,
tur,Turkey,adana-demirspor,Adana Demirspor,5,CB,TBD,TBD,TBD,TBD,0,25,25,59,67,51,35,49,47,63,65,,,,,,
tur,Turkey,adana-demirspor,Adana Demirspor,6,CB,TBD,TBD,TBD,TBD,0,25,25,59,67,51,35,49,47,63,65,,,,,,
tur,Turkey,adana-demirspor,Adana Demirspor,7,CB,TBD,TBD,TBD,TBD,0,25,25,59,67,51,35,49,47,63,65,,,,,,
tur,Turkey,adana-demirspor,Adana Demirspor,8,LB,TBD,TBD,TBD,TBD,0,25,25,60,68,65,42,58,62,60,61,,,,,,
tur,Turkey,adana-demirspor,Adana Demirspor,9,LB,TBD,TBD,TBD,TBD,0,25,25,60,68,65,42,58,62,60,61,,,,,,
tur,Turkey,adana-demirspor,Adana Demirspor,10,RB,TBD,TBD,TBD,TBD,0,25,25,60,68,65,42,58,62,60,61,,,,,,
tur,Turkey,adana-demirspor,Adana Demirspor,11,RB,TBD,TBD,TBD,TBD,0,25,25,60,68,65,42,58,62,60,61,,,,,,
tur,Turkey,adana-demirspor,Adana Demirspor,12,CDM,TBD,TBD,TBD,TBD,0,25,25,60,68,57,48,62,60,64,65,,,,,,
tur,Turkey,adana-demirspor,Adana Demirspor,13,CM,TBD,TBD,TBD,TBD,0,25,25,61,69,60,57,65,66,59,61,,,,,,
tur,Turkey,adana-demirspor,Adana Demirspor,14,CM,TBD,TBD,TBD,TBD,0,25,25,61,69,60,57,65,66,59,61,,,,,,
tur,Turkey,adana-demirspor,Adana Demirspor,15,CM,TBD,TBD,TBD,TBD,0,25,25,61,69,60,57,65,66,59,61,,,,,,
tur,Turkey,adana-demirspor,Adana Demirspor,16,CM,TBD,TBD,TBD,TBD,0,25,25,61,69,60,57,65,66,59,61,,,,,,
tur,Turkey,adana-demirspor,Adana Demirspor,17,CM,TBD,TBD,TBD,TBD,0,25,25,61,69,60,57,65,66,59,61,,,,,,
tur,Turkey,adana-demirspor,Adana Demirspor,18,CAM,TBD,TBD,TBD,TBD,0,25,25,61,69,64,63,69,71,43,53,,,,,,
tur,Turkey,adana-demirspor,Adana Demirspor,19,LW,TBD,TBD,TBD,TBD,0,25,25,61,69,74,63,61,72,36,51,,,,,,
tur,Turkey,adana-demirspor,Adana Demirspor,20,LW,TBD,TBD,TBD,TBD,0,25,25,61,69,74,63,61,72,36,51,,,,,,
tur,Turkey,adana-demirspor,Adana Demirspor,21,RW,TBD,TBD,TBD,TBD,0,25,25,61,69,74,63,61,72,36,51,,,,,,
tur,Turkey,adana-demirspor,Adana Demirspor,22,RW,TBD,TBD,TBD,TBD,0,25,25,61,69,74,63,61,72,36,51,,,,,,
tur,Turkey,adana-demirspor,Adana Demirspor,23,ST,TBD,TBD,TBD,TBD,0,25,25,61,69,69,69,54,67,35,63,,,,,,
tur,Turkey,adana-demirspor,Adana Demirspor,24,ST,TBD,TBD,TBD,TBD,0,25,25,61,69,69,69,54,67,35,63,,,,,,
tur,Turkey,adana-demirspor,Adana Demirspor,25,ST,TBD,TBD,TBD,TBD,0,25,25,61,69,69,69,54,67,35,63,,,,,,
tur,Turkey,alanyaspor,Alanyaspor,1,GK,TBD,TBD,TBD,TBD,0,25,25,58,66,,,,,,,60,58,56,61,35,59
tur,Turkey,alanyaspor,Alanyaspor,2,GK,TBD,TBD,TBD,TBD,0,25,25,58,66,,,,,,,60,58,56,61,35,59
tur,Turkey,alanyaspor,Alanyaspor,3,CB,TBD,TBD,TBD,TBD,0,25,25,58,66,50,35,48,46,62,64,,,,,,
tur,Turkey,alanyaspor,Alanyaspor,4,CB,TBD,TBD,TBD,TBD,0,25,25,58,66,50,35,48,46,62,64,,,,,,
tur,Turkey,alanyaspor,Alanyaspor,5,CB,TBD,TBD,TBD,TBD,0,25,25,58,66,50,35,48,46,62,64,,,,,,
tur,Turkey,alanyaspor,Alanyaspor,6,CB,TBD,TBD,TBD,TBD,0,25,25,58,66,50,35,48,46,62,64,,,,,,
tur,Turkey,alanyaspor,Alanyaspor,7,CB,TBD,TBD,TBD,TBD,0,25,25,58,66,50,35,48,46,62,64,,,,,,
tur,Turkey,alanyaspor,Alanyaspor,8,LB,TBD,TBD,TBD,TBD,0,25,25,59,67,64,41,57,61,59,60,,,,,,
tur,Turkey,alanyaspor,Alanyaspor,9,LB,TBD,TBD,TBD,TBD,0,25,25,59,67,64,41,57,61,59,60,,,,,,
tur,Turkey,alanyaspor,Alanyaspor,10,RB,TBD,TBD,TBD,TBD,0,25,25,59,67,64,41,57,61,59,60,,,,,,
tur,Turkey,alanyaspor,Alanyaspor,11,RB,TBD,TBD,TBD,TBD,0,25,25,59,67,64,41,57,61,59,60,,,,,,
tur,Turkey,alanyaspor,Alanyaspor,12,CDM,TBD,TBD,TBD,TBD,0,25,25,59,67,56,47,61,59,63,64,,,,,,
tur,Turkey,alanyaspor,Alanyaspor,13,CM,TBD,TBD,TBD,TBD,0,25,25,60,68,59,56,64,65,58,60,,,,,,
tur,Turkey,alanyaspor,Alanyaspor,14,CM,TBD,TBD,TBD,TBD,0,25,25,60,68,59,56,64,65,58,60,,,,,,
tur,Turkey,alanyaspor,Alanyaspor,15,CM,TBD,TBD,TBD,TBD,0,25,25,60,68,59,56,64,65,58,60,,,,,,
tur,Turkey,alanyaspor,Alanyaspor,16,CM,TBD,TBD,TBD,TBD,0,25,25,60,68,59,56,64,65,58,60,,,,,,
tur,Turkey,alanyaspor,Alanyaspor,17,CM,TBD,TBD,TBD,TBD,0,25,25,60,68,59,56,64,65,58,60,,,,,,
tur,Turkey,alanyaspor,Alanyaspor,18,CAM,TBD,TBD,TBD,TBD,0,25,25,60,68,63,62,68,70,42,52,,,,,,
tur,Turkey,alanyaspor,Alanyaspor,19,LW,TBD,TBD,TBD,TBD,0,25,25,60,68,73,62,60,71,35,50,,,,,,
tur,Turkey,alanyaspor,Alanyaspor,20,LW,TBD,TBD,TBD,TBD,0,25,25,60,68,73,62,60,71,35,50,,,,,,
tur,Turkey,alanyaspor,Alanyaspor,21,RW,TBD,TBD,TBD,TBD,0,25,25,60,68,73,62,60,71,35,50,,,,,,
tur,Turkey,alanyaspor,Alanyaspor,22,RW,TBD,TBD,TBD,TBD,0,25,25,60,68,73,62,60,71,35,50,,,,,,
tur,Turkey,alanyaspor,Alanyaspor,23,ST,TBD,TBD,TBD,TBD,0,25,25,60,68,68,68,53,66,35,62,,,,,,
tur,Turkey,alanyaspor,Alanyaspor,24,ST,TBD,TBD,TBD,TBD,0,25,25,60,68,68,68,53,66,35,62,,,,,,
tur,Turkey,alanyaspor,Alanyaspor,25,ST,TBD,TBD,TBD,TBD,0,25,25,60,68,68,68,53,66,35,62,,,,,,
swe,Sweden,swe,Allsvenskan,1,GK,TBD,TBD,TBD,TBD,0,25,25,59,67,,,,,,,61,59,57,62,35,60
swe,Sweden,swe,Allsvenskan,2,GK,TBD,TBD,TBD,TBD,0,25,25,59,67,,,,,,,61,59,57,62,35,60
swe,Sweden,swe,Allsvenskan,3,CB,TBD,TBD,TBD,TBD,0,25,25,59,67,51,35,49,47,63,65,,,,,,
swe,Sweden,swe,Allsvenskan,4,CB,TBD,TBD,TBD,TBD,0,25,25,59,67,51,35,49,47,63,65,,,,,,
swe,Sweden,swe,Allsvenskan,5,CB,TBD,TBD,TBD,TBD,0,25,25,59,67,51,35,49,47,63,65,,,,,,
swe,Sweden,swe,Allsvenskan,6,CB,TBD,TBD,TBD,TBD,0,25,25,59,67,51,35,49,47,63,65,,,,,,
swe,Sweden,swe,Allsvenskan,7,CB,TBD,TBD,TBD,TBD,0,25,25,59,67,51,35,49,47,63,65,,,,,,
swe,Sweden,swe,Allsvenskan,8,LB,TBD,TBD,TBD,TBD,0,25,25,60,68,65,42,58,62,60,61,,,,,,
swe,Sweden,swe,Allsvenskan,9,LB,TBD,TBD,TBD,TBD,0,25,25,60,68,65,42,58,62,60,61,,,,,,
swe,Sweden,swe,Allsvenskan,10,RB,TBD,TBD,TBD,TBD,0,25,25,60,68,65,42,58,62,60,61,,,,,,
swe,Sweden,swe,Allsvenskan,11,RB,TBD,TBD,TBD,TBD,0,25,25,60,68,65,42,58,62,60,61,,,,,,
swe,Sweden,swe,Allsvenskan,12,CDM,TBD,TBD,TBD,TBD,0,25,25,60,68,57,48,62,60,64,65,,,,,,
swe,Sweden,swe,Allsvenskan,13,CM,TBD,TBD,TBD,TBD,0,25,25,61,69,60,57,65,66,59,61,,,,,,
swe,Sweden,swe,Allsvenskan,14,CM,TBD,TBD,TBD,TBD,0,25,25,61,69,60,57,65,66,59,61,,,,,,
swe,Sweden,swe,Allsvenskan,15,CM,TBD,TBD,TBD,TBD,0,25,25,61,69,60,57,65,66,59,61,,,,,,
swe,Sweden,swe,Allsvenskan,16,CM,TBD,TBD,TBD,TBD,0,25,25,61,69,60,57,65,66,59,61,,,,,,
swe,Sweden,swe,Allsvenskan,17,CM,TBD,TBD,TBD,TBD,0,25,25,61,69,60,57,65,66,59,61,,,,,,
swe,Sweden,swe,Allsvenskan,18,CAM,TBD,TBD,TBD,TBD,0,25,25,61,69,64,63,69,71,43,53,,,,,,
swe,Sweden,swe,Allsvenskan,19,LW,TBD,TBD,TBD,TBD,0,25,25,61,69,74,63,61,72,36,51,,,,,,
swe,Sweden,swe,Allsvenskan,20,LW,TBD,TBD,TBD,TBD,0,25,25,61,69,74,63,61,72,36,51,,,,,,
swe,Sweden,swe,Allsvenskan,21,RW,TBD,TBD,TBD,TBD,0,25,25,61,69,74,63,61,72,36,51,,,,,,
swe,Sweden,swe,Allsvenskan,22,RW,TBD,TBD,TBD,TBD,0,25,25,61,69,74,63,61,72,36,51,,,,,,
swe,Sweden,swe,Allsvenskan,23,ST,TBD,TBD,TBD,TBD,0,25,25,61,69,69,69,54,67,35,63,,,,,,
swe,Sweden,swe,Allsvenskan,24,ST,TBD,TBD,TBD,TBD,0,25,25,61,69,69,69,54,67,35,63,,,,,,
swe,Sweden,swe,Allsvenskan,25,ST,TBD,TBD,TBD,TBD,0,25,25,61,69,69,69,54,67,35,63,,,,,,
ned,Netherlands,almere-city,Almere City FC,1,CB,TBD,TBD,TBD,TBD,25,25,3,52,60,44,35,42,40,56,58,,,,,,
ned,Netherlands,almere-city,Almere City FC,2,CM,TBD,TBD,TBD,TBD,25,25,3,54,62,53,50,58,59,52,54,,,,,,
ned,Netherlands,almere-city,Almere City FC,3,CM,TBD,TBD,TBD,TBD,25,25,3,54,62,53,50,58,59,52,54,,,,,,
cyp,Cyprus,anorthosis-famagusta,Anorthosis Famagusta,1,GK,TBD,TBD,TBD,TBD,0,25,25,45,53,,,,,,,47,45,43,48,35,46
cyp,Cyprus,anorthosis-famagusta,Anorthosis Famagusta,2,GK,TBD,TBD,TBD,TBD,0,25,25,45,53,,,,,,,47,45,43,48,35,46
cyp,Cyprus,anorthosis-famagusta,Anorthosis Famagusta,3,CB,TBD,TBD,TBD,TBD,0,25,25,45,53,37,35,35,35,49,51,,,,,,
cyp,Cyprus,anorthosis-famagusta,Anorthosis Famagusta,4,CB,TBD,TBD,TBD,TBD,0,25,25,45,53,37,35,35,35,49,51,,,,,,
cyp,Cyprus,anorthosis-famagusta,Anorthosis Famagusta,5,CB,TBD,TBD,TBD,TBD,0,25,25,45,53,37,35,35,35,49,51,,,,,,
cyp,Cyprus,anorthosis-famagusta,Anorthosis Famagusta,6,CB,TBD,TBD,TBD,TBD,0,25,25,45,53,37,35,35,35,49,51,,,,,,
cyp,Cyprus,anorthosis-famagusta,Anorthosis Famagusta,7,CB,TBD,TBD,TBD,TBD,0,25,25,45,53,37,35,35,35,49,51,,,,,,
cyp,Cyprus,anorthosis-famagusta,Anorthosis Famagusta,8,LB,TBD,TBD,TBD,TBD,0,25,25,46,54,51,35,44,48,46,47,,,,,,
cyp,Cyprus,anorthosis-famagusta,Anorthosis Famagusta,9,LB,TBD,TBD,TBD,TBD,0,25,25,46,54,51,35,44,48,46,47,,,,,,
cyp,Cyprus,anorthosis-famagusta,Anorthosis Famagusta,10,RB,TBD,TBD,TBD,TBD,0,25,25,46,54,51,35,44,48,46,47,,,,,,
cyp,Cyprus,anorthosis-famagusta,Anorthosis Famagusta,11,RB,TBD,TBD,TBD,TBD,0,25,25,46,54,51,35,44,48,46,47,,,,,,
cyp,Cyprus,anorthosis-famagusta,Anorthosis Famagusta,12,CDM,TBD,TBD,TBD,TBD,0,25,25,46,54,43,35,48,46,50,51,,,,,,
cyp,Cyprus,anorthosis-famagusta,Anorthosis Famagusta,13,CM,TBD,TBD,TBD,TBD,0,25,25,47,55,46,43,51,52,45,47,,,,,,
cyp,Cyprus,anorthosis-famagusta,Anorthosis Famagusta,14,CM,TBD,TBD,TBD,TBD,0,25,25,47,55,46,43,51,52,45,47,,,,,,
cyp,Cyprus,anorthosis-famagusta,Anorthosis Famagusta,15,CM,TBD,TBD,TBD,TBD,0,25,25,47,55,46,43,51,52,45,47,,,,,,
cyp,Cyprus,anorthosis-famagusta,Anorthosis Famagusta,16,CM,TBD,TBD,TBD,TBD,0,25,25,47,55,46,43,51,52,45,47,,,,,,
cyp,Cyprus,anorthosis-famagusta,Anorthosis Famagusta,17,CM,TBD,TBD,TBD,TBD,0,25,25,47,55,46,43,51,52,45,47,,,,,,
cyp,Cyprus,anorthosis-famagusta,Anorthosis Famagusta,18,CAM,TBD,TBD,TBD,TBD,0,25,25,47,55,50,49,55,57,35,39,,,,,,
cyp,Cyprus,anorthosis-famagusta,Anorthosis Famagusta,19,LW,TBD,TBD,TBD,TBD,0,25,25,47,55,60,49,47,58,35,37,,,,,,
cyp,Cyprus,anorthosis-famagusta,Anorthosis Famagusta,20,LW,TBD,TBD,TBD,TBD,0,25,25,47,55,60,49,47,58,35,37,,,,,,
cyp,Cyprus,anorthosis-famagusta,Anorthosis Famagusta,21,RW,TBD,TBD,TBD,TBD,0,25,25,47,55,60,49,47,58,35,37,,,,,,
cyp,Cyprus,anorthosis-famagusta,Anorthosis Famagusta,22,RW,TBD,TBD,TBD,TBD,0,25,25,47,55,60,49,47,58,35,37,,,,,,
cyp,Cyprus,anorthosis-famagusta,Anorthosis Famagusta,23,ST,TBD,TBD,TBD,TBD,0,25,25,47,55,55,55,40,53,35,49,,,,,,
cyp,Cyprus,anorthosis-famagusta,Anorthosis Famagusta,24,ST,TBD,TBD,TBD,TBD,0,25,25,47,55,55,55,40,53,35,49,,,,,,
cyp,Cyprus,anorthosis-famagusta,Anorthosis Famagusta,25,ST,TBD,TBD,TBD,TBD,0,25,25,47,55,55,55,40,53,35,49,,,,,,
tur,Turkey,antalyaspor,Antalyaspor,1,GK,TBD,TBD,TBD,TBD,0,25,25,60,68,,,,,,,62,60,58,63,35,61
tur,Turkey,antalyaspor,Antalyaspor,2,GK,TBD,TBD,TBD,TBD,0,25,25,60,68,,,,,,,62,60,58,63,35,61
tur,Turkey,antalyaspor,Antalyaspor,3,CB,TBD,TBD,TBD,TBD,0,25,25,60,68,52,35,50,48,64,66,,,,,,
tur,Turkey,antalyaspor,Antalyaspor,4,CB,TBD,TBD,TBD,TBD,0,25,25,60,68,52,35,50,48,64,66,,,,,,
tur,Turkey,antalyaspor,Antalyaspor,5,CB,TBD,TBD,TBD,TBD,0,25,25,60,68,52,35,50,48,64,66,,,,,,
tur,Turkey,antalyaspor,Antalyaspor,6,CB,TBD,TBD,TBD,TBD,0,25,25,60,68,52,35,50,48,64,66,,,,,,
tur,Turkey,antalyaspor,Antalyaspor,7,CB,TBD,TBD,TBD,TBD,0,25,25,60,68,52,35,50,48,64,66,,,,,,
tur,Turkey,antalyaspor,Antalyaspor,8,LB,TBD,TBD,TBD,TBD,0,25,25,61,69,66,43,59,63,61,62,,,,,,
tur,Turkey,antalyaspor,Antalyaspor,9,LB,TBD,TBD,TBD,TBD,0,25,25,61,69,66,43,59,63,61,62,,,,,,
tur,Turkey,antalyaspor,Antalyaspor,10,RB,TBD,TBD,TBD,TBD,0,25,25,61,69,66,43,59,63,61,62,,,,,,
tur,Turkey,antalyaspor,Antalyaspor,11,RB,TBD,TBD,TBD,TBD,0,25,25,61,69,66,43,59,63,61,62,,,,,,
tur,Turkey,antalyaspor,Antalyaspor,12,CDM,TBD,TBD,TBD,TBD,0,25,25,61,69,58,49,63,61,65,66,,,,,,
tur,Turkey,antalyaspor,Antalyaspor,13,CM,TBD,TBD,TBD,TBD,0,25,25,62,70,61,58,66,67,60,62,,,,,,
tur,Turkey,antalyaspor,Antalyaspor,14,CM,TBD,TBD,TBD,TBD,0,25,25,62,70,61,58,66,67,60,62,,,,,,
tur,Turkey,antalyaspor,Antalyaspor,15,CM,TBD,TBD,TBD,TBD,0,25,25,62,70,61,58,66,67,60,62,,,,,,
tur,Turkey,antalyaspor,Antalyaspor,16,CM,TBD,TBD,TBD,TBD,0,25,25,62,70,61,58,66,67,60,62,,,,,,
tur,Turkey,antalyaspor,Antalyaspor,17,CM,TBD,TBD,TBD,TBD,0,25,25,62,70,61,58,66,67,60,62,,,,,,
tur,Turkey,antalyaspor,Antalyaspor,18,CAM,TBD,TBD,TBD,TBD,0,25,25,62,70,65,64,70,72,44,54,,,,,,
tur,Turkey,antalyaspor,Antalyaspor,19,LW,TBD,TBD,TBD,TBD,0,25,25,62,70,75,64,62,73,37,52,,,,,,
tur,Turkey,antalyaspor,Antalyaspor,20,LW,TBD,TBD,TBD,TBD,0,25,25,62,70,75,64,62,73,37,52,,,,,,
tur,Turkey,antalyaspor,Antalyaspor,21,RW,TBD,TBD,TBD,TBD,0,25,25,62,70,75,64,62,73,37,52,,,,,,
tur,Turkey,antalyaspor,Antalyaspor,22,RW,TBD,TBD,TBD,TBD,0,25,25,62,70,75,64,62,73,37,52,,,,,,
tur,Turkey,antalyaspor,Antalyaspor,23,ST,TBD,TBD,TBD,TBD,0,25,25,62,70,70,70,55,68,35,64,,,,,,
tur,Turkey,antalyaspor,Antalyaspor,24,ST,TBD,TBD,TBD,TBD,0,25,25,62,70,70,70,55,68,35,64,,,,,,
tur,Turkey,antalyaspor,Antalyaspor,25,ST,TBD,TBD,TBD,TBD,0,25,25,62,70,70,70,55,68,35,64,,,,,,
cyp,Cyprus,apollon-limassol,Apollon Limassol,1,GK,TBD,TBD,TBD,TBD,0,25,25,45,53,,,,,,,47,45,43,48,35,46
cyp,Cyprus,apollon-limassol,Apollon Limassol,2,GK,TBD,TBD,TBD,TBD,0,25,25,45,53,,,,,,,47,45,43,48,35,46
cyp,Cyprus,apollon-limassol,Apollon Limassol,3,CB,TBD,TBD,TBD,TBD,0,25,25,45,53,37,35,35,35,49,51,,,,,,
cyp,Cyprus,apollon-limassol,Apollon Limassol,4,CB,TBD,TBD,TBD,TBD,0,25,25,45,53,37,35,35,35,49,51,,,,,,
cyp,Cyprus,apollon-limassol,Apollon Limassol,5,CB,TBD,TBD,TBD,TBD,0,25,25,45,53,37,35,35,35,49,51,,,,,,
cyp,Cyprus,apollon-limassol,Apollon Limassol,6,CB,TBD,TBD,TBD,TBD,0,25,25,45,53,37,35,35,35,49,51,,,,,,
cyp,Cyprus,apollon-limassol,Apollon Limassol,7,CB,TBD,TBD,TBD,TBD,0,25,25,45,53,37,35,35,35,49,51,,,,,,
cyp,Cyprus,apollon-limassol,Apollon Limassol,8,LB,TBD,TBD,TBD,TBD,0,25,25,46,54,51,35,44,48,46,47,,,,,,
cyp,Cyprus,apollon-limassol,Apollon Limassol,9,LB,TBD,TBD,TBD,TBD,0,25,25,46,54,51,35,44,48,46,47,,,,,,
cyp,Cyprus,apollon-limassol,Apollon Limassol,10,RB,TBD,TBD,TBD,TBD,0,25,25,46,54,51,35,44,48,46,47,,,,,,
cyp,Cyprus,apollon-limassol,Apollon Limassol,11,RB,TBD,TBD,TBD,TBD,0,25,25,46,54,51,35,44,48,46,47,,,,,,
cyp,Cyprus,apollon-limassol,Apollon Limassol,12,CDM,TBD,TBD,TBD,TBD,0,25,25,46,54,43,35,48,46,50,51,,,,,,
cyp,Cyprus,apollon-limassol,Apollon Limassol,13,CM,TBD,TBD,TBD,TBD,0,25,25,47,55,46,43,51,52,45,47,,,,,,
cyp,Cyprus,apollon-limassol,Apollon Limassol,14,CM,TBD,TBD,TBD,TBD,0,25,25,47,55,46,43,51,52,45,47,,,,,,
cyp,Cyprus,apollon-limassol,Apollon Limassol,15,CM,TBD,TBD,TBD,TBD,0,25,25,47,55,46,43,51,52,45,47,,,,,,
cyp,Cyprus,apollon-limassol,Apollon Limassol,16,CM,TBD,TBD,TBD,TBD,0,25,25,47,55,46,43,51,52,45,47,,,,,,
cyp,Cyprus,apollon-limassol,Apollon Limassol,17,CM,TBD,TBD,TBD,TBD,0,25,25,47,55,46,43,51,52,45,47,,,,,,
cyp,Cyprus,apollon-limassol,Apollon Limassol,18,CAM,TBD,TBD,TBD,TBD,0,25,25,47,55,50,49,55,57,35,39,,,,,,
cyp,Cyprus,apollon-limassol,Apollon Limassol,19,LW,TBD,TBD,TBD,TBD,0,25,25,47,55,60,49,47,58,35,37,,,,,,
cyp,Cyprus,apollon-limassol,Apollon Limassol,20,LW,TBD,TBD,TBD,TBD,0,25,25,47,55,60,49,47,58,35,37,,,,,,
cyp,Cyprus,apollon-limassol,Apollon Limassol,21,RW,TBD,TBD,TBD,TBD,0,25,25,47,55,60,49,47,58,35,37,,,,,,
cyp,Cyprus,apollon-limassol,Apollon Limassol,22,RW,TBD,TBD,TBD,TBD,0,25,25,47,55,60,49,47,58,35,37,,,,,,
cyp,Cyprus,apollon-limassol,Apollon Limassol,23,ST,TBD,TBD,TBD,TBD,0,25,25,47,55,55,55,40,53,35,49,,,,,,
cyp,Cyprus,apollon-limassol,Apollon Limassol,24,ST,TBD,TBD,TBD,TBD,0,25,25,47,55,55,55,40,53,35,49,,,,,,
cyp,Cyprus,apollon-limassol,Apollon Limassol,25,ST,TBD,TBD,TBD,TBD,0,25,25,47,55,55,55,40,53,35,49,,,,,,
bgr,Bulgaria,arda-kardzhali,Arda Kardzhali,1,GK,TBD,TBD,TBD,TBD,0,25,25,45,53,,,,,,,47,45,43,48,35,46
bgr,Bulgaria,arda-kardzhali,Arda Kardzhali,2,GK,TBD,TBD,TBD,TBD,0,25,25,45,53,,,,,,,47,45,43,48,35,46
bgr,Bulgaria,arda-kardzhali,Arda Kardzhali,3,CB,TBD,TBD,TBD,TBD,0,25,25,45,53,37,35,35,35,49,51,,,,,,
bgr,Bulgaria,arda-kardzhali,Arda Kardzhali,4,CB,TBD,TBD,TBD,TBD,0,25,25,45,53,37,35,35,35,49,51,,,,,,
bgr,Bulgaria,arda-kardzhali,Arda Kardzhali,5,CB,TBD,TBD,TBD,TBD,0,25,25,45,53,37,35,35,35,49,51,,,,,,
bgr,Bulgaria,arda-kardzhali,Arda Kardzhali,6,CB,TBD,TBD,TBD,TBD,0,25,25,45,53,37,35,35,35,49,51,,,,,,
bgr,Bulgaria,arda-kardzhali,Arda Kardzhali,7,CB,TBD,TBD,TBD,TBD,0,25,25,45,53,37,35,35,35,49,51,,,,,,
bgr,Bulgaria,arda-kardzhali,Arda Kardzhali,8,LB,TBD,TBD,TBD,TBD,0,25,25,46,54,51,35,44,48,46,47,,,,,,
bgr,Bulgaria,arda-kardzhali,Arda Kardzhali,9,LB,TBD,TBD,TBD,TBD,0,25,25,46,54,51,35,44,48,46,47,,,,,,
bgr,Bulgaria,arda-kardzhali,Arda Kardzhali,10,RB,TBD,TBD,TBD,TBD,0,25,25,46,54,51,35,44,48,46,47,,,,,,
bgr,Bulgaria,arda-kardzhali,Arda Kardzhali,11,RB,TBD,TBD,TBD,TBD,0,25,25,46,54,51,35,44,48,46,47,,,,,,
bgr,Bulgaria,arda-kardzhali,Arda Kardzhali,12,CDM,TBD,TBD,TBD,TBD,0,25,25,46,54,43,35,48,46,50,51,,,,,,
bgr,Bulgaria,arda-kardzhali,Arda Kardzhali,13,CM,TBD,TBD,TBD,TBD,0,25,25,47,55,46,43,51,52,45,47,,,,,,
bgr,Bulgaria,arda-kardzhali,Arda Kardzhali,14,CM,TBD,TBD,TBD,TBD,0,25,25,47,55,46,43,51,52,45,47,,,,,,
bgr,Bulgaria,arda-kardzhali,Arda Kardzhali,15,CM,TBD,TBD,TBD,TBD,0,25,25,47,55,46,43,51,52,45,47,,,,,,
bgr,Bulgaria,arda-kardzhali,Arda Kardzhali,16,CM,TBD,TBD,TBD,TBD,0,25,25,47,55,46,43,51,52,45,47,,,,,,
bgr,Bulgaria,arda-kardzhali,Arda Kardzhali,17,CM,TBD,TBD,TBD,TBD,0,25,25,47,55,46,43,51,52,45,47,,,,,,
bgr,Bulgaria,arda-kardzhali,Arda Kardzhali,18,CAM,TBD,TBD,TBD,TBD,0,25,25,47,55,50,49,55,57,35,39,,,,,,
bgr,Bulgaria,arda-kardzhali,Arda Kardzhali,19,LW,TBD,TBD,TBD,TBD,0,25,25,47,55,60,49,47,58,35,37,,,,,,
bgr,Bulgaria,arda-kardzhali,Arda Kardzhali,20,LW,TBD,TBD,TBD,TBD,0,25,25,47,55,60,49,47,58,35,37,,,,,,
bgr,Bulgaria,arda-kardzhali,Arda Kardzhali,21,RW,TBD,TBD,TBD,TBD,0,25,25,47,55,60,49,47,58,35,37,,,,,,
bgr,Bulgaria,arda-kardzhali,Arda Kardzhali,22,RW,TBD,TBD,TBD,TBD,0,25,25,47,55,60,49,47,58,35,37,,,,,,
bgr,Bulgaria,arda-kardzhali,Arda Kardzhali,23,ST,TBD,TBD,TBD,TBD,0,25,25,47,55,55,55,40,53,35,49,,,,,,
bgr,Bulgaria,arda-kardzhali,Arda Kardzhali,24,ST,TBD,TBD,TBD,TBD,0,25,25,47,55,55,55,40,53,35,49,,,,,,
bgr,Bulgaria,arda-kardzhali,Arda Kardzhali,25,ST,TBD,TBD,TBD,TBD,0,25,25,47,55,55,55,40,53,35,49,,,,,,
cyp,Cyprus,aris-limassol,Aris Limassol,1,GK,TBD,TBD,TBD,TBD,0,25,25,45,53,,,,,,,47,45,43,48,35,46
cyp,Cyprus,aris-limassol,Aris Limassol,2,GK,TBD,TBD,TBD,TBD,0,25,25,45,53,,,,,,,47,45,43,48,35,46
cyp,Cyprus,aris-limassol,Aris Limassol,3,CB,TBD,TBD,TBD,TBD,0,25,25,45,53,37,35,35,35,49,51,,,,,,
cyp,Cyprus,aris-limassol,Aris Limassol,4,CB,TBD,TBD,TBD,TBD,0,25,25,45,53,37,35,35,35,49,51,,,,,,
cyp,Cyprus,aris-limassol,Aris Limassol,5,CB,TBD,TBD,TBD,TBD,0,25,25,45,53,37,35,35,35,49,51,,,,,,
cyp,Cyprus,aris-limassol,Aris Limassol,6,CB,TBD,TBD,TBD,TBD,0,25,25,45,53,37,35,35,35,49,51,,,,,,
cyp,Cyprus,aris-limassol,Aris Limassol,7,CB,TBD,TBD,TBD,TBD,0,25,25,45,53,37,35,35,35,49,51,,,,,,
cyp,Cyprus,aris-limassol,Aris Limassol,8,LB,TBD,TBD,TBD,TBD,0,25,25,46,54,51,35,44,48,46,47,,,,,,
cyp,Cyprus,aris-limassol,Aris Limassol,9,LB,TBD,TBD,TBD,TBD,0,25,25,46,54,51,35,44,48,46,47,,,,,,
cyp,Cyprus,aris-limassol,Aris Limassol,10,RB,TBD,TBD,TBD,TBD,0,25,25,46,54,51,35,44,48,46,47,,,,,,
cyp,Cyprus,aris-limassol,Aris Limassol,11,RB,TBD,TBD,TBD,TBD,0,25,25,46,54,51,35,44,48,46,47,,,,,,
cyp,Cyprus,aris-limassol,Aris Limassol,12,CDM,TBD,TBD,TBD,TBD,0,25,25,46,54,43,35,48,46,50,51,,,,,,
cyp,Cyprus,aris-limassol,Aris Limassol,13,CM,TBD,TBD,TBD,TBD,0,25,25,47,55,46,43,51,52,45,47,,,,,,
cyp,Cyprus,aris-limassol,Aris Limassol,14,CM,TBD,TBD,TBD,TBD,0,25,25,47,55,46,43,51,52,45,47,,,,,,
cyp,Cyprus,aris-limassol,Aris Limassol,15,CM,TBD,TBD,TBD,TBD,0,25,25,47,55,46,43,51,52,45,47,,,,,,
cyp,Cyprus,aris-limassol,Aris Limassol,16,CM,TBD,TBD,TBD,TBD,0,25,25,47,55,46,43,51,52,45,47,,,,,,
cyp,Cyprus,aris-limassol,Aris Limassol,17,CM,TBD,TBD,TBD,TBD,0,25,25,47,55,46,43,51,52,45,47,,,,,,
cyp,Cyprus,aris-limassol,Aris Limassol,18,CAM,TBD,TBD,TBD,TBD,0,25,25,47,55,50,49,55,57,35,39,,,,,,
cyp,Cyprus,aris-limassol,Aris Limassol,19,LW,TBD,TBD,TBD,TBD,0,25,25,47,55,60,49,47,58,35,37,,,,,,
cyp,Cyprus,aris-limassol,Aris Limassol,20,LW,TBD,TBD,TBD,TBD,0,25,25,47,55,60,49,47,58,35,37,,,,,,
cyp,Cyprus,aris-limassol,Aris Limassol,21,RW,TBD,TBD,TBD,TBD,0,25,25,47,55,60,49,47,58,35,37,,,,,,
cyp,Cyprus,aris-limassol,Aris Limassol,22,RW,TBD,TBD,TBD,TBD,0,25,25,47,55,60,49,47,58,35,37,,,,,,
cyp,Cyprus,aris-limassol,Aris Limassol,23,ST,TBD,TBD,TBD,TBD,0,25,25,47,55,55,55,40,53,35,49,,,,,,
cyp,Cyprus,aris-limassol,Aris Limassol,24,ST,TBD,TBD,TBD,TBD,0,25,25,47,55,55,55,40,53,35,49,,,,,,
cyp,Cyprus,aris-limassol,Aris Limassol,25,ST,TBD,TBD,TBD,TBD,0,25,25,47,55,55,55,40,53,35,49,,,,,,
gre,Greece,aris-thessaloniki,Aris Thessaloniki FC,1,GK,TBD,TBD,TBD,TBD,0,25,25,51,59,,,,,,,53,51,49,54,35,52
gre,Greece,aris-thessaloniki,Aris Thessaloniki FC,2,GK,TBD,TBD,TBD,TBD,0,25,25,51,59,,,,,,,53,51,49,54,35,52
gre,Greece,aris-thessaloniki,Aris Thessaloniki FC,3,CB,TBD,TBD,TBD,TBD,0,25,25,51,59,43,35,41,39,55,57,,,,,,
gre,Greece,aris-thessaloniki,Aris Thessaloniki FC,4,CB,TBD,TBD,TBD,TBD,0,25,25,51,59,43,35,41,39,55,57,,,,,,
gre,Greece,aris-thessaloniki,Aris Thessaloniki FC,5,CB,TBD,TBD,TBD,TBD,0,25,25,51,59,43,35,41,39,55,57,,,,,,
gre,Greece,aris-thessaloniki,Aris Thessaloniki FC,6,CB,TBD,TBD,TBD,TBD,0,25,25,51,59,43,35,41,39,55,57,,,,,,
gre,Greece,aris-thessaloniki,Aris Thessaloniki FC,7,CB,TBD,TBD,TBD,TBD,0,25,25,51,59,43,35,41,39,55,57,,,,,,
gre,Greece,aris-thessaloniki,Aris Thessaloniki FC,8,LB,TBD,TBD,TBD,TBD,0,25,25,52,60,57,35,50,54,52,53,,,,,,
gre,Greece,aris-thessaloniki,Aris Thessaloniki FC,9,LB,TBD,TBD,TBD,TBD,0,25,25,52,60,57,35,50,54,52,53,,,,,,
gre,Greece,aris-thessaloniki,Aris Thessaloniki FC,10,RB,TBD,TBD,TBD,TBD,0,25,25,52,60,57,35,50,54,52,53,,,,,,
gre,Greece,aris-thessaloniki,Aris Thessaloniki FC,11,RB,TBD,TBD,TBD,TBD,0,25,25,52,60,57,35,50,54,52,53,,,,,,
gre,Greece,aris-thessaloniki,Aris Thessaloniki FC,12,CDM,TBD,TBD,TBD,TBD,0,25,25,52,60,49,40,54,52,56,57,,,,,,
gre,Greece,aris-thessaloniki,Aris Thessaloniki FC,13,CM,TBD,TBD,TBD,TBD,0,25,25,53,61,52,49,57,58,51,53,,,,,,
gre,Greece,aris-thessaloniki,Aris Thessaloniki FC,14,CM,TBD,TBD,TBD,TBD,0,25,25,53,61,52,49,57,58,51,53,,,,,,
gre,Greece,aris-thessaloniki,Aris Thessaloniki FC,15,CM,TBD,TBD,TBD,TBD,0,25,25,53,61,52,49,57,58,51,53,,,,,,
gre,Greece,aris-thessaloniki,Aris Thessaloniki FC,16,CM,TBD,TBD,TBD,TBD,0,25,25,53,61,52,49,57,58,51,53,,,,,,
gre,Greece,aris-thessaloniki,Aris Thessaloniki FC,17,CM,TBD,TBD,TBD,TBD,0,25,25,53,61,52,49,57,58,51,53,,,,,,
gre,Greece,aris-thessaloniki,Aris Thessaloniki FC,18,CAM,TBD,TBD,TBD,TBD,0,25,25,53,61,56,55,61,63,35,45,,,,,,
gre,Greece,aris-thessaloniki,Aris Thessaloniki FC,19,LW,TBD,TBD,TBD,TBD,0,25,25,53,61,66,55,53,64,35,43,,,,,,
gre,Greece,aris-thessaloniki,Aris Thessaloniki FC,20,LW,TBD,TBD,TBD,TBD,0,25,25,53,61,66,55,53,64,35,43,,,,,,
gre,Greece,aris-thessaloniki,Aris Thessaloniki FC,21,RW,TBD,TBD,TBD,TBD,0,25,25,53,61,66,55,53,64,35,43,,,,,,
gre,Greece,aris-thessaloniki,Aris Thessaloniki FC,22,RW,TBD,TBD,TBD,TBD,0,25,25,53,61,66,55,53,64,35,43,,,,,,
gre,Greece,aris-thessaloniki,Aris Thessaloniki FC,23,ST,TBD,TBD,TBD,TBD,0,25,25,53,61,61,61,46,59,35,55,,,,,,
gre,Greece,aris-thessaloniki,Aris Thessaloniki FC,24,ST,TBD,TBD,TBD,TBD,0,25,25,53,61,61,61,46,59,35,55,,,,,,
gre,Greece,aris-thessaloniki,Aris Thessaloniki FC,25,ST,TBD,TBD,TBD,TBD,0,25,25,53,61,61,61,46,59,35,55,,,,,,
gre,Greece,asteras-tripolis,Asteras Tripolis FC,1,GK,TBD,TBD,TBD,TBD,0,25,25,47,55,,,,,,,49,47,45,50,35,48
gre,Greece,asteras-tripolis,Asteras Tripolis FC,2,GK,TBD,TBD,TBD,TBD,0,25,25,47,55,,,,,,,49,47,45,50,35,48
gre,Greece,asteras-tripolis,Asteras Tripolis FC,3,CB,TBD,TBD,TBD,TBD,0,25,25,47,55,39,35,37,35,51,53,,,,,,
gre,Greece,asteras-tripolis,Asteras Tripolis FC,4,CB,TBD,TBD,TBD,TBD,0,25,25,47,55,39,35,37,35,51,53,,,,,,
gre,Greece,asteras-tripolis,Asteras Tripolis FC,5,CB,TBD,TBD,TBD,TBD,0,25,25,47,55,39,35,37,35,51,53,,,,,,
gre,Greece,asteras-tripolis,Asteras Tripolis FC,6,CB,TBD,TBD,TBD,TBD,0,25,25,47,55,39,35,37,35,51,53,,,,,,
gre,Greece,asteras-tripolis,Asteras Tripolis FC,7,CB,TBD,TBD,TBD,TBD,0,25,25,47,55,39,35,37,35,51,53,,,,,,
gre,Greece,asteras-tripolis,Asteras Tripolis FC,8,LB,TBD,TBD,TBD,TBD,0,25,25,48,56,53,35,46,50,48,49,,,,,,
gre,Greece,asteras-tripolis,Asteras Tripolis FC,9,LB,TBD,TBD,TBD,TBD,0,25,25,48,56,53,35,46,50,48,49,,,,,,
gre,Greece,asteras-tripolis,Asteras Tripolis FC,10,RB,TBD,TBD,TBD,TBD,0,25,25,48,56,53,35,46,50,48,49,,,,,,
gre,Greece,asteras-tripolis,Asteras Tripolis FC,11,RB,TBD,TBD,TBD,TBD,0,25,25,48,56,53,35,46,50,48,49,,,,,,
gre,Greece,asteras-tripolis,Asteras Tripolis FC,12,CDM,TBD,TBD,TBD,TBD,0,25,25,48,56,45,36,50,48,52,53,,,,,,
gre,Greece,asteras-tripolis,Asteras Tripolis FC,13,CM,TBD,TBD,TBD,TBD,0,25,25,49,57,48,45,53,54,47,49,,,,,,
gre,Greece,asteras-tripolis,Asteras Tripolis FC,14,CM,TBD,TBD,TBD,TBD,0,25,25,49,57,48,45,53,54,47,49,,,,,,
gre,Greece,asteras-tripolis,Asteras Tripolis FC,15,CM,TBD,TBD,TBD,TBD,0,25,25,49,57,48,45,53,54,47,49,,,,,,
gre,Greece,asteras-tripolis,Asteras Tripolis FC,16,CM,TBD,TBD,TBD,TBD,0,25,25,49,57,48,45,53,54,47,49,,,,,,
gre,Greece,asteras-tripolis,Asteras Tripolis FC,17,CM,TBD,TBD,TBD,TBD,0,25,25,49,57,48,45,53,54,47,49,,,,,,
gre,Greece,asteras-tripolis,Asteras Tripolis FC,18,CAM,TBD,TBD,TBD,TBD,0,25,25,49,57,52,51,57,59,35,41,,,,,,
gre,Greece,asteras-tripolis,Asteras Tripolis FC,19,LW,TBD,TBD,TBD,TBD,0,25,25,49,57,62,51,49,60,35,39,,,,,,
gre,Greece,asteras-tripolis,Asteras Tripolis FC,20,LW,TBD,TBD,TBD,TBD,0,25,25,49,57,62,51,49,60,35,39,,,,,,
gre,Greece,asteras-tripolis,Asteras Tripolis FC,21,RW,TBD,TBD,TBD,TBD,0,25,25,49,57,62,51,49,60,35,39,,,,,,
gre,Greece,asteras-tripolis,Asteras Tripolis FC,22,RW,TBD,TBD,TBD,TBD,0,25,25,49,57,62,51,49,60,35,39,,,,,,
gre,Greece,asteras-tripolis,Asteras Tripolis FC,23,ST,TBD,TBD,TBD,TBD,0,25,25,49,57,57,57,42,55,35,51,,,,,,
gre,Greece,asteras-tripolis,Asteras Tripolis FC,24,ST,TBD,TBD,TBD,TBD,0,25,25,49,57,57,57,42,55,35,51,,,,,,
gre,Greece,asteras-tripolis,Asteras Tripolis FC,25,ST,TBD,TBD,TBD,TBD,0,25,25,49,57,57,57,42,55,35,51,,,,,,
ita,Italy,atalanta,Atalanta,1,CM,TBD,TBD,TBD,TBD,25,25,4,81,86,80,77,85,86,79,81,,,,,,
ita,Italy,atalanta,Atalanta,2,CM,TBD,TBD,TBD,TBD,25,25,4,81,86,80,77,85,86,79,81,,,,,,
ita,Italy,atalanta,Atalanta,3,RW,TBD,TBD,TBD,TBD,25,25,4,81,86,94,83,81,92,56,71,,,,,,
ita,Italy,atalanta,Atalanta,4,ST,TBD,TBD,TBD,TBD,25,25,4,81,86,89,89,74,87,51,83,,,,,,
gre,Greece,atromitos,Atromitos FC,1,GK,TBD,TBD,TBD,TBD,0,25,25,46,54,,,,,,,48,46,44,49,35,47
gre,Greece,atromitos,Atromitos FC,2,GK,TBD,TBD,TBD,TBD,0,25,25,46,54,,,,,,,48,46,44,49,35,47
gre,Greece,atromitos,Atromitos FC,3,CB,TBD,TBD,TBD,TBD,0,25,25,46,54,38,35,36,35,50,52,,,,,,
gre,Greece,atromitos,Atromitos FC,4,CB,TBD,TBD,TBD,TBD,0,25,25,46,54,38,35,36,35,50,52,,,,,,
gre,Greece,atromitos,Atromitos FC,5,CB,TBD,TBD,TBD,TBD,0,25,25,46,54,38,35,36,35,50,52,,,,,,
gre,Greece,atromitos,Atromitos FC,6,CB,TBD,TBD,TBD,TBD,0,25,25,46,54,38,35,36,35,50,52,,,,,,
gre,Greece,atromitos,Atromitos FC,7,CB,TBD,TBD,TBD,TBD,0,25,25,46,54,38,35,36,35,50,52,,,,,,
gre,Greece,atromitos,Atromitos FC,8,LB,TBD,TBD,TBD,TBD,0,25,25,47,55,52,35,45,49,47,48,,,,,,
gre,Greece,atromitos,Atromitos FC,9,LB,TBD,TBD,TBD,TBD,0,25,25,47,55,52,35,45,49,47,48,,,,,,
gre,Greece,atromitos,Atromitos FC,10,RB,TBD,TBD,TBD,TBD,0,25,25,47,55,52,35,45,49,47,48,,,,,,
gre,Greece,atromitos,Atromitos FC,11,RB,TBD,TBD,TBD,TBD,0,25,25,47,55,52,35,45,49,47,48,,,,,,
gre,Greece,atromitos,Atromitos FC,12,CDM,TBD,TBD,TBD,TBD,0,25,25,47,55,44,35,49,47,51,52,,,,,,
gre,Greece,atromitos,Atromitos FC,13,CM,TBD,TBD,TBD,TBD,0,25,25,48,56,47,44,52,53,46,48,,,,,,
gre,Greece,atromitos,Atromitos FC,14,CM,TBD,TBD,TBD,TBD,0,25,25,48,56,47,44,52,53,46,48,,,,,,
gre,Greece,atromitos,Atromitos FC,15,CM,TBD,TBD,TBD,TBD,0,25,25,48,56,47,44,52,53,46,48,,,,,,
gre,Greece,atromitos,Atromitos FC,16,CM,TBD,TBD,TBD,TBD,0,25,25,48,56,47,44,52,53,46,48,,,,,,
gre,Greece,atromitos,Atromitos FC,17,CM,TBD,TBD,TBD,TBD,0,25,25,48,56,47,44,52,53,46,48,,,,,,
gre,Greece,atromitos,Atromitos FC,18,CAM,TBD,TBD,TBD,TBD,0,25,25,48,56,51,50,56,58,35,40,,,,,,
gre,Greece,atromitos,Atromitos FC,19,LW,TBD,TBD,TBD,TBD,0,25,25,48,56,61,50,48,59,35,38,,,,,,
gre,Greece,atromitos,Atromitos FC,20,LW,TBD,TBD,TBD,TBD,0,25,25,48,56,61,50,48,59,35,38,,,,,,
gre,Greece,atromitos,Atromitos FC,21,RW,TBD,TBD,TBD,TBD,0,25,25,48,56,61,50,48,59,35,38,,,,,,
gre,Greece,atromitos,Atromitos FC,22,RW,TBD,TBD,TBD,TBD,0,25,25,48,56,61,50,48,59,35,38,,,,,,
gre,Greece,atromitos,Atromitos FC,23,ST,TBD,TBD,TBD,TBD,0,25,25,48,56,56,56,41,54,35,50,,,,,,
gre,Greece,atromitos,Atromitos FC,24,ST,TBD,TBD,TBD,TBD,0,25,25,48,56,56,56,41,54,35,50,,,,,,
gre,Greece,atromitos,Atromitos FC,25,ST,TBD,TBD,TBD,TBD,0,25,25,48,56,56,56,41,54,35,50,,,,,,
swe,Sweden,hacken,BK Häcken,1,GK,TBD,TBD,TBD,TBD,0,25,25,53,61,,,,,,,55,53,51,56,35,54
swe,Sweden,hacken,BK Häcken,2,GK,TBD,TBD,TBD,TBD,0,25,25,53,61,,,,,,,55,53,51,56,35,54
swe,Sweden,hacken,BK Häcken,3,CB,TBD,TBD,TBD,TBD,0,25,25,53,61,45,35,43,41,57,59,,,,,,
swe,Sweden,hacken,BK Häcken,4,CB,TBD,TBD,TBD,TBD,0,25,25,53,61,45,35,43,41,57,59,,,,,,
swe,Sweden,hacken,BK Häcken,5,CB,TBD,TBD,TBD,TBD,0,25,25,53,61,45,35,43,41,57,59,,,,,,
swe,Sweden,hacken,BK Häcken,6,CB,TBD,TBD,TBD,TBD,0,25,25,53,61,45,35,43,41,57,59,,,,,,
swe,Sweden,hacken,BK Häcken,7,CB,TBD,TBD,TBD,TBD,0,25,25,53,61,45,35,43,41,57,59,,,,,,
swe,Sweden,hacken,BK Häcken,8,LB,TBD,TBD,TBD,TBD,0,25,25,54,62,59,36,52,56,54,55,,,,,,
swe,Sweden,hacken,BK Häcken,9,LB,TBD,TBD,TBD,TBD,0,25,25,54,62,59,36,52,56,54,55,,,,,,
swe,Sweden,hacken,BK Häcken,10,RB,TBD,TBD,TBD,TBD,0,25,25,54,62,59,36,52,56,54,55,,,,,,
swe,Sweden,hacken,BK Häcken,11,RB,TBD,TBD,TBD,TBD,0,25,25,54,62,59,36,52,56,54,55,,,,,,
swe,Sweden,hacken,BK Häcken,12,CDM,TBD,TBD,TBD,TBD,0,25,25,54,62,51,42,56,54,58,59,,,,,,
swe,Sweden,hacken,BK Häcken,13,CM,TBD,TBD,TBD,TBD,0,25,25,55,63,54,51,59,60,53,55,,,,,,
swe,Sweden,hacken,BK Häcken,14,CM,TBD,TBD,TBD,TBD,0,25,25,55,63,54,51,59,60,53,55,,,,,,
swe,Sweden,hacken,BK Häcken,15,CM,TBD,TBD,TBD,TBD,0,25,25,55,63,54,51,59,60,53,55,,,,,,
swe,Sweden,hacken,BK Häcken,16,CM,TBD,TBD,TBD,TBD,0,25,25,55,63,54,51,59,60,53,55,,,,,,
swe,Sweden,hacken,BK Häcken,17,CM,TBD,TBD,TBD,TBD,0,25,25,55,63,54,51,59,60,53,55,,,,,,
swe,Sweden,hacken,BK Häcken,18,CAM,TBD,TBD,TBD,TBD,0,25,25,55,63,58,57,63,65,37,47,,,,,,
swe,Sweden,hacken,BK Häcken,19,LW,TBD,TBD,TBD,TBD,0,25,25,55,63,68,57,55,66,35,45,,,,,,
swe,Sweden,hacken,BK Häcken,20,LW,TBD,TBD,TBD,TBD,0,25,25,55,63,68,57,55,66,35,45,,,,,,
swe,Sweden,hacken,BK Häcken,21,RW,TBD,TBD,TBD,TBD,0,25,25,55,63,68,57,55,66,35,45,,,,,,
swe,Sweden,hacken,BK Häcken,22,RW,TBD,TBD,TBD,TBD,0,25,25,55,63,68,57,55,66,35,45,,,,,,
swe,Sweden,hacken,BK Häcken,23,ST,TBD,TBD,TBD,TBD,0,25,25,55,63,63,63,48,61,35,57,,,,,,
swe,Sweden,hacken,BK Häcken,24,ST,TBD,TBD,TBD,TBD,0,25,25,55,63,63,63,48,61,35,57,,,,,,
swe,Sweden,hacken,BK Häcken,25,ST,TBD,TBD,TBD,TBD,0,25,25,55,63,63,63,48,61,35,57,,,,,,
ger,Germany,bayer-leverkusen,Bayer Leverkusen,1,LB,TBD,TBD,TBD,TBD,25,25,3,84,89,89,66,82,86,84,85,,,,,,
ger,Germany,bayer-leverkusen,Bayer Leverkusen,2,CM,TBD,TBD,TBD,TBD,25,25,3,85,90,84,81,89,90,83,85,,,,,,
ger,Germany,bayer-leverkusen,Bayer Leverkusen,3,RW,TBD,TBD,TBD,TBD,25,25,3,85,90,95,87,85,95,60,75,,,,,,
ger,Germany,bayern-munich,Bayern Munich,1,CB,TBD,TBD,TBD,TBD,25,25,4,87,92,79,57,77,75,91,93,,,,,,
ger,Germany,bayern-munich,Bayern Munich,2,CM,TBD,TBD,TBD,TBD,25,25,4,89,94,88,85,93,94,87,89,,,,,,
ger,Germany,bayern-munich,Bayern Munich,3,CM,TBD,TBD,TBD,TBD,25,25,4,89,94,88,85,93,94,87,89,,,,,,
ger,Germany,bayern-munich,Bayern Munich,4,CM,TBD,TBD,TBD,TBD,25,25,4,89,94,88,85,93,94,87,89,,,,,,
bel,Belgium,beerschot,Beerschot VA,1,GK,TBD,TBD,TBD,TBD,0,25,25,52,60,,,,,,,54,52,50,55,35,53
bel,Belgium,beerschot,Beerschot VA,2,GK,TBD,TBD,TBD,TBD,0,25,25,52,60,,,,,,,54,52,50,55,35,53
bel,Belgium,beerschot,Beerschot VA,3,CB,TBD,TBD,TBD,TBD,0,25,25,52,60,44,35,42,40,56,58,,,,,,
bel,Belgium,beerschot,Beerschot VA,4,CB,TBD,TBD,TBD,TBD,0,25,25,52,60,44,35,42,40,56,58,,,,,,
bel,Belgium,beerschot,Beerschot VA,5,CB,TBD,TBD,TBD,TBD,0,25,25,52,60,44,35,42,40,56,58,,,,,,
bel,Belgium,beerschot,Beerschot VA,6,CB,TBD,TBD,TBD,TBD,0,25,25,52,60,44,35,42,40,56,58,,,,,,
bel,Belgium,beerschot,Beerschot VA,7,CB,TBD,TBD,TBD,TBD,0,25,25,52,60,44,35,42,40,56,58,,,,,,
bel,Belgium,beerschot,Beerschot VA,8,LB,TBD,TBD,TBD,TBD,0,25,25,53,61,58,35,51,55,53,54,,,,,,
bel,Belgium,beerschot,Beerschot VA,9,LB,TBD,TBD,TBD,TBD,0,25,25,53,61,58,35,51,55,53,54,,,,,,
bel,Belgium,beerschot,Beerschot VA,10,RB,TBD,TBD,TBD,TBD,0,25,25,53,61,58,35,51,55,53,54,,,,,,
bel,Belgium,beerschot,Beerschot VA,11,RB,TBD,TBD,TBD,TBD,0,25,25,53,61,58,35,51,55,53,54,,,,,,
bel,Belgium,beerschot,Beerschot VA,12,CDM,TBD,TBD,TBD,TBD,0,25,25,53,61,50,41,55,53,57,58,,,,,,
bel,Belgium,beerschot,Beerschot VA,13,CM,TBD,TBD,TBD,TBD,0,25,25,54,62,53,50,58,59,52,54,,,,,,
bel,Belgium,beerschot,Beerschot VA,14,CM,TBD,TBD,TBD,TBD,0,25,25,54,62,53,50,58,59,52,54,,,,,,
bel,Belgium,beerschot,Beerschot VA,15,CM,TBD,TBD,TBD,TBD,0,25,25,54,62,53,50,58,59,52,54,,,,,,
bel,Belgium,beerschot,Beerschot VA,16,CM,TBD,TBD,TBD,TBD,0,25,25,54,62,53,50,58,59,52,54,,,,,,
bel,Belgium,beerschot,Beerschot VA,17,CM,TBD,TBD,TBD,TBD,0,25,25,54,62,53,50,58,59,52,54,,,,,,
bel,Belgium,beerschot,Beerschot VA,18,CAM,TBD,TBD,TBD,TBD,0,25,25,54,62,57,56,62,64,36,46,,,,,,
bel,Belgium,beerschot,Beerschot VA,19,LW,TBD,TBD,TBD,TBD,0,25,25,54,62,67,56,54,65,35,44,,,,,,
bel,Belgium,beerschot,Beerschot VA,20,LW,TBD,TBD,TBD,TBD,0,25,25,54,62,67,56,54,65,35,44,,,,,,
bel,Belgium,beerschot,Beerschot VA,21,RW,TBD,TBD,TBD,TBD,0,25,25,54,62,67,56,54,65,35,44,,,,,,
bel,Belgium,beerschot,Beerschot VA,22,RW,TBD,TBD,TBD,TBD,0,25,25,54,62,67,56,54,65,35,44,,,,,,
bel,Belgium,beerschot,Beerschot VA,23,ST,TBD,TBD,TBD,TBD,0,25,25,54,62,62,62,47,60,35,56,,,,,,
bel,Belgium,beerschot,Beerschot VA,24,ST,TBD,TBD,TBD,TBD,0,25,25,54,62,62,62,47,60,35,56,,,,,,
bel,Belgium,beerschot,Beerschot VA,25,ST,TBD,TBD,TBD,TBD,0,25,25,54,62,62,62,47,60,35,56,,,,,,
isr,Israel,beitar-jerusalem,Beitar Jerusalem,1,GK,TBD,TBD,TBD,TBD,0,25,25,47,55,,,,,,,49,47,45,50,35,48
isr,Israel,beitar-jerusalem,Beitar Jerusalem,2,GK,TBD,TBD,TBD,TBD,0,25,25,47,55,,,,,,,49,47,45,50,35,48
isr,Israel,beitar-jerusalem,Beitar Jerusalem,3,CB,TBD,TBD,TBD,TBD,0,25,25,47,55,39,35,37,35,51,53,,,,,,
isr,Israel,beitar-jerusalem,Beitar Jerusalem,4,CB,TBD,TBD,TBD,TBD,0,25,25,47,55,39,35,37,35,51,53,,,,,,
isr,Israel,beitar-jerusalem,Beitar Jerusalem,5,CB,TBD,TBD,TBD,TBD,0,25,25,47,55,39,35,37,35,51,53,,,,,,
isr,Israel,beitar-jerusalem,Beitar Jerusalem,6,CB,TBD,TBD,TBD,TBD,0,25,25,47,55,39,35,37,35,51,53,,,,,,
isr,Israel,beitar-jerusalem,Beitar Jerusalem,7,CB,TBD,TBD,TBD,TBD,0,25,25,47,55,39,35,37,35,51,53,,,,,,
isr,Israel,beitar-jerusalem,Beitar Jerusalem,8,LB,TBD,TBD,TBD,TBD,0,25,25,48,56,53,35,46,50,48,49,,,,,,
isr,Israel,beitar-jerusalem,Beitar Jerusalem,9,LB,TBD,TBD,TBD,TBD,0,25,25,48,56,53,35,46,50,48,49,,,,,,
isr,Israel,beitar-jerusalem,Beitar Jerusalem,10,RB,TBD,TBD,TBD,TBD,0,25,25,48,56,53,35,46,50,48,49,,,,,,
isr,Israel,beitar-jerusalem,Beitar Jerusalem,11,RB,TBD,TBD,TBD,TBD,0,25,25,48,56,53,35,46,50,48,49,,,,,,
isr,Israel,beitar-jerusalem,Beitar Jerusalem,12,CDM,TBD,TBD,TBD,TBD,0,25,25,48,56,45,36,50,48,52,53,,,,,,
isr,Israel,beitar-jerusalem,Beitar Jerusalem,13,CM,TBD,TBD,TBD,TBD,0,25,25,49,57,48,45,53,54,47,49,,,,,,
isr,Israel,beitar-jerusalem,Beitar Jerusalem,14,CM,TBD,TBD,TBD,TBD,0,25,25,49,57,48,45,53,54,47,49,,,,,,
isr,Israel,beitar-jerusalem,Beitar Jerusalem,15,CM,TBD,TBD,TBD,TBD,0,25,25,49,57,48,45,53,54,47,49,,,,,,
isr,Israel,beitar-jerusalem,Beitar Jerusalem,16,CM,TBD,TBD,TBD,TBD,0,25,25,49,57,48,45,53,54,47,49,,,,,,
isr,Israel,beitar-jerusalem,Beitar Jerusalem,17,CM,TBD,TBD,TBD,TBD,0,25,25,49,57,48,45,53,54,47,49,,,,,,
isr,Israel,beitar-jerusalem,Beitar Jerusalem,18,CAM,TBD,TBD,TBD,TBD,0,25,25,49,57,52,51,57,59,35,41,,,,,,
isr,Israel,beitar-jerusalem,Beitar Jerusalem,19,LW,TBD,TBD,TBD,TBD,0,25,25,49,57,62,51,49,60,35,39,,,,,,
isr,Israel,beitar-jerusalem,Beitar Jerusalem,20,LW,TBD,TBD,TBD,TBD,0,25,25,49,57,62,51,49,60,35,39,,,,,,
isr,Israel,beitar-jerusalem,Beitar Jerusalem,21,RW,TBD,TBD,TBD,TBD,0,25,25,49,57,62,51,49,60,35,39,,,,,,
isr,Israel,beitar-jerusalem,Beitar Jerusalem,22,RW,TBD,TBD,TBD,TBD,0,25,25,49,57,62,51,49,60,35,39,,,,,,
isr,Israel,beitar-jerusalem,Beitar Jerusalem,23,ST,TBD,TBD,TBD,TBD,0,25,25,49,57,57,57,42,55,35,51,,,,,,
isr,Israel,beitar-jerusalem,Beitar Jerusalem,24,ST,TBD,TBD,TBD,TBD,0,25,25,49,57,57,57,42,55,35,51,,,,,,
isr,Israel,beitar-jerusalem,Beitar Jerusalem,25,ST,TBD,TBD,TBD,TBD,0,25,25,49,57,57,57,42,55,35,51,,,,,,
bgr,Bulgaria,beroe-stara-zagora,Beroe Stara Zagora,1,GK,TBD,TBD,TBD,TBD,0,25,25,45,53,,,,,,,47,45,43,48,35,46
bgr,Bulgaria,beroe-stara-zagora,Beroe Stara Zagora,2,GK,TBD,TBD,TBD,TBD,0,25,25,45,53,,,,,,,47,45,43,48,35,46
bgr,Bulgaria,beroe-stara-zagora,Beroe Stara Zagora,3,CB,TBD,TBD,TBD,TBD,0,25,25,45,53,37,35,35,35,49,51,,,,,,
bgr,Bulgaria,beroe-stara-zagora,Beroe Stara Zagora,4,CB,TBD,TBD,TBD,TBD,0,25,25,45,53,37,35,35,35,49,51,,,,,,
bgr,Bulgaria,beroe-stara-zagora,Beroe Stara Zagora,5,CB,TBD,TBD,TBD,TBD,0,25,25,45,53,37,35,35,35,49,51,,,,,,
bgr,Bulgaria,beroe-stara-zagora,Beroe Stara Zagora,6,CB,TBD,TBD,TBD,TBD,0,25,25,45,53,37,35,35,35,49,51,,,,,,
bgr,Bulgaria,beroe-stara-zagora,Beroe Stara Zagora,7,CB,TBD,TBD,TBD,TBD,0,25,25,45,53,37,35,35,35,49,51,,,,,,
bgr,Bulgaria,beroe-stara-zagora,Beroe Stara Zagora,8,LB,TBD,TBD,TBD,TBD,0,25,25,46,54,51,35,44,48,46,47,,,,,,
bgr,Bulgaria,beroe-stara-zagora,Beroe Stara Zagora,9,LB,TBD,TBD,TBD,TBD,0,25,25,46,54,51,35,44,48,46,47,,,,,,
bgr,Bulgaria,beroe-stara-zagora,Beroe Stara Zagora,10,RB,TBD,TBD,TBD,TBD,0,25,25,46,54,51,35,44,48,46,47,,,,,,
bgr,Bulgaria,beroe-stara-zagora,Beroe Stara Zagora,11,RB,TBD,TBD,TBD,TBD,0,25,25,46,54,51,35,44,48,46,47,,,,,,
bgr,Bulgaria,beroe-stara-zagora,Beroe Stara Zagora,12,CDM,TBD,TBD,TBD,TBD,0,25,25,46,54,43,35,48,46,50,51,,,,,,
bgr,Bulgaria,beroe-stara-zagora,Beroe Stara Zagora,13,CM,TBD,TBD,TBD,TBD,0,25,25,47,55,46,43,51,52,45,47,,,,,,
bgr,Bulgaria,beroe-stara-zagora,Beroe Stara Zagora,14,CM,TBD,TBD,TBD,TBD,0,25,25,47,55,46,43,51,52,45,47,,,,,,
bgr,Bulgaria,beroe-stara-zagora,Beroe Stara Zagora,15,CM,TBD,TBD,TBD,TBD,0,25,25,47,55,46,43,51,52,45,47,,,,,,
bgr,Bulgaria,beroe-stara-zagora,Beroe Stara Zagora,16,CM,TBD,TBD,TBD,TBD,0,25,25,47,55,46,43,51,52,45,47,,,,,,
bgr,Bulgaria,beroe-stara-zagora,Beroe Stara Zagora,17,CM,TBD,TBD,TBD,TBD,0,25,25,47,55,46,43,51,52,45,47,,,,,,
bgr,Bulgaria,beroe-stara-zagora,Beroe Stara Zagora,18,CAM,TBD,TBD,TBD,TBD,0,25,25,47,55,50,49,55,57,35,39,,,,,,
bgr,Bulgaria,beroe-stara-zagora,Beroe Stara Zagora,19,LW,TBD,TBD,TBD,TBD,0,25,25,47,55,60,49,47,58,35,37,,,,,,
bgr,Bulgaria,beroe-stara-zagora,Beroe Stara Zagora,20,LW,TBD,TBD,TBD,TBD,0,25,25,47,55,60,49,47,58,35,37,,,,,,
bgr,Bulgaria,beroe-stara-zagora,Beroe Stara Zagora,21,RW,TBD,TBD,TBD,TBD,0,25,25,47,55,60,49,47,58,35,37,,,,,,
bgr,Bulgaria,beroe-stara-zagora,Beroe Stara Zagora,22,RW,TBD,TBD,TBD,TBD,0,25,25,47,55,60,49,47,58,35,37,,,,,,
bgr,Bulgaria,beroe-stara-zagora,Beroe Stara Zagora,23,ST,TBD,TBD,TBD,TBD,0,25,25,47,55,55,55,40,53,35,49,,,,,,
bgr,Bulgaria,beroe-stara-zagora,Beroe Stara Zagora,24,ST,TBD,TBD,TBD,TBD,0,25,25,47,55,55,55,40,53,35,49,,,,,,
bgr,Bulgaria,beroe-stara-zagora,Beroe Stara Zagora,25,ST,TBD,TBD,TBD,TBD,0,25,25,47,55,55,55,40,53,35,49,,,,,,
tur,Turkey,besiktas,Beşiktaş JK,1,GK,TBD,TBD,TBD,TBD,0,25,25,70,78,,,,,,,72,70,68,73,45,71
tur,Turkey,besiktas,Beşiktaş JK,2,GK,TBD,TBD,TBD,TBD,0,25,25,70,78,,,,,,,72,70,68,73,45,71
tur,Turkey,besiktas,Beşiktaş JK,3,CB,TBD,TBD,TBD,TBD,0,25,25,70,78,62,40,60,58,74,76,,,,,,
tur,Turkey,besiktas,Beşiktaş JK,4,CB,TBD,TBD,TBD,TBD,0,25,25,70,78,62,40,60,58,74,76,,,,,,
tur,Turkey,besiktas,Beşiktaş JK,5,CB,TBD,TBD,TBD,TBD,0,25,25,70,78,62,40,60,58,74,76,,,,,,
tur,Turkey,besiktas,Beşiktaş JK,6,CB,TBD,TBD,TBD,TBD,0,25,25,70,78,62,40,60,58,74,76,,,,,,
tur,Turkey,besiktas,Beşiktaş JK,7,CB,TBD,TBD,TBD,TBD,0,25,25,70,78,62,40,60,58,74,76,,,,,,
tur,Turkey,besiktas,Beşiktaş JK,8,LB,TBD,TBD,TBD,TBD,0,25,25,71,79,76,53,69,73,71,72,,,,,,
tur,Turkey,besiktas,Beşiktaş JK,9,LB,TBD,TBD,TBD,TBD,0,25,25,71,79,76,53,69,73,71,72,,,,,,
tur,Turkey,besiktas,Beşiktaş JK,10,RB,TBD,TBD,TBD,TBD,0,25,25,71,79,76,53,69,73,71,72,,,,,,
tur,Turkey,besiktas,Beşiktaş JK,11,RB,TBD,TBD,TBD,TBD,0,25,25,71,79,76,53,69,73,71,72,,,,,,
tur,Turkey,besiktas,Beşiktaş JK,12,CDM,TBD,TBD,TBD,TBD,0,25,25,71,79,68,59,73,71,75,76,,,,,,
tur,Turkey,besiktas,Beşiktaş JK,13,CM,TBD,TBD,TBD,TBD,0,25,25,72,80,71,68,76,77,70,72,,,,,,
tur,Turkey,besiktas,Beşiktaş JK,14,CM,TBD,TBD,TBD,TBD,0,25,25,72,80,71,68,76,77,70,72,,,,,,
tur,Turkey,besiktas,Beşiktaş JK,15,CM,TBD,TBD,TBD,TBD,0,25,25,72,80,71,68,76,77,70,72,,,,,,
tur,Turkey,besiktas,Beşiktaş JK,16,CM,TBD,TBD,TBD,TBD,0,25,25,72,80,71,68,76,77,70,72,,,,,,
tur,Turkey,besiktas,Beşiktaş JK,17,CM,TBD,TBD,TBD,TBD,0,25,25,72,80,71,68,76,77,70,72,,,,,,
tur,Turkey,besiktas,Beşiktaş JK,18,CAM,TBD,TBD,TBD,TBD,0,25,25,72,80,75,74,80,82,54,64,,,,,,
tur,Turkey,besiktas,Beşiktaş JK,19,LW,TBD,TBD,TBD,TBD,0,25,25,72,80,85,74,72,83,47,62,,,,,,
tur,Turkey,besiktas,Beşiktaş JK,20,LW,TBD,TBD,TBD,TBD,0,25,25,72,80,85,74,72,83,47,62,,,,,,
tur,Turkey,besiktas,Beşiktaş JK,21,RW,TBD,TBD,TBD,TBD,0,25,25,72,80,85,74,72,83,47,62,,,,,,
tur,Turkey,besiktas,Beşiktaş JK,22,RW,TBD,TBD,TBD,TBD,0,25,25,72,80,85,74,72,83,47,62,,,,,,
tur,Turkey,besiktas,Beşiktaş JK,23,ST,TBD,TBD,TBD,TBD,0,25,25,72,80,80,80,65,78,42,74,,,,,,
tur,Turkey,besiktas,Beşiktaş JK,24,ST,TBD,TBD,TBD,TBD,0,25,25,72,80,80,80,65,78,42,74,,,,,,
tur,Turkey,besiktas,Beşiktaş JK,25,ST,TBD,TBD,TBD,TBD,0,25,25,72,80,80,80,65,78,42,74,,,,,,
isr,Israel,bnei-sakhnin,Bnei Sakhnin,1,GK,TBD,TBD,TBD,TBD,0,25,25,45,53,,,,,,,47,45,43,48,35,46
isr,Israel,bnei-sakhnin,Bnei Sakhnin,2,GK,TBD,TBD,TBD,TBD,0,25,25,45,53,,,,,,,47,45,43,48,35,46
isr,Israel,bnei-sakhnin,Bnei Sakhnin,3,CB,TBD,TBD,TBD,TBD,0,25,25,45,53,37,35,35,35,49,51,,,,,,
isr,Israel,bnei-sakhnin,Bnei Sakhnin,4,CB,TBD,TBD,TBD,TBD,0,25,25,45,53,37,35,35,35,49,51,,,,,,
isr,Israel,bnei-sakhnin,Bnei Sakhnin,5,CB,TBD,TBD,TBD,TBD,0,25,25,45,53,37,35,35,35,49,51,,,,,,
isr,Israel,bnei-sakhnin,Bnei Sakhnin,6,CB,TBD,TBD,TBD,TBD,0,25,25,45,53,37,35,35,35,49,51,,,,,,
isr,Israel,bnei-sakhnin,Bnei Sakhnin,7,CB,TBD,TBD,TBD,TBD,0,25,25,45,53,37,35,35,35,49,51,,,,,,
isr,Israel,bnei-sakhnin,Bnei Sakhnin,8,LB,TBD,TBD,TBD,TBD,0,25,25,46,54,51,35,44,48,46,47,,,,,,
isr,Israel,bnei-sakhnin,Bnei Sakhnin,9,LB,TBD,TBD,TBD,TBD,0,25,25,46,54,51,35,44,48,46,47,,,,,,
isr,Israel,bnei-sakhnin,Bnei Sakhnin,10,RB,TBD,TBD,TBD,TBD,0,25,25,46,54,51,35,44,48,46,47,,,,,,
isr,Israel,bnei-sakhnin,Bnei Sakhnin,11,RB,TBD,TBD,TBD,TBD,0,25,25,46,54,51,35,44,48,46,47,,,,,,
isr,Israel,bnei-sakhnin,Bnei Sakhnin,12,CDM,TBD,TBD,TBD,TBD,0,25,25,46,54,43,35,48,46,50,51,,,,,,
isr,Israel,bnei-sakhnin,Bnei Sakhnin,13,CM,TBD,TBD,TBD,TBD,0,25,25,47,55,46,43,51,52,45,47,,,,,,
isr,Israel,bnei-sakhnin,Bnei Sakhnin,14,CM,TBD,TBD,TBD,TBD,0,25,25,47,55,46,43,51,52,45,47,,,,,,
isr,Israel,bnei-sakhnin,Bnei Sakhnin,15,CM,TBD,TBD,TBD,TBD,0,25,25,47,55,46,43,51,52,45,47,,,,,,
isr,Israel,bnei-sakhnin,Bnei Sakhnin,16,CM,TBD,TBD,TBD,TBD,0,25,25,47,55,46,43,51,52,45,47,,,,,,
isr,Israel,bnei-sakhnin,Bnei Sakhnin,17,CM,TBD,TBD,TBD,TBD,0,25,25,47,55,46,43,51,52,45,47,,,,,,
isr,Israel,bnei-sakhnin,Bnei Sakhnin,18,CAM,TBD,TBD,TBD,TBD,0,25,25,47,55,50,49,55,57,35,39,,,,,,
isr,Israel,bnei-sakhnin,Bnei Sakhnin,19,LW,TBD,TBD,TBD,TBD,0,25,25,47,55,60,49,47,58,35,37,,,,,,
isr,Israel,bnei-sakhnin,Bnei Sakhnin,20,LW,TBD,TBD,TBD,TBD,0,25,25,47,55,60,49,47,58,35,37,,,,,,
isr,Israel,bnei-sakhnin,Bnei Sakhnin,21,RW,TBD,TBD,TBD,TBD,0,25,25,47,55,60,49,47,58,35,37,,,,,,
isr,Israel,bnei-sakhnin,Bnei Sakhnin,22,RW,TBD,TBD,TBD,TBD,0,25,25,47,55,60,49,47,58,35,37,,,,,,
isr,Israel,bnei-sakhnin,Bnei Sakhnin,23,ST,TBD,TBD,TBD,TBD,0,25,25,47,55,55,55,40,53,35,49,,,,,,
isr,Israel,bnei-sakhnin,Bnei Sakhnin,24,ST,TBD,TBD,TBD,TBD,0,25,25,47,55,55,55,40,53,35,49,,,,,,
isr,Israel,bnei-sakhnin,Bnei Sakhnin,25,ST,TBD,TBD,TBD,TBD,0,25,25,47,55,55,55,40,53,35,49,,,,,,
por,Portugal,boavista,Boavista FC,1,GK,TBD,TBD,TBD,TBD,0,25,25,62,70,,,,,,,64,62,60,65,37,63
por,Portugal,boavista,Boavista FC,2,GK,TBD,TBD,TBD,TBD,0,25,25,62,70,,,,,,,64,62,60,65,37,63
por,Portugal,boavista,Boavista FC,3,CB,TBD,TBD,TBD,TBD,0,25,25,62,70,54,35,52,50,66,68,,,,,,
por,Portugal,boavista,Boavista FC,4,CB,TBD,TBD,TBD,TBD,0,25,25,62,70,54,35,52,50,66,68,,,,,,
por,Portugal,boavista,Boavista FC,5,CB,TBD,TBD,TBD,TBD,0,25,25,62,70,54,35,52,50,66,68,,,,,,
por,Portugal,boavista,Boavista FC,6,CB,TBD,TBD,TBD,TBD,0,25,25,62,70,54,35,52,50,66,68,,,,,,
por,Portugal,boavista,Boavista FC,7,CB,TBD,TBD,TBD,TBD,0,25,25,62,70,54,35,52,50,66,68,,,,,,
por,Portugal,boavista,Boavista FC,8,LB,TBD,TBD,TBD,TBD,0,25,25,63,71,68,45,61,65,63,64,,,,,,
por,Portugal,boavista,Boavista FC,9,LB,TBD,TBD,TBD,TBD,0,25,25,63,71,68,45,61,65,63,64,,,,,,
por,Portugal,boavista,Boavista FC,10,RB,TBD,TBD,TBD,TBD,0,25,25,63,71,68,45,61,65,63,64,,,,,,
por,Portugal,boavista,Boavista FC,11,RB,TBD,TBD,TBD,TBD,0,25,25,63,71,68,45,61,65,63,64,,,,,,
por,Portugal,boavista,Boavista FC,12,CDM,TBD,TBD,TBD,TBD,0,25,25,63,71,60,51,65,63,67,68,,,,,,
por,Portugal,boavista,Boavista FC,13,CM,TBD,TBD,TBD,TBD,0,25,25,64,72,63,60,68,69,62,64,,,,,,
por,Portugal,boavista,Boavista FC,14,CM,TBD,TBD,TBD,TBD,0,25,25,64,72,63,60,68,69,62,64,,,,,,
por,Portugal,boavista,Boavista FC,15,CM,TBD,TBD,TBD,TBD,0,25,25,64,72,63,60,68,69,62,64,,,,,,
por,Portugal,boavista,Boavista FC,16,CM,TBD,TBD,TBD,TBD,0,25,25,64,72,63,60,68,69,62,64,,,,,,
por,Portugal,boavista,Boavista FC,17,CM,TBD,TBD,TBD,TBD,0,25,25,64,72,63,60,68,69,62,64,,,,,,
por,Portugal,boavista,Boavista FC,18,CAM,TBD,TBD,TBD,TBD,0,25,25,64,72,67,66,72,74,46,56,,,,,,
por,Portugal,boavista,Boavista FC,19,LW,TBD,TBD,TBD,TBD,0,25,25,64,72,77,66,64,75,39,54,,,,,,
por,Portugal,boavista,Boavista FC,20,LW,TBD,TBD,TBD,TBD,0,25,25,64,72,77,66,64,75,39,54,,,,,,
por,Portugal,boavista,Boavista FC,21,RW,TBD,TBD,TBD,TBD,0,25,25,64,72,77,66,64,75,39,54,,,,,,
por,Portugal,boavista,Boavista FC,22,RW,TBD,TBD,TBD,TBD,0,25,25,64,72,77,66,64,75,39,54,,,,,,
por,Portugal,boavista,Boavista FC,23,ST,TBD,TBD,TBD,TBD,0,25,25,64,72,72,72,57,70,35,66,,,,,,
por,Portugal,boavista,Boavista FC,24,ST,TBD,TBD,TBD,TBD,0,25,25,64,72,72,72,57,70,35,66,,,,,,
por,Portugal,boavista,Boavista FC,25,ST,TBD,TBD,TBD,TBD,0,25,25,64,72,72,72,57,70,35,66,,,,,,
tur,Turkey,bodrum-fk,Bodrum FK,1,GK,TBD,TBD,TBD,TBD,0,25,25,52,60,,,,,,,54,52,50,55,35,53
tur,Turkey,bodrum-fk,Bodrum FK,2,GK,TBD,TBD,TBD,TBD,0,25,25,52,60,,,,,,,54,52,50,55,35,53
tur,Turkey,bodrum-fk,Bodrum FK,3,CB,TBD,TBD,TBD,TBD,0,25,25,52,60,44,35,42,40,56,58,,,,,,
tur,Turkey,bodrum-fk,Bodrum FK,4,CB,TBD,TBD,TBD,TBD,0,25,25,52,60,44,35,42,40,56,58,,,,,,
tur,Turkey,bodrum-fk,Bodrum FK,5,CB,TBD,TBD,TBD,TBD,0,25,25,52,60,44,35,42,40,56,58,,,,,,
tur,Turkey,bodrum-fk,Bodrum FK,6,CB,TBD,TBD,TBD,TBD,0,25,25,52,60,44,35,42,40,56,58,,,,,,
tur,Turkey,bodrum-fk,Bodrum FK,7,CB,TBD,TBD,TBD,TBD,0,25,25,52,60,44,35,42,40,56,58,,,,,,
tur,Turkey,bodrum-fk,Bodrum FK,8,LB,TBD,TBD,TBD,TBD,0,25,25,53,61,58,35,51,55,53,54,,,,,,
tur,Turkey,bodrum-fk,Bodrum FK,9,LB,TBD,TBD,TBD,TBD,0,25,25,53,61,58,35,51,55,53,54,,,,,,
tur,Turkey,bodrum-fk,Bodrum FK,10,RB,TBD,TBD,TBD,TBD,0,25,25,53,61,58,35,51,55,53,54,,,,,,
tur,Turkey,bodrum-fk,Bodrum FK,11,RB,TBD,TBD,TBD,TBD,0,25,25,53,61,58,35,51,55,53,54,,,,,,
tur,Turkey,bodrum-fk,Bodrum FK,12,CDM,TBD,TBD,TBD,TBD,0,25,25,53,61,50,41,55,53,57,58,,,,,,
tur,Turkey,bodrum-fk,Bodrum FK,13,CM,TBD,TBD,TBD,TBD,0,25,25,54,62,53,50,58,59,52,54,,,,,,
tur,Turkey,bodrum-fk,Bodrum FK,14,CM,TBD,TBD,TBD,TBD,0,25,25,54,62,53,50,58,59,52,54,,,,,,
tur,Turkey,bodrum-fk,Bodrum FK,15,CM,TBD,TBD,TBD,TBD,0,25,25,54,62,53,50,58,59,52,54,,,,,,
tur,Turkey,bodrum-fk,Bodrum FK,16,CM,TBD,TBD,TBD,TBD,0,25,25,54,62,53,50,58,59,52,54,,,,,,
tur,Turkey,bodrum-fk,Bodrum FK,17,CM,TBD,TBD,TBD,TBD,0,25,25,54,62,53,50,58,59,52,54,,,,,,
tur,Turkey,bodrum-fk,Bodrum FK,18,CAM,TBD,TBD,TBD,TBD,0,25,25,54,62,57,56,62,64,36,46,,,,,,
tur,Turkey,bodrum-fk,Bodrum FK,19,LW,TBD,TBD,TBD,TBD,0,25,25,54,62,67,56,54,65,35,44,,,,,,
tur,Turkey,bodrum-fk,Bodrum FK,20,LW,TBD,TBD,TBD,TBD,0,25,25,54,62,67,56,54,65,35,44,,,,,,
tur,Turkey,bodrum-fk,Bodrum FK,21,RW,TBD,TBD,TBD,TBD,0,25,25,54,62,67,56,54,65,35,44,,,,,,
tur,Turkey,bodrum-fk,Bodrum FK,22,RW,TBD,TBD,TBD,TBD,0,25,25,54,62,67,56,54,65,35,44,,,,,,
tur,Turkey,bodrum-fk,Bodrum FK,23,ST,TBD,TBD,TBD,TBD,0,25,25,54,62,62,62,47,60,35,56,,,,,,
tur,Turkey,bodrum-fk,Bodrum FK,24,ST,TBD,TBD,TBD,TBD,0,25,25,54,62,62,62,47,60,35,56,,,,,,
tur,Turkey,bodrum-fk,Bodrum FK,25,ST,TBD,TBD,TBD,TBD,0,25,25,54,62,62,62,47,60,35,56,,,,,,
cze,Czechia,bohemians-1905,Bohemians 1905,1,GK,TBD,TBD,TBD,TBD,0,25,25,47,55,,,,,,,49,47,45,50,35,48
cze,Czechia,bohemians-1905,Bohemians 1905,2,GK,TBD,TBD,TBD,TBD,0,25,25,47,55,,,,,,,49,47,45,50,35,48
cze,Czechia,bohemians-1905,Bohemians 1905,3,CB,TBD,TBD,TBD,TBD,0,25,25,47,55,39,35,37,35,51,53,,,,,,
cze,Czechia,bohemians-1905,Bohemians 1905,4,CB,TBD,TBD,TBD,TBD,0,25,25,47,55,39,35,37,35,51,53,,,,,,
cze,Czechia,bohemians-1905,Bohemians 1905,5,CB,TBD,TBD,TBD,TBD,0,25,25,47,55,39,35,37,35,51,53,,,,,,
cze,Czechia,bohemians-1905,Bohemians 1905,6,CB,TBD,TBD,TBD,TBD,0,25,25,47,55,39,35,37,35,51,53,,,,,,
cze,Czechia,bohemians-1905,Bohemians 1905,7,CB,TBD,TBD,TBD,TBD,0,25,25,47,55,39,35,37,35,51,53,,,,,,
cze,Czechia,bohemians-1905,Bohemians 1905,8,LB,TBD,TBD,TBD,TBD,0,25,25,48,56,53,35,46,50,48,49,,,,,,
cze,Czechia,bohemians-1905,Bohemians 1905,9,LB,TBD,TBD,TBD,TBD,0,25,25,48,56,53,35,46,50,48,49,,,,,,
cze,Czechia,bohemians-1905,Bohemians 1905,10,RB,TBD,TBD,TBD,TBD,0,25,25,48,56,53,35,46,50,48,49,,,,,,
cze,Czechia,bohemians-1905,Bohemians 1905,11,RB,TBD,TBD,TBD,TBD,0,25,25,48,56,53,35,46,50,48,49,,,,,,
cze,Czechia,bohemians-1905,Bohemians 1905,12,CDM,TBD,TBD,TBD,TBD,0,25,25,48,56,45,36,50,48,52,53,,,,,,
cze,Czechia,bohemians-1905,Bohemians 1905,13,CM,TBD,TBD,TBD,TBD,0,25,25,49,57,48,45,53,54,47,49,,,,,,
cze,Czechia,bohemians-1905,Bohemians 1905,14,CM,TBD,TBD,TBD,TBD,0,25,25,49,57,48,45,53,54,47,49,,,,,,
cze,Czechia,bohemians-1905,Bohemians 1905,15,CM,TBD,TBD,TBD,TBD,0,25,25,49,57,48,45,53,54,47,49,,,,,,
cze,Czechia,bohemians-1905,Bohemians 1905,16,CM,TBD,TBD,TBD,TBD,0,25,25,49,57,48,45,53,54,47,49,,,,,,
cze,Czechia,bohemians-1905,Bohemians 1905,17,CM,TBD,TBD,TBD,TBD,0,25,25,49,57,48,45,53,54,47,49,,,,,,
cze,Czechia,bohemians-1905,Bohemians 1905,18,CAM,TBD,TBD,TBD,TBD,0,25,25,49,57,52,51,57,59,35,41,,,,,,
cze,Czechia,bohemians-1905,Bohemians 1905,19,LW,TBD,TBD,TBD,TBD,0,25,25,49,57,62,51,49,60,35,39,,,,,,
cze,Czechia,bohemians-1905,Bohemians 1905,20,LW,TBD,TBD,TBD,TBD,0,25,25,49,57,62,51,49,60,35,39,,,,,,
cze,Czechia,bohemians-1905,Bohemians 1905,21,RW,TBD,TBD,TBD,TBD,0,25,25,49,57,62,51,49,60,35,39,,,,,,
cze,Czechia,bohemians-1905,Bohemians 1905,22,RW,TBD,TBD,TBD,TBD,0,25,25,49,57,62,51,49,60,35,39,,,,,,
cze,Czechia,bohemians-1905,Bohemians 1905,23,ST,TBD,TBD,TBD,TBD,0,25,25,49,57,57,57,42,55,35,51,,,,,,
cze,Czechia,bohemians-1905,Bohemians 1905,24,ST,TBD,TBD,TBD,TBD,0,25,25,49,57,57,57,42,55,35,51,,,,,,
cze,Czechia,bohemians-1905,Bohemians 1905,25,ST,TBD,TBD,TBD,TBD,0,25,25,49,57,57,57,42,55,35,51,,,,,,
ita,Italy,bologna,Bologna FC,1,CB,TBD,TBD,TBD,TBD,25,25,2,71,79,63,41,61,59,75,77,,,,,,
ita,Italy,bologna,Bologna FC,2,CAM,TBD,TBD,TBD,TBD,25,25,2,73,81,76,75,81,83,55,65,,,,,,
ger,Germany,borussia-dortmund,Borussia Dortmund,1,CM,TBD,TBD,TBD,TBD,25,25,3,83,88,82,79,87,88,81,83,,,,,,
ger,Germany,borussia-dortmund,Borussia Dortmund,2,CM,TBD,TBD,TBD,TBD,25,25,3,83,88,82,79,87,88,81,83,,,,,,
ger,Germany,borussia-dortmund,Borussia Dortmund,3,RW,TBD,TBD,TBD,TBD,25,25,3,83,88,95,85,83,94,58,73,,,,,,
ger,Germany,borussia-monchengladbach,Borussia Mönchengladbach,1,CM,TBD,TBD,TBD,TBD,25,25,3,69,77,68,65,73,74,67,69,,,,,,
ger,Germany,borussia-monchengladbach,Borussia Mönchengladbach,2,CM,TBD,TBD,TBD,TBD,25,25,3,69,77,68,65,73,74,67,69,,,,,,
ger,Germany,borussia-monchengladbach,Borussia Mönchengladbach,3,LW,TBD,TBD,TBD,TBD,25,25,3,69,77,82,71,69,80,44,59,,,,,,
bgr,Bulgaria,botev-plovdiv,Botev Plovdiv,1,GK,TBD,TBD,TBD,TBD,0,25,25,45,53,,,,,,,47,45,43,48,35,46
bgr,Bulgaria,botev-plovdiv,Botev Plovdiv,2,GK,TBD,TBD,TBD,TBD,0,25,25,45,53,,,,,,,47,45,43,48,35,46
bgr,Bulgaria,botev-plovdiv,Botev Plovdiv,3,CB,TBD,TBD,TBD,TBD,0,25,25,45,53,37,35,35,35,49,51,,,,,,
bgr,Bulgaria,botev-plovdiv,Botev Plovdiv,4,CB,TBD,TBD,TBD,TBD,0,25,25,45,53,37,35,35,35,49,51,,,,,,
bgr,Bulgaria,botev-plovdiv,Botev Plovdiv,5,CB,TBD,TBD,TBD,TBD,0,25,25,45,53,37,35,35,35,49,51,,,,,,
bgr,Bulgaria,botev-plovdiv,Botev Plovdiv,6,CB,TBD,TBD,TBD,TBD,0,25,25,45,53,37,35,35,35,49,51,,,,,,
bgr,Bulgaria,botev-plovdiv,Botev Plovdiv,7,CB,TBD,TBD,TBD,TBD,0,25,25,45,53,37,35,35,35,49,51,,,,,,
bgr,Bulgaria,botev-plovdiv,Botev Plovdiv,8,LB,TBD,TBD,TBD,TBD,0,25,25,46,54,51,35,44,48,46,47,,,,,,
bgr,Bulgaria,botev-plovdiv,Botev Plovdiv,9,LB,TBD,TBD,TBD,TBD,0,25,25,46,54,51,35,44,48,46,47,,,,,,
bgr,Bulgaria,botev-plovdiv,Botev Plovdiv,10,RB,TBD,TBD,TBD,TBD,0,25,25,46,54,51,35,44,48,46,47,,,,,,
bgr,Bulgaria,botev-plovdiv,Botev Plovdiv,11,RB,TBD,TBD,TBD,TBD,0,25,25,46,54,51,35,44,48,46,47,,,,,,
bgr,Bulgaria,botev-plovdiv,Botev Plovdiv,12,CDM,TBD,TBD,TBD,TBD,0,25,25,46,54,43,35,48,46,50,51,,,,,,
bgr,Bulgaria,botev-plovdiv,Botev Plovdiv,13,CM,TBD,TBD,TBD,TBD,0,25,25,47,55,46,43,51,52,45,47,,,,,,
bgr,Bulgaria,botev-plovdiv,Botev Plovdiv,14,CM,TBD,TBD,TBD,TBD,0,25,25,47,55,46,43,51,52,45,47,,,,,,
bgr,Bulgaria,botev-plovdiv,Botev Plovdiv,15,CM,TBD,TBD,TBD,TBD,0,25,25,47,55,46,43,51,52,45,47,,,,,,
bgr,Bulgaria,botev-plovdiv,Botev Plovdiv,16,CM,TBD,TBD,TBD,TBD,0,25,25,47,55,46,43,51,52,45,47,,,,,,
bgr,Bulgaria,botev-plovdiv,Botev Plovdiv,17,CM,TBD,TBD,TBD,TBD,0,25,25,47,55,46,43,51,52,45,47,,,,,,
bgr,Bulgaria,botev-plovdiv,Botev Plovdiv,18,CAM,TBD,TBD,TBD,TBD,0,25,25,47,55,50,49,55,57,35,39,,,,,,
bgr,Bulgaria,botev-plovdiv,Botev Plovdiv,19,LW,TBD,TBD,TBD,TBD,0,25,25,47,55,60,49,47,58,35,37,,,,,,
bgr,Bulgaria,botev-plovdiv,Botev Plovdiv,20,LW,TBD,TBD,TBD,TBD,0,25,25,47,55,60,49,47,58,35,37,,,,,,
bgr,Bulgaria,botev-plovdiv,Botev Plovdiv,21,RW,TBD,TBD,TBD,TBD,0,25,25,47,55,60,49,47,58,35,37,,,,,,
bgr,Bulgaria,botev-plovdiv,Botev Plovdiv,22,RW,TBD,TBD,TBD,TBD,0,25,25,47,55,60,49,47,58,35,37,,,,,,
bgr,Bulgaria,botev-plovdiv,Botev Plovdiv,23,ST,TBD,TBD,TBD,TBD,0,25,25,47,55,55,55,40,53,35,49,,,,,,
bgr,Bulgaria,botev-plovdiv,Botev Plovdiv,24,ST,TBD,TBD,TBD,TBD,0,25,25,47,55,55,55,40,53,35,49,,,,,,
bgr,Bulgaria,botev-plovdiv,Botev Plovdiv,25,ST,TBD,TBD,TBD,TBD,0,25,25,47,55,55,55,40,53,35,49,,,,,,
isl,Iceland,breidablik,Breiðablik,1,GK,TBD,TBD,TBD,TBD,0,25,25,45,53,,,,,,,47,45,43,48,35,46
isl,Iceland,breidablik,Breiðablik,2,GK,TBD,TBD,TBD,TBD,0,25,25,45,53,,,,,,,47,45,43,48,35,46
isl,Iceland,breidablik,Breiðablik,3,CB,TBD,TBD,TBD,TBD,0,25,25,45,53,37,35,35,35,49,51,,,,,,
isl,Iceland,breidablik,Breiðablik,4,CB,TBD,TBD,TBD,TBD,0,25,25,45,53,37,35,35,35,49,51,,,,,,
isl,Iceland,breidablik,Breiðablik,5,CB,TBD,TBD,TBD,TBD,0,25,25,45,53,37,35,35,35,49,51,,,,,,
isl,Iceland,breidablik,Breiðablik,6,CB,TBD,TBD,TBD,TBD,0,25,25,45,53,37,35,35,35,49,51,,,,,,
isl,Iceland,breidablik,Breiðablik,7,CB,TBD,TBD,TBD,TBD,0,25,25,45,53,37,35,35,35,49,51,,,,,,
isl,Iceland,breidablik,Breiðablik,8,LB,TBD,TBD,TBD,TBD,0,25,25,46,54,51,35,44,48,46,47,,,,,,
isl,Iceland,breidablik,Breiðablik,9,LB,TBD,TBD,TBD,TBD,0,25,25,46,54,51,35,44,48,46,47,,,,,,
isl,Iceland,breidablik,Breiðablik,10,RB,TBD,TBD,TBD,TBD,0,25,25,46,54,51,35,44,48,46,47,,,,,,
isl,Iceland,breidablik,Breiðablik,11,RB,TBD,TBD,TBD,TBD,0,25,25,46,54,51,35,44,48,46,47,,,,,,
isl,Iceland,breidablik,Breiðablik,12,CDM,TBD,TBD,TBD,TBD,0,25,25,46,54,43,35,48,46,50,51,,,,,,
isl,Iceland,breidablik,Breiðablik,13,CM,TBD,TBD,TBD,TBD,0,25,25,47,55,46,43,51,52,45,47,,,,,,
isl,Iceland,breidablik,Breiðablik,14,CM,TBD,TBD,TBD,TBD,0,25,25,47,55,46,43,51,52,45,47,,,,,,
isl,Iceland,breidablik,Breiðablik,15,CM,TBD,TBD,TBD,TBD,0,25,25,47,55,46,43,51,52,45,47,,,,,,
isl,Iceland,breidablik,Breiðablik,16,CM,TBD,TBD,TBD,TBD,0,25,25,47,55,46,43,51,52,45,47,,,,,,
isl,Iceland,breidablik,Breiðablik,17,CM,TBD,TBD,TBD,TBD,0,25,25,47,55,46,43,51,52,45,47,,,,,,
isl,Iceland,breidablik,Breiðablik,18,CAM,TBD,TBD,TBD,TBD,0,25,25,47,55,50,49,55,57,35,39,,,,,,
isl,Iceland,breidablik,Breiðablik,19,LW,TBD,TBD,TBD,TBD,0,25,25,47,55,60,49,47,58,35,37,,,,,,
isl,Iceland,breidablik,Breiðablik,20,LW,TBD,TBD,TBD,TBD,0,25,25,47,55,60,49,47,58,35,37,,,,,,
isl,Iceland,breidablik,Breiðablik,21,RW,TBD,TBD,TBD,TBD,0,25,25,47,55,60,49,47,58,35,37,,,,,,
isl,Iceland,breidablik,Breiðablik,22,RW,TBD,TBD,TBD,TBD,0,25,25,47,55,60,49,47,58,35,37,,,,,,
isl,Iceland,breidablik,Breiðablik,23,ST,TBD,TBD,TBD,TBD,0,25,25,47,55,55,55,40,53,35,49,,,,,,
isl,Iceland,breidablik,Breiðablik,24,ST,TBD,TBD,TBD,TBD,0,25,25,47,55,55,55,40,53,35,49,,,,,,
isl,Iceland,breidablik,Breiðablik,25,ST,TBD,TBD,TBD,TBD,0,25,25,47,55,55,55,40,53,35,49,,,,,,
den,Denmark,brondby,Brøndby IF,1,GK,TBD,TBD,TBD,TBD,0,25,25,55,63,,,,,,,57,55,53,58,35,56
den,Denmark,brondby,Brøndby IF,2,GK,TBD,TBD,TBD,TBD,0,25,25,55,63,,,,,,,57,55,53,58,35,56
den,Denmark,brondby,Brøndby IF,3,CB,TBD,TBD,TBD,TBD,0,25,25,55,63,47,35,45,43,59,61,,,,,,
den,Denmark,brondby,Brøndby IF,4,CB,TBD,TBD,TBD,TBD,0,25,25,55,63,47,35,45,43,59,61,,,,,,
den,Denmark,brondby,Brøndby IF,5,CB,TBD,TBD,TBD,TBD,0,25,25,55,63,47,35,45,43,59,61,,,,,,
den,Denmark,brondby,Brøndby IF,6,CB,TBD,TBD,TBD,TBD,0,25,25,55,63,47,35,45,43,59,61,,,,,,
den,Denmark,brondby,Brøndby IF,7,CB,TBD,TBD,TBD,TBD,0,25,25,55,63,47,35,45,43,59,61,,,,,,
den,Denmark,brondby,Brøndby IF,8,LB,TBD,TBD,TBD,TBD,0,25,25,56,64,61,38,54,58,56,57,,,,,,
den,Denmark,brondby,Brøndby IF,9,LB,TBD,TBD,TBD,TBD,0,25,25,56,64,61,38,54,58,56,57,,,,,,
den,Denmark,brondby,Brøndby IF,10,RB,TBD,TBD,TBD,TBD,0,25,25,56,64,61,38,54,58,56,57,,,,,,
den,Denmark,brondby,Brøndby IF,11,RB,TBD,TBD,TBD,TBD,0,25,25,56,64,61,38,54,58,56,57,,,,,,
den,Denmark,brondby,Brøndby IF,12,CDM,TBD,TBD,TBD,TBD,0,25,25,56,64,53,44,58,56,60,61,,,,,,
den,Denmark,brondby,Brøndby IF,13,CM,TBD,TBD,TBD,TBD,0,25,25,57,65,56,53,61,62,55,57,,,,,,
den,Denmark,brondby,Brøndby IF,14,CM,TBD,TBD,TBD,TBD,0,25,25,57,65,56,53,61,62,55,57,,,,,,
den,Denmark,brondby,Brøndby IF,15,CM,TBD,TBD,TBD,TBD,0,25,25,57,65,56,53,61,62,55,57,,,,,,
den,Denmark,brondby,Brøndby IF,16,CM,TBD,TBD,TBD,TBD,0,25,25,57,65,56,53,61,62,55,57,,,,,,
den,Denmark,brondby,Brøndby IF,17,CM,TBD,TBD,TBD,TBD,0,25,25,57,65,56,53,61,62,55,57,,,,,,
den,Denmark,brondby,Brøndby IF,18,CAM,TBD,TBD,TBD,TBD,0,25,25,57,65,60,59,65,67,39,49,,,,,,
den,Denmark,brondby,Brøndby IF,19,LW,TBD,TBD,TBD,TBD,0,25,25,57,65,70,59,57,68,35,47,,,,,,
den,Denmark,brondby,Brøndby IF,20,LW,TBD,TBD,TBD,TBD,0,25,25,57,65,70,59,57,68,35,47,,,,,,
den,Denmark,brondby,Brøndby IF,21,RW,TBD,TBD,TBD,TBD,0,25,25,57,65,70,59,57,68,35,47,,,,,,
den,Denmark,brondby,Brøndby IF,22,RW,TBD,TBD,TBD,TBD,0,25,25,57,65,70,59,57,68,35,47,,,,,,
den,Denmark,brondby,Brøndby IF,23,ST,TBD,TBD,TBD,TBD,0,25,25,57,65,65,65,50,63,35,59,,,,,,
den,Denmark,brondby,Brøndby IF,24,ST,TBD,TBD,TBD,TBD,0,25,25,57,65,65,65,50,63,35,59,,,,,,
den,Denmark,brondby,Brøndby IF,25,ST,TBD,TBD,TBD,TBD,0,25,25,57,65,65,65,50,63,35,59,,,,,,
ger,Germany,ger,Bundesliga,1,GK,TBD,TBD,TBD,TBD,0,25,25,61,69,,,,,,,63,61,59,64,36,62
ger,Germany,ger,Bundesliga,2,GK,TBD,TBD,TBD,TBD,0,25,25,61,69,,,,,,,63,61,59,64,36,62
ger,Germany,ger,Bundesliga,3,CB,TBD,TBD,TBD,TBD,0,25,25,61,69,53,35,51,49,65,67,,,,,,
ger,Germany,ger,Bundesliga,4,CB,TBD,TBD,TBD,TBD,0,25,25,61,69,53,35,51,49,65,67,,,,,,
ger,Germany,ger,Bundesliga,5,CB,TBD,TBD,TBD,TBD,0,25,25,61,69,53,35,51,49,65,67,,,,,,
ger,Germany,ger,Bundesliga,6,CB,TBD,TBD,TBD,TBD,0,25,25,61,69,53,35,51,49,65,67,,,,,,
ger,Germany,ger,Bundesliga,7,CB,TBD,TBD,TBD,TBD,0,25,25,61,69,53,35,51,49,65,67,,,,,,
ger,Germany,ger,Bundesliga,8,LB,TBD,TBD,TBD,TBD,0,25,25,62,70,67,44,60,64,62,63,,,,,,
ger,Germany,ger,Bundesliga,9,LB,TBD,TBD,TBD,TBD,0,25,25,62,70,67,44,60,64,62,63,,,,,,
ger,Germany,ger,Bundesliga,10,RB,TBD,TBD,TBD,TBD,0,25,25,62,70,67,44,60,64,62,63,,,,,,
ger,Germany,ger,Bundesliga,11,RB,TBD,TBD,TBD,TBD,0,25,25,62,70,67,44,60,64,62,63,,,,,,
ger,Germany,ger,Bundesliga,12,CDM,TBD,TBD,TBD,TBD,0,25,25,62,70,59,50,64,62,66,67,,,,,,
ger,Germany,ger,Bundesliga,13,CM,TBD,TBD,TBD,TBD,0,25,25,63,71,62,59,67,68,61,63,,,,,,
ger,Germany,ger,Bundesliga,14,CM,TBD,TBD,TBD,TBD,0,25,25,63,71,62,59,67,68,61,63,,,,,,
ger,Germany,ger,Bundesliga,15,CM,TBD,TBD,TBD,TBD,0,25,25,63,71,62,59,67,68,61,63,,,,,,
ger,Germany,ger,Bundesliga,16,CM,TBD,TBD,TBD,TBD,0,25,25,63,71,62,59,67,68,61,63,,,,,,
ger,Germany,ger,Bundesliga,17,CM,TBD,TBD,TBD,TBD,0,25,25,63,71,62,59,67,68,61,63,,,,,,
ger,Germany,ger,Bundesliga,18,CAM,TBD,TBD,TBD,TBD,0,25,25,63,71,66,65,71,73,45,55,,,,,,
ger,Germany,ger,Bundesliga,19,LW,TBD,TBD,TBD,TBD,0,25,25,63,71,76,65,63,74,38,53,,,,,,
ger,Germany,ger,Bundesliga,20,LW,TBD,TBD,TBD,TBD,0,25,25,63,71,76,65,63,74,38,53,,,,,,
ger,Germany,ger,Bundesliga,21,RW,TBD,TBD,TBD,TBD,0,25,25,63,71,76,65,63,74,38,53,,,,,,
ger,Germany,ger,Bundesliga,22,RW,TBD,TBD,TBD,TBD,0,25,25,63,71,76,65,63,74,38,53,,,,,,
ger,Germany,ger,Bundesliga,23,ST,TBD,TBD,TBD,TBD,0,25,25,63,71,71,71,56,69,35,65,,,,,,
ger,Germany,ger,Bundesliga,24,ST,TBD,TBD,TBD,TBD,0,25,25,63,71,71,71,56,69,35,65,,,,,,
ger,Germany,ger,Bundesliga,25,ST,TBD,TBD,TBD,TBD,0,25,25,63,71,71,71,56,69,35,65,,,,,,
aut,Austria,aut,Bundesliga,1,GK,TBD,TBD,TBD,TBD,0,25,25,62,70,,,,,,,64,62,60,65,37,63
aut,Austria,aut,Bundesliga,2,GK,TBD,TBD,TBD,TBD,0,25,25,62,70,,,,,,,64,62,60,65,37,63
aut,Austria,aut,Bundesliga,3,CB,TBD,TBD,TBD,TBD,0,25,25,62,70,54,35,52,50,66,68,,,,,,
aut,Austria,aut,Bundesliga,4,CB,TBD,TBD,TBD,TBD,0,25,25,62,70,54,35,52,50,66,68,,,,,,
aut,Austria,aut,Bundesliga,5,CB,TBD,TBD,TBD,TBD,0,25,25,62,70,54,35,52,50,66,68,,,,,,
aut,Austria,aut,Bundesliga,6,CB,TBD,TBD,TBD,TBD,0,25,25,62,70,54,35,52,50,66,68,,,,,,
aut,Austria,aut,Bundesliga,7,CB,TBD,TBD,TBD,TBD,0,25,25,62,70,54,35,52,50,66,68,,,,,,
aut,Austria,aut,Bundesliga,8,LB,TBD,TBD,TBD,TBD,0,25,25,63,71,68,45,61,65,63,64,,,,,,
aut,Austria,aut,Bundesliga,9,LB,TBD,TBD,TBD,TBD,0,25,25,63,71,68,45,61,65,63,64,,,,,,
aut,Austria,aut,Bundesliga,10,RB,TBD,TBD,TBD,TBD,0,25,25,63,71,68,45,61,65,63,64,,,,,,
aut,Austria,aut,Bundesliga,11,RB,TBD,TBD,TBD,TBD,0,25,25,63,71,68,45,61,65,63,64,,,,,,
aut,Austria,aut,Bundesliga,12,CDM,TBD,TBD,TBD,TBD,0,25,25,63,71,60,51,65,63,67,68,,,,,,
aut,Austria,aut,Bundesliga,13,CM,TBD,TBD,TBD,TBD,0,25,25,64,72,63,60,68,69,62,64,,,,,,
aut,Austria,aut,Bundesliga,14,CM,TBD,TBD,TBD,TBD,0,25,25,64,72,63,60,68,69,62,64,,,,,,
aut,Austria,aut,Bundesliga,15,CM,TBD,TBD,TBD,TBD,0,25,25,64,72,63,60,68,69,62,64,,,,,,
aut,Austria,aut,Bundesliga,16,CM,TBD,TBD,TBD,TBD,0,25,25,64,72,63,60,68,69,62,64,,,,,,
aut,Austria,aut,Bundesliga,17,CM,TBD,TBD,TBD,TBD,0,25,25,64,72,63,60,68,69,62,64,,,,,,
aut,Austria,aut,Bundesliga,18,CAM,TBD,TBD,TBD,TBD,0,25,25,64,72,67,66,72,74,46,56,,,,,,
aut,Austria,aut,Bundesliga,19,LW,TBD,TBD,TBD,TBD,0,25,25,64,72,77,66,64,75,39,54,,,,,,
aut,Austria,aut,Bundesliga,20,LW,TBD,TBD,TBD,TBD,0,25,25,64,72,77,66,64,75,39,54,,,,,,
aut,Austria,aut,Bundesliga,21,RW,TBD,TBD,TBD,TBD,0,25,25,64,72,77,66,64,75,39,54,,,,,,
aut,Austria,aut,Bundesliga,22,RW,TBD,TBD,TBD,TBD,0,25,25,64,72,77,66,64,75,39,54,,,,,,
aut,Austria,aut,Bundesliga,23,ST,TBD,TBD,TBD,TBD,0,25,25,64,72,72,72,57,70,35,66,,,,,,
aut,Austria,aut,Bundesliga,24,ST,TBD,TBD,TBD,TBD,0,25,25,64,72,72,72,57,70,35,66,,,,,,
aut,Austria,aut,Bundesliga,25,ST,TBD,TBD,TBD,TBD,0,25,25,64,72,72,72,57,70,35,66,,,,,,
por,Portugal,nacional,CD Nacional,1,GK,TBD,TBD,TBD,TBD,0,25,25,59,67,,,,,,,61,59,57,62,35,60
por,Portugal,nacional,CD Nacional,2,GK,TBD,TBD,TBD,TBD,0,25,25,59,67,,,,,,,61,59,57,62,35,60
por,Portugal,nacional,CD Nacional,3,CB,TBD,TBD,TBD,TBD,0,25,25,59,67,51,35,49,47,63,65,,,,,,
por,Portugal,nacional,CD Nacional,4,CB,TBD,TBD,TBD,TBD,0,25,25,59,67,51,35,49,47,63,65,,,,,,
por,Portugal,nacional,CD Nacional,5,CB,TBD,TBD,TBD,TBD,0,25,25,59,67,51,35,49,47,63,65,,,,,,
por,Portugal,nacional,CD Nacional,6,CB,TBD,TBD,TBD,TBD,0,25,25,59,67,51,35,49,47,63,65,,,,,,
por,Portugal,nacional,CD Nacional,7,CB,TBD,TBD,TBD,TBD,0,25,25,59,67,51,35,49,47,63,65,,,,,,
por,Portugal,nacional,CD Nacional,8,LB,TBD,TBD,TBD,TBD,0,25,25,60,68,65,42,58,62,60,61,,,,,,
por,Portugal,nacional,CD Nacional,9,LB,TBD,TBD,TBD,TBD,0,25,25,60,68,65,42,58,62,60,61,,,,,,
por,Portugal,nacional,CD Nacional,10,RB,TBD,TBD,TBD,TBD,0,25,25,60,68,65,42,58,62,60,61,,,,,,
por,Portugal,nacional,CD Nacional,11,RB,TBD,TBD,TBD,TBD,0,25,25,60,68,65,42,58,62,60,61,,,,,,
por,Portugal,nacional,CD Nacional,12,CDM,TBD,TBD,TBD,TBD,0,25,25,60,68,57,48,62,60,64,65,,,,,,
por,Portugal,nacional,CD Nacional,13,CM,TBD,TBD,TBD,TBD,0,25,25,61,69,60,57,65,66,59,61,,,,,,
por,Portugal,nacional,CD Nacional,14,CM,TBD,TBD,TBD,TBD,0,25,25,61,69,60,57,65,66,59,61,,,,,,
por,Portugal,nacional,CD Nacional,15,CM,TBD,TBD,TBD,TBD,0,25,25,61,69,60,57,65,66,59,61,,,,,,
por,Portugal,nacional,CD Nacional,16,CM,TBD,TBD,TBD,TBD,0,25,25,61,69,60,57,65,66,59,61,,,,,,
por,Portugal,nacional,CD Nacional,17,CM,TBD,TBD,TBD,TBD,0,25,25,61,69,60,57,65,66,59,61,,,,,,
por,Portugal,nacional,CD Nacional,18,CAM,TBD,TBD,TBD,TBD,0,25,25,61,69,64,63,69,71,43,53,,,,,,
por,Portugal,nacional,CD Nacional,19,LW,TBD,TBD,TBD,TBD,0,25,25,61,69,74,63,61,72,36,51,,,,,,
por,Portugal,nacional,CD Nacional,20,LW,TBD,TBD,TBD,TBD,0,25,25,61,69,74,63,61,72,36,51,,,,,,
por,Portugal,nacional,CD Nacional,21,RW,TBD,TBD,TBD,TBD,0,25,25,61,69,74,63,61,72,36,51,,,,,,
por,Portugal,nacional,CD Nacional,22,RW,TBD,TBD,TBD,TBD,0,25,25,61,69,74,63,61,72,36,51,,,,,,
por,Portugal,nacional,CD Nacional,23,ST,TBD,TBD,TBD,TBD,0,25,25,61,69,69,69,54,67,35,63,,,,,,
por,Portugal,nacional,CD Nacional,24,ST,TBD,TBD,TBD,TBD,0,25,25,61,69,69,69,54,67,35,63,,,,,,
por,Portugal,nacional,CD Nacional,25,ST,TBD,TBD,TBD,TBD,0,25,25,61,69,69,69,54,67,35,63,,,,,,
por,Portugal,santa-clara,CD Santa Clara,1,GK,TBD,TBD,TBD,TBD,0,25,25,61,69,,,,,,,63,61,59,64,36,62
por,Portugal,santa-clara,CD Santa Clara,2,GK,TBD,TBD,TBD,TBD,0,25,25,61,69,,,,,,,63,61,59,64,36,62
por,Portugal,santa-clara,CD Santa Clara,3,CB,TBD,TBD,TBD,TBD,0,25,25,61,69,53,35,51,49,65,67,,,,,,
por,Portugal,santa-clara,CD Santa Clara,4,CB,TBD,TBD,TBD,TBD,0,25,25,61,69,53,35,51,49,65,67,,,,,,
por,Portugal,santa-clara,CD Santa Clara,5,CB,TBD,TBD,TBD,TBD,0,25,25,61,69,53,35,51,49,65,67,,,,,,
por,Portugal,santa-clara,CD Santa Clara,6,CB,TBD,TBD,TBD,TBD,0,25,25,61,69,53,35,51,49,65,67,,,,,,
por,Portugal,santa-clara,CD Santa Clara,7,CB,TBD,TBD,TBD,TBD,0,25,25,61,69,53,35,51,49,65,67,,,,,,
por,Portugal,santa-clara,CD Santa Clara,8,LB,TBD,TBD,TBD,TBD,0,25,25,62,70,67,44,60,64,62,63,,,,,,
por,Portugal,santa-clara,CD Santa Clara,9,LB,TBD,TBD,TBD,TBD,0,25,25,62,70,67,44,60,64,62,63,,,,,,
por,Portugal,santa-clara,CD Santa Clara,10,RB,TBD,TBD,TBD,TBD,0,25,25,62,70,67,44,60,64,62,63,,,,,,
por,Portugal,santa-clara,CD Santa Clara,11,RB,TBD,TBD,TBD,TBD,0,25,25,62,70,67,44,60,64,62,63,,,,,,
por,Portugal,santa-clara,CD Santa Clara,12,CDM,TBD,TBD,TBD,TBD,0,25,25,62,70,59,50,64,62,66,67,,,,,,
por,Portugal,santa-clara,CD Santa Clara,13,CM,TBD,TBD,TBD,TBD,0,25,25,63,71,62,59,67,68,61,63,,,,,,
por,Portugal,santa-clara,CD Santa Clara,14,CM,TBD,TBD,TBD,TBD,0,25,25,63,71,62,59,67,68,61,63,,,,,,
por,Portugal,santa-clara,CD Santa Clara,15,CM,TBD,TBD,TBD,TBD,0,25,25,63,71,62,59,67,68,61,63,,,,,,
por,Portugal,santa-clara,CD Santa Clara,16,CM,TBD,TBD,TBD,TBD,0,25,25,63,71,62,59,67,68,61,63,,,,,,
por,Portugal,santa-clara,CD Santa Clara,17,CM,TBD,TBD,TBD,TBD,0,25,25,63,71,62,59,67,68,61,63,,,,,,
por,Portugal,santa-clara,CD Santa Clara,18,CAM,TBD,TBD,TBD,TBD,0,25,25,63,71,66,65,71,73,45,55,,,,,,
por,Portugal,santa-clara,CD Santa Clara,19,LW,TBD,TBD,TBD,TBD,0,25,25,63,71,76,65,63,74,38,53,,,,,,
por,Portugal,santa-clara,CD Santa Clara,20,LW,TBD,TBD,TBD,TBD,0,25,25,63,71,76,65,63,74,38,53,,,,,,
por,Portugal,santa-clara,CD Santa Clara,21,RW,TBD,TBD,TBD,TBD,0,25,25,63,71,76,65,63,74,38,53,,,,,,
por,Portugal,santa-clara,CD Santa Clara,22,RW,TBD,TBD,TBD,TBD,0,25,25,63,71,76,65,63,74,38,53,,,,,,
por,Portugal,santa-clara,CD Santa Clara,23,ST,TBD,TBD,TBD,TBD,0,25,25,63,71,71,71,56,69,35,65,,,,,,
por,Portugal,santa-clara,CD Santa Clara,24,ST,TBD,TBD,TBD,TBD,0,25,25,63,71,71,71,56,69,35,65,,,,,,
por,Portugal,santa-clara,CD Santa Clara,25,ST,TBD,TBD,TBD,TBD,0,25,25,63,71,71,71,56,69,35,65,,,,,,
por,Portugal,estrela-amadora,CF Estrela da Amadora,1,GK,TBD,TBD,TBD,TBD,0,25,25,59,67,,,,,,,61,59,57,62,35,60
por,Portugal,estrela-amadora,CF Estrela da Amadora,2,GK,TBD,TBD,TBD,TBD,0,25,25,59,67,,,,,,,61,59,57,62,35,60
por,Portugal,estrela-amadora,CF Estrela da Amadora,3,CB,TBD,TBD,TBD,TBD,0,25,25,59,67,51,35,49,47,63,65,,,,,,
por,Portugal,estrela-amadora,CF Estrela da Amadora,4,CB,TBD,TBD,TBD,TBD,0,25,25,59,67,51,35,49,47,63,65,,,,,,
por,Portugal,estrela-amadora,CF Estrela da Amadora,5,CB,TBD,TBD,TBD,TBD,0,25,25,59,67,51,35,49,47,63,65,,,,,,
por,Portugal,estrela-amadora,CF Estrela da Amadora,6,CB,TBD,TBD,TBD,TBD,0,25,25,59,67,51,35,49,47,63,65,,,,,,
por,Portugal,estrela-amadora,CF Estrela da Amadora,7,CB,TBD,TBD,TBD,TBD,0,25,25,59,67,51,35,49,47,63,65,,,,,,
por,Portugal,estrela-amadora,CF Estrela da Amadora,8,LB,TBD,TBD,TBD,TBD,0,25,25,60,68,65,42,58,62,60,61,,,,,,
por,Portugal,estrela-amadora,CF Estrela da Amadora,9,LB,TBD,TBD,TBD,TBD,0,25,25,60,68,65,42,58,62,60,61,,,,,,
por,Portugal,estrela-amadora,CF Estrela da Amadora,10,RB,TBD,TBD,TBD,TBD,0,25,25,60,68,65,42,58,62,60,61,,,,,,
por,Portugal,estrela-amadora,CF Estrela da Amadora,11,RB,TBD,TBD,TBD,TBD,0,25,25,60,68,65,42,58,62,60,61,,,,,,
por,Portugal,estrela-amadora,CF Estrela da Amadora,12,CDM,TBD,TBD,TBD,TBD,0,25,25,60,68,57,48,62,60,64,65,,,,,,
por,Portugal,estrela-amadora,CF Estrela da Amadora,13,CM,TBD,TBD,TBD,TBD,0,25,25,61,69,60,57,65,66,59,61,,,,,,
por,Portugal,estrela-amadora,CF Estrela da Amadora,14,CM,TBD,TBD,TBD,TBD,0,25,25,61,69,60,57,65,66,59,61,,,,,,
por,Portugal,estrela-amadora,CF Estrela da Amadora,15,CM,TBD,TBD,TBD,TBD,0,25,25,61,69,60,57,65,66,59,61,,,,,,
por,Portugal,estrela-amadora,CF Estrela da Amadora,16,CM,TBD,TBD,TBD,TBD,0,25,25,61,69,60,57,65,66,59,61,,,,,,
por,Portugal,estrela-amadora,CF Estrela da Amadora,17,CM,TBD,TBD,TBD,TBD,0,25,25,61,69,60,57,65,66,59,61,,,,,,
por,Portugal,estrela-amadora,CF Estrela da Amadora,18,CAM,TBD,TBD,TBD,TBD,0,25,25,61,69,64,63,69,71,43,53,,,,,,
por,Portugal,estrela-amadora,CF Estrela da Amadora,19,LW,TBD,TBD,TBD,TBD,0,25,25,61,69,74,63,61,72,36,51,,,,,,
por,Portugal,estrela-amadora,CF Estrela da Amadora,20,LW,TBD,TBD,TBD,TBD,0,25,25,61,69,74,63,61,72,36,51,,,,,,
por,Portugal,estrela-amadora,CF Estrela da Amadora,21,RW,TBD,TBD,TBD,TBD,0,25,25,61,69,74,63,61,72,36,51,,,,,,
por,Portugal,estrela-amadora,CF Estrela da Amadora,22,RW,TBD,TBD,TBD,TBD,0,25,25,61,69,74,63,61,72,36,51,,,,,,
por,Portugal,estrela-amadora,CF Estrela da Amadora,23,ST,TBD,TBD,TBD,TBD,0,25,25,61,69,69,69,54,67,35,63,,,,,,
por,Portugal,estrela-amadora,CF Estrela da Amadora,24,ST,TBD,TBD,TBD,TBD,0,25,25,61,69,69,69,54,67,35,63,,,,,,
por,Portugal,estrela-amadora,CF Estrela da Amadora,25,ST,TBD,TBD,TBD,TBD,0,25,25,61,69,69,69,54,67,35,63,,,,,,
rou,Romania,cfr-cluj,CFR Cluj,1,GK,TBD,TBD,TBD,TBD,0,25,25,48,56,,,,,,,50,48,46,51,35,49
rou,Romania,cfr-cluj,CFR Cluj,2,GK,TBD,TBD,TBD,TBD,0,25,25,48,56,,,,,,,50,48,46,51,35,49
rou,Romania,cfr-cluj,CFR Cluj,3,CB,TBD,TBD,TBD,TBD,0,25,25,48,56,40,35,38,36,52,54,,,,,,
rou,Romania,cfr-cluj,CFR Cluj,4,CB,TBD,TBD,TBD,TBD,0,25,25,48,56,40,35,38,36,52,54,,,,,,
rou,Romania,cfr-cluj,CFR Cluj,5,CB,TBD,TBD,TBD,TBD,0,25,25,48,56,40,35,38,36,52,54,,,,,,
rou,Romania,cfr-cluj,CFR Cluj,6,CB,TBD,TBD,TBD,TBD,0,25,25,48,56,40,35,38,36,52,54,,,,,,
rou,Romania,cfr-cluj,CFR Cluj,7,CB,TBD,TBD,TBD,TBD,0,25,25,48,56,40,35,38,36,52,54,,,,,,
rou,Romania,cfr-cluj,CFR Cluj,8,LB,TBD,TBD,TBD,TBD,0,25,25,49,57,54,35,47,51,49,50,,,,,,
rou,Romania,cfr-cluj,CFR Cluj,9,LB,TBD,TBD,TBD,TBD,0,25,25,49,57,54,35,47,51,49,50,,,,,,
rou,Romania,cfr-cluj,CFR Cluj,10,RB,TBD,TBD,TBD,TBD,0,25,25,49,57,54,35,47,51,49,50,,,,,,
rou,Romania,cfr-cluj,CFR Cluj,11,RB,TBD,TBD,TBD,TBD,0,25,25,49,57,54,35,47,51,49,50,,,,,,
rou,Romania,cfr-cluj,CFR Cluj,12,CDM,TBD,TBD,TBD,TBD,0,25,25,49,57,46,37,51,49,53,54,,,,,,
rou,Romania,cfr-cluj,CFR Cluj,13,CM,TBD,TBD,TBD,TBD,0,25,25,50,58,49,46,54,55,48,50,,,,,,
rou,Romania,cfr-cluj,CFR Cluj,14,CM,TBD,TBD,TBD,TBD,0,25,25,50,58,49,46,54,55,48,50,,,,,,
rou,Romania,cfr-cluj,CFR Cluj,15,CM,TBD,TBD,TBD,TBD,0,25,25,50,58,49,46,54,55,48,50,,,,,,
rou,Romania,cfr-cluj,CFR Cluj,16,CM,TBD,TBD,TBD,TBD,0,25,25,50,58,49,46,54,55,48,50,,,,,,
rou,Romania,cfr-cluj,CFR Cluj,17,CM,TBD,TBD,TBD,TBD,0,25,25,50,58,49,46,54,55,48,50,,,,,,
rou,Romania,cfr-cluj,CFR Cluj,18,CAM,TBD,TBD,TBD,TBD,0,25,25,50,58,53,52,58,60,35,42,,,,,,
rou,Romania,cfr-cluj,CFR Cluj,19,LW,TBD,TBD,TBD,TBD,0,25,25,50,58,63,52,50,61,35,40,,,,,,
rou,Romania,cfr-cluj,CFR Cluj,20,LW,TBD,TBD,TBD,TBD,0,25,25,50,58,63,52,50,61,35,40,,,,,,
rou,Romania,cfr-cluj,CFR Cluj,21,RW,TBD,TBD,TBD,TBD,0,25,25,50,58,63,52,50,61,35,40,,,,,,
rou,Romania,cfr-cluj,CFR Cluj,22,RW,TBD,TBD,TBD,TBD,0,25,25,50,58,63,52,50,61,35,40,,,,,,
rou,Romania,cfr-cluj,CFR Cluj,23,ST,TBD,TBD,TBD,TBD,0,25,25,50,58,58,58,43,56,35,52,,,,,,
rou,Romania,cfr-cluj,CFR Cluj,24,ST,TBD,TBD,TBD,TBD,0,25,25,50,58,58,58,43,56,35,52,,,,,,
rou,Romania,cfr-cluj,CFR Cluj,25,ST,TBD,TBD,TBD,TBD,0,25,25,50,58,58,58,43,56,35,52,,,,,,
bgr,Bulgaria,cska-1948,CSKA 1948 Sofia,1,GK,TBD,TBD,TBD,TBD,0,25,25,45,53,,,,,,,47,45,43,48,35,46
bgr,Bulgaria,cska-1948,CSKA 1948 Sofia,2,GK,TBD,TBD,TBD,TBD,0,25,25,45,53,,,,,,,47,45,43,48,35,46
bgr,Bulgaria,cska-1948,CSKA 1948 Sofia,3,CB,TBD,TBD,TBD,TBD,0,25,25,45,53,37,35,35,35,49,51,,,,,,
bgr,Bulgaria,cska-1948,CSKA 1948 Sofia,4,CB,TBD,TBD,TBD,TBD,0,25,25,45,53,37,35,35,35,49,51,,,,,,
bgr,Bulgaria,cska-1948,CSKA 1948 Sofia,5,CB,TBD,TBD,TBD,TBD,0,25,25,45,53,37,35,35,35,49,51,,,,,,
bgr,Bulgaria,cska-1948,CSKA 1948 Sofia,6,CB,TBD,TBD,TBD,TBD,0,25,25,45,53,37,35,35,35,49,51,,,,,,
bgr,Bulgaria,cska-1948,CSKA 1948 Sofia,7,CB,TBD,TBD,TBD,TBD,0,25,25,45,53,37,35,35,35,49,51,,,,,,
bgr,Bulgaria,cska-1948,CSKA 1948 Sofia,8,LB,TBD,TBD,TBD,TBD,0,25,25,46,54,51,35,44,48,46,47,,,,,,
bgr,Bulgaria,cska-1948,CSKA 1948 Sofia,9,LB,TBD,TBD,TBD,TBD,0,25,25,46,54,51,35,44,48,46,47,,,,,,
bgr,Bulgaria,cska-1948,CSKA 1948 Sofia,10,RB,TBD,TBD,TBD,TBD,0,25,25,46,54,51,35,44,48,46,47,,,,,,
bgr,Bulgaria,cska-1948,CSKA 1948 Sofia,11,RB,TBD,TBD,TBD,TBD,0,25,25,46,54,51,35,44,48,46,47,,,,,,
bgr,Bulgaria,cska-1948,CSKA 1948 Sofia,12,CDM,TBD,TBD,TBD,TBD,0,25,25,46,54,43,35,48,46,50,51,,,,,,
bgr,Bulgaria,cska-1948,CSKA 1948 Sofia,13,CM,TBD,TBD,TBD,TBD,0,25,25,47,55,46,43,51,52,45,47,,,,,,
bgr,Bulgaria,cska-1948,CSKA 1948 Sofia,14,CM,TBD,TBD,TBD,TBD,0,25,25,47,55,46,43,51,52,45,47,,,,,,
bgr,Bulgaria,cska-1948,CSKA 1948 Sofia,15,CM,TBD,TBD,TBD,TBD,0,25,25,47,55,46,43,51,52,45,47,,,,,,
bgr,Bulgaria,cska-1948,CSKA 1948 Sofia,16,CM,TBD,TBD,TBD,TBD,0,25,25,47,55,46,43,51,52,45,47,,,,,,
bgr,Bulgaria,cska-1948,CSKA 1948 Sofia,17,CM,TBD,TBD,TBD,TBD,0,25,25,47,55,46,43,51,52,45,47,,,,,,
bgr,Bulgaria,cska-1948,CSKA 1948 Sofia,18,CAM,TBD,TBD,TBD,TBD,0,25,25,47,55,50,49,55,57,35,39,,,,,,
bgr,Bulgaria,cska-1948,CSKA 1948 Sofia,19,LW,TBD,TBD,TBD,TBD,0,25,25,47,55,60,49,47,58,35,37,,,,,,
bgr,Bulgaria,cska-1948,CSKA 1948 Sofia,20,LW,TBD,TBD,TBD,TBD,0,25,25,47,55,60,49,47,58,35,37,,,,,,
bgr,Bulgaria,cska-1948,CSKA 1948 Sofia,21,RW,TBD,TBD,TBD,TBD,0,25,25,47,55,60,49,47,58,35,37,,,,,,
bgr,Bulgaria,cska-1948,CSKA 1948 Sofia,22,RW,TBD,TBD,TBD,TBD,0,25,25,47,55,60,49,47,58,35,37,,,,,,
bgr,Bulgaria,cska-1948,CSKA 1948 Sofia,23,ST,TBD,TBD,TBD,TBD,0,25,25,47,55,55,55,40,53,35,49,,,,,,
bgr,Bulgaria,cska-1948,CSKA 1948 Sofia,24,ST,TBD,TBD,TBD,TBD,0,25,25,47,55,55,55,40,53,35,49,,,,,,
bgr,Bulgaria,cska-1948,CSKA 1948 Sofia,25,ST,TBD,TBD,TBD,TBD,0,25,25,47,55,55,55,40,53,35,49,,,,,,
bgr,Bulgaria,cska-sofia,CSKA Sofia,1,GK,TBD,TBD,TBD,TBD,0,25,25,45,53,,,,,,,47,45,43,48,35,46
bgr,Bulgaria,cska-sofia,CSKA Sofia,2,GK,TBD,TBD,TBD,TBD,0,25,25,45,53,,,,,,,47,45,43,48,35,46
bgr,Bulgaria,cska-sofia,CSKA Sofia,3,CB,TBD,TBD,TBD,TBD,0,25,25,45,53,37,35,35,35,49,51,,,,,,
bgr,Bulgaria,cska-sofia,CSKA Sofia,4,CB,TBD,TBD,TBD,TBD,0,25,25,45,53,37,35,35,35,49,51,,,,,,
bgr,Bulgaria,cska-sofia,CSKA Sofia,5,CB,TBD,TBD,TBD,TBD,0,25,25,45,53,37,35,35,35,49,51,,,,,,
bgr,Bulgaria,cska-sofia,CSKA Sofia,6,CB,TBD,TBD,TBD,TBD,0,25,25,45,53,37,35,35,35,49,51,,,,,,
bgr,Bulgaria,cska-sofia,CSKA Sofia,7,CB,TBD,TBD,TBD,TBD,0,25,25,45,53,37,35,35,35,49,51,,,,,,
bgr,Bulgaria,cska-sofia,CSKA Sofia,8,LB,TBD,TBD,TBD,TBD,0,25,25,46,54,51,35,44,48,46,47,,,,,,
bgr,Bulgaria,cska-sofia,CSKA Sofia,9,LB,TBD,TBD,TBD,TBD,0,25,25,46,54,51,35,44,48,46,47,,,,,,
bgr,Bulgaria,cska-sofia,CSKA Sofia,10,RB,TBD,TBD,TBD,TBD,0,25,25,46,54,51,35,44,48,46,47,,,,,,
bgr,Bulgaria,cska-sofia,CSKA Sofia,11,RB,TBD,TBD,TBD,TBD,0,25,25,46,54,51,35,44,48,46,47,,,,,,
bgr,Bulgaria,cska-sofia,CSKA Sofia,12,CDM,TBD,TBD,TBD,TBD,0,25,25,46,54,43,35,48,46,50,51,,,,,,
bgr,Bulgaria,cska-sofia,CSKA Sofia,13,CM,TBD,TBD,TBD,TBD,0,25,25,47,55,46,43,51,52,45,47,,,,,,
bgr,Bulgaria,cska-sofia,CSKA Sofia,14,CM,TBD,TBD,TBD,TBD,0,25,25,47,55,46,43,51,52,45,47,,,,,,
bgr,Bulgaria,cska-sofia,CSKA Sofia,15,CM,TBD,TBD,TBD,TBD,0,25,25,47,55,46,43,51,52,45,47,,,,,,
bgr,Bulgaria,cska-sofia,CSKA Sofia,16,CM,TBD,TBD,TBD,TBD,0,25,25,47,55,46,43,51,52,45,47,,,,,,
bgr,Bulgaria,cska-sofia,CSKA Sofia,17,CM,TBD,TBD,TBD,TBD,0,25,25,47,55,46,43,51,52,45,47,,,,,,
bgr,Bulgaria,cska-sofia,CSKA Sofia,18,CAM,TBD,TBD,TBD,TBD,0,25,25,47,55,50,49,55,57,35,39,,,,,,
bgr,Bulgaria,cska-sofia,CSKA Sofia,19,LW,TBD,TBD,TBD,TBD,0,25,25,47,55,60,49,47,58,35,37,,,,,,
bgr,Bulgaria,cska-sofia,CSKA Sofia,20,LW,TBD,TBD,TBD,TBD,0,25,25,47,55,60,49,47,58,35,37,,,,,,
bgr,Bulgaria,cska-sofia,CSKA Sofia,21,RW,TBD,TBD,TBD,TBD,0,25,25,47,55,60,49,47,58,35,37,,,,,,
bgr,Bulgaria,cska-sofia,CSKA Sofia,22,RW,TBD,TBD,TBD,TBD,0,25,25,47,55,60,49,47,58,35,37,,,,,,
bgr,Bulgaria,cska-sofia,CSKA Sofia,23,ST,TBD,TBD,TBD,TBD,0,25,25,47,55,55,55,40,53,35,49,,,,,,
bgr,Bulgaria,cska-sofia,CSKA Sofia,24,ST,TBD,TBD,TBD,TBD,0,25,25,47,55,55,55,40,53,35,49,,,,,,
bgr,Bulgaria,cska-sofia,CSKA Sofia,25,ST,TBD,TBD,TBD,TBD,0,25,25,47,55,55,55,40,53,35,49,,,,,,
ita,Italy,cagliari,Cagliari,1,CB,TBD,TBD,TBD,TBD,25,25,4,60,68,52,35,50,48,64,66,,,,,,
ita,Italy,cagliari,Cagliari,2,CM,TBD,TBD,TBD,TBD,25,25,4,62,70,61,58,66,67,60,62,,,,,,
ita,Italy,cagliari,Cagliari,3,LW,TBD,TBD,TBD,TBD,25,25,4,62,70,75,64,62,73,37,52,,,,,,
ita,Italy,cagliari,Cagliari,4,RW,TBD,TBD,TBD,TBD,25,25,4,62,70,75,64,62,73,37,52,,,,,,
por,Portugal,casa-pia,Casa Pia AC,1,GK,TBD,TBD,TBD,TBD,0,25,25,62,70,,,,,,,64,62,60,65,37,63
por,Portugal,casa-pia,Casa Pia AC,2,GK,TBD,TBD,TBD,TBD,0,25,25,62,70,,,,,,,64,62,60,65,37,63
por,Portugal,casa-pia,Casa Pia AC,3,CB,TBD,TBD,TBD,TBD,0,25,25,62,70,54,35,52,50,66,68,,,,,,
por,Portugal,casa-pia,Casa Pia AC,4,CB,TBD,TBD,TBD,TBD,0,25,25,62,70,54,35,52,50,66,68,,,,,,
por,Portugal,casa-pia,Casa Pia AC,5,CB,TBD,TBD,TBD,TBD,0,25,25,62,70,54,35,52,50,66,68,,,,,,
por,Portugal,casa-pia,Casa Pia AC,6,CB,TBD,TBD,TBD,TBD,0,25,25,62,70,54,35,52,50,66,68,,,,,,
por,Portugal,casa-pia,Casa Pia AC,7,CB,TBD,TBD,TBD,TBD,0,25,25,62,70,54,35,52,50,66,68,,,,,,
por,Portugal,casa-pia,Casa Pia AC,8,LB,TBD,TBD,TBD,TBD,0,25,25,63,71,68,45,61,65,63,64,,,,,,
por,Portugal,casa-pia,Casa Pia AC,9,LB,TBD,TBD,TBD,TBD,0,25,25,63,71,68,45,61,65,63,64,,,,,,
por,Portugal,casa-pia,Casa Pia AC,10,RB,TBD,TBD,TBD,TBD,0,25,25,63,71,68,45,61,65,63,64,,,,,,
por,Portugal,casa-pia,Casa Pia AC,11,RB,TBD,TBD,TBD,TBD,0,25,25,63,71,68,45,61,65,63,64,,,,,,
por,Portugal,casa-pia,Casa Pia AC,12,CDM,TBD,TBD,TBD,TBD,0,25,25,63,71,60,51,65,63,67,68,,,,,,
por,Portugal,casa-pia,Casa Pia AC,13,CM,TBD,TBD,TBD,TBD,0,25,25,64,72,63,60,68,69,62,64,,,,,,
por,Portugal,casa-pia,Casa Pia AC,14,CM,TBD,TBD,TBD,TBD,0,25,25,64,72,63,60,68,69,62,64,,,,,,
por,Portugal,casa-pia,Casa Pia AC,15,CM,TBD,TBD,TBD,TBD,0,25,25,64,72,63,60,68,69,62,64,,,,,,
por,Portugal,casa-pia,Casa Pia AC,16,CM,TBD,TBD,TBD,TBD,0,25,25,64,72,63,60,68,69,62,64,,,,,,
por,Portugal,casa-pia,Casa Pia AC,17,CM,TBD,TBD,TBD,TBD,0,25,25,64,72,63,60,68,69,62,64,,,,,,
por,Portugal,casa-pia,Casa Pia AC,18,CAM,TBD,TBD,TBD,TBD,0,25,25,64,72,67,66,72,74,46,56,,,,,,
por,Portugal,casa-pia,Casa Pia AC,19,LW,TBD,TBD,TBD,TBD,0,25,25,64,72,77,66,64,75,39,54,,,,,,
por,Portugal,casa-pia,Casa Pia AC,20,LW,TBD,TBD,TBD,TBD,0,25,25,64,72,77,66,64,75,39,54,,,,,,
por,Portugal,casa-pia,Casa Pia AC,21,RW,TBD,TBD,TBD,TBD,0,25,25,64,72,77,66,64,75,39,54,,,,,,
por,Portugal,casa-pia,Casa Pia AC,22,RW,TBD,TBD,TBD,TBD,0,25,25,64,72,77,66,64,75,39,54,,,,,,
por,Portugal,casa-pia,Casa Pia AC,23,ST,TBD,TBD,TBD,TBD,0,25,25,64,72,72,72,57,70,35,66,,,,,,
por,Portugal,casa-pia,Casa Pia AC,24,ST,TBD,TBD,TBD,TBD,0,25,25,64,72,72,72,57,70,35,66,,,,,,
por,Portugal,casa-pia,Casa Pia AC,25,ST,TBD,TBD,TBD,TBD,0,25,25,64,72,72,72,57,70,35,66,,,,,,
bel,Belgium,cercle-brugge,Cercle Brugge KSV,1,GK,TBD,TBD,TBD,TBD,0,25,25,65,73,,,,,,,67,65,63,68,40,66
bel,Belgium,cercle-brugge,Cercle Brugge KSV,2,GK,TBD,TBD,TBD,TBD,0,25,25,65,73,,,,,,,67,65,63,68,40,66
bel,Belgium,cercle-brugge,Cercle Brugge KSV,3,CB,TBD,TBD,TBD,TBD,0,25,25,65,73,57,35,55,53,69,71,,,,,,
bel,Belgium,cercle-brugge,Cercle Brugge KSV,4,CB,TBD,TBD,TBD,TBD,0,25,25,65,73,57,35,55,53,69,71,,,,,,
bel,Belgium,cercle-brugge,Cercle Brugge KSV,5,CB,TBD,TBD,TBD,TBD,0,25,25,65,73,57,35,55,53,69,71,,,,,,
bel,Belgium,cercle-brugge,Cercle Brugge KSV,6,CB,TBD,TBD,TBD,TBD,0,25,25,65,73,57,35,55,53,69,71,,,,,,
bel,Belgium,cercle-brugge,Cercle Brugge KSV,7,CB,TBD,TBD,TBD,TBD,0,25,25,65,73,57,35,55,53,69,71,,,,,,
bel,Belgium,cercle-brugge,Cercle Brugge KSV,8,LB,TBD,TBD,TBD,TBD,0,25,25,66,74,71,48,64,68,66,67,,,,,,
bel,Belgium,cercle-brugge,Cercle Brugge KSV,9,LB,TBD,TBD,TBD,TBD,0,25,25,66,74,71,48,64,68,66,67,,,,,,
bel,Belgium,cercle-brugge,Cercle Brugge KSV,10,RB,TBD,TBD,TBD,TBD,0,25,25,66,74,71,48,64,68,66,67,,,,,,
bel,Belgium,cercle-brugge,Cercle Brugge KSV,11,RB,TBD,TBD,TBD,TBD,0,25,25,66,74,71,48,64,68,66,67,,,,,,
bel,Belgium,cercle-brugge,Cercle Brugge KSV,12,CDM,TBD,TBD,TBD,TBD,0,25,25,66,74,63,54,68,66,70,71,,,,,,
bel,Belgium,cercle-brugge,Cercle Brugge KSV,13,CM,TBD,TBD,TBD,TBD,0,25,25,67,75,66,63,71,72,65,67,,,,,,
bel,Belgium,cercle-brugge,Cercle Brugge KSV,14,CM,TBD,TBD,TBD,TBD,0,25,25,67,75,66,63,71,72,65,67,,,,,,
bel,Belgium,cercle-brugge,Cercle Brugge KSV,15,CM,TBD,TBD,TBD,TBD,0,25,25,67,75,66,63,71,72,65,67,,,,,,
bel,Belgium,cercle-brugge,Cercle Brugge KSV,16,CM,TBD,TBD,TBD,TBD,0,25,25,67,75,66,63,71,72,65,67,,,,,,
bel,Belgium,cercle-brugge,Cercle Brugge KSV,17,CM,TBD,TBD,TBD,TBD,0,25,25,67,75,66,63,71,72,65,67,,,,,,
bel,Belgium,cercle-brugge,Cercle Brugge KSV,18,CAM,TBD,TBD,TBD,TBD,0,25,25,67,75,70,69,75,77,49,59,,,,,,
bel,Belgium,cercle-brugge,Cercle Brugge KSV,19,LW,TBD,TBD,TBD,TBD,0,25,25,67,75,80,69,67,78,42,57,,,,,,
bel,Belgium,cercle-brugge,Cercle Brugge KSV,20,LW,TBD,TBD,TBD,TBD,0,25,25,67,75,80,69,67,78,42,57,,,,,,
bel,Belgium,cercle-brugge,Cercle Brugge KSV,21,RW,TBD,TBD,TBD,TBD,0,25,25,67,75,80,69,67,78,42,57,,,,,,
bel,Belgium,cercle-brugge,Cercle Brugge KSV,22,RW,TBD,TBD,TBD,TBD,0,25,25,67,75,80,69,67,78,42,57,,,,,,
bel,Belgium,cercle-brugge,Cercle Brugge KSV,23,ST,TBD,TBD,TBD,TBD,0,25,25,67,75,75,75,60,73,37,69,,,,,,
bel,Belgium,cercle-brugge,Cercle Brugge KSV,24,ST,TBD,TBD,TBD,TBD,0,25,25,67,75,75,75,60,73,37,69,,,,,,
bel,Belgium,cercle-brugge,Cercle Brugge KSV,25,ST,TBD,TBD,TBD,TBD,0,25,25,67,75,75,75,60,73,37,69,,,,,,
bgr,Bulgaria,cherno-more-varna,Cherno More Varna,1,GK,TBD,TBD,TBD,TBD,0,25,25,45,53,,,,,,,47,45,43,48,35,46
bgr,Bulgaria,cherno-more-varna,Cherno More Varna,2,GK,TBD,TBD,TBD,TBD,0,25,25,45,53,,,,,,,47,45,43,48,35,46
bgr,Bulgaria,cherno-more-varna,Cherno More Varna,3,CB,TBD,TBD,TBD,TBD,0,25,25,45,53,37,35,35,35,49,51,,,,,,
bgr,Bulgaria,cherno-more-varna,Cherno More Varna,4,CB,TBD,TBD,TBD,TBD,0,25,25,45,53,37,35,35,35,49,51,,,,,,
bgr,Bulgaria,cherno-more-varna,Cherno More Varna,5,CB,TBD,TBD,TBD,TBD,0,25,25,45,53,37,35,35,35,49,51,,,,,,
bgr,Bulgaria,cherno-more-varna,Cherno More Varna,6,CB,TBD,TBD,TBD,TBD,0,25,25,45,53,37,35,35,35,49,51,,,,,,
bgr,Bulgaria,cherno-more-varna,Cherno More Varna,7,CB,TBD,TBD,TBD,TBD,0,25,25,45,53,37,35,35,35,49,51,,,,,,
bgr,Bulgaria,cherno-more-varna,Cherno More Varna,8,LB,TBD,TBD,TBD,TBD,0,25,25,46,54,51,35,44,48,46,47,,,,,,
bgr,Bulgaria,cherno-more-varna,Cherno More Varna,9,LB,TBD,TBD,TBD,TBD,0,25,25,46,54,51,35,44,48,46,47,,,,,,
bgr,Bulgaria,cherno-more-varna,Cherno More Varna,10,RB,TBD,TBD,TBD,TBD,0,25,25,46,54,51,35,44,48,46,47,,,,,,
bgr,Bulgaria,cherno-more-varna,Cherno More Varna,11,RB,TBD,TBD,TBD,TBD,0,25,25,46,54,51,35,44,48,46,47,,,,,,
bgr,Bulgaria,cherno-more-varna,Cherno More Varna,12,CDM,TBD,TBD,TBD,TBD,0,25,25,46,54,43,35,48,46,50,51,,,,,,
bgr,Bulgaria,cherno-more-varna,Cherno More Varna,13,CM,TBD,TBD,TBD,TBD,0,25,25,47,55,46,43,51,52,45,47,,,,,,
bgr,Bulgaria,cherno-more-varna,Cherno More Varna,14,CM,TBD,TBD,TBD,TBD,0,25,25,47,55,46,43,51,52,45,47,,,,,,
bgr,Bulgaria,cherno-more-varna,Cherno More Varna,15,CM,TBD,TBD,TBD,TBD,0,25,25,47,55,46,43,51,52,45,47,,,,,,
bgr,Bulgaria,cherno-more-varna,Cherno More Varna,16,CM,TBD,TBD,TBD,TBD,0,25,25,47,55,46,43,51,52,45,47,,,,,,
bgr,Bulgaria,cherno-more-varna,Cherno More Varna,17,CM,TBD,TBD,TBD,TBD,0,25,25,47,55,46,43,51,52,45,47,,,,,,
bgr,Bulgaria,cherno-more-varna,Cherno More Varna,18,CAM,TBD,TBD,TBD,TBD,0,25,25,47,55,50,49,55,57,35,39,,,,,,
bgr,Bulgaria,cherno-more-varna,Cherno More Varna,19,LW,TBD,TBD,TBD,TBD,0,25,25,47,55,60,49,47,58,35,37,,,,,,
bgr,Bulgaria,cherno-more-varna,Cherno More Varna,20,LW,TBD,TBD,TBD,TBD,0,25,25,47,55,60,49,47,58,35,37,,,,,,
bgr,Bulgaria,cherno-more-varna,Cherno More Varna,21,RW,TBD,TBD,TBD,TBD,0,25,25,47,55,60,49,47,58,35,37,,,,,,
bgr,Bulgaria,cherno-more-varna,Cherno More Varna,22,RW,TBD,TBD,TBD,TBD,0,25,25,47,55,60,49,47,58,35,37,,,,,,
bgr,Bulgaria,cherno-more-varna,Cherno More Varna,23,ST,TBD,TBD,TBD,TBD,0,25,25,47,55,55,55,40,53,35,49,,,,,,
bgr,Bulgaria,cherno-more-varna,Cherno More Varna,24,ST,TBD,TBD,TBD,TBD,0,25,25,47,55,55,55,40,53,35,49,,,,,,
bgr,Bulgaria,cherno-more-varna,Cherno More Varna,25,ST,TBD,TBD,TBD,TBD,0,25,25,47,55,55,55,40,53,35,49,,,,,,
ukr,Ukraine,chornomorets-odesa,Chornomorets Odesa,1,GK,TBD,TBD,TBD,TBD,0,25,25,45,53,,,,,,,47,45,43,48,35,46
ukr,Ukraine,chornomorets-odesa,Chornomorets Odesa,2,GK,TBD,TBD,TBD,TBD,0,25,25,45,53,,,,,,,47,45,43,48,35,46
ukr,Ukraine,chornomorets-odesa,Chornomorets Odesa,3,CB,TBD,TBD,TBD,TBD,0,25,25,45,53,37,35,35,35,49,51,,,,,,
ukr,Ukraine,chornomorets-odesa,Chornomorets Odesa,4,CB,TBD,TBD,TBD,TBD,0,25,25,45,53,37,35,35,35,49,51,,,,,,
ukr,Ukraine,chornomorets-odesa,Chornomorets Odesa,5,CB,TBD,TBD,TBD,TBD,0,25,25,45,53,37,35,35,35,49,51,,,,,,
ukr,Ukraine,chornomorets-odesa,Chornomorets Odesa,6,CB,TBD,TBD,TBD,TBD,0,25,25,45,53,37,35,35,35,49,51,,,,,,
ukr,Ukraine,chornomorets-odesa,Chornomorets Odesa,7,CB,TBD,TBD,TBD,TBD,0,25,25,45,53,37,35,35,35,49,51,,,,,,
ukr,Ukraine,chornomorets-odesa,Chornomorets Odesa,8,LB,TBD,TBD,TBD,TBD,0,25,25,46,54,51,35,44,48,46,47,,,,,,
ukr,Ukraine,chornomorets-odesa,Chornomorets Odesa,9,LB,TBD,TBD,TBD,TBD,0,25,25,46,54,51,35,44,48,46,47,,,,,,
ukr,Ukraine,chornomorets-odesa,Chornomorets Odesa,10,RB,TBD,TBD,TBD,TBD,0,25,25,46,54,51,35,44,48,46,47,,,,,,
ukr,Ukraine,chornomorets-odesa,Chornomorets Odesa,11,RB,TBD,TBD,TBD,TBD,0,25,25,46,54,51,35,44,48,46,47,,,,,,
ukr,Ukraine,chornomorets-odesa,Chornomorets Odesa,12,CDM,TBD,TBD,TBD,TBD,0,25,25,46,54,43,35,48,46,50,51,,,,,,
ukr,Ukraine,chornomorets-odesa,Chornomorets Odesa,13,CM,TBD,TBD,TBD,TBD,0,25,25,47,55,46,43,51,52,45,47,,,,,,
ukr,Ukraine,chornomorets-odesa,Chornomorets Odesa,14,CM,TBD,TBD,TBD,TBD,0,25,25,47,55,46,43,51,52,45,47,,,,,,
ukr,Ukraine,chornomorets-odesa,Chornomorets Odesa,15,CM,TBD,TBD,TBD,TBD,0,25,25,47,55,46,43,51,52,45,47,,,,,,
ukr,Ukraine,chornomorets-odesa,Chornomorets Odesa,16,CM,TBD,TBD,TBD,TBD,0,25,25,47,55,46,43,51,52,45,47,,,,,,
ukr,Ukraine,chornomorets-odesa,Chornomorets Odesa,17,CM,TBD,TBD,TBD,TBD,0,25,25,47,55,46,43,51,52,45,47,,,,,,
ukr,Ukraine,chornomorets-odesa,Chornomorets Odesa,18,CAM,TBD,TBD,TBD,TBD,0,25,25,47,55,50,49,55,57,35,39,,,,,,
ukr,Ukraine,chornomorets-odesa,Chornomorets Odesa,19,LW,TBD,TBD,TBD,TBD,0,25,25,47,55,60,49,47,58,35,37,,,,,,
ukr,Ukraine,chornomorets-odesa,Chornomorets Odesa,20,LW,TBD,TBD,TBD,TBD,0,25,25,47,55,60,49,47,58,35,37,,,,,,
ukr,Ukraine,chornomorets-odesa,Chornomorets Odesa,21,RW,TBD,TBD,TBD,TBD,0,25,25,47,55,60,49,47,58,35,37,,,,,,
ukr,Ukraine,chornomorets-odesa,Chornomorets Odesa,22,RW,TBD,TBD,TBD,TBD,0,25,25,47,55,60,49,47,58,35,37,,,,,,
ukr,Ukraine,chornomorets-odesa,Chornomorets Odesa,23,ST,TBD,TBD,TBD,TBD,0,25,25,47,55,55,55,40,53,35,49,,,,,,
ukr,Ukraine,chornomorets-odesa,Chornomorets Odesa,24,ST,TBD,TBD,TBD,TBD,0,25,25,47,55,55,55,40,53,35,49,,,,,,
ukr,Ukraine,chornomorets-odesa,Chornomorets Odesa,25,ST,TBD,TBD,TBD,TBD,0,25,25,47,55,55,55,40,53,35,49,,,,,,
ita,Italy,como,Como 1907,1,CB,TBD,TBD,TBD,TBD,25,25,4,59,67,51,35,49,47,63,65,,,,,,
ita,Italy,como,Como 1907,2,LB,TBD,TBD,TBD,TBD,25,25,4,60,68,65,42,58,62,60,61,,,,,,
ita,Italy,como,Como 1907,3,CM,TBD,TBD,TBD,TBD,25,25,4,61,69,60,57,65,66,59,61,,,,,,
ita,Italy,como,Como 1907,4,CM,TBD,TBD,TBD,TBD,25,25,4,61,69,60,57,65,66,59,61,,,,,,
cyp,Cyprus,cyp,Cypriot First Division,1,GK,TBD,TBD,TBD,TBD,0,25,25,45,53,,,,,,,47,45,43,48,35,46
cyp,Cyprus,cyp,Cypriot First Division,2,GK,TBD,TBD,TBD,TBD,0,25,25,45,53,,,,,,,47,45,43,48,35,46
cyp,Cyprus,cyp,Cypriot First Division,3,CB,TBD,TBD,TBD,TBD,0,25,25,45,53,37,35,35,35,49,51,,,,,,
cyp,Cyprus,cyp,Cypriot First Division,4,CB,TBD,TBD,TBD,TBD,0,25,25,45,53,37,35,35,35,49,51,,,,,,
cyp,Cyprus,cyp,Cypriot First Division,5,CB,TBD,TBD,TBD,TBD,0,25,25,45,53,37,35,35,35,49,51,,,,,,
cyp,Cyprus,cyp,Cypriot First Division,6,CB,TBD,TBD,TBD,TBD,0,25,25,45,53,37,35,35,35,49,51,,,,,,
cyp,Cyprus,cyp,Cypriot First Division,7,CB,TBD,TBD,TBD,TBD,0,25,25,45,53,37,35,35,35,49,51,,,,,,
cyp,Cyprus,cyp,Cypriot First Division,8,LB,TBD,TBD,TBD,TBD,0,25,25,46,54,51,35,44,48,46,47,,,,,,
cyp,Cyprus,cyp,Cypriot First Division,9,LB,TBD,TBD,TBD,TBD,0,25,25,46,54,51,35,44,48,46,47,,,,,,
cyp,Cyprus,cyp,Cypriot First Division,10,RB,TBD,TBD,TBD,TBD,0,25,25,46,54,51,35,44,48,46,47,,,,,,
cyp,Cyprus,cyp,Cypriot First Division,11,RB,TBD,TBD,TBD,TBD,0,25,25,46,54,51,35,44,48,46,47,,,,,,
cyp,Cyprus,cyp,Cypriot First Division,12,CDM,TBD,TBD,TBD,TBD,0,25,25,46,54,43,35,48,46,50,51,,,,,,
cyp,Cyprus,cyp,Cypriot First Division,13,CM,TBD,TBD,TBD,TBD,0,25,25,47,55,46,43,51,52,45,47,,,,,,
cyp,Cyprus,cyp,Cypriot First Division,14,CM,TBD,TBD,TBD,TBD,0,25,25,47,55,46,43,51,52,45,47,,,,,,
cyp,Cyprus,cyp,Cypriot First Division,15,CM,TBD,TBD,TBD,TBD,0,25,25,47,55,46,43,51,52,45,47,,,,,,
cyp,Cyprus,cyp,Cypriot First Division,16,CM,TBD,TBD,TBD,TBD,0,25,25,47,55,46,43,51,52,45,47,,,,,,
cyp,Cyprus,cyp,Cypriot First Division,17,CM,TBD,TBD,TBD,TBD,0,25,25,47,55,46,43,51,52,45,47,,,,,,
cyp,Cyprus,cyp,Cypriot First Division,18,CAM,TBD,TBD,TBD,TBD,0,25,25,47,55,50,49,55,57,35,39,,,,,,
cyp,Cyprus,cyp,Cypriot First Division,19,LW,TBD,TBD,TBD,TBD,0,25,25,47,55,60,49,47,58,35,37,,,,,,
cyp,Cyprus,cyp,Cypriot First Division,20,LW,TBD,TBD,TBD,TBD,0,25,25,47,55,60,49,47,58,35,37,,,,,,
cyp,Cyprus,cyp,Cypriot First Division,21,RW,TBD,TBD,TBD,TBD,0,25,25,47,55,60,49,47,58,35,37,,,,,,
cyp,Cyprus,cyp,Cypriot First Division,22,RW,TBD,TBD,TBD,TBD,0,25,25,47,55,60,49,47,58,35,37,,,,,,
cyp,Cyprus,cyp,Cypriot First Division,23,ST,TBD,TBD,TBD,TBD,0,25,25,47,55,55,55,40,53,35,49,,,,,,
cyp,Cyprus,cyp,Cypriot First Division,24,ST,TBD,TBD,TBD,TBD,0,25,25,47,55,55,55,40,53,35,49,,,,,,
cyp,Cyprus,cyp,Cypriot First Division,25,ST,TBD,TBD,TBD,TBD,0,25,25,47,55,55,55,40,53,35,49,,,,,,
cze,Czechia,cze,Czech First League,1,GK,TBD,TBD,TBD,TBD,0,25,25,59,67,,,,,,,61,59,57,62,35,60
cze,Czechia,cze,Czech First League,2,GK,TBD,TBD,TBD,TBD,0,25,25,59,67,,,,,,,61,59,57,62,35,60
cze,Czechia,cze,Czech First League,3,CB,TBD,TBD,TBD,TBD,0,25,25,59,67,51,35,49,47,63,65,,,,,,
cze,Czechia,cze,Czech First League,4,CB,TBD,TBD,TBD,TBD,0,25,25,59,67,51,35,49,47,63,65,,,,,,
cze,Czechia,cze,Czech First League,5,CB,TBD,TBD,TBD,TBD,0,25,25,59,67,51,35,49,47,63,65,,,,,,
cze,Czechia,cze,Czech First League,6,CB,TBD,TBD,TBD,TBD,0,25,25,59,67,51,35,49,47,63,65,,,,,,
cze,Czechia,cze,Czech First League,7,CB,TBD,TBD,TBD,TBD,0,25,25,59,67,51,35,49,47,63,65,,,,,,
cze,Czechia,cze,Czech First League,8,LB,TBD,TBD,TBD,TBD,0,25,25,60,68,65,42,58,62,60,61,,,,,,
cze,Czechia,cze,Czech First League,9,LB,TBD,TBD,TBD,TBD,0,25,25,60,68,65,42,58,62,60,61,,,,,,
cze,Czechia,cze,Czech First League,10,RB,TBD,TBD,TBD,TBD,0,25,25,60,68,65,42,58,62,60,61,,,,,,
cze,Czechia,cze,Czech First League,11,RB,TBD,TBD,TBD,TBD,0,25,25,60,68,65,42,58,62,60,61,,,,,,
cze,Czechia,cze,Czech First League,12,CDM,TBD,TBD,TBD,TBD,0,25,25,60,68,57,48,62,60,64,65,,,,,,
cze,Czechia,cze,Czech First League,13,CM,TBD,TBD,TBD,TBD,0,25,25,61,69,60,57,65,66,59,61,,,,,,
cze,Czechia,cze,Czech First League,14,CM,TBD,TBD,TBD,TBD,0,25,25,61,69,60,57,65,66,59,61,,,,,,
cze,Czechia,cze,Czech First League,15,CM,TBD,TBD,TBD,TBD,0,25,25,61,69,60,57,65,66,59,61,,,,,,
cze,Czechia,cze,Czech First League,16,CM,TBD,TBD,TBD,TBD,0,25,25,61,69,60,57,65,66,59,61,,,,,,
cze,Czechia,cze,Czech First League,17,CM,TBD,TBD,TBD,TBD,0,25,25,61,69,60,57,65,66,59,61,,,,,,
cze,Czechia,cze,Czech First League,18,CAM,TBD,TBD,TBD,TBD,0,25,25,61,69,64,63,69,71,43,53,,,,,,
cze,Czechia,cze,Czech First League,19,LW,TBD,TBD,TBD,TBD,0,25,25,61,69,74,63,61,72,36,51,,,,,,
cze,Czechia,cze,Czech First League,20,LW,TBD,TBD,TBD,TBD,0,25,25,61,69,74,63,61,72,36,51,,,,,,
cze,Czechia,cze,Czech First League,21,RW,TBD,TBD,TBD,TBD,0,25,25,61,69,74,63,61,72,36,51,,,,,,
cze,Czechia,cze,Czech First League,22,RW,TBD,TBD,TBD,TBD,0,25,25,61,69,74,63,61,72,36,51,,,,,,
cze,Czechia,cze,Czech First League,23,ST,TBD,TBD,TBD,TBD,0,25,25,61,69,69,69,54,67,35,63,,,,,,
cze,Czechia,cze,Czech First League,24,ST,TBD,TBD,TBD,TBD,0,25,25,61,69,69,69,54,67,35,63,,,,,,
cze,Czechia,cze,Czech First League,25,ST,TBD,TBD,TBD,TBD,0,25,25,61,69,69,69,54,67,35,63,,,,,,
svk,Slovakia,dac-dunajska-streda,DAC Dunajská Streda,1,GK,TBD,TBD,TBD,TBD,0,25,25,45,53,,,,,,,47,45,43,48,35,46
svk,Slovakia,dac-dunajska-streda,DAC Dunajská Streda,2,GK,TBD,TBD,TBD,TBD,0,25,25,45,53,,,,,,,47,45,43,48,35,46
svk,Slovakia,dac-dunajska-streda,DAC Dunajská Streda,3,CB,TBD,TBD,TBD,TBD,0,25,25,45,53,37,35,35,35,49,51,,,,,,
svk,Slovakia,dac-dunajska-streda,DAC Dunajská Streda,4,CB,TBD,TBD,TBD,TBD,0,25,25,45,53,37,35,35,35,49,51,,,,,,
svk,Slovakia,dac-dunajska-streda,DAC Dunajská Streda,5,CB,TBD,TBD,TBD,TBD,0,25,25,45,53,37,35,35,35,49,51,,,,,,
svk,Slovakia,dac-dunajska-streda,DAC Dunajská Streda,6,CB,TBD,TBD,TBD,TBD,0,25,25,45,53,37,35,35,35,49,51,,,,,,
svk,Slovakia,dac-dunajska-streda,DAC Dunajská Streda,7,CB,TBD,TBD,TBD,TBD,0,25,25,45,53,37,35,35,35,49,51,,,,,,
svk,Slovakia,dac-dunajska-streda,DAC Dunajská Streda,8,LB,TBD,TBD,TBD,TBD,0,25,25,46,54,51,35,44,48,46,47,,,,,,
svk,Slovakia,dac-dunajska-streda,DAC Dunajská Streda,9,LB,TBD,TBD,TBD,TBD,0,25,25,46,54,51,35,44,48,46,47,,,,,,
svk,Slovakia,dac-dunajska-streda,DAC Dunajská Streda,10,RB,TBD,TBD,TBD,TBD,0,25,25,46,54,51,35,44,48,46,47,,,,,,
svk,Slovakia,dac-dunajska-streda,DAC Dunajská Streda,11,RB,TBD,TBD,TBD,TBD,0,25,25,46,54,51,35,44,48,46,47,,,,,,
svk,Slovakia,dac-dunajska-streda,DAC Dunajská Streda,12,CDM,TBD,TBD,TBD,TBD,0,25,25,46,54,43,35,48,46,50,51,,,,,,
svk,Slovakia,dac-dunajska-streda,DAC Dunajská Streda,13,CM,TBD,TBD,TBD,TBD,0,25,25,47,55,46,43,51,52,45,47,,,,,,
svk,Slovakia,dac-dunajska-streda,DAC Dunajská Streda,14,CM,TBD,TBD,TBD,TBD,0,25,25,47,55,46,43,51,52,45,47,,,,,,
svk,Slovakia,dac-dunajska-streda,DAC Dunajská Streda,15,CM,TBD,TBD,TBD,TBD,0,25,25,47,55,46,43,51,52,45,47,,,,,,
svk,Slovakia,dac-dunajska-streda,DAC Dunajská Streda,16,CM,TBD,TBD,TBD,TBD,0,25,25,47,55,46,43,51,52,45,47,,,,,,
svk,Slovakia,dac-dunajska-streda,DAC Dunajská Streda,17,CM,TBD,TBD,TBD,TBD,0,25,25,47,55,46,43,51,52,45,47,,,,,,
svk,Slovakia,dac-dunajska-streda,DAC Dunajská Streda,18,CAM,TBD,TBD,TBD,TBD,0,25,25,47,55,50,49,55,57,35,39,,,,,,
svk,Slovakia,dac-dunajska-streda,DAC Dunajská Streda,19,LW,TBD,TBD,TBD,TBD,0,25,25,47,55,60,49,47,58,35,37,,,,,,
svk,Slovakia,dac-dunajska-streda,DAC Dunajská Streda,20,LW,TBD,TBD,TBD,TBD,0,25,25,47,55,60,49,47,58,35,37,,,,,,
svk,Slovakia,dac-dunajska-streda,DAC Dunajská Streda,21,RW,TBD,TBD,TBD,TBD,0,25,25,47,55,60,49,47,58,35,37,,,,,,
svk,Slovakia,dac-dunajska-streda,DAC Dunajská Streda,22,RW,TBD,TBD,TBD,TBD,0,25,25,47,55,60,49,47,58,35,37,,,,,,
svk,Slovakia,dac-dunajska-streda,DAC Dunajská Streda,23,ST,TBD,TBD,TBD,TBD,0,25,25,47,55,55,55,40,53,35,49,,,,,,
svk,Slovakia,dac-dunajska-streda,DAC Dunajská Streda,24,ST,TBD,TBD,TBD,TBD,0,25,25,47,55,55,55,40,53,35,49,,,,,,
svk,Slovakia,dac-dunajska-streda,DAC Dunajská Streda,25,ST,TBD,TBD,TBD,TBD,0,25,25,47,55,55,55,40,53,35,49,,,,,,
hun,Hungary,debrecen,Debreceni VSC,1,GK,TBD,TBD,TBD,TBD,0,25,25,49,57,,,,,,,51,49,47,52,35,50
hun,Hungary,debrecen,Debreceni VSC,2,GK,TBD,TBD,TBD,TBD,0,25,25,49,57,,,,,,,51,49,47,52,35,50
hun,Hungary,debrecen,Debreceni VSC,3,CB,TBD,TBD,TBD,TBD,0,25,25,49,57,41,35,39,37,53,55,,,,,,
hun,Hungary,debrecen,Debreceni VSC,4,CB,TBD,TBD,TBD,TBD,0,25,25,49,57,41,35,39,37,53,55,,,,,,
hun,Hungary,debrecen,Debreceni VSC,5,CB,TBD,TBD,TBD,TBD,0,25,25,49,57,41,35,39,37,53,55,,,,,,
hun,Hungary,debrecen,Debreceni VSC,6,CB,TBD,TBD,TBD,TBD,0,25,25,49,57,41,35,39,37,53,55,,,,,,
hun,Hungary,debrecen,Debreceni VSC,7,CB,TBD,TBD,TBD,TBD,0,25,25,49,57,41,35,39,37,53,55,,,,,,
hun,Hungary,debrecen,Debreceni VSC,8,LB,TBD,TBD,TBD,TBD,0,25,25,50,58,55,35,48,52,50,51,,,,,,
hun,Hungary,debrecen,Debreceni VSC,9,LB,TBD,TBD,TBD,TBD,0,25,25,50,58,55,35,48,52,50,51,,,,,,
hun,Hungary,debrecen,Debreceni VSC,10,RB,TBD,TBD,TBD,TBD,0,25,25,50,58,55,35,48,52,50,51,,,,,,
hun,Hungary,debrecen,Debreceni VSC,11,RB,TBD,TBD,TBD,TBD,0,25,25,50,58,55,35,48,52,50,51,,,,,,
hun,Hungary,debrecen,Debreceni VSC,12,CDM,TBD,TBD,TBD,TBD,0,25,25,50,58,47,38,52,50,54,55,,,,,,
hun,Hungary,debrecen,Debreceni VSC,13,CM,TBD,TBD,TBD,TBD,0,25,25,51,59,50,47,55,56,49,51,,,,,,
hun,Hungary,debrecen,Debreceni VSC,14,CM,TBD,TBD,TBD,TBD,0,25,25,51,59,50,47,55,56,49,51,,,,,,
hun,Hungary,debrecen,Debreceni VSC,15,CM,TBD,TBD,TBD,TBD,0,25,25,51,59,50,47,55,56,49,51,,,,,,
hun,Hungary,debrecen,Debreceni VSC,16,CM,TBD,TBD,TBD,TBD,0,25,25,51,59,50,47,55,56,49,51,,,,,,
hun,Hungary,debrecen,Debreceni VSC,17,CM,TBD,TBD,TBD,TBD,0,25,25,51,59,50,47,55,56,49,51,,,,,,
hun,Hungary,debrecen,Debreceni VSC,18,CAM,TBD,TBD,TBD,TBD,0,25,25,51,59,54,53,59,61,35,43,,,,,,
hun,Hungary,debrecen,Debreceni VSC,19,LW,TBD,TBD,TBD,TBD,0,25,25,51,59,64,53,51,62,35,41,,,,,,
hun,Hungary,debrecen,Debreceni VSC,20,LW,TBD,TBD,TBD,TBD,0,25,25,51,59,64,53,51,62,35,41,,,,,,
hun,Hungary,debrecen,Debreceni VSC,21,RW,TBD,TBD,TBD,TBD,0,25,25,51,59,64,53,51,62,35,41,,,,,,
hun,Hungary,debrecen,Debreceni VSC,22,RW,TBD,TBD,TBD,TBD,0,25,25,51,59,64,53,51,62,35,41,,,,,,
hun,Hungary,debrecen,Debreceni VSC,23,ST,TBD,TBD,TBD,TBD,0,25,25,51,59,59,59,44,57,35,53,,,,,,
hun,Hungary,debrecen,Debreceni VSC,24,ST,TBD,TBD,TBD,TBD,0,25,25,51,59,59,59,44,57,35,53,,,,,,
hun,Hungary,debrecen,Debreceni VSC,25,ST,TBD,TBD,TBD,TBD,0,25,25,51,59,59,59,44,57,35,53,,,,,,
rou,Romania,dinamo-bucuresti,Dinamo București,1,GK,TBD,TBD,TBD,TBD,0,25,25,45,53,,,,,,,47,45,43,48,35,46
rou,Romania,dinamo-bucuresti,Dinamo București,2,GK,TBD,TBD,TBD,TBD,0,25,25,45,53,,,,,,,47,45,43,48,35,46
rou,Romania,dinamo-bucuresti,Dinamo București,3,CB,TBD,TBD,TBD,TBD,0,25,25,45,53,37,35,35,35,49,51,,,,,,
rou,Romania,dinamo-bucuresti,Dinamo București,4,CB,TBD,TBD,TBD,TBD,0,25,25,45,53,37,35,35,35,49,51,,,,,,
rou,Romania,dinamo-bucuresti,Dinamo București,5,CB,TBD,TBD,TBD,TBD,0,25,25,45,53,37,35,35,35,49,51,,,,,,
rou,Romania,dinamo-bucuresti,Dinamo București,6,CB,TBD,TBD,TBD,TBD,0,25,25,45,53,37,35,35,35,49,51,,,,,,
rou,Romania,dinamo-bucuresti,Dinamo București,7,CB,TBD,TBD,TBD,TBD,0,25,25,45,53,37,35,35,35,49,51,,,,,,
rou,Romania,dinamo-bucuresti,Dinamo București,8,LB,TBD,TBD,TBD,TBD,0,25,25,46,54,51,35,44,48,46,47,,,,,,
rou,Romania,dinamo-bucuresti,Dinamo București,9,LB,TBD,TBD,TBD,TBD,0,25,25,46,54,51,35,44,48,46,47,,,,,,
rou,Romania,dinamo-bucuresti,Dinamo București,10,RB,TBD,TBD,TBD,TBD,0,25,25,46,54,51,35,44,48,46,47,,,,,,
rou,Romania,dinamo-bucuresti,Dinamo București,11,RB,TBD,TBD,TBD,TBD,0,25,25,46,54,51,35,44,48,46,47,,,,,,
rou,Romania,dinamo-bucuresti,Dinamo București,12,CDM,TBD,TBD,TBD,TBD,0,25,25,46,54,43,35,48,46,50,51,,,,,,
rou,Romania,dinamo-bucuresti,Dinamo București,13,CM,TBD,TBD,TBD,TBD,0,25,25,47,55,46,43,51,52,45,47,,,,,,
rou,Romania,dinamo-bucuresti,Dinamo București,14,CM,TBD,TBD,TBD,TBD,0,25,25,47,55,46,43,51,52,45,47,,,,,,
rou,Romania,dinamo-bucuresti,Dinamo București,15,CM,TBD,TBD,TBD,TBD,0,25,25,47,55,46,43,51,52,45,47,,,,,,
rou,Romania,dinamo-bucuresti,Dinamo București,16,CM,TBD,TBD,TBD,TBD,0,25,25,47,55,46,43,51,52,45,47,,,,,,
rou,Romania,dinamo-bucuresti,Dinamo București,17,CM,TBD,TBD,TBD,TBD,0,25,25,47,55,46,43,51,52,45,47,,,,,,
rou,Romania,dinamo-bucuresti,Dinamo București,18,CAM,TBD,TBD,TBD,TBD,0,25,25,47,55,50,49,55,57,35,39,,,,,,
rou,Romania,dinamo-bucuresti,Dinamo București,19,LW,TBD,TBD,TBD,TBD,0,25,25,47,55,60,49,47,58,35,37,,,,,,
rou,Romania,dinamo-bucuresti,Dinamo București,20,LW,TBD,TBD,TBD,TBD,0,25,25,47,55,60,49,47,58,35,37,,,,,,
rou,Romania,dinamo-bucuresti,Dinamo București,21,RW,TBD,TBD,TBD,TBD,0,25,25,47,55,60,49,47,58,35,37,,,,,,
rou,Romania,dinamo-bucuresti,Dinamo București,22,RW,TBD,TBD,TBD,TBD,0,25,25,47,55,60,49,47,58,35,37,,,,,,
rou,Romania,dinamo-bucuresti,Dinamo București,23,ST,TBD,TBD,TBD,TBD,0,25,25,47,55,55,55,40,53,35,49,,,,,,
rou,Romania,dinamo-bucuresti,Dinamo București,24,ST,TBD,TBD,TBD,TBD,0,25,25,47,55,55,55,40,53,35,49,,,,,,
rou,Romania,dinamo-bucuresti,Dinamo București,25,ST,TBD,TBD,TBD,TBD,0,25,25,47,55,55,55,40,53,35,49,,,,,,
hun,Hungary,diosgyori,Diósgyőri VTK,1,GK,TBD,TBD,TBD,TBD,0,25,25,45,53,,,,,,,47,45,43,48,35,46
hun,Hungary,diosgyori,Diósgyőri VTK,2,GK,TBD,TBD,TBD,TBD,0,25,25,45,53,,,,,,,47,45,43,48,35,46
hun,Hungary,diosgyori,Diósgyőri VTK,3,CB,TBD,TBD,TBD,TBD,0,25,25,45,53,37,35,35,35,49,51,,,,,,
hun,Hungary,diosgyori,Diósgyőri VTK,4,CB,TBD,TBD,TBD,TBD,0,25,25,45,53,37,35,35,35,49,51,,,,,,
hun,Hungary,diosgyori,Diósgyőri VTK,5,CB,TBD,TBD,TBD,TBD,0,25,25,45,53,37,35,35,35,49,51,,,,,,
hun,Hungary,diosgyori,Diósgyőri VTK,6,CB,TBD,TBD,TBD,TBD,0,25,25,45,53,37,35,35,35,49,51,,,,,,
hun,Hungary,diosgyori,Diósgyőri VTK,7,CB,TBD,TBD,TBD,TBD,0,25,25,45,53,37,35,35,35,49,51,,,,,,
hun,Hungary,diosgyori,Diósgyőri VTK,8,LB,TBD,TBD,TBD,TBD,0,25,25,46,54,51,35,44,48,46,47,,,,,,
hun,Hungary,diosgyori,Diósgyőri VTK,9,LB,TBD,TBD,TBD,TBD,0,25,25,46,54,51,35,44,48,46,47,,,,,,
hun,Hungary,diosgyori,Diósgyőri VTK,10,RB,TBD,TBD,TBD,TBD,0,25,25,46,54,51,35,44,48,46,47,,,,,,
hun,Hungary,diosgyori,Diósgyőri VTK,11,RB,TBD,TBD,TBD,TBD,0,25,25,46,54,51,35,44,48,46,47,,,,,,
hun,Hungary,diosgyori,Diósgyőri VTK,12,CDM,TBD,TBD,TBD,TBD,0,25,25,46,54,43,35,48,46,50,51,,,,,,
hun,Hungary,diosgyori,Diósgyőri VTK,13,CM,TBD,TBD,TBD,TBD,0,25,25,47,55,46,43,51,52,45,47,,,,,,
hun,Hungary,diosgyori,Diósgyőri VTK,14,CM,TBD,TBD,TBD,TBD,0,25,25,47,55,46,43,51,52,45,47,,,,,,
hun,Hungary,diosgyori,Diósgyőri VTK,15,CM,TBD,TBD,TBD,TBD,0,25,25,47,55,46,43,51,52,45,47,,,,,,
hun,Hungary,diosgyori,Diósgyőri VTK,16,CM,TBD,TBD,TBD,TBD,0,25,25,47,55,46,43,51,52,45,47,,,,,,
hun,Hungary,diosgyori,Diósgyőri VTK,17,CM,TBD,TBD,TBD,TBD,0,25,25,47,55,46,43,51,52,45,47,,,,,,
hun,Hungary,diosgyori,Diósgyőri VTK,18,CAM,TBD,TBD,TBD,TBD,0,25,25,47,55,50,49,55,57,35,39,,,,,,
hun,Hungary,diosgyori,Diósgyőri VTK,19,LW,TBD,TBD,TBD,TBD,0,25,25,47,55,60,49,47,58,35,37,,,,,,
hun,Hungary,diosgyori,Diósgyőri VTK,20,LW,TBD,TBD,TBD,TBD,0,25,25,47,55,60,49,47,58,35,37,,,,,,
hun,Hungary,diosgyori,Diósgyőri VTK,21,RW,TBD,TBD,TBD,TBD,0,25,25,47,55,60,49,47,58,35,37,,,,,,
hun,Hungary,diosgyori,Diósgyőri VTK,22,RW,TBD,TBD,TBD,TBD,0,25,25,47,55,60,49,47,58,35,37,,,,,,
hun,Hungary,diosgyori,Diósgyőri VTK,23,ST,TBD,TBD,TBD,TBD,0,25,25,47,55,55,55,40,53,35,49,,,,,,
hun,Hungary,diosgyori,Diósgyőri VTK,24,ST,TBD,TBD,TBD,TBD,0,25,25,47,55,55,55,40,53,35,49,,,,,,
hun,Hungary,diosgyori,Diósgyőri VTK,25,ST,TBD,TBD,TBD,TBD,0,25,25,47,55,55,55,40,53,35,49,,,,,,
swe,Sweden,djurgarden,Djurgårdens IF,1,GK,TBD,TBD,TBD,TBD,0,25,25,55,63,,,,,,,57,55,53,58,35,56
swe,Sweden,djurgarden,Djurgårdens IF,2,GK,TBD,TBD,TBD,TBD,0,25,25,55,63,,,,,,,57,55,53,58,35,56
swe,Sweden,djurgarden,Djurgårdens IF,3,CB,TBD,TBD,TBD,TBD,0,25,25,55,63,47,35,45,43,59,61,,,,,,
swe,Sweden,djurgarden,Djurgårdens IF,4,CB,TBD,TBD,TBD,TBD,0,25,25,55,63,47,35,45,43,59,61,,,,,,
swe,Sweden,djurgarden,Djurgårdens IF,5,CB,TBD,TBD,TBD,TBD,0,25,25,55,63,47,35,45,43,59,61,,,,,,
swe,Sweden,djurgarden,Djurgårdens IF,6,CB,TBD,TBD,TBD,TBD,0,25,25,55,63,47,35,45,43,59,61,,,,,,
swe,Sweden,djurgarden,Djurgårdens IF,7,CB,TBD,TBD,TBD,TBD,0,25,25,55,63,47,35,45,43,59,61,,,,,,
swe,Sweden,djurgarden,Djurgårdens IF,8,LB,TBD,TBD,TBD,TBD,0,25,25,56,64,61,38,54,58,56,57,,,,,,
swe,Sweden,djurgarden,Djurgårdens IF,9,LB,TBD,TBD,TBD,TBD,0,25,25,56,64,61,38,54,58,56,57,,,,,,
swe,Sweden,djurgarden,Djurgårdens IF,10,RB,TBD,TBD,TBD,TBD,0,25,25,56,64,61,38,54,58,56,57,,,,,,
swe,Sweden,djurgarden,Djurgårdens IF,11,RB,TBD,TBD,TBD,TBD,0,25,25,56,64,61,38,54,58,56,57,,,,,,
swe,Sweden,djurgarden,Djurgårdens IF,12,CDM,TBD,TBD,TBD,TBD,0,25,25,56,64,53,44,58,56,60,61,,,,,,
swe,Sweden,djurgarden,Djurgårdens IF,13,CM,TBD,TBD,TBD,TBD,0,25,25,57,65,56,53,61,62,55,57,,,,,,
swe,Sweden,djurgarden,Djurgårdens IF,14,CM,TBD,TBD,TBD,TBD,0,25,25,57,65,56,53,61,62,55,57,,,,,,
swe,Sweden,djurgarden,Djurgårdens IF,15,CM,TBD,TBD,TBD,TBD,0,25,25,57,65,56,53,61,62,55,57,,,,,,
swe,Sweden,djurgarden,Djurgårdens IF,16,CM,TBD,TBD,TBD,TBD,0,25,25,57,65,56,53,61,62,55,57,,,,,,
swe,Sweden,djurgarden,Djurgårdens IF,17,CM,TBD,TBD,TBD,TBD,0,25,25,57,65,56,53,61,62,55,57,,,,,,
swe,Sweden,djurgarden,Djurgårdens IF,18,CAM,TBD,TBD,TBD,TBD,0,25,25,57,65,60,59,65,67,39,49,,,,,,
swe,Sweden,djurgarden,Djurgårdens IF,19,LW,TBD,TBD,TBD,TBD,0,25,25,57,65,70,59,57,68,35,47,,,,,,
swe,Sweden,djurgarden,Djurgårdens IF,20,LW,TBD,TBD,TBD,TBD,0,25,25,57,65,70,59,57,68,35,47,,,,,,
swe,Sweden,djurgarden,Djurgårdens IF,21,RW,TBD,TBD,TBD,TBD,0,25,25,57,65,70,59,57,68,35,47,,,,,,
swe,Sweden,djurgarden,Djurgårdens IF,22,RW,TBD,TBD,TBD,TBD,0,25,25,57,65,70,59,57,68,35,47,,,,,,
swe,Sweden,djurgarden,Djurgårdens IF,23,ST,TBD,TBD,TBD,TBD,0,25,25,57,65,65,65,50,63,35,59,,,,,,
swe,Sweden,djurgarden,Djurgårdens IF,24,ST,TBD,TBD,TBD,TBD,0,25,25,57,65,65,65,50,63,35,59,,,,,,
swe,Sweden,djurgarden,Djurgårdens IF,25,ST,TBD,TBD,TBD,TBD,0,25,25,57,65,65,65,50,63,35,59,,,,,,
cyp,Cyprus,doxa-katokopias,Doxa Katokopias,1,GK,TBD,TBD,TBD,TBD,0,25,25,45,53,,,,,,,47,45,43,48,35,46
cyp,Cyprus,doxa-katokopias,Doxa Katokopias,2,GK,TBD,TBD,TBD,TBD,0,25,25,45,53,,,,,,,47,45,43,48,35,46
cyp,Cyprus,doxa-katokopias,Doxa Katokopias,3,CB,TBD,TBD,TBD,TBD,0,25,25,45,53,37,35,35,35,49,51,,,,,,
cyp,Cyprus,doxa-katokopias,Doxa Katokopias,4,CB,TBD,TBD,TBD,TBD,0,25,25,45,53,37,35,35,35,49,51,,,,,,
cyp,Cyprus,doxa-katokopias,Doxa Katokopias,5,CB,TBD,TBD,TBD,TBD,0,25,25,45,53,37,35,35,35,49,51,,,,,,
cyp,Cyprus,doxa-katokopias,Doxa Katokopias,6,CB,TBD,TBD,TBD,TBD,0,25,25,45,53,37,35,35,35,49,51,,,,,,
cyp,Cyprus,doxa-katokopias,Doxa Katokopias,7,CB,TBD,TBD,TBD,TBD,0,25,25,45,53,37,35,35,35,49,51,,,,,,
cyp,Cyprus,doxa-katokopias,Doxa Katokopias,8,LB,TBD,TBD,TBD,TBD,0,25,25,46,54,51,35,44,48,46,47,,,,,,
cyp,Cyprus,doxa-katokopias,Doxa Katokopias,9,LB,TBD,TBD,TBD,TBD,0,25,25,46,54,51,35,44,48,46,47,,,,,,
cyp,Cyprus,doxa-katokopias,Doxa Katokopias,10,RB,TBD,TBD,TBD,TBD,0,25,25,46,54,51,35,44,48,46,47,,,,,,
cyp,Cyprus,doxa-katokopias,Doxa Katokopias,11,RB,TBD,TBD,TBD,TBD,0,25,25,46,54,51,35,44,48,46,47,,,,,,
cyp,Cyprus,doxa-katokopias,Doxa Katokopias,12,CDM,TBD,TBD,TBD,TBD,0,25,25,46,54,43,35,48,46,50,51,,,,,,
cyp,Cyprus,doxa-katokopias,Doxa Katokopias,13,CM,TBD,TBD,TBD,TBD,0,25,25,47,55,46,43,51,52,45,47,,,,,,
cyp,Cyprus,doxa-katokopias,Doxa Katokopias,14,CM,TBD,TBD,TBD,TBD,0,25,25,47,55,46,43,51,52,45,47,,,,,,
cyp,Cyprus,doxa-katokopias,Doxa Katokopias,15,CM,TBD,TBD,TBD,TBD,0,25,25,47,55,46,43,51,52,45,47,,,,,,
cyp,Cyprus,doxa-katokopias,Doxa Katokopias,16,CM,TBD,TBD,TBD,TBD,0,25,25,47,55,46,43,51,52,45,47,,,,,,
cyp,Cyprus,doxa-katokopias,Doxa Katokopias,17,CM,TBD,TBD,TBD,TBD,0,25,25,47,55,46,43,51,52,45,47,,,,,,
cyp,Cyprus,doxa-katokopias,Doxa Katokopias,18,CAM,TBD,TBD,TBD,TBD,0,25,25,47,55,50,49,55,57,35,39,,,,,,
cyp,Cyprus,doxa-katokopias,Doxa Katokopias,19,LW,TBD,TBD,TBD,TBD,0,25,25,47,55,60,49,47,58,35,37,,,,,,
cyp,Cyprus,doxa-katokopias,Doxa Katokopias,20,LW,TBD,TBD,TBD,TBD,0,25,25,47,55,60,49,47,58,35,37,,,,,,
cyp,Cyprus,doxa-katokopias,Doxa Katokopias,21,RW,TBD,TBD,TBD,TBD,0,25,25,47,55,60,49,47,58,35,37,,,,,,
cyp,Cyprus,doxa-katokopias,Doxa Katokopias,22,RW,TBD,TBD,TBD,TBD,0,25,25,47,55,60,49,47,58,35,37,,,,,,
cyp,Cyprus,doxa-katokopias,Doxa Katokopias,23,ST,TBD,TBD,TBD,TBD,0,25,25,47,55,55,55,40,53,35,49,,,,,,
cyp,Cyprus,doxa-katokopias,Doxa Katokopias,24,ST,TBD,TBD,TBD,TBD,0,25,25,47,55,55,55,40,53,35,49,,,,,,
cyp,Cyprus,doxa-katokopias,Doxa Katokopias,25,ST,TBD,TBD,TBD,TBD,0,25,25,47,55,55,55,40,53,35,49,,,,,,
sco,Scotland,dundee,Dundee FC,1,GK,TBD,TBD,TBD,TBD,0,25,25,45,53,,,,,,,47,45,43,48,35,46
sco,Scotland,dundee,Dundee FC,2,GK,TBD,TBD,TBD,TBD,0,25,25,45,53,,,,,,,47,45,43,48,35,46
sco,Scotland,dundee,Dundee FC,3,CB,TBD,TBD,TBD,TBD,0,25,25,45,53,37,35,35,35,49,51,,,,,,
sco,Scotland,dundee,Dundee FC,4,CB,TBD,TBD,TBD,TBD,0,25,25,45,53,37,35,35,35,49,51,,,,,,
sco,Scotland,dundee,Dundee FC,5,CB,TBD,TBD,TBD,TBD,0,25,25,45,53,37,35,35,35,49,51,,,,,,
sco,Scotland,dundee,Dundee FC,6,CB,TBD,TBD,TBD,TBD,0,25,25,45,53,37,35,35,35,49,51,,,,,,
sco,Scotland,dundee,Dundee FC,7,CB,TBD,TBD,TBD,TBD,0,25,25,45,53,37,35,35,35,49,51,,,,,,
sco,Scotland,dundee,Dundee FC,8,LB,TBD,TBD,TBD,TBD,0,25,25,46,54,51,35,44,48,46,47,,,,,,
sco,Scotland,dundee,Dundee FC,9,LB,TBD,TBD,TBD,TBD,0,25,25,46,54,51,35,44,48,46,47,,,,,,
sco,Scotland,dundee,Dundee FC,10,RB,TBD,TBD,TBD,TBD,0,25,25,46,54,51,35,44,48,46,47,,,,,,
sco,Scotland,dundee,Dundee FC,11,RB,TBD,TBD,TBD,TBD,0,25,25,46,54,51,35,44,48,46,47,,,,,,
sco,Scotland,dundee,Dundee FC,12,CDM,TBD,TBD,TBD,TBD,0,25,25,46,54,43,35,48,46,50,51,,,,,,
sco,Scotland,dundee,Dundee FC,13,CM,TBD,TBD,TBD,TBD,0,25,25,47,55,46,43,51,52,45,47,,,,,,
sco,Scotland,dundee,Dundee FC,14,CM,TBD,TBD,TBD,TBD,0,25,25,47,55,46,43,51,52,45,47,,,,,,
sco,Scotland,dundee,Dundee FC,15,CM,TBD,TBD,TBD,TBD,0,25,25,47,55,46,43,51,52,45,47,,,,,,
sco,Scotland,dundee,Dundee FC,16,CM,TBD,TBD,TBD,TBD,0,25,25,47,55,46,43,51,52,45,47,,,,,,
sco,Scotland,dundee,Dundee FC,17,CM,TBD,TBD,TBD,TBD,0,25,25,47,55,46,43,51,52,45,47,,,,,,
sco,Scotland,dundee,Dundee FC,18,CAM,TBD,TBD,TBD,TBD,0,25,25,47,55,50,49,55,57,35,39,,,,,,
sco,Scotland,dundee,Dundee FC,19,LW,TBD,TBD,TBD,TBD,0,25,25,47,55,60,49,47,58,35,37,,,,,,
sco,Scotland,dundee,Dundee FC,20,LW,TBD,TBD,TBD,TBD,0,25,25,47,55,60,49,47,58,35,37,,,,,,
sco,Scotland,dundee,Dundee FC,21,RW,TBD,TBD,TBD,TBD,0,25,25,47,55,60,49,47,58,35,37,,,,,,
sco,Scotland,dundee,Dundee FC,22,RW,TBD,TBD,TBD,TBD,0,25,25,47,55,60,49,47,58,35,37,,,,,,
sco,Scotland,dundee,Dundee FC,23,ST,TBD,TBD,TBD,TBD,0,25,25,47,55,55,55,40,53,35,49,,,,,,
sco,Scotland,dundee,Dundee FC,24,ST,TBD,TBD,TBD,TBD,0,25,25,47,55,55,55,40,53,35,49,,,,,,
sco,Scotland,dundee,Dundee FC,25,ST,TBD,TBD,TBD,TBD,0,25,25,47,55,55,55,40,53,35,49,,,,,,
sco,Scotland,dundee-united,Dundee United,1,GK,TBD,TBD,TBD,TBD,0,25,25,47,55,,,,,,,49,47,45,50,35,48
sco,Scotland,dundee-united,Dundee United,2,GK,TBD,TBD,TBD,TBD,0,25,25,47,55,,,,,,,49,47,45,50,35,48
sco,Scotland,dundee-united,Dundee United,3,CB,TBD,TBD,TBD,TBD,0,25,25,47,55,39,35,37,35,51,53,,,,,,
sco,Scotland,dundee-united,Dundee United,4,CB,TBD,TBD,TBD,TBD,0,25,25,47,55,39,35,37,35,51,53,,,,,,
sco,Scotland,dundee-united,Dundee United,5,CB,TBD,TBD,TBD,TBD,0,25,25,47,55,39,35,37,35,51,53,,,,,,
sco,Scotland,dundee-united,Dundee United,6,CB,TBD,TBD,TBD,TBD,0,25,25,47,55,39,35,37,35,51,53,,,,,,
sco,Scotland,dundee-united,Dundee United,7,CB,TBD,TBD,TBD,TBD,0,25,25,47,55,39,35,37,35,51,53,,,,,,
sco,Scotland,dundee-united,Dundee United,8,LB,TBD,TBD,TBD,TBD,0,25,25,48,56,53,35,46,50,48,49,,,,,,
sco,Scotland,dundee-united,Dundee United,9,LB,TBD,TBD,TBD,TBD,0,25,25,48,56,53,35,46,50,48,49,,,,,,
sco,Scotland,dundee-united,Dundee United,10,RB,TBD,TBD,TBD,TBD,0,25,25,48,56,53,35,46,50,48,49,,,,,,
sco,Scotland,dundee-united,Dundee United,11,RB,TBD,TBD,TBD,TBD,0,25,25,48,56,53,35,46,50,48,49,,,,,,
sco,Scotland,dundee-united,Dundee United,12,CDM,TBD,TBD,TBD,TBD,0,25,25,48,56,45,36,50,48,52,53,,,,,,
sco,Scotland,dundee-united,Dundee United,13,CM,TBD,TBD,TBD,TBD,0,25,25,49,57,48,45,53,54,47,49,,,,,,
sco,Scotland,dundee-united,Dundee United,14,CM,TBD,TBD,TBD,TBD,0,25,25,49,57,48,45,53,54,47,49,,,,,,
sco,Scotland,dundee-united,Dundee United,15,CM,TBD,TBD,TBD,TBD,0,25,25,49,57,48,45,53,54,47,49,,,,,,
sco,Scotland,dundee-united,Dundee United,16,CM,TBD,TBD,TBD,TBD,0,25,25,49,57,48,45,53,54,47,49,,,,,,
sco,Scotland,dundee-united,Dundee United,17,CM,TBD,TBD,TBD,TBD,0,25,25,49,57,48,45,53,54,47,49,,,,,,
sco,Scotland,dundee-united,Dundee United,18,CAM,TBD,TBD,TBD,TBD,0,25,25,49,57,52,51,57,59,35,41,,,,,,
sco,Scotland,dundee-united,Dundee United,19,LW,TBD,TBD,TBD,TBD,0,25,25,49,57,62,51,49,60,35,39,,,,,,
sco,Scotland,dundee-united,Dundee United,20,LW,TBD,TBD,TBD,TBD,0,25,25,49,57,62,51,49,60,35,39,,,,,,
sco,Scotland,dundee-united,Dundee United,21,RW,TBD,TBD,TBD,TBD,0,25,25,49,57,62,51,49,60,35,39,,,,,,
sco,Scotland,dundee-united,Dundee United,22,RW,TBD,TBD,TBD,TBD,0,25,25,49,57,62,51,49,60,35,39,,,,,,
sco,Scotland,dundee-united,Dundee United,23,ST,TBD,TBD,TBD,TBD,0,25,25,49,57,57,57,42,55,35,51,,,,,,
sco,Scotland,dundee-united,Dundee United,24,ST,TBD,TBD,TBD,TBD,0,25,25,49,57,57,57,42,55,35,51,,,,,,
sco,Scotland,dundee-united,Dundee United,25,ST,TBD,TBD,TBD,TBD,0,25,25,49,57,57,57,42,55,35,51,,,,,,
ukr,Ukraine,dynamo-kyiv,Dynamo Kyiv,1,GK,TBD,TBD,TBD,TBD,0,25,25,55,63,,,,,,,57,55,53,58,35,56
ukr,Ukraine,dynamo-kyiv,Dynamo Kyiv,2,GK,TBD,TBD,TBD,TBD,0,25,25,55,63,,,,,,,57,55,53,58,35,56
ukr,Ukraine,dynamo-kyiv,Dynamo Kyiv,3,CB,TBD,TBD,TBD,TBD,0,25,25,55,63,47,35,45,43,59,61,,,,,,
ukr,Ukraine,dynamo-kyiv,Dynamo Kyiv,4,CB,TBD,TBD,TBD,TBD,0,25,25,55,63,47,35,45,43,59,61,,,,,,
ukr,Ukraine,dynamo-kyiv,Dynamo Kyiv,5,CB,TBD,TBD,TBD,TBD,0,25,25,55,63,47,35,45,43,59,61,,,,,,
ukr,Ukraine,dynamo-kyiv,Dynamo Kyiv,6,CB,TBD,TBD,TBD,TBD,0,25,25,55,63,47,35,45,43,59,61,,,,,,
ukr,Ukraine,dynamo-kyiv,Dynamo Kyiv,7,CB,TBD,TBD,TBD,TBD,0,25,25,55,63,47,35,45,43,59,61,,,,,,
ukr,Ukraine,dynamo-kyiv,Dynamo Kyiv,8,LB,TBD,TBD,TBD,TBD,0,25,25,56,64,61,38,54,58,56,57,,,,,,
ukr,Ukraine,dynamo-kyiv,Dynamo Kyiv,9,LB,TBD,TBD,TBD,TBD,0,25,25,56,64,61,38,54,58,56,57,,,,,,
ukr,Ukraine,dynamo-kyiv,Dynamo Kyiv,10,RB,TBD,TBD,TBD,TBD,0,25,25,56,64,61,38,54,58,56,57,,,,,,
ukr,Ukraine,dynamo-kyiv,Dynamo Kyiv,11,RB,TBD,TBD,TBD,TBD,0,25,25,56,64,61,38,54,58,56,57,,,,,,
ukr,Ukraine,dynamo-kyiv,Dynamo Kyiv,12,CDM,TBD,TBD,TBD,TBD,0,25,25,56,64,53,44,58,56,60,61,,,,,,
ukr,Ukraine,dynamo-kyiv,Dynamo Kyiv,13,CM,TBD,TBD,TBD,TBD,0,25,25,57,65,56,53,61,62,55,57,,,,,,
ukr,Ukraine,dynamo-kyiv,Dynamo Kyiv,14,CM,TBD,TBD,TBD,TBD,0,25,25,57,65,56,53,61,62,55,57,,,,,,
ukr,Ukraine,dynamo-kyiv,Dynamo Kyiv,15,CM,TBD,TBD,TBD,TBD,0,25,25,57,65,56,53,61,62,55,57,,,,,,
ukr,Ukraine,dynamo-kyiv,Dynamo Kyiv,16,CM,TBD,TBD,TBD,TBD,0,25,25,57,65,56,53,61,62,55,57,,,,,,
ukr,Ukraine,dynamo-kyiv,Dynamo Kyiv,17,CM,TBD,TBD,TBD,TBD,0,25,25,57,65,56,53,61,62,55,57,,,,,,
ukr,Ukraine,dynamo-kyiv,Dynamo Kyiv,18,CAM,TBD,TBD,TBD,TBD,0,25,25,57,65,60,59,65,67,39,49,,,,,,
ukr,Ukraine,dynamo-kyiv,Dynamo Kyiv,19,LW,TBD,TBD,TBD,TBD,0,25,25,57,65,70,59,57,68,35,47,,,,,,
ukr,Ukraine,dynamo-kyiv,Dynamo Kyiv,20,LW,TBD,TBD,TBD,TBD,0,25,25,57,65,70,59,57,68,35,47,,,,,,
ukr,Ukraine,dynamo-kyiv,Dynamo Kyiv,21,RW,TBD,TBD,TBD,TBD,0,25,25,57,65,70,59,57,68,35,47,,,,,,
ukr,Ukraine,dynamo-kyiv,Dynamo Kyiv,22,RW,TBD,TBD,TBD,TBD,0,25,25,57,65,70,59,57,68,35,47,,,,,,
ukr,Ukraine,dynamo-kyiv,Dynamo Kyiv,23,ST,TBD,TBD,TBD,TBD,0,25,25,57,65,65,65,50,63,35,59,,,,,,
ukr,Ukraine,dynamo-kyiv,Dynamo Kyiv,24,ST,TBD,TBD,TBD,TBD,0,25,25,57,65,65,65,50,63,35,59,,,,,,
ukr,Ukraine,dynamo-kyiv,Dynamo Kyiv,25,ST,TBD,TBD,TBD,TBD,0,25,25,57,65,65,65,50,63,35,59,,,,,,
ger,Germany,eintracht-frankfurt,Eintracht Frankfurt,1,CB,TBD,TBD,TBD,TBD,25,25,3,75,80,67,45,65,63,79,81,,,,,,
ger,Germany,eintracht-frankfurt,Eintracht Frankfurt,2,CM,TBD,TBD,TBD,TBD,25,25,3,77,82,76,73,81,82,75,77,,,,,,
ger,Germany,eintracht-frankfurt,Eintracht Frankfurt,3,RW,TBD,TBD,TBD,TBD,25,25,3,77,82,90,79,77,88,52,67,,,,,,
pol,Poland,pol,Ekstraklasa,1,GK,TBD,TBD,TBD,TBD,0,25,25,59,67,,,,,,,61,59,57,62,35,60
pol,Poland,pol,Ekstraklasa,2,GK,TBD,TBD,TBD,TBD,0,25,25,59,67,,,,,,,61,59,57,62,35,60
pol,Poland,pol,Ekstraklasa,3,CB,TBD,TBD,TBD,TBD,0,25,25,59,67,51,35,49,47,63,65,,,,,,
pol,Poland,pol,Ekstraklasa,4,CB,TBD,TBD,TBD,TBD,0,25,25,59,67,51,35,49,47,63,65,,,,,,
pol,Poland,pol,Ekstraklasa,5,CB,TBD,TBD,TBD,TBD,0,25,25,59,67,51,35,49,47,63,65,,,,,,
pol,Poland,pol,Ekstraklasa,6,CB,TBD,TBD,TBD,TBD,0,25,25,59,67,51,35,49,47,63,65,,,,,,
pol,Poland,pol,Ekstraklasa,7,CB,TBD,TBD,TBD,TBD,0,25,25,59,67,51,35,49,47,63,65,,,,,,
pol,Poland,pol,Ekstraklasa,8,LB,TBD,TBD,TBD,TBD,0,25,25,60,68,65,42,58,62,60,61,,,,,,
pol,Poland,pol,Ekstraklasa,9,LB,TBD,TBD,TBD,TBD,0,25,25,60,68,65,42,58,62,60,61,,,,,,
pol,Poland,pol,Ekstraklasa,10,RB,TBD,TBD,TBD,TBD,0,25,25,60,68,65,42,58,62,60,61,,,,,,
pol,Poland,pol,Ekstraklasa,11,RB,TBD,TBD,TBD,TBD,0,25,25,60,68,65,42,58,62,60,61,,,,,,
pol,Poland,pol,Ekstraklasa,12,CDM,TBD,TBD,TBD,TBD,0,25,25,60,68,57,48,62,60,64,65,,,,,,
pol,Poland,pol,Ekstraklasa,13,CM,TBD,TBD,TBD,TBD,0,25,25,61,69,60,57,65,66,59,61,,,,,,
pol,Poland,pol,Ekstraklasa,14,CM,TBD,TBD,TBD,TBD,0,25,25,61,69,60,57,65,66,59,61,,,,,,
pol,Poland,pol,Ekstraklasa,15,CM,TBD,TBD,TBD,TBD,0,25,25,61,69,60,57,65,66,59,61,,,,,,
pol,Poland,pol,Ekstraklasa,16,CM,TBD,TBD,TBD,TBD,0,25,25,61,69,60,57,65,66,59,61,,,,,,
pol,Poland,pol,Ekstraklasa,17,CM,TBD,TBD,TBD,TBD,0,25,25,61,69,60,57,65,66,59,61,,,,,,
pol,Poland,pol,Ekstraklasa,18,CAM,TBD,TBD,TBD,TBD,0,25,25,61,69,64,63,69,71,43,53,,,,,,
pol,Poland,pol,Ekstraklasa,19,LW,TBD,TBD,TBD,TBD,0,25,25,61,69,74,63,61,72,36,51,,,,,,
pol,Poland,pol,Ekstraklasa,20,LW,TBD,TBD,TBD,TBD,0,25,25,61,69,74,63,61,72,36,51,,,,,,
pol,Poland,pol,Ekstraklasa,21,RW,TBD,TBD,TBD,TBD,0,25,25,61,69,74,63,61,72,36,51,,,,,,
pol,Poland,pol,Ekstraklasa,22,RW,TBD,TBD,TBD,TBD,0,25,25,61,69,74,63,61,72,36,51,,,,,,
pol,Poland,pol,Ekstraklasa,23,ST,TBD,TBD,TBD,TBD,0,25,25,61,69,69,69,54,67,35,63,,,,,,
pol,Poland,pol,Ekstraklasa,24,ST,TBD,TBD,TBD,TBD,0,25,25,61,69,69,69,54,67,35,63,,,,,,
pol,Poland,pol,Ekstraklasa,25,ST,TBD,TBD,TBD,TBD,0,25,25,61,69,69,69,54,67,35,63,,,,,,
nor,Norway,nor,Eliteserien,1,GK,TBD,TBD,TBD,TBD,0,25,25,59,67,,,,,,,61,59,57,62,35,60
nor,Norway,nor,Eliteserien,2,GK,TBD,TBD,TBD,TBD,0,25,25,59,67,,,,,,,61,59,57,62,35,60
nor,Norway,nor,Eliteserien,3,CB,TBD,TBD,TBD,TBD,0,25,25,59,67,51,35,49,47,63,65,,,,,,
nor,Norway,nor,Eliteserien,4,CB,TBD,TBD,TBD,TBD,0,25,25,59,67,51,35,49,47,63,65,,,,,,
nor,Norway,nor,Eliteserien,5,CB,TBD,TBD,TBD,TBD,0,25,25,59,67,51,35,49,47,63,65,,,,,,
nor,Norway,nor,Eliteserien,6,CB,TBD,TBD,TBD,TBD,0,25,25,59,67,51,35,49,47,63,65,,,,,,
nor,Norway,nor,Eliteserien,7,CB,TBD,TBD,TBD,TBD,0,25,25,59,67,51,35,49,47,63,65,,,,,,
nor,Norway,nor,Eliteserien,8,LB,TBD,TBD,TBD,TBD,0,25,25,60,68,65,42,58,62,60,61,,,,,,
nor,Norway,nor,Eliteserien,9,LB,TBD,TBD,TBD,TBD,0,25,25,60,68,65,42,58,62,60,61,,,,,,
nor,Norway,nor,Eliteserien,10,RB,TBD,TBD,TBD,TBD,0,25,25,60,68,65,42,58,62,60,61,,,,,,
nor,Norway,nor,Eliteserien,11,RB,TBD,TBD,TBD,TBD,0,25,25,60,68,65,42,58,62,60,61,,,,,,
nor,Norway,nor,Eliteserien,12,CDM,TBD,TBD,TBD,TBD,0,25,25,60,68,57,48,62,60,64,65,,,,,,
nor,Norway,nor,Eliteserien,13,CM,TBD,TBD,TBD,TBD,0,25,25,61,69,60,57,65,66,59,61,,,,,,
nor,Norway,nor,Eliteserien,14,CM,TBD,TBD,TBD,TBD,0,25,25,61,69,60,57,65,66,59,61,,,,,,
nor,Norway,nor,Eliteserien,15,CM,TBD,TBD,TBD,TBD,0,25,25,61,69,60,57,65,66,59,61,,,,,,
nor,Norway,nor,Eliteserien,16,CM,TBD,TBD,TBD,TBD,0,25,25,61,69,60,57,65,66,59,61,,,,,,
nor,Norway,nor,Eliteserien,17,CM,TBD,TBD,TBD,TBD,0,25,25,61,69,60,57,65,66,59,61,,,,,,
nor,Norway,nor,Eliteserien,18,CAM,TBD,TBD,TBD,TBD,0,25,25,61,69,64,63,69,71,43,53,,,,,,
nor,Norway,nor,Eliteserien,19,LW,TBD,TBD,TBD,TBD,0,25,25,61,69,74,63,61,72,36,51,,,,,,
nor,Norway,nor,Eliteserien,20,LW,TBD,TBD,TBD,TBD,0,25,25,61,69,74,63,61,72,36,51,,,,,,
nor,Norway,nor,Eliteserien,21,RW,TBD,TBD,TBD,TBD,0,25,25,61,69,74,63,61,72,36,51,,,,,,
nor,Norway,nor,Eliteserien,22,RW,TBD,TBD,TBD,TBD,0,25,25,61,69,74,63,61,72,36,51,,,,,,
nor,Norway,nor,Eliteserien,23,ST,TBD,TBD,TBD,TBD,0,25,25,61,69,69,69,54,67,35,63,,,,,,
nor,Norway,nor,Eliteserien,24,ST,TBD,TBD,TBD,TBD,0,25,25,61,69,69,69,54,67,35,63,,,,,,
nor,Norway,nor,Eliteserien,25,ST,TBD,TBD,TBD,TBD,0,25,25,61,69,69,69,54,67,35,63,,,,,,
ita,Italy,empoli,Empoli FC,1,CB,TBD,TBD,TBD,TBD,25,25,2,59,67,51,35,49,47,63,65,,,,,,
ita,Italy,empoli,Empoli FC,2,LB,TBD,TBD,TBD,TBD,25,25,2,60,68,65,42,58,62,60,61,,,,,,
cyp,Cyprus,enosis-neon-paralimni,Enosis Neon Paralimni,1,GK,TBD,TBD,TBD,TBD,0,25,25,45,53,,,,,,,47,45,43,48,35,46
cyp,Cyprus,enosis-neon-paralimni,Enosis Neon Paralimni,2,GK,TBD,TBD,TBD,TBD,0,25,25,45,53,,,,,,,47,45,43,48,35,46
cyp,Cyprus,enosis-neon-paralimni,Enosis Neon Paralimni,3,CB,TBD,TBD,TBD,TBD,0,25,25,45,53,37,35,35,35,49,51,,,,,,
cyp,Cyprus,enosis-neon-paralimni,Enosis Neon Paralimni,4,CB,TBD,TBD,TBD,TBD,0,25,25,45,53,37,35,35,35,49,51,,,,,,
cyp,Cyprus,enosis-neon-paralimni,Enosis Neon Paralimni,5,CB,TBD,TBD,TBD,TBD,0,25,25,45,53,37,35,35,35,49,51,,,,,,
cyp,Cyprus,enosis-neon-paralimni,Enosis Neon Paralimni,6,CB,TBD,TBD,TBD,TBD,0,25,25,45,53,37,35,35,35,49,51,,,,,,
cyp,Cyprus,enosis-neon-paralimni,Enosis Neon Paralimni,7,CB,TBD,TBD,TBD,TBD,0,25,25,45,53,37,35,35,35,49,51,,,,,,
cyp,Cyprus,enosis-neon-paralimni,Enosis Neon Paralimni,8,LB,TBD,TBD,TBD,TBD,0,25,25,46,54,51,35,44,48,46,47,,,,,,
cyp,Cyprus,enosis-neon-paralimni,Enosis Neon Paralimni,9,LB,TBD,TBD,TBD,TBD,0,25,25,46,54,51,35,44,48,46,47,,,,,,
cyp,Cyprus,enosis-neon-paralimni,Enosis Neon Paralimni,10,RB,TBD,TBD,TBD,TBD,0,25,25,46,54,51,35,44,48,46,47,,,,,,
cyp,Cyprus,enosis-neon-paralimni,Enosis Neon Paralimni,11,RB,TBD,TBD,TBD,TBD,0,25,25,46,54,51,35,44,48,46,47,,,,,,
cyp,Cyprus,enosis-neon-paralimni,Enosis Neon Paralimni,12,CDM,TBD,TBD,TBD,TBD,0,25,25,46,54,43,35,48,46,50,51,,,,,,
cyp,Cyprus,enosis-neon-paralimni,Enosis Neon Paralimni,13,CM,TBD,TBD,TBD,TBD,0,25,25,47,55,46,43,51,52,45,47,,,,,,
cyp,Cyprus,enosis-neon-paralimni,Enosis Neon Paralimni,14,CM,TBD,TBD,TBD,TBD,0,25,25,47,55,46,43,51,52,45,47,,,,,,
cyp,Cyprus,enosis-neon-paralimni,Enosis Neon Paralimni,15,CM,TBD,TBD,TBD,TBD,0,25,25,47,55,46,43,51,52,45,47,,,,,,
cyp,Cyprus,enosis-neon-paralimni,Enosis Neon Paralimni,16,CM,TBD,TBD,TBD,TBD,0,25,25,47,55,46,43,51,52,45,47,,,,,,
cyp,Cyprus,enosis-neon-paralimni,Enosis Neon Paralimni,17,CM,TBD,TBD,TBD,TBD,0,25,25,47,55,46,43,51,52,45,47,,,,,,
cyp,Cyprus,enosis-neon-paralimni,Enosis Neon Paralimni,18,CAM,TBD,TBD,TBD,TBD,0,25,25,47,55,50,49,55,57,35,39,,,,,,
cyp,Cyprus,enosis-neon-paralimni,Enosis Neon Paralimni,19,LW,TBD,TBD,TBD,TBD,0,25,25,47,55,60,49,47,58,35,37,,,,,,
cyp,Cyprus,enosis-neon-paralimni,Enosis Neon Paralimni,20,LW,TBD,TBD,TBD,TBD,0,25,25,47,55,60,49,47,58,35,37,,,,,,
cyp,Cyprus,enosis-neon-paralimni,Enosis Neon Paralimni,21,RW,TBD,TBD,TBD,TBD,0,25,25,47,55,60,49,47,58,35,37,,,,,,
cyp,Cyprus,enosis-neon-paralimni,Enosis Neon Paralimni,22,RW,TBD,TBD,TBD,TBD,0,25,25,47,55,60,49,47,58,35,37,,,,,,
cyp,Cyprus,enosis-neon-paralimni,Enosis Neon Paralimni,23,ST,TBD,TBD,TBD,TBD,0,25,25,47,55,55,55,40,53,35,49,,,,,,
cyp,Cyprus,enosis-neon-paralimni,Enosis Neon Paralimni,24,ST,TBD,TBD,TBD,TBD,0,25,25,47,55,55,55,40,53,35,49,,,,,,
cyp,Cyprus,enosis-neon-paralimni,Enosis Neon Paralimni,25,ST,TBD,TBD,TBD,TBD,0,25,25,47,55,55,55,40,53,35,49,,,,,,
ned,Netherlands,ned,Eredivisie,1,GK,TBD,TBD,TBD,TBD,0,25,25,72,80,,,,,,,74,72,70,75,47,73
ned,Netherlands,ned,Eredivisie,2,GK,TBD,TBD,TBD,TBD,0,25,25,72,80,,,,,,,74,72,70,75,47,73
ned,Netherlands,ned,Eredivisie,3,CB,TBD,TBD,TBD,TBD,0,25,25,72,80,64,42,62,60,76,78,,,,,,
ned,Netherlands,ned,Eredivisie,4,CB,TBD,TBD,TBD,TBD,0,25,25,72,80,64,42,62,60,76,78,,,,,,
ned,Netherlands,ned,Eredivisie,5,CB,TBD,TBD,TBD,TBD,0,25,25,72,80,64,42,62,60,76,78,,,,,,
ned,Netherlands,ned,Eredivisie,6,CB,TBD,TBD,TBD,TBD,0,25,25,72,80,64,42,62,60,76,78,,,,,,
ned,Netherlands,ned,Eredivisie,7,CB,TBD,TBD,TBD,TBD,0,25,25,72,80,64,42,62,60,76,78,,,,,,
ned,Netherlands,ned,Eredivisie,8,LB,TBD,TBD,TBD,TBD,0,25,25,73,81,78,55,71,75,73,74,,,,,,
ned,Netherlands,ned,Eredivisie,9,LB,TBD,TBD,TBD,TBD,0,25,25,73,81,78,55,71,75,73,74,,,,,,
ned,Netherlands,ned,Eredivisie,10,RB,TBD,TBD,TBD,TBD,0,25,25,73,81,78,55,71,75,73,74,,,,,,
ned,Netherlands,ned,Eredivisie,11,RB,TBD,TBD,TBD,TBD,0,25,25,73,81,78,55,71,75,73,74,,,,,,
ned,Netherlands,ned,Eredivisie,12,CDM,TBD,TBD,TBD,TBD,0,25,25,73,81,70,61,75,73,77,78,,,,,,
ned,Netherlands,ned,Eredivisie,13,CM,TBD,TBD,TBD,TBD,0,25,25,74,82,73,70,78,79,72,74,,,,,,
ned,Netherlands,ned,Eredivisie,14,CM,TBD,TBD,TBD,TBD,0,25,25,74,82,73,70,78,79,72,74,,,,,,
ned,Netherlands,ned,Eredivisie,15,CM,TBD,TBD,TBD,TBD,0,25,25,74,82,73,70,78,79,72,74,,,,,,
ned,Netherlands,ned,Eredivisie,16,CM,TBD,TBD,TBD,TBD,0,25,25,74,82,73,70,78,79,72,74,,,,,,
ned,Netherlands,ned,Eredivisie,17,CM,TBD,TBD,TBD,TBD,0,25,25,74,82,73,70,78,79,72,74,,,,,,
ned,Netherlands,ned,Eredivisie,18,CAM,TBD,TBD,TBD,TBD,0,25,25,74,82,77,76,82,84,56,66,,,,,,
ned,Netherlands,ned,Eredivisie,19,LW,TBD,TBD,TBD,TBD,0,25,25,74,82,87,76,74,85,49,64,,,,,,
ned,Netherlands,ned,Eredivisie,20,LW,TBD,TBD,TBD,TBD,0,25,25,74,82,87,76,74,85,49,64,,,,,,
ned,Netherlands,ned,Eredivisie,21,RW,TBD,TBD,TBD,TBD,0,25,25,74,82,87,76,74,85,49,64,,,,,,
ned,Netherlands,ned,Eredivisie,22,RW,TBD,TBD,TBD,TBD,0,25,25,74,82,87,76,74,85,49,64,,,,,,
ned,Netherlands,ned,Eredivisie,23,ST,TBD,TBD,TBD,TBD,0,25,25,74,82,82,82,67,80,44,76,,,,,,
ned,Netherlands,ned,Eredivisie,24,ST,TBD,TBD,TBD,TBD,0,25,25,74,82,82,82,67,80,44,76,,,,,,
ned,Netherlands,ned,Eredivisie,25,ST,TBD,TBD,TBD,TBD,0,25,25,74,82,82,82,67,80,44,76,,,,,,
por,Portugal,estoril,Estoril Praia,1,GK,TBD,TBD,TBD,TBD,0,25,25,60,68,,,,,,,62,60,58,63,35,61
por,Portugal,estoril,Estoril Praia,2,GK,TBD,TBD,TBD,TBD,0,25,25,60,68,,,,,,,62,60,58,63,35,61
por,Portugal,estoril,Estoril Praia,3,CB,TBD,TBD,TBD,TBD,0,25,25,60,68,52,35,50,48,64,66,,,,,,
por,Portugal,estoril,Estoril Praia,4,CB,TBD,TBD,TBD,TBD,0,25,25,60,68,52,35,50,48,64,66,,,,,,
por,Portugal,estoril,Estoril Praia,5,CB,TBD,TBD,TBD,TBD,0,25,25,60,68,52,35,50,48,64,66,,,,,,
por,Portugal,estoril,Estoril Praia,6,CB,TBD,TBD,TBD,TBD,0,25,25,60,68,52,35,50,48,64,66,,,,,,
por,Portugal,estoril,Estoril Praia,7,CB,TBD,TBD,TBD,TBD,0,25,25,60,68,52,35,50,48,64,66,,,,,,
por,Portugal,estoril,Estoril Praia,8,LB,TBD,TBD,TBD,TBD,0,25,25,61,69,66,43,59,63,61,62,,,,,,
por,Portugal,estoril,Estoril Praia,9,LB,TBD,TBD,TBD,TBD,0,25,25,61,69,66,43,59,63,61,62,,,,,,
por,Portugal,estoril,Estoril Praia,10,RB,TBD,TBD,TBD,TBD,0,25,25,61,69,66,43,59,63,61,62,,,,,,
por,Portugal,estoril,Estoril Praia,11,RB,TBD,TBD,TBD,TBD,0,25,25,61,69,66,43,59,63,61,62,,,,,,
por,Portugal,estoril,Estoril Praia,12,CDM,TBD,TBD,TBD,TBD,0,25,25,61,69,58,49,63,61,65,66,,,,,,
por,Portugal,estoril,Estoril Praia,13,CM,TBD,TBD,TBD,TBD,0,25,25,62,70,61,58,66,67,60,62,,,,,,
por,Portugal,estoril,Estoril Praia,14,CM,TBD,TBD,TBD,TBD,0,25,25,62,70,61,58,66,67,60,62,,,,,,
por,Portugal,estoril,Estoril Praia,15,CM,TBD,TBD,TBD,TBD,0,25,25,62,70,61,58,66,67,60,62,,,,,,
por,Portugal,estoril,Estoril Praia,16,CM,TBD,TBD,TBD,TBD,0,25,25,62,70,61,58,66,67,60,62,,,,,,
por,Portugal,estoril,Estoril Praia,17,CM,TBD,TBD,TBD,TBD,0,25,25,62,70,61,58,66,67,60,62,,,,,,
por,Portugal,estoril,Estoril Praia,18,CAM,TBD,TBD,TBD,TBD,0,25,25,62,70,65,64,70,72,44,54,,,,,,
por,Portugal,estoril,Estoril Praia,19,LW,TBD,TBD,TBD,TBD,0,25,25,62,70,75,64,62,73,37,52,,,,,,
por,Portugal,estoril,Estoril Praia,20,LW,TBD,TBD,TBD,TBD,0,25,25,62,70,75,64,62,73,37,52,,,,,,
por,Portugal,estoril,Estoril Praia,21,RW,TBD,TBD,TBD,TBD,0,25,25,62,70,75,64,62,73,37,52,,,,,,
por,Portugal,estoril,Estoril Praia,22,RW,TBD,TBD,TBD,TBD,0,25,25,62,70,75,64,62,73,37,52,,,,,,
por,Portugal,estoril,Estoril Praia,23,ST,TBD,TBD,TBD,TBD,0,25,25,62,70,70,70,55,68,35,64,,,,,,
por,Portugal,estoril,Estoril Praia,24,ST,TBD,TBD,TBD,TBD,0,25,25,62,70,70,70,55,68,35,64,,,,,,
por,Portugal,estoril,Estoril Praia,25,ST,TBD,TBD,TBD,TBD,0,25,25,62,70,70,70,55,68,35,64,,,,,,
cyp,Cyprus,ethnikos-achna,Ethnikos Achna,1,GK,TBD,TBD,TBD,TBD,0,25,25,45,53,,,,,,,47,45,43,48,35,46
cyp,Cyprus,ethnikos-achna,Ethnikos Achna,2,GK,TBD,TBD,TBD,TBD,0,25,25,45,53,,,,,,,47,45,43,48,35,46
cyp,Cyprus,ethnikos-achna,Ethnikos Achna,3,CB,TBD,TBD,TBD,TBD,0,25,25,45,53,37,35,35,35,49,51,,,,,,
cyp,Cyprus,ethnikos-achna,Ethnikos Achna,4,CB,TBD,TBD,TBD,TBD,0,25,25,45,53,37,35,35,35,49,51,,,,,,
cyp,Cyprus,ethnikos-achna,Ethnikos Achna,5,CB,TBD,TBD,TBD,TBD,0,25,25,45,53,37,35,35,35,49,51,,,,,,
cyp,Cyprus,ethnikos-achna,Ethnikos Achna,6,CB,TBD,TBD,TBD,TBD,0,25,25,45,53,37,35,35,35,49,51,,,,,,
cyp,Cyprus,ethnikos-achna,Ethnikos Achna,7,CB,TBD,TBD,TBD,TBD,0,25,25,45,53,37,35,35,35,49,51,,,,,,
cyp,Cyprus,ethnikos-achna,Ethnikos Achna,8,LB,TBD,TBD,TBD,TBD,0,25,25,46,54,51,35,44,48,46,47,,,,,,
cyp,Cyprus,ethnikos-achna,Ethnikos Achna,9,LB,TBD,TBD,TBD,TBD,0,25,25,46,54,51,35,44,48,46,47,,,,,,
cyp,Cyprus,ethnikos-achna,Ethnikos Achna,10,RB,TBD,TBD,TBD,TBD,0,25,25,46,54,51,35,44,48,46,47,,,,,,
cyp,Cyprus,ethnikos-achna,Ethnikos Achna,11,RB,TBD,TBD,TBD,TBD,0,25,25,46,54,51,35,44,48,46,47,,,,,,
cyp,Cyprus,ethnikos-achna,Ethnikos Achna,12,CDM,TBD,TBD,TBD,TBD,0,25,25,46,54,43,35,48,46,50,51,,,,,,
cyp,Cyprus,ethnikos-achna,Ethnikos Achna,13,CM,TBD,TBD,TBD,TBD,0,25,25,47,55,46,43,51,52,45,47,,,,,,
cyp,Cyprus,ethnikos-achna,Ethnikos Achna,14,CM,TBD,TBD,TBD,TBD,0,25,25,47,55,46,43,51,52,45,47,,,,,,
cyp,Cyprus,ethnikos-achna,Ethnikos Achna,15,CM,TBD,TBD,TBD,TBD,0,25,25,47,55,46,43,51,52,45,47,,,,,,
cyp,Cyprus,ethnikos-achna,Ethnikos Achna,16,CM,TBD,TBD,TBD,TBD,0,25,25,47,55,46,43,51,52,45,47,,,,,,
cyp,Cyprus,ethnikos-achna,Ethnikos Achna,17,CM,TBD,TBD,TBD,TBD,0,25,25,47,55,46,43,51,52,45,47,,,,,,
cyp,Cyprus,ethnikos-achna,Ethnikos Achna,18,CAM,TBD,TBD,TBD,TBD,0,25,25,47,55,50,49,55,57,35,39,,,,,,
cyp,Cyprus,ethnikos-achna,Ethnikos Achna,19,LW,TBD,TBD,TBD,TBD,0,25,25,47,55,60,49,47,58,35,37,,,,,,
cyp,Cyprus,ethnikos-achna,Ethnikos Achna,20,LW,TBD,TBD,TBD,TBD,0,25,25,47,55,60,49,47,58,35,37,,,,,,
cyp,Cyprus,ethnikos-achna,Ethnikos Achna,21,RW,TBD,TBD,TBD,TBD,0,25,25,47,55,60,49,47,58,35,37,,,,,,
cyp,Cyprus,ethnikos-achna,Ethnikos Achna,22,RW,TBD,TBD,TBD,TBD,0,25,25,47,55,60,49,47,58,35,37,,,,,,
cyp,Cyprus,ethnikos-achna,Ethnikos Achna,23,ST,TBD,TBD,TBD,TBD,0,25,25,47,55,55,55,40,53,35,49,,,,,,
cyp,Cyprus,ethnikos-achna,Ethnikos Achna,24,ST,TBD,TBD,TBD,TBD,0,25,25,47,55,55,55,40,53,35,49,,,,,,
cyp,Cyprus,ethnikos-achna,Ethnikos Achna,25,ST,TBD,TBD,TBD,TBD,0,25,25,47,55,55,55,40,53,35,49,,,,,,
tur,Turkey,eyupspor,Eyüpspor,1,GK,TBD,TBD,TBD,TBD,0,25,25,54,62,,,,,,,56,54,52,57,35,55
tur,Turkey,eyupspor,Eyüpspor,2,GK,TBD,TBD,TBD,TBD,0,25,25,54,62,,,,,,,56,54,52,57,35,55
tur,Turkey,eyupspor,Eyüpspor,3,CB,TBD,TBD,TBD,TBD,0,25,25,54,62,46,35,44,42,58,60,,,,,,
tur,Turkey,eyupspor,Eyüpspor,4,CB,TBD,TBD,TBD,TBD,0,25,25,54,62,46,35,44,42,58,60,,,,,,
tur,Turkey,eyupspor,Eyüpspor,5,CB,TBD,TBD,TBD,TBD,0,25,25,54,62,46,35,44,42,58,60,,,,,,
tur,Turkey,eyupspor,Eyüpspor,6,CB,TBD,TBD,TBD,TBD,0,25,25,54,62,46,35,44,42,58,60,,,,,,
tur,Turkey,eyupspor,Eyüpspor,7,CB,TBD,TBD,TBD,TBD,0,25,25,54,62,46,35,44,42,58,60,,,,,,
tur,Turkey,eyupspor,Eyüpspor,8,LB,TBD,TBD,TBD,TBD,0,25,25,55,63,60,37,53,57,55,56,,,,,,
tur,Turkey,eyupspor,Eyüpspor,9,LB,TBD,TBD,TBD,TBD,0,25,25,55,63,60,37,53,57,55,56,,,,,,
tur,Turkey,eyupspor,Eyüpspor,10,RB,TBD,TBD,TBD,TBD,0,25,25,55,63,60,37,53,57,55,56,,,,,,
tur,Turkey,eyupspor,Eyüpspor,11,RB,TBD,TBD,TBD,TBD,0,25,25,55,63,60,37,53,57,55,56,,,,,,
tur,Turkey,eyupspor,Eyüpspor,12,CDM,TBD,TBD,TBD,TBD,0,25,25,55,63,52,43,57,55,59,60,,,,,,
tur,Turkey,eyupspor,Eyüpspor,13,CM,TBD,TBD,TBD,TBD,0,25,25,56,64,55,52,60,61,54,56,,,,,,
tur,Turkey,eyupspor,Eyüpspor,14,CM,TBD,TBD,TBD,TBD,0,25,25,56,64,55,52,60,61,54,56,,,,,,
tur,Turkey,eyupspor,Eyüpspor,15,CM,TBD,TBD,TBD,TBD,0,25,25,56,64,55,52,60,61,54,56,,,,,,
tur,Turkey,eyupspor,Eyüpspor,16,CM,TBD,TBD,TBD,TBD,0,25,25,56,64,55,52,60,61,54,56,,,,,,
tur,Turkey,eyupspor,Eyüpspor,17,CM,TBD,TBD,TBD,TBD,0,25,25,56,64,55,52,60,61,54,56,,,,,,
tur,Turkey,eyupspor,Eyüpspor,18,CAM,TBD,TBD,TBD,TBD,0,25,25,56,64,59,58,64,66,38,48,,,,,,
tur,Turkey,eyupspor,Eyüpspor,19,LW,TBD,TBD,TBD,TBD,0,25,25,56,64,69,58,56,67,35,46,,,,,,
tur,Turkey,eyupspor,Eyüpspor,20,LW,TBD,TBD,TBD,TBD,0,25,25,56,64,69,58,56,67,35,46,,,,,,
tur,Turkey,eyupspor,Eyüpspor,21,RW,TBD,TBD,TBD,TBD,0,25,25,56,64,69,58,56,67,35,46,,,,,,
tur,Turkey,eyupspor,Eyüpspor,22,RW,TBD,TBD,TBD,TBD,0,25,25,56,64,69,58,56,67,35,46,,,,,,
tur,Turkey,eyupspor,Eyüpspor,23,ST,TBD,TBD,TBD,TBD,0,25,25,56,64,64,64,49,62,35,58,,,,,,
tur,Turkey,eyupspor,Eyüpspor,24,ST,TBD,TBD,TBD,TBD,0,25,25,56,64,64,64,49,62,35,58,,,,,,
tur,Turkey,eyupspor,Eyüpspor,25,ST,TBD,TBD,TBD,TBD,0,25,25,56,64,64,64,49,62,35,58,,,,,,
por,Portugal,arouca,FC Arouca,1,GK,TBD,TBD,TBD,TBD,0,25,25,59,67,,,,,,,61,59,57,62,35,60
por,Portugal,arouca,FC Arouca,2,GK,TBD,TBD,TBD,TBD,0,25,25,59,67,,,,,,,61,59,57,62,35,60
por,Portugal,arouca,FC Arouca,3,CB,TBD,TBD,TBD,TBD,0,25,25,59,67,51,35,49,47,63,65,,,,,,
por,Portugal,arouca,FC Arouca,4,CB,TBD,TBD,TBD,TBD,0,25,25,59,67,51,35,49,47,63,65,,,,,,
por,Portugal,arouca,FC Arouca,5,CB,TBD,TBD,TBD,TBD,0,25,25,59,67,51,35,49,47,63,65,,,,,,
por,Portugal,arouca,FC Arouca,6,CB,TBD,TBD,TBD,TBD,0,25,25,59,67,51,35,49,47,63,65,,,,,,
por,Portugal,arouca,FC Arouca,7,CB,TBD,TBD,TBD,TBD,0,25,25,59,67,51,35,49,47,63,65,,,,,,
por,Portugal,arouca,FC Arouca,8,LB,TBD,TBD,TBD,TBD,0,25,25,60,68,65,42,58,62,60,61,,,,,,
por,Portugal,arouca,FC Arouca,9,LB,TBD,TBD,TBD,TBD,0,25,25,60,68,65,42,58,62,60,61,,,,,,
por,Portugal,arouca,FC Arouca,10,RB,TBD,TBD,TBD,TBD,0,25,25,60,68,65,42,58,62,60,61,,,,,,
por,Portugal,arouca,FC Arouca,11,RB,TBD,TBD,TBD,TBD,0,25,25,60,68,65,42,58,62,60,61,,,,,,
por,Portugal,arouca,FC Arouca,12,CDM,TBD,TBD,TBD,TBD,0,25,25,60,68,57,48,62,60,64,65,,,,,,
por,Portugal,arouca,FC Arouca,13,CM,TBD,TBD,TBD,TBD,0,25,25,61,69,60,57,65,66,59,61,,,,,,
por,Portugal,arouca,FC Arouca,14,CM,TBD,TBD,TBD,TBD,0,25,25,61,69,60,57,65,66,59,61,,,,,,
por,Portugal,arouca,FC Arouca,15,CM,TBD,TBD,TBD,TBD,0,25,25,61,69,60,57,65,66,59,61,,,,,,
por,Portugal,arouca,FC Arouca,16,CM,TBD,TBD,TBD,TBD,0,25,25,61,69,60,57,65,66,59,61,,,,,,
por,Portugal,arouca,FC Arouca,17,CM,TBD,TBD,TBD,TBD,0,25,25,61,69,60,57,65,66,59,61,,,,,,
por,Portugal,arouca,FC Arouca,18,CAM,TBD,TBD,TBD,TBD,0,25,25,61,69,64,63,69,71,43,53,,,,,,
por,Portugal,arouca,FC Arouca,19,LW,TBD,TBD,TBD,TBD,0,25,25,61,69,74,63,61,72,36,51,,,,,,
por,Portugal,arouca,FC Arouca,20,LW,TBD,TBD,TBD,TBD,0,25,25,61,69,74,63,61,72,36,51,,,,,,
por,Portugal,arouca,FC Arouca,21,RW,TBD,TBD,TBD,TBD,0,25,25,61,69,74,63,61,72,36,51,,,,,,
por,Portugal,arouca,FC Arouca,22,RW,TBD,TBD,TBD,TBD,0,25,25,61,69,74,63,61,72,36,51,,,,,,
por,Portugal,arouca,FC Arouca,23,ST,TBD,TBD,TBD,TBD,0,25,25,61,69,69,69,54,67,35,63,,,,,,
por,Portugal,arouca,FC Arouca,24,ST,TBD,TBD,TBD,TBD,0,25,25,61,69,69,69,54,67,35,63,,,,,,
por,Portugal,arouca,FC Arouca,25,ST,TBD,TBD,TBD,TBD,0,25,25,61,69,69,69,54,67,35,63,,,,,,
isr,Israel,ashdod,FC Ashdod,1,GK,TBD,TBD,TBD,TBD,0,25,25,45,53,,,,,,,47,45,43,48,35,46
isr,Israel,ashdod,FC Ashdod,2,GK,TBD,TBD,TBD,TBD,0,25,25,45,53,,,,,,,47,45,43,48,35,46
isr,Israel,ashdod,FC Ashdod,3,CB,TBD,TBD,TBD,TBD,0,25,25,45,53,37,35,35,35,49,51,,,,,,
isr,Israel,ashdod,FC Ashdod,4,CB,TBD,TBD,TBD,TBD,0,25,25,45,53,37,35,35,35,49,51,,,,,,
isr,Israel,ashdod,FC Ashdod,5,CB,TBD,TBD,TBD,TBD,0,25,25,45,53,37,35,35,35,49,51,,,,,,
isr,Israel,ashdod,FC Ashdod,6,CB,TBD,TBD,TBD,TBD,0,25,25,45,53,37,35,35,35,49,51,,,,,,
isr,Israel,ashdod,FC Ashdod,7,CB,TBD,TBD,TBD,TBD,0,25,25,45,53,37,35,35,35,49,51,,,,,,
isr,Israel,ashdod,FC Ashdod,8,LB,TBD,TBD,TBD,TBD,0,25,25,46,54,51,35,44,48,46,47,,,,,,
isr,Israel,ashdod,FC Ashdod,9,LB,TBD,TBD,TBD,TBD,0,25,25,46,54,51,35,44,48,46,47,,,,,,
isr,Israel,ashdod,FC Ashdod,10,RB,TBD,TBD,TBD,TBD,0,25,25,46,54,51,35,44,48,46,47,,,,,,
isr,Israel,ashdod,FC Ashdod,11,RB,TBD,TBD,TBD,TBD,0,25,25,46,54,51,35,44,48,46,47,,,,,,
isr,Israel,ashdod,FC Ashdod,12,CDM,TBD,TBD,TBD,TBD,0,25,25,46,54,43,35,48,46,50,51,,,,,,
isr,Israel,ashdod,FC Ashdod,13,CM,TBD,TBD,TBD,TBD,0,25,25,47,55,46,43,51,52,45,47,,,,,,
isr,Israel,ashdod,FC Ashdod,14,CM,TBD,TBD,TBD,TBD,0,25,25,47,55,46,43,51,52,45,47,,,,,,
isr,Israel,ashdod,FC Ashdod,15,CM,TBD,TBD,TBD,TBD,0,25,25,47,55,46,43,51,52,45,47,,,,,,
isr,Israel,ashdod,FC Ashdod,16,CM,TBD,TBD,TBD,TBD,0,25,25,47,55,46,43,51,52,45,47,,,,,,
isr,Israel,ashdod,FC Ashdod,17,CM,TBD,TBD,TBD,TBD,0,25,25,47,55,46,43,51,52,45,47,,,,,,
isr,Israel,ashdod,FC Ashdod,18,CAM,TBD,TBD,TBD,TBD,0,25,25,47,55,50,49,55,57,35,39,,,,,,
isr,Israel,ashdod,FC Ashdod,19,LW,TBD,TBD,TBD,TBD,0,25,25,47,55,60,49,47,58,35,37,,,,,,
isr,Israel,ashdod,FC Ashdod,20,LW,TBD,TBD,TBD,TBD,0,25,25,47,55,60,49,47,58,35,37,,,,,,
isr,Israel,ashdod,FC Ashdod,21,RW,TBD,TBD,TBD,TBD,0,25,25,47,55,60,49,47,58,35,37,,,,,,
isr,Israel,ashdod,FC Ashdod,22,RW,TBD,TBD,TBD,TBD,0,25,25,47,55,60,49,47,58,35,37,,,,,,
isr,Israel,ashdod,FC Ashdod,23,ST,TBD,TBD,TBD,TBD,0,25,25,47,55,55,55,40,53,35,49,,,,,,
isr,Israel,ashdod,FC Ashdod,24,ST,TBD,TBD,TBD,TBD,0,25,25,47,55,55,55,40,53,35,49,,,,,,
isr,Israel,ashdod,FC Ashdod,25,ST,TBD,TBD,TBD,TBD,0,25,25,47,55,55,55,40,53,35,49,,,,,,
cze,Czechia,banik-ostrava,FC Baník Ostrava,1,GK,TBD,TBD,TBD,TBD,0,25,25,51,59,,,,,,,53,51,49,54,35,52
cze,Czechia,banik-ostrava,FC Baník Ostrava,2,GK,TBD,TBD,TBD,TBD,0,25,25,51,59,,,,,,,53,51,49,54,35,52
cze,Czechia,banik-ostrava,FC Baník Ostrava,3,CB,TBD,TBD,TBD,TBD,0,25,25,51,59,43,35,41,39,55,57,,,,,,
cze,Czechia,banik-ostrava,FC Baník Ostrava,4,CB,TBD,TBD,TBD,TBD,0,25,25,51,59,43,35,41,39,55,57,,,,,,
cze,Czechia,banik-ostrava,FC Baník Ostrava,5,CB,TBD,TBD,TBD,TBD,0,25,25,51,59,43,35,41,39,55,57,,,,,,
cze,Czechia,banik-ostrava,FC Baník Ostrava,6,CB,TBD,TBD,TBD,TBD,0,25,25,51,59,43,35,41,39,55,57,,,,,,
cze,Czechia,banik-ostrava,FC Baník Ostrava,7,CB,TBD,TBD,TBD,TBD,0,25,25,51,59,43,35,41,39,55,57,,,,,,
cze,Czechia,banik-ostrava,FC Baník Ostrava,8,LB,TBD,TBD,TBD,TBD,0,25,25,52,60,57,35,50,54,52,53,,,,,,
cze,Czechia,banik-ostrava,FC Baník Ostrava,9,LB,TBD,TBD,TBD,TBD,0,25,25,52,60,57,35,50,54,52,53,,,,,,
cze,Czechia,banik-ostrava,FC Baník Ostrava,10,RB,TBD,TBD,TBD,TBD,0,25,25,52,60,57,35,50,54,52,53,,,,,,
cze,Czechia,banik-ostrava,FC Baník Ostrava,11,RB,TBD,TBD,TBD,TBD,0,25,25,52,60,57,35,50,54,52,53,,,,,,
cze,Czechia,banik-ostrava,FC Baník Ostrava,12,CDM,TBD,TBD,TBD,TBD,0,25,25,52,60,49,40,54,52,56,57,,,,,,
cze,Czechia,banik-ostrava,FC Baník Ostrava,13,CM,TBD,TBD,TBD,TBD,0,25,25,53,61,52,49,57,58,51,53,,,,,,
cze,Czechia,banik-ostrava,FC Baník Ostrava,14,CM,TBD,TBD,TBD,TBD,0,25,25,53,61,52,49,57,58,51,53,,,,,,
cze,Czechia,banik-ostrava,FC Baník Ostrava,15,CM,TBD,TBD,TBD,TBD,0,25,25,53,61,52,49,57,58,51,53,,,,,,
cze,Czechia,banik-ostrava,FC Baník Ostrava,16,CM,TBD,TBD,TBD,TBD,0,25,25,53,61,52,49,57,58,51,53,,,,,,
cze,Czechia,banik-ostrava,FC Baník Ostrava,17,CM,TBD,TBD,TBD,TBD,0,25,25,53,61,52,49,57,58,51,53,,,,,,
cze,Czechia,banik-ostrava,FC Baník Ostrava,18,CAM,TBD,TBD,TBD,TBD,0,25,25,53,61,56,55,61,63,35,45,,,,,,
cze,Czechia,banik-ostrava,FC Baník Ostrava,19,LW,TBD,TBD,TBD,TBD,0,25,25,53,61,66,55,53,64,35,43,,,,,,
cze,Czechia,banik-ostrava,FC Baník Ostrava,20,LW,TBD,TBD,TBD,TBD,0,25,25,53,61,66,55,53,64,35,43,,,,,,
cze,Czechia,banik-ostrava,FC Baník Ostrava,21,RW,TBD,TBD,TBD,TBD,0,25,25,53,61,66,55,53,64,35,43,,,,,,
cze,Czechia,banik-ostrava,FC Baník Ostrava,22,RW,TBD,TBD,TBD,TBD,0,25,25,53,61,66,55,53,64,35,43,,,,,,
cze,Czechia,banik-ostrava,FC Baník Ostrava,23,ST,TBD,TBD,TBD,TBD,0,25,25,53,61,61,61,46,59,35,55,,,,,,
cze,Czechia,banik-ostrava,FC Baník Ostrava,24,ST,TBD,TBD,TBD,TBD,0,25,25,53,61,61,61,46,59,35,55,,,,,,
cze,Czechia,banik-ostrava,FC Baník Ostrava,25,ST,TBD,TBD,TBD,TBD,0,25,25,53,61,61,61,46,59,35,55,,,,,,
che,Switzerland,fc-basel,FC Basel,1,GK,TBD,TBD,TBD,TBD,0,25,25,59,67,,,,,,,61,59,57,62,35,60
che,Switzerland,fc-basel,FC Basel,2,GK,TBD,TBD,TBD,TBD,0,25,25,59,67,,,,,,,61,59,57,62,35,60
che,Switzerland,fc-basel,FC Basel,3,CB,TBD,TBD,TBD,TBD,0,25,25,59,67,51,35,49,47,63,65,,,,,,
che,Switzerland,fc-basel,FC Basel,4,CB,TBD,TBD,TBD,TBD,0,25,25,59,67,51,35,49,47,63,65,,,,,,
che,Switzerland,fc-basel,FC Basel,5,CB,TBD,TBD,TBD,TBD,0,25,25,59,67,51,35,49,47,63,65,,,,,,
che,Switzerland,fc-basel,FC Basel,6,CB,TBD,TBD,TBD,TBD,0,25,25,59,67,51,35,49,47,63,65,,,,,,
che,Switzerland,fc-basel,FC Basel,7,CB,TBD,TBD,TBD,TBD,0,25,25,59,67,51,35,49,47,63,65,,,,,,
che,Switzerland,fc-basel,FC Basel,8,LB,TBD,TBD,TBD,TBD,0,25,25,60,68,65,42,58,62,60,61,,,,,,
che,Switzerland,fc-basel,FC Basel,9,LB,TBD,TBD,TBD,TBD,0,25,25,60,68,65,42,58,62,60,61,,,,,,
che,Switzerland,fc-basel,FC Basel,10,RB,TBD,TBD,TBD,TBD,0,25,25,60,68,65,42,58,62,60,61,,,,,,
che,Switzerland,fc-basel,FC Basel,11,RB,TBD,TBD,TBD,TBD,0,25,25,60,68,65,42,58,62,60,61,,,,,,
che,Switzerland,fc-basel,FC Basel,12,CDM,TBD,TBD,TBD,TBD,0,25,25,60,68,57,48,62,60,64,65,,,,,,
che,Switzerland,fc-basel,FC Basel,13,CM,TBD,TBD,TBD,TBD,0,25,25,61,69,60,57,65,66,59,61,,,,,,
che,Switzerland,fc-basel,FC Basel,14,CM,TBD,TBD,TBD,TBD,0,25,25,61,69,60,57,65,66,59,61,,,,,,
che,Switzerland,fc-basel,FC Basel,15,CM,TBD,TBD,TBD,TBD,0,25,25,61,69,60,57,65,66,59,61,,,,,,
che,Switzerland,fc-basel,FC Basel,16,CM,TBD,TBD,TBD,TBD,0,25,25,61,69,60,57,65,66,59,61,,,,,,
che,Switzerland,fc-basel,FC Basel,17,CM,TBD,TBD,TBD,TBD,0,25,25,61,69,60,57,65,66,59,61,,,,,,
che,Switzerland,fc-basel,FC Basel,18,CAM,TBD,TBD,TBD,TBD,0,25,25,61,69,64,63,69,71,43,53,,,,,,
che,Switzerland,fc-basel,FC Basel,19,LW,TBD,TBD,TBD,TBD,0,25,25,61,69,74,63,61,72,36,51,,,,,,
che,Switzerland,fc-basel,FC Basel,20,LW,TBD,TBD,TBD,TBD,0,25,25,61,69,74,63,61,72,36,51,,,,,,
che,Switzerland,fc-basel,FC Basel,21,RW,TBD,TBD,TBD,TBD,0,25,25,61,69,74,63,61,72,36,51,,,,,,
che,Switzerland,fc-basel,FC Basel,22,RW,TBD,TBD,TBD,TBD,0,25,25,61,69,74,63,61,72,36,51,,,,,,
che,Switzerland,fc-basel,FC Basel,23,ST,TBD,TBD,TBD,TBD,0,25,25,61,69,69,69,54,67,35,63,,,,,,
che,Switzerland,fc-basel,FC Basel,24,ST,TBD,TBD,TBD,TBD,0,25,25,61,69,69,69,54,67,35,63,,,,,,
che,Switzerland,fc-basel,FC Basel,25,ST,TBD,TBD,TBD,TBD,0,25,25,61,69,69,69,54,67,35,63,,,,,,
aut,Austria,blau-weiss-linz,FC Blau-Weiß Linz,1,GK,TBD,TBD,TBD,TBD,0,25,25,45,53,,,,,,,47,45,43,48,35,46
aut,Austria,blau-weiss-linz,FC Blau-Weiß Linz,2,GK,TBD,TBD,TBD,TBD,0,25,25,45,53,,,,,,,47,45,43,48,35,46
aut,Austria,blau-weiss-linz,FC Blau-Weiß Linz,3,CB,TBD,TBD,TBD,TBD,0,25,25,45,53,37,35,35,35,49,51,,,,,,
aut,Austria,blau-weiss-linz,FC Blau-Weiß Linz,4,CB,TBD,TBD,TBD,TBD,0,25,25,45,53,37,35,35,35,49,51,,,,,,
aut,Austria,blau-weiss-linz,FC Blau-Weiß Linz,5,CB,TBD,TBD,TBD,TBD,0,25,25,45,53,37,35,35,35,49,51,,,,,,
aut,Austria,blau-weiss-linz,FC Blau-Weiß Linz,6,CB,TBD,TBD,TBD,TBD,0,25,25,45,53,37,35,35,35,49,51,,,,,,
aut,Austria,blau-weiss-linz,FC Blau-Weiß Linz,7,CB,TBD,TBD,TBD,TBD,0,25,25,45,53,37,35,35,35,49,51,,,,,,
aut,Austria,blau-weiss-linz,FC Blau-Weiß Linz,8,LB,TBD,TBD,TBD,TBD,0,25,25,46,54,51,35,44,48,46,47,,,,,,
aut,Austria,blau-weiss-linz,FC Blau-Weiß Linz,9,LB,TBD,TBD,TBD,TBD,0,25,25,46,54,51,35,44,48,46,47,,,,,,
aut,Austria,blau-weiss-linz,FC Blau-Weiß Linz,10,RB,TBD,TBD,TBD,TBD,0,25,25,46,54,51,35,44,48,46,47,,,,,,
aut,Austria,blau-weiss-linz,FC Blau-Weiß Linz,11,RB,TBD,TBD,TBD,TBD,0,25,25,46,54,51,35,44,48,46,47,,,,,,
aut,Austria,blau-weiss-linz,FC Blau-Weiß Linz,12,CDM,TBD,TBD,TBD,TBD,0,25,25,46,54,43,35,48,46,50,51,,,,,,
aut,Austria,blau-weiss-linz,FC Blau-Weiß Linz,13,CM,TBD,TBD,TBD,TBD,0,25,25,47,55,46,43,51,52,45,47,,,,,,
aut,Austria,blau-weiss-linz,FC Blau-Weiß Linz,14,CM,TBD,TBD,TBD,TBD,0,25,25,47,55,46,43,51,52,45,47,,,,,,
aut,Austria,blau-weiss-linz,FC Blau-Weiß Linz,15,CM,TBD,TBD,TBD,TBD,0,25,25,47,55,46,43,51,52,45,47,,,,,,
aut,Austria,blau-weiss-linz,FC Blau-Weiß Linz,16,CM,TBD,TBD,TBD,TBD,0,25,25,47,55,46,43,51,52,45,47,,,,,,
aut,Austria,blau-weiss-linz,FC Blau-Weiß Linz,17,CM,TBD,TBD,TBD,TBD,0,25,25,47,55,46,43,51,52,45,47,,,,,,
aut,Austria,blau-weiss-linz,FC Blau-Weiß Linz,18,CAM,TBD,TBD,TBD,TBD,0,25,25,47,55,50,49,55,57,35,39,,,,,,
aut,Austria,blau-weiss-linz,FC Blau-Weiß Linz,19,LW,TBD,TBD,TBD,TBD,0,25,25,47,55,60,49,47,58,35,37,,,,,,
aut,Austria,blau-weiss-linz,FC Blau-Weiß Linz,20,LW,TBD,TBD,TBD,TBD,0,25,25,47,55,60,49,47,58,35,37,,,,,,
aut,Austria,blau-weiss-linz,FC Blau-Weiß Linz,21,RW,TBD,TBD,TBD,TBD,0,25,25,47,55,60,49,47,58,35,37,,,,,,
aut,Austria,blau-weiss-linz,FC Blau-Weiß Linz,22,RW,TBD,TBD,TBD,TBD,0,25,25,47,55,60,49,47,58,35,37,,,,,,
aut,Austria,blau-weiss-linz,FC Blau-Weiß Linz,23,ST,TBD,TBD,TBD,TBD,0,25,25,47,55,55,55,40,53,35,49,,,,,,
aut,Austria,blau-weiss-linz,FC Blau-Weiß Linz,24,ST,TBD,TBD,TBD,TBD,0,25,25,47,55,55,55,40,53,35,49,,,,,,
aut,Austria,blau-weiss-linz,FC Blau-Weiß Linz,25,ST,TBD,TBD,TBD,TBD,0,25,25,47,55,55,55,40,53,35,49,,,,,,
rou,Romania,fc-botosani,FC Botoșani,1,GK,TBD,TBD,TBD,TBD,0,25,25,45,53,,,,,,,47,45,43,48,35,46
rou,Romania,fc-botosani,FC Botoșani,2,GK,TBD,TBD,TBD,TBD,0,25,25,45,53,,,,,,,47,45,43,48,35,46
rou,Romania,fc-botosani,FC Botoșani,3,CB,TBD,TBD,TBD,TBD,0,25,25,45,53,37,35,35,35,49,51,,,,,,
rou,Romania,fc-botosani,FC Botoșani,4,CB,TBD,TBD,TBD,TBD,0,25,25,45,53,37,35,35,35,49,51,,,,,,
rou,Romania,fc-botosani,FC Botoșani,5,CB,TBD,TBD,TBD,TBD,0,25,25,45,53,37,35,35,35,49,51,,,,,,
rou,Romania,fc-botosani,FC Botoșani,6,CB,TBD,TBD,TBD,TBD,0,25,25,45,53,37,35,35,35,49,51,,,,,,
rou,Romania,fc-botosani,FC Botoșani,7,CB,TBD,TBD,TBD,TBD,0,25,25,45,53,37,35,35,35,49,51,,,,,,
rou,Romania,fc-botosani,FC Botoșani,8,LB,TBD,TBD,TBD,TBD,0,25,25,46,54,51,35,44,48,46,47,,,,,,
rou,Romania,fc-botosani,FC Botoșani,9,LB,TBD,TBD,TBD,TBD,0,25,25,46,54,51,35,44,48,46,47,,,,,,
rou,Romania,fc-botosani,FC Botoșani,10,RB,TBD,TBD,TBD,TBD,0,25,25,46,54,51,35,44,48,46,47,,,,,,
rou,Romania,fc-botosani,FC Botoșani,11,RB,TBD,TBD,TBD,TBD,0,25,25,46,54,51,35,44,48,46,47,,,,,,
rou,Romania,fc-botosani,FC Botoșani,12,CDM,TBD,TBD,TBD,TBD,0,25,25,46,54,43,35,48,46,50,51,,,,,,
rou,Romania,fc-botosani,FC Botoșani,13,CM,TBD,TBD,TBD,TBD,0,25,25,47,55,46,43,51,52,45,47,,,,,,
rou,Romania,fc-botosani,FC Botoșani,14,CM,TBD,TBD,TBD,TBD,0,25,25,47,55,46,43,51,52,45,47,,,,,,
rou,Romania,fc-botosani,FC Botoșani,15,CM,TBD,TBD,TBD,TBD,0,25,25,47,55,46,43,51,52,45,47,,,,,,
rou,Romania,fc-botosani,FC Botoșani,16,CM,TBD,TBD,TBD,TBD,0,25,25,47,55,46,43,51,52,45,47,,,,,,
rou,Romania,fc-botosani,FC Botoșani,17,CM,TBD,TBD,TBD,TBD,0,25,25,47,55,46,43,51,52,45,47,,,,,,
rou,Romania,fc-botosani,FC Botoșani,18,CAM,TBD,TBD,TBD,TBD,0,25,25,47,55,50,49,55,57,35,39,,,,,,
rou,Romania,fc-botosani,FC Botoșani,19,LW,TBD,TBD,TBD,TBD,0,25,25,47,55,60,49,47,58,35,37,,,,,,
rou,Romania,fc-botosani,FC Botoșani,20,LW,TBD,TBD,TBD,TBD,0,25,25,47,55,60,49,47,58,35,37,,,,,,
rou,Romania,fc-botosani,FC Botoșani,21,RW,TBD,TBD,TBD,TBD,0,25,25,47,55,60,49,47,58,35,37,,,,,,
rou,Romania,fc-botosani,FC Botoșani,22,RW,TBD,TBD,TBD,TBD,0,25,25,47,55,60,49,47,58,35,37,,,,,,
rou,Romania,fc-botosani,FC Botoșani,23,ST,TBD,TBD,TBD,TBD,0,25,25,47,55,55,55,40,53,35,49,,,,,,
rou,Romania,fc-botosani,FC Botoșani,24,ST,TBD,TBD,TBD,TBD,0,25,25,47,55,55,55,40,53,35,49,,,,,,
rou,Romania,fc-botosani,FC Botoșani,25,ST,TBD,TBD,TBD,TBD,0,25,25,47,55,55,55,40,53,35,49,,,,,,
por,Portugal,famalicao,FC Famalicão,1,GK,TBD,TBD,TBD,TBD,0,25,25,64,72,,,,,,,66,64,62,67,39,65
por,Portugal,famalicao,FC Famalicão,2,GK,TBD,TBD,TBD,TBD,0,25,25,64,72,,,,,,,66,64,62,67,39,65
por,Portugal,famalicao,FC Famalicão,3,CB,TBD,TBD,TBD,TBD,0,25,25,64,72,56,35,54,52,68,70,,,,,,
por,Portugal,famalicao,FC Famalicão,4,CB,TBD,TBD,TBD,TBD,0,25,25,64,72,56,35,54,52,68,70,,,,,,
por,Portugal,famalicao,FC Famalicão,5,CB,TBD,TBD,TBD,TBD,0,25,25,64,72,56,35,54,52,68,70,,,,,,
por,Portugal,famalicao,FC Famalicão,6,CB,TBD,TBD,TBD,TBD,0,25,25,64,72,56,35,54,52,68,70,,,,,,
por,Portugal,famalicao,FC Famalicão,7,CB,TBD,TBD,TBD,TBD,0,25,25,64,72,56,35,54,52,68,70,,,,,,
por,Portugal,famalicao,FC Famalicão,8,LB,TBD,TBD,TBD,TBD,0,25,25,65,73,70,47,63,67,65,66,,,,,,
por,Portugal,famalicao,FC Famalicão,9,LB,TBD,TBD,TBD,TBD,0,25,25,65,73,70,47,63,67,65,66,,,,,,
por,Portugal,famalicao,FC Famalicão,10,RB,TBD,TBD,TBD,TBD,0,25,25,65,73,70,47,63,67,65,66,,,,,,
por,Portugal,famalicao,FC Famalicão,11,RB,TBD,TBD,TBD,TBD,0,25,25,65,73,70,47,63,67,65,66,,,,,,
por,Portugal,famalicao,FC Famalicão,12,CDM,TBD,TBD,TBD,TBD,0,25,25,65,73,62,53,67,65,69,70,,,,,,
por,Portugal,famalicao,FC Famalicão,13,CM,TBD,TBD,TBD,TBD,0,25,25,66,74,65,62,70,71,64,66,,,,,,
por,Portugal,famalicao,FC Famalicão,14,CM,TBD,TBD,TBD,TBD,0,25,25,66,74,65,62,70,71,64,66,,,,,,
por,Portugal,famalicao,FC Famalicão,15,CM,TBD,TBD,TBD,TBD,0,25,25,66,74,65,62,70,71,64,66,,,,,,
por,Portugal,famalicao,FC Famalicão,16,CM,TBD,TBD,TBD,TBD,0,25,25,66,74,65,62,70,71,64,66,,,,,,
por,Portugal,famalicao,FC Famalicão,17,CM,TBD,TBD,TBD,TBD,0,25,25,66,74,65,62,70,71,64,66,,,,,,
por,Portugal,famalicao,FC Famalicão,18,CAM,TBD,TBD,TBD,TBD,0,25,25,66,74,69,68,74,76,48,58,,,,,,
por,Portugal,famalicao,FC Famalicão,19,LW,TBD,TBD,TBD,TBD,0,25,25,66,74,79,68,66,77,41,56,,,,,,
por,Portugal,famalicao,FC Famalicão,20,LW,TBD,TBD,TBD,TBD,0,25,25,66,74,79,68,66,77,41,56,,,,,,
por,Portugal,famalicao,FC Famalicão,21,RW,TBD,TBD,TBD,TBD,0,25,25,66,74,79,68,66,77,41,56,,,,,,
por,Portugal,famalicao,FC Famalicão,22,RW,TBD,TBD,TBD,TBD,0,25,25,66,74,79,68,66,77,41,56,,,,,,
por,Portugal,famalicao,FC Famalicão,23,ST,TBD,TBD,TBD,TBD,0,25,25,66,74,74,74,59,72,36,68,,,,,,
por,Portugal,famalicao,FC Famalicão,24,ST,TBD,TBD,TBD,TBD,0,25,25,66,74,74,74,59,72,36,68,,,,,,
por,Portugal,famalicao,FC Famalicão,25,ST,TBD,TBD,TBD,TBD,0,25,25,66,74,74,74,59,72,36,68,,,,,,
ned,Netherlands,fc-groningen,FC Groningen,1,CB,TBD,TBD,TBD,TBD,25,25,3,59,67,51,35,49,47,63,65,,,,,,
ned,Netherlands,fc-groningen,FC Groningen,2,CM,TBD,TBD,TBD,TBD,25,25,3,61,69,60,57,65,66,59,61,,,,,,
ned,Netherlands,fc-groningen,FC Groningen,3,CM,TBD,TBD,TBD,TBD,25,25,3,61,69,60,57,65,66,59,61,,,,,,
fin,Finland,haka,FC Haka,1,GK,TBD,TBD,TBD,TBD,0,25,25,45,53,,,,,,,47,45,43,48,35,46
fin,Finland,haka,FC Haka,2,GK,TBD,TBD,TBD,TBD,0,25,25,45,53,,,,,,,47,45,43,48,35,46
fin,Finland,haka,FC Haka,3,CB,TBD,TBD,TBD,TBD,0,25,25,45,53,37,35,35,35,49,51,,,,,,
fin,Finland,haka,FC Haka,4,CB,TBD,TBD,TBD,TBD,0,25,25,45,53,37,35,35,35,49,51,,,,,,
fin,Finland,haka,FC Haka,5,CB,TBD,TBD,TBD,TBD,0,25,25,45,53,37,35,35,35,49,51,,,,,,
fin,Finland,haka,FC Haka,6,CB,TBD,TBD,TBD,TBD,0,25,25,45,53,37,35,35,35,49,51,,,,,,
fin,Finland,haka,FC Haka,7,CB,TBD,TBD,TBD,TBD,0,25,25,45,53,37,35,35,35,49,51,,,,,,
fin,Finland,haka,FC Haka,8,LB,TBD,TBD,TBD,TBD,0,25,25,46,54,51,35,44,48,46,47,,,,,,
fin,Finland,haka,FC Haka,9,LB,TBD,TBD,TBD,TBD,0,25,25,46,54,51,35,44,48,46,47,,,,,,
fin,Finland,haka,FC Haka,10,RB,TBD,TBD,TBD,TBD,0,25,25,46,54,51,35,44,48,46,47,,,,,,
fin,Finland,haka,FC Haka,11,RB,TBD,TBD,TBD,TBD,0,25,25,46,54,51,35,44,48,46,47,,,,,,
fin,Finland,haka,FC Haka,12,CDM,TBD,TBD,TBD,TBD,0,25,25,46,54,43,35,48,46,50,51,,,,,,
fin,Finland,haka,FC Haka,13,CM,TBD,TBD,TBD,TBD,0,25,25,47,55,46,43,51,52,45,47,,,,,,
fin,Finland,haka,FC Haka,14,CM,TBD,TBD,TBD,TBD,0,25,25,47,55,46,43,51,52,45,47,,,,,,
fin,Finland,haka,FC Haka,15,CM,TBD,TBD,TBD,TBD,0,25,25,47,55,46,43,51,52,45,47,,,,,,
fin,Finland,haka,FC Haka,16,CM,TBD,TBD,TBD,TBD,0,25,25,47,55,46,43,51,52,45,47,,,,,,
fin,Finland,haka,FC Haka,17,CM,TBD,TBD,TBD,TBD,0,25,25,47,55,46,43,51,52,45,47,,,,,,
fin,Finland,haka,FC Haka,18,CAM,TBD,TBD,TBD,TBD,0,25,25,47,55,50,49,55,57,35,39,,,,,,
fin,Finland,haka,FC Haka,19,LW,TBD,TBD,TBD,TBD,0,25,25,47,55,60,49,47,58,35,37,,,,,,
fin,Finland,haka,FC Haka,20,LW,TBD,TBD,TBD,TBD,0,25,25,47,55,60,49,47,58,35,37,,,,,,
fin,Finland,haka,FC Haka,21,RW,TBD,TBD,TBD,TBD,0,25,25,47,55,60,49,47,58,35,37,,,,,,
fin,Finland,haka,FC Haka,22,RW,TBD,TBD,TBD,TBD,0,25,25,47,55,60,49,47,58,35,37,,,,,,
fin,Finland,haka,FC Haka,23,ST,TBD,TBD,TBD,TBD,0,25,25,47,55,55,55,40,53,35,49,,,,,,
fin,Finland,haka,FC Haka,24,ST,TBD,TBD,TBD,TBD,0,25,25,47,55,55,55,40,53,35,49,,,,,,
fin,Finland,haka,FC Haka,25,ST,TBD,TBD,TBD,TBD,0,25,25,47,55,55,55,40,53,35,49,,,,,,
rou,Romania,hermannstadt,FC Hermannstadt,1,GK,TBD,TBD,TBD,TBD,0,25,25,45,53,,,,,,,47,45,43,48,35,46
rou,Romania,hermannstadt,FC Hermannstadt,2,GK,TBD,TBD,TBD,TBD,0,25,25,45,53,,,,,,,47,45,43,48,35,46
rou,Romania,hermannstadt,FC Hermannstadt,3,CB,TBD,TBD,TBD,TBD,0,25,25,45,53,37,35,35,35,49,51,,,,,,
rou,Romania,hermannstadt,FC Hermannstadt,4,CB,TBD,TBD,TBD,TBD,0,25,25,45,53,37,35,35,35,49,51,,,,,,
rou,Romania,hermannstadt,FC Hermannstadt,5,CB,TBD,TBD,TBD,TBD,0,25,25,45,53,37,35,35,35,49,51,,,,,,
rou,Romania,hermannstadt,FC Hermannstadt,6,CB,TBD,TBD,TBD,TBD,0,25,25,45,53,37,35,35,35,49,51,,,,,,
rou,Romania,hermannstadt,FC Hermannstadt,7,CB,TBD,TBD,TBD,TBD,0,25,25,45,53,37,35,35,35,49,51,,,,,,
rou,Romania,hermannstadt,FC Hermannstadt,8,LB,TBD,TBD,TBD,TBD,0,25,25,46,54,51,35,44,48,46,47,,,,,,
rou,Romania,hermannstadt,FC Hermannstadt,9,LB,TBD,TBD,TBD,TBD,0,25,25,46,54,51,35,44,48,46,47,,,,,,
rou,Romania,hermannstadt,FC Hermannstadt,10,RB,TBD,TBD,TBD,TBD,0,25,25,46,54,51,35,44,48,46,47,,,,,,
rou,Romania,hermannstadt,FC Hermannstadt,11,RB,TBD,TBD,TBD,TBD,0,25,25,46,54,51,35,44,48,46,47,,,,,,
rou,Romania,hermannstadt,FC Hermannstadt,12,CDM,TBD,TBD,TBD,TBD,0,25,25,46,54,43,35,48,46,50,51,,,,,,
rou,Romania,hermannstadt,FC Hermannstadt,13,CM,TBD,TBD,TBD,TBD,0,25,25,47,55,46,43,51,52,45,47,,,,,,
rou,Romania,hermannstadt,FC Hermannstadt,14,CM,TBD,TBD,TBD,TBD,0,25,25,47,55,46,43,51,52,45,47,,,,,,
rou,Romania,hermannstadt,FC Hermannstadt,15,CM,TBD,TBD,TBD,TBD,0,25,25,47,55,46,43,51,52,45,47,,,,,,
rou,Romania,hermannstadt,FC Hermannstadt,16,CM,TBD,TBD,TBD,TBD,0,25,25,47,55,46,43,51,52,45,47,,,,,,
rou,Romania,hermannstadt,FC Hermannstadt,17,CM,TBD,TBD,TBD,TBD,0,25,25,47,55,46,43,51,52,45,47,,,,,,
rou,Romania,hermannstadt,FC Hermannstadt,18,CAM,TBD,TBD,TBD,TBD,0,25,25,47,55,50,49,55,57,35,39,,,,,,
rou,Romania,hermannstadt,FC Hermannstadt,19,LW,TBD,TBD,TBD,TBD,0,25,25,47,55,60,49,47,58,35,37,,,,,,
rou,Romania,hermannstadt,FC Hermannstadt,20,LW,TBD,TBD,TBD,TBD,0,25,25,47,55,60,49,47,58,35,37,,,,,,
rou,Romania,hermannstadt,FC Hermannstadt,21,RW,TBD,TBD,TBD,TBD,0,25,25,47,55,60,49,47,58,35,37,,,,,,
rou,Romania,hermannstadt,FC Hermannstadt,22,RW,TBD,TBD,TBD,TBD,0,25,25,47,55,60,49,47,58,35,37,,,,,,
rou,Romania,hermannstadt,FC Hermannstadt,23,ST,TBD,TBD,TBD,TBD,0,25,25,47,55,55,55,40,53,35,49,,,,,,
rou,Romania,hermannstadt,FC Hermannstadt,24,ST,TBD,TBD,TBD,TBD,0,25,25,47,55,55,55,40,53,35,49,,,,,,
rou,Romania,hermannstadt,FC Hermannstadt,25,ST,TBD,TBD,TBD,TBD,0,25,25,47,55,55,55,40,53,35,49,,,,,,
fin,Finland,fc-honka,FC Honka,1,GK,TBD,TBD,TBD,TBD,0,25,25,45,53,,,,,,,47,45,43,48,35,46
fin,Finland,fc-honka,FC Honka,2,GK,TBD,TBD,TBD,TBD,0,25,25,45,53,,,,,,,47,45,43,48,35,46
fin,Finland,fc-honka,FC Honka,3,CB,TBD,TBD,TBD,TBD,0,25,25,45,53,37,35,35,35,49,51,,,,,,
fin,Finland,fc-honka,FC Honka,4,CB,TBD,TBD,TBD,TBD,0,25,25,45,53,37,35,35,35,49,51,,,,,,
fin,Finland,fc-honka,FC Honka,5,CB,TBD,TBD,TBD,TBD,0,25,25,45,53,37,35,35,35,49,51,,,,,,
fin,Finland,fc-honka,FC Honka,6,CB,TBD,TBD,TBD,TBD,0,25,25,45,53,37,35,35,35,49,51,,,,,,
fin,Finland,fc-honka,FC Honka,7,CB,TBD,TBD,TBD,TBD,0,25,25,45,53,37,35,35,35,49,51,,,,,,
fin,Finland,fc-honka,FC Honka,8,LB,TBD,TBD,TBD,TBD,0,25,25,46,54,51,35,44,48,46,47,,,,,,
fin,Finland,fc-honka,FC Honka,9,LB,TBD,TBD,TBD,TBD,0,25,25,46,54,51,35,44,48,46,47,,,,,,
fin,Finland,fc-honka,FC Honka,10,RB,TBD,TBD,TBD,TBD,0,25,25,46,54,51,35,44,48,46,47,,,,,,
fin,Finland,fc-honka,FC Honka,11,RB,TBD,TBD,TBD,TBD,0,25,25,46,54,51,35,44,48,46,47,,,,,,
fin,Finland,fc-honka,FC Honka,12,CDM,TBD,TBD,TBD,TBD,0,25,25,46,54,43,35,48,46,50,51,,,,,,
fin,Finland,fc-honka,FC Honka,13,CM,TBD,TBD,TBD,TBD,0,25,25,47,55,46,43,51,52,45,47,,,,,,
fin,Finland,fc-honka,FC Honka,14,CM,TBD,TBD,TBD,TBD,0,25,25,47,55,46,43,51,52,45,47,,,,,,
fin,Finland,fc-honka,FC Honka,15,CM,TBD,TBD,TBD,TBD,0,25,25,47,55,46,43,51,52,45,47,,,,,,
fin,Finland,fc-honka,FC Honka,16,CM,TBD,TBD,TBD,TBD,0,25,25,47,55,46,43,51,52,45,47,,,,,,
fin,Finland,fc-honka,FC Honka,17,CM,TBD,TBD,TBD,TBD,0,25,25,47,55,46,43,51,52,45,47,,,,,,
fin,Finland,fc-honka,FC Honka,18,CAM,TBD,TBD,TBD,TBD,0,25,25,47,55,50,49,55,57,35,39,,,,,,
fin,Finland,fc-honka,FC Honka,19,LW,TBD,TBD,TBD,TBD,0,25,25,47,55,60,49,47,58,35,37,,,,,,
fin,Finland,fc-honka,FC Honka,20,LW,TBD,TBD,TBD,TBD,0,25,25,47,55,60,49,47,58,35,37,,,,,,
fin,Finland,fc-honka,FC Honka,21,RW,TBD,TBD,TBD,TBD,0,25,25,47,55,60,49,47,58,35,37,,,,,,
fin,Finland,fc-honka,FC Honka,22,RW,TBD,TBD,TBD,TBD,0,25,25,47,55,60,49,47,58,35,37,,,,,,
fin,Finland,fc-honka,FC Honka,23,ST,TBD,TBD,TBD,TBD,0,25,25,47,55,55,55,40,53,35,49,,,,,,
fin,Finland,fc-honka,FC Honka,24,ST,TBD,TBD,TBD,TBD,0,25,25,47,55,55,55,40,53,35,49,,,,,,
fin,Finland,fc-honka,FC Honka,25,ST,TBD,TBD,TBD,TBD,0,25,25,47,55,55,55,40,53,35,49,,,,,,
cze,Czechia,hradec-kralove,FC Hradec Králové,1,GK,TBD,TBD,TBD,TBD,0,25,25,47,55,,,,,,,49,47,45,50,35,48
cze,Czechia,hradec-kralove,FC Hradec Králové,2,GK,TBD,TBD,TBD,TBD,0,25,25,47,55,,,,,,,49,47,45,50,35,48
cze,Czechia,hradec-kralove,FC Hradec Králové,3,CB,TBD,TBD,TBD,TBD,0,25,25,47,55,39,35,37,35,51,53,,,,,,
cze,Czechia,hradec-kralove,FC Hradec Králové,4,CB,TBD,TBD,TBD,TBD,0,25,25,47,55,39,35,37,35,51,53,,,,,,
cze,Czechia,hradec-kralove,FC Hradec Králové,5,CB,TBD,TBD,TBD,TBD,0,25,25,47,55,39,35,37,35,51,53,,,,,,
cze,Czechia,hradec-kralove,FC Hradec Králové,6,CB,TBD,TBD,TBD,TBD,0,25,25,47,55,39,35,37,35,51,53,,,,,,
cze,Czechia,hradec-kralove,FC Hradec Králové,7,CB,TBD,TBD,TBD,TBD,0,25,25,47,55,39,35,37,35,51,53,,,,,,
cze,Czechia,hradec-kralove,FC Hradec Králové,8,LB,TBD,TBD,TBD,TBD,0,25,25,48,56,53,35,46,50,48,49,,,,,,
cze,Czechia,hradec-kralove,FC Hradec Králové,9,LB,TBD,TBD,TBD,TBD,0,25,25,48,56,53,35,46,50,48,49,,,,,,
cze,Czechia,hradec-kralove,FC Hradec Králové,10,RB,TBD,TBD,TBD,TBD,0,25,25,48,56,53,35,46,50,48,49,,,,,,
cze,Czechia,hradec-kralove,FC Hradec Králové,11,RB,TBD,TBD,TBD,TBD,0,25,25,48,56,53,35,46,50,48,49,,,,,,
cze,Czechia,hradec-kralove,FC Hradec Králové,12,CDM,TBD,TBD,TBD,TBD,0,25,25,48,56,45,36,50,48,52,53,,,,,,
cze,Czechia,hradec-kralove,FC Hradec Králové,13,CM,TBD,TBD,TBD,TBD,0,25,25,49,57,48,45,53,54,47,49,,,,,,
cze,Czechia,hradec-kralove,FC Hradec Králové,14,CM,TBD,TBD,TBD,TBD,0,25,25,49,57,48,45,53,54,47,49,,,,,,
cze,Czechia,hradec-kralove,FC Hradec Králové,15,CM,TBD,TBD,TBD,TBD,0,25,25,49,57,48,45,53,54,47,49,,,,,,
cze,Czechia,hradec-kralove,FC Hradec Králové,16,CM,TBD,TBD,TBD,TBD,0,25,25,49,57,48,45,53,54,47,49,,,,,,
cze,Czechia,hradec-kralove,FC Hradec Králové,17,CM,TBD,TBD,TBD,TBD,0,25,25,49,57,48,45,53,54,47,49,,,,,,
cze,Czechia,hradec-kralove,FC Hradec Králové,18,CAM,TBD,TBD,TBD,TBD,0,25,25,49,57,52,51,57,59,35,41,,,,,,
cze,Czechia,hradec-kralove,FC Hradec Králové,19,LW,TBD,TBD,TBD,TBD,0,25,25,49,57,62,51,49,60,35,39,,,,,,
cze,Czechia,hradec-kralove,FC Hradec Králové,20,LW,TBD,TBD,TBD,TBD,0,25,25,49,57,62,51,49,60,35,39,,,,,,
cze,Czechia,hradec-kralove,FC Hradec Králové,21,RW,TBD,TBD,TBD,TBD,0,25,25,49,57,62,51,49,60,35,39,,,,,,
cze,Czechia,hradec-kralove,FC Hradec Králové,22,RW,TBD,TBD,TBD,TBD,0,25,25,49,57,62,51,49,60,35,39,,,,,,
cze,Czechia,hradec-kralove,FC Hradec Králové,23,ST,TBD,TBD,TBD,TBD,0,25,25,49,57,57,57,42,55,35,51,,,,,,
cze,Czechia,hradec-kralove,FC Hradec Králové,24,ST,TBD,TBD,TBD,TBD,0,25,25,49,57,57,57,42,55,35,51,,,,,,
cze,Czechia,hradec-kralove,FC Hradec Králové,25,ST,TBD,TBD,TBD,TBD,0,25,25,49,57,57,57,42,55,35,51,,,,,,
fin,Finland,inter-turku,FC Inter Turku,1,GK,TBD,TBD,TBD,TBD,0,25,25,45,53,,,,,,,47,45,43,48,35,46
fin,Finland,inter-turku,FC Inter Turku,2,GK,TBD,TBD,TBD,TBD,0,25,25,45,53,,,,,,,47,45,43,48,35,46
fin,Finland,inter-turku,FC Inter Turku,3,CB,TBD,TBD,TBD,TBD,0,25,25,45,53,37,35,35,35,49,51,,,,,,
fin,Finland,inter-turku,FC Inter Turku,4,CB,TBD,TBD,TBD,TBD,0,25,25,45,53,37,35,35,35,49,51,,,,,,
fin,Finland,inter-turku,FC Inter Turku,5,CB,TBD,TBD,TBD,TBD,0,25,25,45,53,37,35,35,35,49,51,,,,,,
fin,Finland,inter-turku,FC Inter Turku,6,CB,TBD,TBD,TBD,TBD,0,25,25,45,53,37,35,35,35,49,51,,,,,,
fin,Finland,inter-turku,FC Inter Turku,7,CB,TBD,TBD,TBD,TBD,0,25,25,45,53,37,35,35,35,49,51,,,,,,
fin,Finland,inter-turku,FC Inter Turku,8,LB,TBD,TBD,TBD,TBD,0,25,25,46,54,51,35,44,48,46,47,,,,,,
fin,Finland,inter-turku,FC Inter Turku,9,LB,TBD,TBD,TBD,TBD,0,25,25,46,54,51,35,44,48,46,47,,,,,,
fin,Finland,inter-turku,FC Inter Turku,10,RB,TBD,TBD,TBD,TBD,0,25,25,46,54,51,35,44,48,46,47,,,,,,
fin,Finland,inter-turku,FC Inter Turku,11,RB,TBD,TBD,TBD,TBD,0,25,25,46,54,51,35,44,48,46,47,,,,,,
fin,Finland,inter-turku,FC Inter Turku,12,CDM,TBD,TBD,TBD,TBD,0,25,25,46,54,43,35,48,46,50,51,,,,,,
fin,Finland,inter-turku,FC Inter Turku,13,CM,TBD,TBD,TBD,TBD,0,25,25,47,55,46,43,51,52,45,47,,,,,,
fin,Finland,inter-turku,FC Inter Turku,14,CM,TBD,TBD,TBD,TBD,0,25,25,47,55,46,43,51,52,45,47,,,,,,
fin,Finland,inter-turku,FC Inter Turku,15,CM,TBD,TBD,TBD,TBD,0,25,25,47,55,46,43,51,52,45,47,,,,,,
fin,Finland,inter-turku,FC Inter Turku,16,CM,TBD,TBD,TBD,TBD,0,25,25,47,55,46,43,51,52,45,47,,,,,,
fin,Finland,inter-turku,FC Inter Turku,17,CM,TBD,TBD,TBD,TBD,0,25,25,47,55,46,43,51,52,45,47,,,,,,
fin,Finland,inter-turku,FC Inter Turku,18,CAM,TBD,TBD,TBD,TBD,0,25,25,47,55,50,49,55,57,35,39,,,,,,
fin,Finland,inter-turku,FC Inter Turku,19,LW,TBD,TBD,TBD,TBD,0,25,25,47,55,60,49,47,58,35,37,,,,,,
fin,Finland,inter-turku,FC Inter Turku,20,LW,TBD,TBD,TBD,TBD,0,25,25,47,55,60,49,47,58,35,37,,,,,,
fin,Finland,inter-turku,FC Inter Turku,21,RW,TBD,TBD,TBD,TBD,0,25,25,47,55,60,49,47,58,35,37,,,,,,
fin,Finland,inter-turku,FC Inter Turku,22,RW,TBD,TBD,TBD,TBD,0,25,25,47,55,60,49,47,58,35,37,,,,,,
fin,Finland,inter-turku,FC Inter Turku,23,ST,TBD,TBD,TBD,TBD,0,25,25,47,55,55,55,40,53,35,49,,,,,,
fin,Finland,inter-turku,FC Inter Turku,24,ST,TBD,TBD,TBD,TBD,0,25,25,47,55,55,55,40,53,35,49,,,,,,
fin,Finland,inter-turku,FC Inter Turku,25,ST,TBD,TBD,TBD,TBD,0,25,25,47,55,55,55,40,53,35,49,,,,,,
svk,Slovakia,kosice,FC Košice,1,GK,TBD,TBD,TBD,TBD,0,25,25,45,53,,,,,,,47,45,43,48,35,46
svk,Slovakia,kosice,FC Košice,2,GK,TBD,TBD,TBD,TBD,0,25,25,45,53,,,,,,,47,45,43,48,35,46
svk,Slovakia,kosice,FC Košice,3,CB,TBD,TBD,TBD,TBD,0,25,25,45,53,37,35,35,35,49,51,,,,,,
svk,Slovakia,kosice,FC Košice,4,CB,TBD,TBD,TBD,TBD,0,25,25,45,53,37,35,35,35,49,51,,,,,,
svk,Slovakia,kosice,FC Košice,5,CB,TBD,TBD,TBD,TBD,0,25,25,45,53,37,35,35,35,49,51,,,,,,
svk,Slovakia,kosice,FC Košice,6,CB,TBD,TBD,TBD,TBD,0,25,25,45,53,37,35,35,35,49,51,,,,,,
svk,Slovakia,kosice,FC Košice,7,CB,TBD,TBD,TBD,TBD,0,25,25,45,53,37,35,35,35,49,51,,,,,,
svk,Slovakia,kosice,FC Košice,8,LB,TBD,TBD,TBD,TBD,0,25,25,46,54,51,35,44,48,46,47,,,,,,
svk,Slovakia,kosice,FC Košice,9,LB,TBD,TBD,TBD,TBD,0,25,25,46,54,51,35,44,48,46,47,,,,,,
svk,Slovakia,kosice,FC Košice,10,RB,TBD,TBD,TBD,TBD,0,25,25,46,54,51,35,44,48,46,47,,,,,,
svk,Slovakia,kosice,FC Košice,11,RB,TBD,TBD,TBD,TBD,0,25,25,46,54,51,35,44,48,46,47,,,,,,
svk,Slovakia,kosice,FC Košice,12,CDM,TBD,TBD,TBD,TBD,0,25,25,46,54,43,35,48,46,50,51,,,,,,
svk,Slovakia,kosice,FC Košice,13,CM,TBD,TBD,TBD,TBD,0,25,25,47,55,46,43,51,52,45,47,,,,,,
svk,Slovakia,kosice,FC Košice,14,CM,TBD,TBD,TBD,TBD,0,25,25,47,55,46,43,51,52,45,47,,,,,,
svk,Slovakia,kosice,FC Košice,15,CM,TBD,TBD,TBD,TBD,0,25,25,47,55,46,43,51,52,45,47,,,,,,
svk,Slovakia,kosice,FC Košice,16,CM,TBD,TBD,TBD,TBD,0,25,25,47,55,46,43,51,52,45,47,,,,,,
svk,Slovakia,kosice,FC Košice,17,CM,TBD,TBD,TBD,TBD,0,25,25,47,55,46,43,51,52,45,47,,,,,,
svk,Slovakia,kosice,FC Košice,18,CAM,TBD,TBD,TBD,TBD,0,25,25,47,55,50,49,55,57,35,39,,,,,,
svk,Slovakia,kosice,FC Košice,19,LW,TBD,TBD,TBD,TBD,0,25,25,47,55,60,49,47,58,35,37,,,,,,
svk,Slovakia,kosice,FC Košice,20,LW,TBD,TBD,TBD,TBD,0,25,25,47,55,60,49,47,58,35,37,,,,,,
svk,Slovakia,kosice,FC Košice,21,RW,TBD,TBD,TBD,TBD,0,25,25,47,55,60,49,47,58,35,37,,,,,,
svk,Slovakia,kosice,FC Košice,22,RW,TBD,TBD,TBD,TBD,0,25,25,47,55,60,49,47,58,35,37,,,,,,
svk,Slovakia,kosice,FC Košice,23,ST,TBD,TBD,TBD,TBD,0,25,25,47,55,55,55,40,53,35,49,,,,,,
svk,Slovakia,kosice,FC Košice,24,ST,TBD,TBD,TBD,TBD,0,25,25,47,55,55,55,40,53,35,49,,,,,,
svk,Slovakia,kosice,FC Košice,25,ST,TBD,TBD,TBD,TBD,0,25,25,47,55,55,55,40,53,35,49,,,,,,
bgr,Bulgaria,krumovgrad,FC Krumovgrad,1,GK,TBD,TBD,TBD,TBD,0,25,25,45,53,,,,,,,47,45,43,48,35,46
bgr,Bulgaria,krumovgrad,FC Krumovgrad,2,GK,TBD,TBD,TBD,TBD,0,25,25,45,53,,,,,,,47,45,43,48,35,46
bgr,Bulgaria,krumovgrad,FC Krumovgrad,3,CB,TBD,TBD,TBD,TBD,0,25,25,45,53,37,35,35,35,49,51,,,,,,
bgr,Bulgaria,krumovgrad,FC Krumovgrad,4,CB,TBD,TBD,TBD,TBD,0,25,25,45,53,37,35,35,35,49,51,,,,,,
bgr,Bulgaria,krumovgrad,FC Krumovgrad,5,CB,TBD,TBD,TBD,TBD,0,25,25,45,53,37,35,35,35,49,51,,,,,,
bgr,Bulgaria,krumovgrad,FC Krumovgrad,6,CB,TBD,TBD,TBD,TBD,0,25,25,45,53,37,35,35,35,49,51,,,,,,
bgr,Bulgaria,krumovgrad,FC Krumovgrad,7,CB,TBD,TBD,TBD,TBD,0,25,25,45,53,37,35,35,35,49,51,,,,,,
bgr,Bulgaria,krumovgrad,FC Krumovgrad,8,LB,TBD,TBD,TBD,TBD,0,25,25,46,54,51,35,44,48,46,47,,,,,,
bgr,Bulgaria,krumovgrad,FC Krumovgrad,9,LB,TBD,TBD,TBD,TBD,0,25,25,46,54,51,35,44,48,46,47,,,,,,
bgr,Bulgaria,krumovgrad,FC Krumovgrad,10,RB,TBD,TBD,TBD,TBD,0,25,25,46,54,51,35,44,48,46,47,,,,,,
bgr,Bulgaria,krumovgrad,FC Krumovgrad,11,RB,TBD,TBD,TBD,TBD,0,25,25,46,54,51,35,44,48,46,47,,,,,,
bgr,Bulgaria,krumovgrad,FC Krumovgrad,12,CDM,TBD,TBD,TBD,TBD,0,25,25,46,54,43,35,48,46,50,51,,,,,,
bgr,Bulgaria,krumovgrad,FC Krumovgrad,13,CM,TBD,TBD,TBD,TBD,0,25,25,47,55,46,43,51,52,45,47,,,,,,
bgr,Bulgaria,krumovgrad,FC Krumovgrad,14,CM,TBD,TBD,TBD,TBD,0,25,25,47,55,46,43,51,52,45,47,,,,,,
bgr,Bulgaria,krumovgrad,FC Krumovgrad,15,CM,TBD,TBD,TBD,TBD,0,25,25,47,55,46,43,51,52,45,47,,,,,,
bgr,Bulgaria,krumovgrad,FC Krumovgrad,16,CM,TBD,TBD,TBD,TBD,0,25,25,47,55,46,43,51,52,45,47,,,,,,
bgr,Bulgaria,krumovgrad,FC Krumovgrad,17,CM,TBD,TBD,TBD,TBD,0,25,25,47,55,46,43,51,52,45,47,,,,,,
bgr,Bulgaria,krumovgrad,FC Krumovgrad,18,CAM,TBD,TBD,TBD,TBD,0,25,25,47,55,50,49,55,57,35,39,,,,,,
bgr,Bulgaria,krumovgrad,FC Krumovgrad,19,LW,TBD,TBD,TBD,TBD,0,25,25,47,55,60,49,47,58,35,37,,,,,,
bgr,Bulgaria,krumovgrad,FC Krumovgrad,20,LW,TBD,TBD,TBD,TBD,0,25,25,47,55,60,49,47,58,35,37,,,,,,
bgr,Bulgaria,krumovgrad,FC Krumovgrad,21,RW,TBD,TBD,TBD,TBD,0,25,25,47,55,60,49,47,58,35,37,,,,,,
bgr,Bulgaria,krumovgrad,FC Krumovgrad,22,RW,TBD,TBD,TBD,TBD,0,25,25,47,55,60,49,47,58,35,37,,,,,,
bgr,Bulgaria,krumovgrad,FC Krumovgrad,23,ST,TBD,TBD,TBD,TBD,0,25,25,47,55,55,55,40,53,35,49,,,,,,
bgr,Bulgaria,krumovgrad,FC Krumovgrad,24,ST,TBD,TBD,TBD,TBD,0,25,25,47,55,55,55,40,53,35,49,,,,,,
bgr,Bulgaria,krumovgrad,FC Krumovgrad,25,ST,TBD,TBD,TBD,TBD,0,25,25,47,55,55,55,40,53,35,49,,,,,,
fin,Finland,fc-lahti,FC Lahti,1,GK,TBD,TBD,TBD,TBD,0,25,25,45,53,,,,,,,47,45,43,48,35,46
fin,Finland,fc-lahti,FC Lahti,2,GK,TBD,TBD,TBD,TBD,0,25,25,45,53,,,,,,,47,45,43,48,35,46
fin,Finland,fc-lahti,FC Lahti,3,CB,TBD,TBD,TBD,TBD,0,25,25,45,53,37,35,35,35,49,51,,,,,,
fin,Finland,fc-lahti,FC Lahti,4,CB,TBD,TBD,TBD,TBD,0,25,25,45,53,37,35,35,35,49,51,,,,,,
fin,Finland,fc-lahti,FC Lahti,5,CB,TBD,TBD,TBD,TBD,0,25,25,45,53,37,35,35,35,49,51,,,,,,
fin,Finland,fc-lahti,FC Lahti,6,CB,TBD,TBD,TBD,TBD,0,25,25,45,53,37,35,35,35,49,51,,,,,,
fin,Finland,fc-lahti,FC Lahti,7,CB,TBD,TBD,TBD,TBD,0,25,25,45,53,37,35,35,35,49,51,,,,,,
fin,Finland,fc-lahti,FC Lahti,8,LB,TBD,TBD,TBD,TBD,0,25,25,46,54,51,35,44,48,46,47,,,,,,
fin,Finland,fc-lahti,FC Lahti,9,LB,TBD,TBD,TBD,TBD,0,25,25,46,54,51,35,44,48,46,47,,,,,,
fin,Finland,fc-lahti,FC Lahti,10,RB,TBD,TBD,TBD,TBD,0,25,25,46,54,51,35,44,48,46,47,,,,,,
fin,Finland,fc-lahti,FC Lahti,11,RB,TBD,TBD,TBD,TBD,0,25,25,46,54,51,35,44,48,46,47,,,,,,
fin,Finland,fc-lahti,FC Lahti,12,CDM,TBD,TBD,TBD,TBD,0,25,25,46,54,43,35,48,46,50,51,,,,,,
fin,Finland,fc-lahti,FC Lahti,13,CM,TBD,TBD,TBD,TBD,0,25,25,47,55,46,43,51,52,45,47,,,,,,
fin,Finland,fc-lahti,FC Lahti,14,CM,TBD,TBD,TBD,TBD,0,25,25,47,55,46,43,51,52,45,47,,,,,,
fin,Finland,fc-lahti,FC Lahti,15,CM,TBD,TBD,TBD,TBD,0,25,25,47,55,46,43,51,52,45,47,,,,,,
fin,Finland,fc-lahti,FC Lahti,16,CM,TBD,TBD,TBD,TBD,0,25,25,47,55,46,43,51,52,45,47,,,,,,
fin,Finland,fc-lahti,FC Lahti,17,CM,TBD,TBD,TBD,TBD,0,25,25,47,55,46,43,51,52,45,47,,,,,,
fin,Finland,fc-lahti,FC Lahti,18,CAM,TBD,TBD,TBD,TBD,0,25,25,47,55,50,49,55,57,35,39,,,,,,
fin,Finland,fc-lahti,FC Lahti,19,LW,TBD,TBD,TBD,TBD,0,25,25,47,55,60,49,47,58,35,37,,,,,,
fin,Finland,fc-lahti,FC Lahti,20,LW,TBD,TBD,TBD,TBD,0,25,25,47,55,60,49,47,58,35,37,,,,,,
fin,Finland,fc-lahti,FC Lahti,21,RW,TBD,TBD,TBD,TBD,0,25,25,47,55,60,49,47,58,35,37,,,,,,
fin,Finland,fc-lahti,FC Lahti,22,RW,TBD,TBD,TBD,TBD,0,25,25,47,55,60,49,47,58,35,37,,,,,,
fin,Finland,fc-lahti,FC Lahti,23,ST,TBD,TBD,TBD,TBD,0,25,25,47,55,55,55,40,53,35,49,,,,,,
fin,Finland,fc-lahti,FC Lahti,24,ST,TBD,TBD,TBD,TBD,0,25,25,47,55,55,55,40,53,35,49,,,,,,
fin,Finland,fc-lahti,FC Lahti,25,ST,TBD,TBD,TBD,TBD,0,25,25,47,55,55,55,40,53,35,49,,,,,,
che,Switzerland,lausanne-sport,FC Lausanne-Sport,1,GK,TBD,TBD,TBD,TBD,0,25,25,45,53,,,,,,,47,45,43,48,35,46
che,Switzerland,lausanne-sport,FC Lausanne-Sport,2,GK,TBD,TBD,TBD,TBD,0,25,25,45,53,,,,,,,47,45,43,48,35,46
che,Switzerland,lausanne-sport,FC Lausanne-Sport,3,CB,TBD,TBD,TBD,TBD,0,25,25,45,53,37,35,35,35,49,51,,,,,,
che,Switzerland,lausanne-sport,FC Lausanne-Sport,4,CB,TBD,TBD,TBD,TBD,0,25,25,45,53,37,35,35,35,49,51,,,,,,
che,Switzerland,lausanne-sport,FC Lausanne-Sport,5,CB,TBD,TBD,TBD,TBD,0,25,25,45,53,37,35,35,35,49,51,,,,,,
che,Switzerland,lausanne-sport,FC Lausanne-Sport,6,CB,TBD,TBD,TBD,TBD,0,25,25,45,53,37,35,35,35,49,51,,,,,,
che,Switzerland,lausanne-sport,FC Lausanne-Sport,7,CB,TBD,TBD,TBD,TBD,0,25,25,45,53,37,35,35,35,49,51,,,,,,
che,Switzerland,lausanne-sport,FC Lausanne-Sport,8,LB,TBD,TBD,TBD,TBD,0,25,25,46,54,51,35,44,48,46,47,,,,,,
che,Switzerland,lausanne-sport,FC Lausanne-Sport,9,LB,TBD,TBD,TBD,TBD,0,25,25,46,54,51,35,44,48,46,47,,,,,,
che,Switzerland,lausanne-sport,FC Lausanne-Sport,10,RB,TBD,TBD,TBD,TBD,0,25,25,46,54,51,35,44,48,46,47,,,,,,
che,Switzerland,lausanne-sport,FC Lausanne-Sport,11,RB,TBD,TBD,TBD,TBD,0,25,25,46,54,51,35,44,48,46,47,,,,,,
che,Switzerland,lausanne-sport,FC Lausanne-Sport,12,CDM,TBD,TBD,TBD,TBD,0,25,25,46,54,43,35,48,46,50,51,,,,,,
che,Switzerland,lausanne-sport,FC Lausanne-Sport,13,CM,TBD,TBD,TBD,TBD,0,25,25,47,55,46,43,51,52,45,47,,,,,,
che,Switzerland,lausanne-sport,FC Lausanne-Sport,14,CM,TBD,TBD,TBD,TBD,0,25,25,47,55,46,43,51,52,45,47,,,,,,
che,Switzerland,lausanne-sport,FC Lausanne-Sport,15,CM,TBD,TBD,TBD,TBD,0,25,25,47,55,46,43,51,52,45,47,,,,,,
che,Switzerland,lausanne-sport,FC Lausanne-Sport,16,CM,TBD,TBD,TBD,TBD,0,25,25,47,55,46,43,51,52,45,47,,,,,,
che,Switzerland,lausanne-sport,FC Lausanne-Sport,17,CM,TBD,TBD,TBD,TBD,0,25,25,47,55,46,43,51,52,45,47,,,,,,
che,Switzerland,lausanne-sport,FC Lausanne-Sport,18,CAM,TBD,TBD,TBD,TBD,0,25,25,47,55,50,49,55,57,35,39,,,,,,
che,Switzerland,lausanne-sport,FC Lausanne-Sport,19,LW,TBD,TBD,TBD,TBD,0,25,25,47,55,60,49,47,58,35,37,,,,,,
che,Switzerland,lausanne-sport,FC Lausanne-Sport,20,LW,TBD,TBD,TBD,TBD,0,25,25,47,55,60,49,47,58,35,37,,,,,,
che,Switzerland,lausanne-sport,FC Lausanne-Sport,21,RW,TBD,TBD,TBD,TBD,0,25,25,47,55,60,49,47,58,35,37,,,,,,
che,Switzerland,lausanne-sport,FC Lausanne-Sport,22,RW,TBD,TBD,TBD,TBD,0,25,25,47,55,60,49,47,58,35,37,,,,,,
che,Switzerland,lausanne-sport,FC Lausanne-Sport,23,ST,TBD,TBD,TBD,TBD,0,25,25,47,55,55,55,40,53,35,49,,,,,,
che,Switzerland,lausanne-sport,FC Lausanne-Sport,24,ST,TBD,TBD,TBD,TBD,0,25,25,47,55,55,55,40,53,35,49,,,,,,
che,Switzerland,lausanne-sport,FC Lausanne-Sport,25,ST,TBD,TBD,TBD,TBD,0,25,25,47,55,55,55,40,53,35,49,,,,,,
che,Switzerland,fc-lugano,FC Lugano,1,GK,TBD,TBD,TBD,TBD,0,25,25,50,58,,,,,,,52,50,48,53,35,51
che,Switzerland,fc-lugano,FC Lugano,2,GK,TBD,TBD,TBD,TBD,0,25,25,50,58,,,,,,,52,50,48,53,35,51
che,Switzerland,fc-lugano,FC Lugano,3,CB,TBD,TBD,TBD,TBD,0,25,25,50,58,42,35,40,38,54,56,,,,,,
che,Switzerland,fc-lugano,FC Lugano,4,CB,TBD,TBD,TBD,TBD,0,25,25,50,58,42,35,40,38,54,56,,,,,,
che,Switzerland,fc-lugano,FC Lugano,5,CB,TBD,TBD,TBD,TBD,0,25,25,50,58,42,35,40,38,54,56,,,,,,
che,Switzerland,fc-lugano,FC Lugano,6,CB,TBD,TBD,TBD,TBD,0,25,25,50,58,42,35,40,38,54,56,,,,,,
che,Switzerland,fc-lugano,FC Lugano,7,CB,TBD,TBD,TBD,TBD,0,25,25,50,58,42,35,40,38,54,56,,,,,,
che,Switzerland,fc-lugano,FC Lugano,8,LB,TBD,TBD,TBD,TBD,0,25,25,51,59,56,35,49,53,51,52,,,,,,
che,Switzerland,fc-lugano,FC Lugano,9,LB,TBD,TBD,TBD,TBD,0,25,25,51,59,56,35,49,53,51,52,,,,,,
che,Switzerland,fc-lugano,FC Lugano,10,RB,TBD,TBD,TBD,TBD,0,25,25,51,59,56,35,49,53,51,52,,,,,,
che,Switzerland,fc-lugano,FC Lugano,11,RB,TBD,TBD,TBD,TBD,0,25,25,51,59,56,35,49,53,51,52,,,,,,
che,Switzerland,fc-lugano,FC Lugano,12,CDM,TBD,TBD,TBD,TBD,0,25,25,51,59,48,39,53,51,55,56,,,,,,
che,Switzerland,fc-lugano,FC Lugano,13,CM,TBD,TBD,TBD,TBD,0,25,25,52,60,51,48,56,57,50,52,,,,,,
che,Switzerland,fc-lugano,FC Lugano,14,CM,TBD,TBD,TBD,TBD,0,25,25,52,60,51,48,56,57,50,52,,,,,,
che,Switzerland,fc-lugano,FC Lugano,15,CM,TBD,TBD,TBD,TBD,0,25,25,52,60,51,48,56,57,50,52,,,,,,
che,Switzerland,fc-lugano,FC Lugano,16,CM,TBD,TBD,TBD,TBD,0,25,25,52,60,51,48,56,57,50,52,,,,,,
che,Switzerland,fc-lugano,FC Lugano,17,CM,TBD,TBD,TBD,TBD,0,25,25,52,60,51,48,56,57,50,52,,,,,,
che,Switzerland,fc-lugano,FC Lugano,18,CAM,TBD,TBD,TBD,TBD,0,25,25,52,60,55,54,60,62,35,44,,,,,,
che,Switzerland,fc-lugano,FC Lugano,19,LW,TBD,TBD,TBD,TBD,0,25,25,52,60,65,54,52,63,35,42,,,,,,
che,Switzerland,fc-lugano,FC Lugano,20,LW,TBD,TBD,TBD,TBD,0,25,25,52,60,65,54,52,63,35,42,,,,,,
che,Switzerland,fc-lugano,FC Lugano,21,RW,TBD,TBD,TBD,TBD,0,25,25,52,60,65,54,52,63,35,42,,,,,,
che,Switzerland,fc-lugano,FC Lugano,22,RW,TBD,TBD,TBD,TBD,0,25,25,52,60,65,54,52,63,35,42,,,,,,
che,Switzerland,fc-lugano,FC Lugano,23,ST,TBD,TBD,TBD,TBD,0,25,25,52,60,60,60,45,58,35,54,,,,,,
che,Switzerland,fc-lugano,FC Lugano,24,ST,TBD,TBD,TBD,TBD,0,25,25,52,60,60,60,45,58,35,54,,,,,,
che,Switzerland,fc-lugano,FC Lugano,25,ST,TBD,TBD,TBD,TBD,0,25,25,52,60,60,60,45,58,35,54,,,,,,
che,Switzerland,fc-luzern,FC Luzern,1,GK,TBD,TBD,TBD,TBD,0,25,25,49,57,,,,,,,51,49,47,52,35,50
che,Switzerland,fc-luzern,FC Luzern,2,GK,TBD,TBD,TBD,TBD,0,25,25,49,57,,,,,,,51,49,47,52,35,50
che,Switzerland,fc-luzern,FC Luzern,3,CB,TBD,TBD,TBD,TBD,0,25,25,49,57,41,35,39,37,53,55,,,,,,
che,Switzerland,fc-luzern,FC Luzern,4,CB,TBD,TBD,TBD,TBD,0,25,25,49,57,41,35,39,37,53,55,,,,,,
che,Switzerland,fc-luzern,FC Luzern,5,CB,TBD,TBD,TBD,TBD,0,25,25,49,57,41,35,39,37,53,55,,,,,,
che,Switzerland,fc-luzern,FC Luzern,6,CB,TBD,TBD,TBD,TBD,0,25,25,49,57,41,35,39,37,53,55,,,,,,
che,Switzerland,fc-luzern,FC Luzern,7,CB,TBD,TBD,TBD,TBD,0,25,25,49,57,41,35,39,37,53,55,,,,,,
che,Switzerland,fc-luzern,FC Luzern,8,LB,TBD,TBD,TBD,TBD,0,25,25,50,58,55,35,48,52,50,51,,,,,,
che,Switzerland,fc-luzern,FC Luzern,9,LB,TBD,TBD,TBD,TBD,0,25,25,50,58,55,35,48,52,50,51,,,,,,
che,Switzerland,fc-luzern,FC Luzern,10,RB,TBD,TBD,TBD,TBD,0,25,25,50,58,55,35,48,52,50,51,,,,,,
che,Switzerland,fc-luzern,FC Luzern,11,RB,TBD,TBD,TBD,TBD,0,25,25,50,58,55,35,48,52,50,51,,,,,,
che,Switzerland,fc-luzern,FC Luzern,12,CDM,TBD,TBD,TBD,TBD,0,25,25,50,58,47,38,52,50,54,55,,,,,,
che,Switzerland,fc-luzern,FC Luzern,13,CM,TBD,TBD,TBD,TBD,0,25,25,51,59,50,47,55,56,49,51,,,,,,
che,Switzerland,fc-luzern,FC Luzern,14,CM,TBD,TBD,TBD,TBD,0,25,25,51,59,50,47,55,56,49,51,,,,,,
che,Switzerland,fc-luzern,FC Luzern,15,CM,TBD,TBD,TBD,TBD,0,25,25,51,59,50,47,55,56,49,51,,,,,,
che,Switzerland,fc-luzern,FC Luzern,16,CM,TBD,TBD,TBD,TBD,0,25,25,51,59,50,47,55,56,49,51,,,,,,
che,Switzerland,fc-luzern,FC Luzern,17,CM,TBD,TBD,TBD,TBD,0,25,25,51,59,50,47,55,56,49,51,,,,,,
che,Switzerland,fc-luzern,FC Luzern,18,CAM,TBD,TBD,TBD,TBD,0,25,25,51,59,54,53,59,61,35,43,,,,,,
che,Switzerland,fc-luzern,FC Luzern,19,LW,TBD,TBD,TBD,TBD,0,25,25,51,59,64,53,51,62,35,41,,,,,,
che,Switzerland,fc-luzern,FC Luzern,20,LW,TBD,TBD,TBD,TBD,0,25,25,51,59,64,53,51,62,35,41,,,,,,
che,Switzerland,fc-luzern,FC Luzern,21,RW,TBD,TBD,TBD,TBD,0,25,25,51,59,64,53,51,62,35,41,,,,,,
che,Switzerland,fc-luzern,FC Luzern,22,RW,TBD,TBD,TBD,TBD,0,25,25,51,59,64,53,51,62,35,41,,,,,,
che,Switzerland,fc-luzern,FC Luzern,23,ST,TBD,TBD,TBD,TBD,0,25,25,51,59,59,59,44,57,35,53,,,,,,
che,Switzerland,fc-luzern,FC Luzern,24,ST,TBD,TBD,TBD,TBD,0,25,25,51,59,59,59,44,57,35,53,,,,,,
che,Switzerland,fc-luzern,FC Luzern,25,ST,TBD,TBD,TBD,TBD,0,25,25,51,59,59,59,44,57,35,53,,,,,,
den,Denmark,fc-midtjylland,FC Midtjylland,1,GK,TBD,TBD,TBD,TBD,0,25,25,59,67,,,,,,,61,59,57,62,35,60
den,Denmark,fc-midtjylland,FC Midtjylland,2,GK,TBD,TBD,TBD,TBD,0,25,25,59,67,,,,,,,61,59,57,62,35,60
den,Denmark,fc-midtjylland,FC Midtjylland,3,CB,TBD,TBD,TBD,TBD,0,25,25,59,67,51,35,49,47,63,65,,,,,,
den,Denmark,fc-midtjylland,FC Midtjylland,4,CB,TBD,TBD,TBD,TBD,0,25,25,59,67,51,35,49,47,63,65,,,,,,
den,Denmark,fc-midtjylland,FC Midtjylland,5,CB,TBD,TBD,TBD,TBD,0,25,25,59,67,51,35,49,47,63,65,,,,,,
den,Denmark,fc-midtjylland,FC Midtjylland,6,CB,TBD,TBD,TBD,TBD,0,25,25,59,67,51,35,49,47,63,65,,,,,,
den,Denmark,fc-midtjylland,FC Midtjylland,7,CB,TBD,TBD,TBD,TBD,0,25,25,59,67,51,35,49,47,63,65,,,,,,
den,Denmark,fc-midtjylland,FC Midtjylland,8,LB,TBD,TBD,TBD,TBD,0,25,25,60,68,65,42,58,62,60,61,,,,,,
den,Denmark,fc-midtjylland,FC Midtjylland,9,LB,TBD,TBD,TBD,TBD,0,25,25,60,68,65,42,58,62,60,61,,,,,,
den,Denmark,fc-midtjylland,FC Midtjylland,10,RB,TBD,TBD,TBD,TBD,0,25,25,60,68,65,42,58,62,60,61,,,,,,
den,Denmark,fc-midtjylland,FC Midtjylland,11,RB,TBD,TBD,TBD,TBD,0,25,25,60,68,65,42,58,62,60,61,,,,,,
den,Denmark,fc-midtjylland,FC Midtjylland,12,CDM,TBD,TBD,TBD,TBD,0,25,25,60,68,57,48,62,60,64,65,,,,,,
den,Denmark,fc-midtjylland,FC Midtjylland,13,CM,TBD,TBD,TBD,TBD,0,25,25,61,69,60,57,65,66,59,61,,,,,,
den,Denmark,fc-midtjylland,FC Midtjylland,14,CM,TBD,TBD,TBD,TBD,0,25,25,61,69,60,57,65,66,59,61,,,,,,
den,Denmark,fc-midtjylland,FC Midtjylland,15,CM,TBD,TBD,TBD,TBD,0,25,25,61,69,60,57,65,66,59,61,,,,,,
den,Denmark,fc-midtjylland,FC Midtjylland,16,CM,TBD,TBD,TBD,TBD,0,25,25,61,69,60,57,65,66,59,61,,,,,,
den,Denmark,fc-midtjylland,FC Midtjylland,17,CM,TBD,TBD,TBD,TBD,0,25,25,61,69,60,57,65,66,59,61,,,,,,
den,Denmark,fc-midtjylland,FC Midtjylland,18,CAM,TBD,TBD,TBD,TBD,0,25,25,61,69,64,63,69,71,43,53,,,,,,
den,Denmark,fc-midtjylland,FC Midtjylland,19,LW,TBD,TBD,TBD,TBD,0,25,25,61,69,74,63,61,72,36,51,,,,,,
den,Denmark,fc-midtjylland,FC Midtjylland,20,LW,TBD,TBD,TBD,TBD,0,25,25,61,69,74,63,61,72,36,51,,,,,,
den,Denmark,fc-midtjylland,FC Midtjylland,21,RW,TBD,TBD,TBD,TBD,0,25,25,61,69,74,63,61,72,36,51,,,,,,
den,Denmark,fc-midtjylland,FC Midtjylland,22,RW,TBD,TBD,TBD,TBD,0,25,25,61,69,74,63,61,72,36,51,,,,,,
den,Denmark,fc-midtjylland,FC Midtjylland,23,ST,TBD,TBD,TBD,TBD,0,25,25,61,69,69,69,54,67,35,63,,,,,,
den,Denmark,fc-midtjylland,FC Midtjylland,24,ST,TBD,TBD,TBD,TBD,0,25,25,61,69,69,69,54,67,35,63,,,,,,
den,Denmark,fc-midtjylland,FC Midtjylland,25,ST,TBD,TBD,TBD,TBD,0,25,25,61,69,69,69,54,67,35,63,,,,,,
fra,France,nantes,FC Nantes,1,CB,TBD,TBD,TBD,TBD,23,25,5,63,71,55,35,53,51,67,69,,,,,,
fra,France,nantes,FC Nantes,2,CB,TBD,TBD,TBD,TBD,23,25,5,63,71,55,35,53,51,67,69,,,,,,
fra,France,nantes,FC Nantes,3,RB,TBD,TBD,TBD,TBD,23,25,5,64,72,69,46,62,66,64,65,,,,,,
fra,France,nantes,FC Nantes,4,CM,TBD,TBD,TBD,TBD,23,25,5,65,73,64,61,69,70,63,65,,,,,,
fra,France,nantes,FC Nantes,5,CM,TBD,TBD,TBD,TBD,23,25,5,65,73,64,61,69,70,63,65,,,,,,
den,Denmark,fc-nordsjaelland,FC Nordsjælland,1,GK,TBD,TBD,TBD,TBD,0,25,25,53,61,,,,,,,55,53,51,56,35,54
den,Denmark,fc-nordsjaelland,FC Nordsjælland,2,GK,TBD,TBD,TBD,TBD,0,25,25,53,61,,,,,,,55,53,51,56,35,54
den,Denmark,fc-nordsjaelland,FC Nordsjælland,3,CB,TBD,TBD,TBD,TBD,0,25,25,53,61,45,35,43,41,57,59,,,,,,
den,Denmark,fc-nordsjaelland,FC Nordsjælland,4,CB,TBD,TBD,TBD,TBD,0,25,25,53,61,45,35,43,41,57,59,,,,,,
den,Denmark,fc-nordsjaelland,FC Nordsjælland,5,CB,TBD,TBD,TBD,TBD,0,25,25,53,61,45,35,43,41,57,59,,,,,,
den,Denmark,fc-nordsjaelland,FC Nordsjælland,6,CB,TBD,TBD,TBD,TBD,0,25,25,53,61,45,35,43,41,57,59,,,,,,
den,Denmark,fc-nordsjaelland,FC Nordsjælland,7,CB,TBD,TBD,TBD,TBD,0,25,25,53,61,45,35,43,41,57,59,,,,,,
den,Denmark,fc-nordsjaelland,FC Nordsjælland,8,LB,TBD,TBD,TBD,TBD,0,25,25,54,62,59,36,52,56,54,55,,,,,,
den,Denmark,fc-nordsjaelland,FC Nordsjælland,9,LB,TBD,TBD,TBD,TBD,0,25,25,54,62,59,36,52,56,54,55,,,,,,
den,Denmark,fc-nordsjaelland,FC Nordsjælland,10,RB,TBD,TBD,TBD,TBD,0,25,25,54,62,59,36,52,56,54,55,,,,,,
den,Denmark,fc-nordsjaelland,FC Nordsjælland,11,RB,TBD,TBD,TBD,TBD,0,25,25,54,62,59,36,52,56,54,55,,,,,,
den,Denmark,fc-nordsjaelland,FC Nordsjælland,12,CDM,TBD,TBD,TBD,TBD,0,25,25,54,62,51,42,56,54,58,59,,,,,,
den,Denmark,fc-nordsjaelland,FC Nordsjælland,13,CM,TBD,TBD,TBD,TBD,0,25,25,55,63,54,51,59,60,53,55,,,,,,
den,Denmark,fc-nordsjaelland,FC Nordsjælland,14,CM,TBD,TBD,TBD,TBD,0,25,25,55,63,54,51,59,60,53,55,,,,,,
den,Denmark,fc-nordsjaelland,FC Nordsjælland,15,CM,TBD,TBD,TBD,TBD,0,25,25,55,63,54,51,59,60,53,55,,,,,,
den,Denmark,fc-nordsjaelland,FC Nordsjælland,16,CM,TBD,TBD,TBD,TBD,0,25,25,55,63,54,51,59,60,53,55,,,,,,
den,Denmark,fc-nordsjaelland,FC Nordsjælland,17,CM,TBD,TBD,TBD,TBD,0,25,25,55,63,54,51,59,60,53,55,,,,,,
den,Denmark,fc-nordsjaelland,FC Nordsjælland,18,CAM,TBD,TBD,TBD,TBD,0,25,25,55,63,58,57,63,65,37,47,,,,,,
den,Denmark,fc-nordsjaelland,FC Nordsjælland,19,LW,TBD,TBD,TBD,TBD,0,25,25,55,63,68,57,55,66,35,45,,,,,,
den,Denmark,fc-nordsjaelland,FC Nordsjælland,20,LW,TBD,TBD,TBD,TBD,0,25,25,55,63,68,57,55,66,35,45,,,,,,
den,Denmark,fc-nordsjaelland,FC Nordsjælland,21,RW,TBD,TBD,TBD,TBD,0,25,25,55,63,68,57,55,66,35,45,,,,,,
den,Denmark,fc-nordsjaelland,FC Nordsjælland,22,RW,TBD,TBD,TBD,TBD,0,25,25,55,63,68,57,55,66,35,45,,,,,,
den,Denmark,fc-nordsjaelland,FC Nordsjælland,23,ST,TBD,TBD,TBD,TBD,0,25,25,55,63,63,63,48,61,35,57,,,,,,
den,Denmark,fc-nordsjaelland,FC Nordsjælland,24,ST,TBD,TBD,TBD,TBD,0,25,25,55,63,63,63,48,61,35,57,,,,,,
den,Denmark,fc-nordsjaelland,FC Nordsjælland,25,ST,TBD,TBD,TBD,TBD,0,25,25,55,63,63,63,48,61,35,57,,,,,,
ukr,Ukraine,oleksandriya,FC Oleksandriya,1,GK,TBD,TBD,TBD,TBD,0,25,25,45,53,,,,,,,47,45,43,48,35,46
ukr,Ukraine,oleksandriya,FC Oleksandriya,2,GK,TBD,TBD,TBD,TBD,0,25,25,45,53,,,,,,,47,45,43,48,35,46
ukr,Ukraine,oleksandriya,FC Oleksandriya,3,CB,TBD,TBD,TBD,TBD,0,25,25,45,53,37,35,35,35,49,51,,,,,,
ukr,Ukraine,oleksandriya,FC Oleksandriya,4,CB,TBD,TBD,TBD,TBD,0,25,25,45,53,37,35,35,35,49,51,,,,,,
ukr,Ukraine,oleksandriya,FC Oleksandriya,5,CB,TBD,TBD,TBD,TBD,0,25,25,45,53,37,35,35,35,49,51,,,,,,
ukr,Ukraine,oleksandriya,FC Oleksandriya,6,CB,TBD,TBD,TBD,TBD,0,25,25,45,53,37,35,35,35,49,51,,,,,,
ukr,Ukraine,oleksandriya,FC Oleksandriya,7,CB,TBD,TBD,TBD,TBD,0,25,25,45,53,37,35,35,35,49,51,,,,,,
ukr,Ukraine,oleksandriya,FC Oleksandriya,8,LB,TBD,TBD,TBD,TBD,0,25,25,46,54,51,35,44,48,46,47,,,,,,
ukr,Ukraine,oleksandriya,FC Oleksandriya,9,LB,TBD,TBD,TBD,TBD,0,25,25,46,54,51,35,44,48,46,47,,,,,,
ukr,Ukraine,oleksandriya,FC Oleksandriya,10,RB,TBD,TBD,TBD,TBD,0,25,25,46,54,51,35,44,48,46,47,,,,,,
ukr,Ukraine,oleksandriya,FC Oleksandriya,11,RB,TBD,TBD,TBD,TBD,0,25,25,46,54,51,35,44,48,46,47,,,,,,
ukr,Ukraine,oleksandriya,FC Oleksandriya,12,CDM,TBD,TBD,TBD,TBD,0,25,25,46,54,43,35,48,46,50,51,,,,,,
ukr,Ukraine,oleksandriya,FC Oleksandriya,13,CM,TBD,TBD,TBD,TBD,0,25,25,47,55,46,43,51,52,45,47,,,,,,
ukr,Ukraine,oleksandriya,FC Oleksandriya,14,CM,TBD,TBD,TBD,TBD,0,25,25,47,55,46,43,51,52,45,47,,,,,,
ukr,Ukraine,oleksandriya,FC Oleksandriya,15,CM,TBD,TBD,TBD,TBD,0,25,25,47,55,46,43,51,52,45,47,,,,,,
ukr,Ukraine,oleksandriya,FC Oleksandriya,16,CM,TBD,TBD,TBD,TBD,0,25,25,47,55,46,43,51,52,45,47,,,,,,
ukr,Ukraine,oleksandriya,FC Oleksandriya,17,CM,TBD,TBD,TBD,TBD,0,25,25,47,55,46,43,51,52,45,47,,,,,,
ukr,Ukraine,oleksandriya,FC Oleksandriya,18,CAM,TBD,TBD,TBD,TBD,0,25,25,47,55,50,49,55,57,35,39,,,,,,
ukr,Ukraine,oleksandriya,FC Oleksandriya,19,LW,TBD,TBD,TBD,TBD,0,25,25,47,55,60,49,47,58,35,37,,,,,,
ukr,Ukraine,oleksandriya,FC Oleksandriya,20,LW,TBD,TBD,TBD,TBD,0,25,25,47,55,60,49,47,58,35,37,,,,,,
ukr,Ukraine,oleksandriya,FC Oleksandriya,21,RW,TBD,TBD,TBD,TBD,0,25,25,47,55,60,49,47,58,35,37,,,,,,
ukr,Ukraine,oleksandriya,FC Oleksandriya,22,RW,TBD,TBD,TBD,TBD,0,25,25,47,55,60,49,47,58,35,37,,,,,,
ukr,Ukraine,oleksandriya,FC Oleksandriya,23,ST,TBD,TBD,TBD,TBD,0,25,25,47,55,55,55,40,53,35,49,,,,,,
ukr,Ukraine,oleksandriya,FC Oleksandriya,24,ST,TBD,TBD,TBD,TBD,0,25,25,47,55,55,55,40,53,35,49,,,,,,
ukr,Ukraine,oleksandriya,FC Oleksandriya,25,ST,TBD,TBD,TBD,TBD,0,25,25,47,55,55,55,40,53,35,49,,,,,,
por,Portugal,porto,FC Porto,1,GK,TBD,TBD,TBD,TBD,0,25,25,78,83,,,,,,,80,78,76,81,53,79
por,Portugal,porto,FC Porto,2,GK,TBD,TBD,TBD,TBD,0,25,25,78,83,,,,,,,80,78,76,81,53,79
por,Portugal,porto,FC Porto,3,CB,TBD,TBD,TBD,TBD,0,25,25,78,83,70,48,68,66,82,84,,,,,,
por,Portugal,porto,FC Porto,4,CB,TBD,TBD,TBD,TBD,0,25,25,78,83,70,48,68,66,82,84,,,,,,
por,Portugal,porto,FC Porto,5,CB,TBD,TBD,TBD,TBD,0,25,25,78,83,70,48,68,66,82,84,,,,,,
por,Portugal,porto,FC Porto,6,CB,TBD,TBD,TBD,TBD,0,25,25,78,83,70,48,68,66,82,84,,,,,,
por,Portugal,porto,FC Porto,7,CB,TBD,TBD,TBD,TBD,0,25,25,78,83,70,48,68,66,82,84,,,,,,
por,Portugal,porto,FC Porto,8,LB,TBD,TBD,TBD,TBD,0,25,25,79,84,84,61,77,81,79,80,,,,,,
por,Portugal,porto,FC Porto,9,LB,TBD,TBD,TBD,TBD,0,25,25,79,84,84,61,77,81,79,80,,,,,,
por,Portugal,porto,FC Porto,10,RB,TBD,TBD,TBD,TBD,0,25,25,79,84,84,61,77,81,79,80,,,,,,
por,Portugal,porto,FC Porto,11,RB,TBD,TBD,TBD,TBD,0,25,25,79,84,84,61,77,81,79,80,,,,,,
por,Portugal,porto,FC Porto,12,CDM,TBD,TBD,TBD,TBD,0,25,25,79,84,76,67,81,79,83,84,,,,,,
por,Portugal,porto,FC Porto,13,CM,TBD,TBD,TBD,TBD,0,25,25,80,85,79,76,84,85,78,80,,,,,,
por,Portugal,porto,FC Porto,14,CM,TBD,TBD,TBD,TBD,0,25,25,80,85,79,76,84,85,78,80,,,,,,
por,Portugal,porto,FC Porto,15,CM,TBD,TBD,TBD,TBD,0,25,25,80,85,79,76,84,85,78,80,,,,,,
por,Portugal,porto,FC Porto,16,CM,TBD,TBD,TBD,TBD,0,25,25,80,85,79,76,84,85,78,80,,,,,,
por,Portugal,porto,FC Porto,17,CM,TBD,TBD,TBD,TBD,0,25,25,80,85,79,76,84,85,78,80,,,,,,
por,Portugal,porto,FC Porto,18,CAM,TBD,TBD,TBD,TBD,0,25,25,80,85,83,82,88,90,62,72,,,,,,
por,Portugal,porto,FC Porto,19,LW,TBD,TBD,TBD,TBD,0,25,25,80,85,93,82,80,91,55,70,,,,,,
por,Portugal,porto,FC Porto,20,LW,TBD,TBD,TBD,TBD,0,25,25,80,85,93,82,80,91,55,70,,,,,,
por,Portugal,porto,FC Porto,21,RW,TBD,TBD,TBD,TBD,0,25,25,80,85,93,82,80,91,55,70,,,,,,
por,Portugal,porto,FC Porto,22,RW,TBD,TBD,TBD,TBD,0,25,25,80,85,93,82,80,91,55,70,,,,,,
por,Portugal,porto,FC Porto,23,ST,TBD,TBD,TBD,TBD,0,25,25,80,85,88,88,73,86,50,82,,,,,,
por,Portugal,porto,FC Porto,24,ST,TBD,TBD,TBD,TBD,0,25,25,80,85,88,88,73,86,50,82,,,,,,
por,Portugal,porto,FC Porto,25,ST,TBD,TBD,TBD,TBD,0,25,25,80,85,88,88,73,86,50,82,,,,,,
che,Switzerland,fc-sion,FC Sion,1,GK,TBD,TBD,TBD,TBD,0,25,25,47,55,,,,,,,49,47,45,50,35,48
che,Switzerland,fc-sion,FC Sion,2,GK,TBD,TBD,TBD,TBD,0,25,25,47,55,,,,,,,49,47,45,50,35,48
che,Switzerland,fc-sion,FC Sion,3,CB,TBD,TBD,TBD,TBD,0,25,25,47,55,39,35,37,35,51,53,,,,,,
che,Switzerland,fc-sion,FC Sion,4,CB,TBD,TBD,TBD,TBD,0,25,25,47,55,39,35,37,35,51,53,,,,,,
che,Switzerland,fc-sion,FC Sion,5,CB,TBD,TBD,TBD,TBD,0,25,25,47,55,39,35,37,35,51,53,,,,,,
che,Switzerland,fc-sion,FC Sion,6,CB,TBD,TBD,TBD,TBD,0,25,25,47,55,39,35,37,35,51,53,,,,,,
che,Switzerland,fc-sion,FC Sion,7,CB,TBD,TBD,TBD,TBD,0,25,25,47,55,39,35,37,35,51,53,,,,,,
che,Switzerland,fc-sion,FC Sion,8,LB,TBD,TBD,TBD,TBD,0,25,25,48,56,53,35,46,50,48,49,,,,,,
che,Switzerland,fc-sion,FC Sion,9,LB,TBD,TBD,TBD,TBD,0,25,25,48,56,53,35,46,50,48,49,,,,,,
che,Switzerland,fc-sion,FC Sion,10,RB,TBD,TBD,TBD,TBD,0,25,25,48,56,53,35,46,50,48,49,,,,,,
che,Switzerland,fc-sion,FC Sion,11,RB,TBD,TBD,TBD,TBD,0,25,25,48,56,53,35,46,50,48,49,,,,,,
che,Switzerland,fc-sion,FC Sion,12,CDM,TBD,TBD,TBD,TBD,0,25,25,48,56,45,36,50,48,52,53,,,,,,
che,Switzerland,fc-sion,FC Sion,13,CM,TBD,TBD,TBD,TBD,0,25,25,49,57,48,45,53,54,47,49,,,,,,
che,Switzerland,fc-sion,FC Sion,14,CM,TBD,TBD,TBD,TBD,0,25,25,49,57,48,45,53,54,47,49,,,,,,
che,Switzerland,fc-sion,FC Sion,15,CM,TBD,TBD,TBD,TBD,0,25,25,49,57,48,45,53,54,47,49,,,,,,
che,Switzerland,fc-sion,FC Sion,16,CM,TBD,TBD,TBD,TBD,0,25,25,49,57,48,45,53,54,47,49,,,,,,
che,Switzerland,fc-sion,FC Sion,17,CM,TBD,TBD,TBD,TBD,0,25,25,49,57,48,45,53,54,47,49,,,,,,
che,Switzerland,fc-sion,FC Sion,18,CAM,TBD,TBD,TBD,TBD,0,25,25,49,57,52,51,57,59,35,41,,,,,,
che,Switzerland,fc-sion,FC Sion,19,LW,TBD,TBD,TBD,TBD,0,25,25,49,57,62,51,49,60,35,39,,,,,,
che,Switzerland,fc-sion,FC Sion,20,LW,TBD,TBD,TBD,TBD,0,25,25,49,57,62,51,49,60,35,39,,,,,,
che,Switzerland,fc-sion,FC Sion,21,RW,TBD,TBD,TBD,TBD,0,25,25,49,57,62,51,49,60,35,39,,,,,,
che,Switzerland,fc-sion,FC Sion,22,RW,TBD,TBD,TBD,TBD,0,25,25,49,57,62,51,49,60,35,39,,,,,,
che,Switzerland,fc-sion,FC Sion,23,ST,TBD,TBD,TBD,TBD,0,25,25,49,57,57,57,42,55,35,51,,,,,,
che,Switzerland,fc-sion,FC Sion,24,ST,TBD,TBD,TBD,TBD,0,25,25,49,57,57,57,42,55,35,51,,,,,,
che,Switzerland,fc-sion,FC Sion,25,ST,TBD,TBD,TBD,TBD,0,25,25,49,57,57,57,42,55,35,51,,,,,,
cze,Czechia,liberec,FC Slovan Liberec,1,GK,TBD,TBD,TBD,TBD,0,25,25,49,57,,,,,,,51,49,47,52,35,50
cze,Czechia,liberec,FC Slovan Liberec,2,GK,TBD,TBD,TBD,TBD,0,25,25,49,57,,,,,,,51,49,47,52,35,50
cze,Czechia,liberec,FC Slovan Liberec,3,CB,TBD,TBD,TBD,TBD,0,25,25,49,57,41,35,39,37,53,55,,,,,,
cze,Czechia,liberec,FC Slovan Liberec,4,CB,TBD,TBD,TBD,TBD,0,25,25,49,57,41,35,39,37,53,55,,,,,,
cze,Czechia,liberec,FC Slovan Liberec,5,CB,TBD,TBD,TBD,TBD,0,25,25,49,57,41,35,39,37,53,55,,,,,,
cze,Czechia,liberec,FC Slovan Liberec,6,CB,TBD,TBD,TBD,TBD,0,25,25,49,57,41,35,39,37,53,55,,,,,,
cze,Czechia,liberec,FC Slovan Liberec,7,CB,TBD,TBD,TBD,TBD,0,25,25,49,57,41,35,39,37,53,55,,,,,,
cze,Czechia,liberec,FC Slovan Liberec,8,LB,TBD,TBD,TBD,TBD,0,25,25,50,58,55,35,48,52,50,51,,,,,,
cze,Czechia,liberec,FC Slovan Liberec,9,LB,TBD,TBD,TBD,TBD,0,25,25,50,58,55,35,48,52,50,51,,,,,,
cze,Czechia,liberec,FC Slovan Liberec,10,RB,TBD,TBD,TBD,TBD,0,25,25,50,58,55,35,48,52,50,51,,,,,,
cze,Czechia,liberec,FC Slovan Liberec,11,RB,TBD,TBD,TBD,TBD,0,25,25,50,58,55,35,48,52,50,51,,,,,,
cze,Czechia,liberec,FC Slovan Liberec,12,CDM,TBD,TBD,TBD,TBD,0,25,25,50,58,47,38,52,50,54,55,,,,,,
cze,Czechia,liberec,FC Slovan Liberec,13,CM,TBD,TBD,TBD,TBD,0,25,25,51,59,50,47,55,56,49,51,,,,,,
cze,Czechia,liberec,FC Slovan Liberec,14,CM,TBD,TBD,TBD,TBD,0,25,25,51,59,50,47,55,56,49,51,,,,,,
cze,Czechia,liberec,FC Slovan Liberec,15,CM,TBD,TBD,TBD,TBD,0,25,25,51,59,50,47,55,56,49,51,,,,,,
cze,Czechia,liberec,FC Slovan Liberec,16,CM,TBD,TBD,TBD,TBD,0,25,25,51,59,50,47,55,56,49,51,,,,,,
cze,Czechia,liberec,FC Slovan Liberec,17,CM,TBD,TBD,TBD,TBD,0,25,25,51,59,50,47,55,56,49,51,,,,,,
cze,Czechia,liberec,FC Slovan Liberec,18,CAM,TBD,TBD,TBD,TBD,0,25,25,51,59,54,53,59,61,35,43,,,,,,
cze,Czechia,liberec,FC Slovan Liberec,19,LW,TBD,TBD,TBD,TBD,0,25,25,51,59,64,53,51,62,35,41,,,,,,
cze,Czechia,liberec,FC Slovan Liberec,20,LW,TBD,TBD,TBD,TBD,0,25,25,51,59,64,53,51,62,35,41,,,,,,
cze,Czechia,liberec,FC Slovan Liberec,21,RW,TBD,TBD,TBD,TBD,0,25,25,51,59,64,53,51,62,35,41,,,,,,
cze,Czechia,liberec,FC Slovan Liberec,22,RW,TBD,TBD,TBD,TBD,0,25,25,51,59,64,53,51,62,35,41,,,,,,
cze,Czechia,liberec,FC Slovan Liberec,23,ST,TBD,TBD,TBD,TBD,0,25,25,51,59,59,59,44,57,35,53,,,,,,
cze,Czechia,liberec,FC Slovan Liberec,24,ST,TBD,TBD,TBD,TBD,0,25,25,51,59,59,59,44,57,35,53,,,,,,
cze,Czechia,liberec,FC Slovan Liberec,25,ST,TBD,TBD,TBD,TBD,0,25,25,51,59,59,59,44,57,35,53,,,,,,
che,Switzerland,st-gallen,FC St. Gallen,1,GK,TBD,TBD,TBD,TBD,0,25,25,51,59,,,,,,,53,51,49,54,35,52
che,Switzerland,st-gallen,FC St. Gallen,2,GK,TBD,TBD,TBD,TBD,0,25,25,51,59,,,,,,,53,51,49,54,35,52
che,Switzerland,st-gallen,FC St. Gallen,3,CB,TBD,TBD,TBD,TBD,0,25,25,51,59,43,35,41,39,55,57,,,,,,
che,Switzerland,st-gallen,FC St. Gallen,4,CB,TBD,TBD,TBD,TBD,0,25,25,51,59,43,35,41,39,55,57,,,,,,
che,Switzerland,st-gallen,FC St. Gallen,5,CB,TBD,TBD,TBD,TBD,0,25,25,51,59,43,35,41,39,55,57,,,,,,
che,Switzerland,st-gallen,FC St. Gallen,6,CB,TBD,TBD,TBD,TBD,0,25,25,51,59,43,35,41,39,55,57,,,,,,
che,Switzerland,st-gallen,FC St. Gallen,7,CB,TBD,TBD,TBD,TBD,0,25,25,51,59,43,35,41,39,55,57,,,,,,
che,Switzerland,st-gallen,FC St. Gallen,8,LB,TBD,TBD,TBD,TBD,0,25,25,52,60,57,35,50,54,52,53,,,,,,
che,Switzerland,st-gallen,FC St. Gallen,9,LB,TBD,TBD,TBD,TBD,0,25,25,52,60,57,35,50,54,52,53,,,,,,
che,Switzerland,st-gallen,FC St. Gallen,10,RB,TBD,TBD,TBD,TBD,0,25,25,52,60,57,35,50,54,52,53,,,,,,
che,Switzerland,st-gallen,FC St. Gallen,11,RB,TBD,TBD,TBD,TBD,0,25,25,52,60,57,35,50,54,52,53,,,,,,
che,Switzerland,st-gallen,FC St. Gallen,12,CDM,TBD,TBD,TBD,TBD,0,25,25,52,60,49,40,54,52,56,57,,,,,,
che,Switzerland,st-gallen,FC St. Gallen,13,CM,TBD,TBD,TBD,TBD,0,25,25,53,61,52,49,57,58,51,53,,,,,,
che,Switzerland,st-gallen,FC St. Gallen,14,CM,TBD,TBD,TBD,TBD,0,25,25,53,61,52,49,57,58,51,53,,,,,,
che,Switzerland,st-gallen,FC St. Gallen,15,CM,TBD,TBD,TBD,TBD,0,25,25,53,61,52,49,57,58,51,53,,,,,,
che,Switzerland,st-gallen,FC St. Gallen,16,CM,TBD,TBD,TBD,TBD,0,25,25,53,61,52,49,57,58,51,53,,,,,,
che,Switzerland,st-gallen,FC St. Gallen,17,CM,TBD,TBD,TBD,TBD,0,25,25,53,61,52,49,57,58,51,53,,,,,,
che,Switzerland,st-gallen,FC St. Gallen,18,CAM,TBD,TBD,TBD,TBD,0,25,25,53,61,56,55,61,63,35,45,,,,,,
che,Switzerland,st-gallen,FC St. Gallen,19,LW,TBD,TBD,TBD,TBD,0,25,25,53,61,66,55,53,64,35,43,,,,,,
che,Switzerland,st-gallen,FC St. Gallen,20,LW,TBD,TBD,TBD,TBD,0,25,25,53,61,66,55,53,64,35,43,,,,,,
che,Switzerland,st-gallen,FC St. Gallen,21,RW,TBD,TBD,TBD,TBD,0,25,25,53,61,66,55,53,64,35,43,,,,,,
che,Switzerland,st-gallen,FC St. Gallen,22,RW,TBD,TBD,TBD,TBD,0,25,25,53,61,66,55,53,64,35,43,,,,,,
che,Switzerland,st-gallen,FC St. Gallen,23,ST,TBD,TBD,TBD,TBD,0,25,25,53,61,61,61,46,59,35,55,,,,,,
che,Switzerland,st-gallen,FC St. Gallen,24,ST,TBD,TBD,TBD,TBD,0,25,25,53,61,61,61,46,59,35,55,,,,,,
che,Switzerland,st-gallen,FC St. Gallen,25,ST,TBD,TBD,TBD,TBD,0,25,25,53,61,61,61,46,59,35,55,,,,,,
ger,Germany,st-pauli,FC St. Pauli,1,CB,TBD,TBD,TBD,TBD,25,25,4,59,67,51,35,49,47,63,65,,,,,,
ger,Germany,st-pauli,FC St. Pauli,2,RB,TBD,TBD,TBD,TBD,25,25,4,60,68,65,42,58,62,60,61,,,,,,
ger,Germany,st-pauli,FC St. Pauli,3,CM,TBD,TBD,TBD,TBD,25,25,4,61,69,60,57,65,66,59,61,,,,,,
ger,Germany,st-pauli,FC St. Pauli,4,CM,TBD,TBD,TBD,TBD,25,25,4,61,69,60,57,65,66,59,61,,,,,,
ned,Netherlands,fc-twente,FC Twente,1,RB,TBD,TBD,TBD,TBD,25,25,3,71,79,76,53,69,73,71,72,,,,,,
ned,Netherlands,fc-twente,FC Twente,2,CDM,TBD,TBD,TBD,TBD,25,25,3,71,79,68,59,73,71,75,76,,,,,,
ned,Netherlands,fc-twente,FC Twente,3,CM,TBD,TBD,TBD,TBD,25,25,3,72,80,71,68,76,77,70,72,,,,,,
ned,Netherlands,fc-utrecht,FC Utrecht,1,LB,TBD,TBD,TBD,TBD,25,25,4,70,78,75,52,68,72,70,71,,,,,,
ned,Netherlands,fc-utrecht,FC Utrecht,2,CM,TBD,TBD,TBD,TBD,25,25,4,71,79,70,67,75,76,69,71,,,,,,
ned,Netherlands,fc-utrecht,FC Utrecht,3,ST,TBD,TBD,TBD,TBD,25,25,4,71,79,79,79,64,77,41,73,,,,,,
ned,Netherlands,fc-utrecht,FC Utrecht,4,ST,TBD,TBD,TBD,TBD,25,25,4,71,79,79,79,64,77,41,73,,,,,,
cze,Czechia,viktoria-plzen,FC Viktoria Plzeň,1,GK,TBD,TBD,TBD,TBD,0,25,25,56,64,,,,,,,58,56,54,59,35,57
cze,Czechia,viktoria-plzen,FC Viktoria Plzeň,2,GK,TBD,TBD,TBD,TBD,0,25,25,56,64,,,,,,,58,56,54,59,35,57
cze,Czechia,viktoria-plzen,FC Viktoria Plzeň,3,CB,TBD,TBD,TBD,TBD,0,25,25,56,64,48,35,46,44,60,62,,,,,,
cze,Czechia,viktoria-plzen,FC Viktoria Plzeň,4,CB,TBD,TBD,TBD,TBD,0,25,25,56,64,48,35,46,44,60,62,,,,,,
cze,Czechia,viktoria-plzen,FC Viktoria Plzeň,5,CB,TBD,TBD,TBD,TBD,0,25,25,56,64,48,35,46,44,60,62,,,,,,
cze,Czechia,viktoria-plzen,FC Viktoria Plzeň,6,CB,TBD,TBD,TBD,TBD,0,25,25,56,64,48,35,46,44,60,62,,,,,,
cze,Czechia,viktoria-plzen,FC Viktoria Plzeň,7,CB,TBD,TBD,TBD,TBD,0,25,25,56,64,48,35,46,44,60,62,,,,,,
cze,Czechia,viktoria-plzen,FC Viktoria Plzeň,8,LB,TBD,TBD,TBD,TBD,0,25,25,57,65,62,39,55,59,57,58,,,,,,
cze,Czechia,viktoria-plzen,FC Viktoria Plzeň,9,LB,TBD,TBD,TBD,TBD,0,25,25,57,65,62,39,55,59,57,58,,,,,,
cze,Czechia,viktoria-plzen,FC Viktoria Plzeň,10,RB,TBD,TBD,TBD,TBD,0,25,25,57,65,62,39,55,59,57,58,,,,,,
cze,Czechia,viktoria-plzen,FC Viktoria Plzeň,11,RB,TBD,TBD,TBD,TBD,0,25,25,57,65,62,39,55,59,57,58,,,,,,
cze,Czechia,viktoria-plzen,FC Viktoria Plzeň,12,CDM,TBD,TBD,TBD,TBD,0,25,25,57,65,54,45,59,57,61,62,,,,,,
cze,Czechia,viktoria-plzen,FC Viktoria Plzeň,13,CM,TBD,TBD,TBD,TBD,0,25,25,58,66,57,54,62,63,56,58,,,,,,
cze,Czechia,viktoria-plzen,FC Viktoria Plzeň,14,CM,TBD,TBD,TBD,TBD,0,25,25,58,66,57,54,62,63,56,58,,,,,,
cze,Czechia,viktoria-plzen,FC Viktoria Plzeň,15,CM,TBD,TBD,TBD,TBD,0,25,25,58,66,57,54,62,63,56,58,,,,,,
cze,Czechia,viktoria-plzen,FC Viktoria Plzeň,16,CM,TBD,TBD,TBD,TBD,0,25,25,58,66,57,54,62,63,56,58,,,,,,
cze,Czechia,viktoria-plzen,FC Viktoria Plzeň,17,CM,TBD,TBD,TBD,TBD,0,25,25,58,66,57,54,62,63,56,58,,,,,,
cze,Czechia,viktoria-plzen,FC Viktoria Plzeň,18,CAM,TBD,TBD,TBD,TBD,0,25,25,58,66,61,60,66,68,40,50,,,,,,
cze,Czechia,viktoria-plzen,FC Viktoria Plzeň,19,LW,TBD,TBD,TBD,TBD,0,25,25,58,66,71,60,58,69,35,48,,,,,,
cze,Czechia,viktoria-plzen,FC Viktoria Plzeň,20,LW,TBD,TBD,TBD,TBD,0,25,25,58,66,71,60,58,69,35,48,,,,,,
cze,Czechia,viktoria-plzen,FC Viktoria Plzeň,21,RW,TBD,TBD,TBD,TBD,0,25,25,58,66,71,60,58,69,35,48,,,,,,
cze,Czechia,viktoria-plzen,FC Viktoria Plzeň,22,RW,TBD,TBD,TBD,TBD,0,25,25,58,66,71,60,58,69,35,48,,,,,,
cze,Czechia,viktoria-plzen,FC Viktoria Plzeň,23,ST,TBD,TBD,TBD,TBD,0,25,25,58,66,66,66,51,64,35,60,,,,,,
cze,Czechia,viktoria-plzen,FC Viktoria Plzeň,24,ST,TBD,TBD,TBD,TBD,0,25,25,58,66,66,66,51,64,35,60,,,,,,
cze,Czechia,viktoria-plzen,FC Viktoria Plzeň,25,ST,TBD,TBD,TBD,TBD,0,25,25,58,66,66,66,51,64,35,60,,,,,,
rou,Romania,fc-voluntari,FC Voluntari,1,GK,TBD,TBD,TBD,TBD,0,25,25,45,53,,,,,,,47,45,43,48,35,46
rou,Romania,fc-voluntari,FC Voluntari,2,GK,TBD,TBD,TBD,TBD,0,25,25,45,53,,,,,,,47,45,43,48,35,46
rou,Romania,fc-voluntari,FC Voluntari,3,CB,TBD,TBD,TBD,TBD,0,25,25,45,53,37,35,35,35,49,51,,,,,,
rou,Romania,fc-voluntari,FC Voluntari,4,CB,TBD,TBD,TBD,TBD,0,25,25,45,53,37,35,35,35,49,51,,,,,,
rou,Romania,fc-voluntari,FC Voluntari,5,CB,TBD,TBD,TBD,TBD,0,25,25,45,53,37,35,35,35,49,51,,,,,,
rou,Romania,fc-voluntari,FC Voluntari,6,CB,TBD,TBD,TBD,TBD,0,25,25,45,53,37,35,35,35,49,51,,,,,,
rou,Romania,fc-voluntari,FC Voluntari,7,CB,TBD,TBD,TBD,TBD,0,25,25,45,53,37,35,35,35,49,51,,,,,,
rou,Romania,fc-voluntari,FC Voluntari,8,LB,TBD,TBD,TBD,TBD,0,25,25,46,54,51,35,44,48,46,47,,,,,,
rou,Romania,fc-voluntari,FC Voluntari,9,LB,TBD,TBD,TBD,TBD,0,25,25,46,54,51,35,44,48,46,47,,,,,,
rou,Romania,fc-voluntari,FC Voluntari,10,RB,TBD,TBD,TBD,TBD,0,25,25,46,54,51,35,44,48,46,47,,,,,,
rou,Romania,fc-voluntari,FC Voluntari,11,RB,TBD,TBD,TBD,TBD,0,25,25,46,54,51,35,44,48,46,47,,,,,,
rou,Romania,fc-voluntari,FC Voluntari,12,CDM,TBD,TBD,TBD,TBD,0,25,25,46,54,43,35,48,46,50,51,,,,,,
rou,Romania,fc-voluntari,FC Voluntari,13,CM,TBD,TBD,TBD,TBD,0,25,25,47,55,46,43,51,52,45,47,,,,,,
rou,Romania,fc-voluntari,FC Voluntari,14,CM,TBD,TBD,TBD,TBD,0,25,25,47,55,46,43,51,52,45,47,,,,,,
rou,Romania,fc-voluntari,FC Voluntari,15,CM,TBD,TBD,TBD,TBD,0,25,25,47,55,46,43,51,52,45,47,,,,,,
rou,Romania,fc-voluntari,FC Voluntari,16,CM,TBD,TBD,TBD,TBD,0,25,25,47,55,46,43,51,52,45,47,,,,,,
rou,Romania,fc-voluntari,FC Voluntari,17,CM,TBD,TBD,TBD,TBD,0,25,25,47,55,46,43,51,52,45,47,,,,,,
rou,Romania,fc-voluntari,FC Voluntari,18,CAM,TBD,TBD,TBD,TBD,0,25,25,47,55,50,49,55,57,35,39,,,,,,
rou,Romania,fc-voluntari,FC Voluntari,19,LW,TBD,TBD,TBD,TBD,0,25,25,47,55,60,49,47,58,35,37,,,,,,
rou,Romania,fc-voluntari,FC Voluntari,20,LW,TBD,TBD,TBD,TBD,0,25,25,47,55,60,49,47,58,35,37,,,,,,
rou,Romania,fc-voluntari,FC Voluntari,21,RW,TBD,TBD,TBD,TBD,0,25,25,47,55,60,49,47,58,35,37,,,,,,
rou,Romania,fc-voluntari,FC Voluntari,22,RW,TBD,TBD,TBD,TBD,0,25,25,47,55,60,49,47,58,35,37,,,,,,
rou,Romania,fc-voluntari,FC Voluntari,23,ST,TBD,TBD,TBD,TBD,0,25,25,47,55,55,55,40,53,35,49,,,,,,
rou,Romania,fc-voluntari,FC Voluntari,24,ST,TBD,TBD,TBD,TBD,0,25,25,47,55,55,55,40,53,35,49,,,,,,
rou,Romania,fc-voluntari,FC Voluntari,25,ST,TBD,TBD,TBD,TBD,0,25,25,47,55,55,55,40,53,35,49,,,,,,
che,Switzerland,fc-winterthur,FC Winterthur,1,GK,TBD,TBD,TBD,TBD,0,25,25,45,53,,,,,,,47,45,43,48,35,46
che,Switzerland,fc-winterthur,FC Winterthur,2,GK,TBD,TBD,TBD,TBD,0,25,25,45,53,,,,,,,47,45,43,48,35,46
che,Switzerland,fc-winterthur,FC Winterthur,3,CB,TBD,TBD,TBD,TBD,0,25,25,45,53,37,35,35,35,49,51,,,,,,
che,Switzerland,fc-winterthur,FC Winterthur,4,CB,TBD,TBD,TBD,TBD,0,25,25,45,53,37,35,35,35,49,51,,,,,,
che,Switzerland,fc-winterthur,FC Winterthur,5,CB,TBD,TBD,TBD,TBD,0,25,25,45,53,37,35,35,35,49,51,,,,,,
che,Switzerland,fc-winterthur,FC Winterthur,6,CB,TBD,TBD,TBD,TBD,0,25,25,45,53,37,35,35,35,49,51,,,,,,
che,Switzerland,fc-winterthur,FC Winterthur,7,CB,TBD,TBD,TBD,TBD,0,25,25,45,53,37,35,35,35,49,51,,,,,,
che,Switzerland,fc-winterthur,FC Winterthur,8,LB,TBD,TBD,TBD,TBD,0,25,25,46,54,51,35,44,48,46,47,,,,,,
che,Switzerland,fc-winterthur,FC Winterthur,9,LB,TBD,TBD,TBD,TBD,0,25,25,46,54,51,35,44,48,46,47,,,,,,
che,Switzerland,fc-winterthur,FC Winterthur,10,RB,TBD,TBD,TBD,TBD,0,25,25,46,54,51,35,44,48,46,47,,,,,,
che,Switzerland,fc-winterthur,FC Winterthur,11,RB,TBD,TBD,TBD,TBD,0,25,25,46,54,51,35,44,48,46,47,,,,,,
che,Switzerland,fc-winterthur,FC Winterthur,12,CDM,TBD,TBD,TBD,TBD,0,25,25,46,54,43,35,48,46,50,51,,,,,,
che,Switzerland,fc-winterthur,FC Winterthur,13,CM,TBD,TBD,TBD,TBD,0,25,25,47,55,46,43,51,52,45,47,,,,,,
che,Switzerland,fc-winterthur,FC Winterthur,14,CM,TBD,TBD,TBD,TBD,0,25,25,47,55,46,43,51,52,45,47,,,,,,
che,Switzerland,fc-winterthur,FC Winterthur,15,CM,TBD,TBD,TBD,TBD,0,25,25,47,55,46,43,51,52,45,47,,,,,,
che,Switzerland,fc-winterthur,FC Winterthur,16,CM,TBD,TBD,TBD,TBD,0,25,25,47,55,46,43,51,52,45,47,,,,,,
che,Switzerland,fc-winterthur,FC Winterthur,17,CM,TBD,TBD,TBD,TBD,0,25,25,47,55,46,43,51,52,45,47,,,,,,
che,Switzerland,fc-winterthur,FC Winterthur,18,CAM,TBD,TBD,TBD,TBD,0,25,25,47,55,50,49,55,57,35,39,,,,,,
che,Switzerland,fc-winterthur,FC Winterthur,19,LW,TBD,TBD,TBD,TBD,0,25,25,47,55,60,49,47,58,35,37,,,,,,
che,Switzerland,fc-winterthur,FC Winterthur,20,LW,TBD,TBD,TBD,TBD,0,25,25,47,55,60,49,47,58,35,37,,,,,,
che,Switzerland,fc-winterthur,FC Winterthur,21,RW,TBD,TBD,TBD,TBD,0,25,25,47,55,60,49,47,58,35,37,,,,,,
che,Switzerland,fc-winterthur,FC Winterthur,22,RW,TBD,TBD,TBD,TBD,0,25,25,47,55,60,49,47,58,35,37,,,,,,
che,Switzerland,fc-winterthur,FC Winterthur,23,ST,TBD,TBD,TBD,TBD,0,25,25,47,55,55,55,40,53,35,49,,,,,,
che,Switzerland,fc-winterthur,FC Winterthur,24,ST,TBD,TBD,TBD,TBD,0,25,25,47,55,55,55,40,53,35,49,,,,,,
che,Switzerland,fc-winterthur,FC Winterthur,25,ST,TBD,TBD,TBD,TBD,0,25,25,47,55,55,55,40,53,35,49,,,,,,
che,Switzerland,fc-zurich,FC Zürich,1,GK,TBD,TBD,TBD,TBD,0,25,25,54,62,,,,,,,56,54,52,57,35,55
che,Switzerland,fc-zurich,FC Zürich,2,GK,TBD,TBD,TBD,TBD,0,25,25,54,62,,,,,,,56,54,52,57,35,55
che,Switzerland,fc-zurich,FC Zürich,3,CB,TBD,TBD,TBD,TBD,0,25,25,54,62,46,35,44,42,58,60,,,,,,
che,Switzerland,fc-zurich,FC Zürich,4,CB,TBD,TBD,TBD,TBD,0,25,25,54,62,46,35,44,42,58,60,,,,,,
che,Switzerland,fc-zurich,FC Zürich,5,CB,TBD,TBD,TBD,TBD,0,25,25,54,62,46,35,44,42,58,60,,,,,,
che,Switzerland,fc-zurich,FC Zürich,6,CB,TBD,TBD,TBD,TBD,0,25,25,54,62,46,35,44,42,58,60,,,,,,
che,Switzerland,fc-zurich,FC Zürich,7,CB,TBD,TBD,TBD,TBD,0,25,25,54,62,46,35,44,42,58,60,,,,,,
che,Switzerland,fc-zurich,FC Zürich,8,LB,TBD,TBD,TBD,TBD,0,25,25,55,63,60,37,53,57,55,56,,,,,,
che,Switzerland,fc-zurich,FC Zürich,9,LB,TBD,TBD,TBD,TBD,0,25,25,55,63,60,37,53,57,55,56,,,,,,
che,Switzerland,fc-zurich,FC Zürich,10,RB,TBD,TBD,TBD,TBD,0,25,25,55,63,60,37,53,57,55,56,,,,,,
che,Switzerland,fc-zurich,FC Zürich,11,RB,TBD,TBD,TBD,TBD,0,25,25,55,63,60,37,53,57,55,56,,,,,,
che,Switzerland,fc-zurich,FC Zürich,12,CDM,TBD,TBD,TBD,TBD,0,25,25,55,63,52,43,57,55,59,60,,,,,,
che,Switzerland,fc-zurich,FC Zürich,13,CM,TBD,TBD,TBD,TBD,0,25,25,56,64,55,52,60,61,54,56,,,,,,
che,Switzerland,fc-zurich,FC Zürich,14,CM,TBD,TBD,TBD,TBD,0,25,25,56,64,55,52,60,61,54,56,,,,,,
che,Switzerland,fc-zurich,FC Zürich,15,CM,TBD,TBD,TBD,TBD,0,25,25,56,64,55,52,60,61,54,56,,,,,,
che,Switzerland,fc-zurich,FC Zürich,16,CM,TBD,TBD,TBD,TBD,0,25,25,56,64,55,52,60,61,54,56,,,,,,
che,Switzerland,fc-zurich,FC Zürich,17,CM,TBD,TBD,TBD,TBD,0,25,25,56,64,55,52,60,61,54,56,,,,,,
che,Switzerland,fc-zurich,FC Zürich,18,CAM,TBD,TBD,TBD,TBD,0,25,25,56,64,59,58,64,66,38,48,,,,,,
che,Switzerland,fc-zurich,FC Zürich,19,LW,TBD,TBD,TBD,TBD,0,25,25,56,64,69,58,56,67,35,46,,,,,,
che,Switzerland,fc-zurich,FC Zürich,20,LW,TBD,TBD,TBD,TBD,0,25,25,56,64,69,58,56,67,35,46,,,,,,
che,Switzerland,fc-zurich,FC Zürich,21,RW,TBD,TBD,TBD,TBD,0,25,25,56,64,69,58,56,67,35,46,,,,,,
che,Switzerland,fc-zurich,FC Zürich,22,RW,TBD,TBD,TBD,TBD,0,25,25,56,64,69,58,56,67,35,46,,,,,,
che,Switzerland,fc-zurich,FC Zürich,23,ST,TBD,TBD,TBD,TBD,0,25,25,56,64,64,64,49,62,35,58,,,,,,
che,Switzerland,fc-zurich,FC Zürich,24,ST,TBD,TBD,TBD,TBD,0,25,25,56,64,64,64,49,62,35,58,,,,,,
che,Switzerland,fc-zurich,FC Zürich,25,ST,TBD,TBD,TBD,TBD,0,25,25,56,64,64,64,49,62,35,58,,,,,,
bel,Belgium,dender,FCV Dender EH,1,GK,TBD,TBD,TBD,TBD,0,25,25,54,62,,,,,,,56,54,52,57,35,55
bel,Belgium,dender,FCV Dender EH,2,GK,TBD,TBD,TBD,TBD,0,25,25,54,62,,,,,,,56,54,52,57,35,55
bel,Belgium,dender,FCV Dender EH,3,CB,TBD,TBD,TBD,TBD,0,25,25,54,62,46,35,44,42,58,60,,,,,,
bel,Belgium,dender,FCV Dender EH,4,CB,TBD,TBD,TBD,TBD,0,25,25,54,62,46,35,44,42,58,60,,,,,,
bel,Belgium,dender,FCV Dender EH,5,CB,TBD,TBD,TBD,TBD,0,25,25,54,62,46,35,44,42,58,60,,,,,,
bel,Belgium,dender,FCV Dender EH,6,CB,TBD,TBD,TBD,TBD,0,25,25,54,62,46,35,44,42,58,60,,,,,,
bel,Belgium,dender,FCV Dender EH,7,CB,TBD,TBD,TBD,TBD,0,25,25,54,62,46,35,44,42,58,60,,,,,,
bel,Belgium,dender,FCV Dender EH,8,LB,TBD,TBD,TBD,TBD,0,25,25,55,63,60,37,53,57,55,56,,,,,,
bel,Belgium,dender,FCV Dender EH,9,LB,TBD,TBD,TBD,TBD,0,25,25,55,63,60,37,53,57,55,56,,,,,,
bel,Belgium,dender,FCV Dender EH,10,RB,TBD,TBD,TBD,TBD,0,25,25,55,63,60,37,53,57,55,56,,,,,,
bel,Belgium,dender,FCV Dender EH,11,RB,TBD,TBD,TBD,TBD,0,25,25,55,63,60,37,53,57,55,56,,,,,,
bel,Belgium,dender,FCV Dender EH,12,CDM,TBD,TBD,TBD,TBD,0,25,25,55,63,52,43,57,55,59,60,,,,,,
bel,Belgium,dender,FCV Dender EH,13,CM,TBD,TBD,TBD,TBD,0,25,25,56,64,55,52,60,61,54,56,,,,,,
bel,Belgium,dender,FCV Dender EH,14,CM,TBD,TBD,TBD,TBD,0,25,25,56,64,55,52,60,61,54,56,,,,,,
bel,Belgium,dender,FCV Dender EH,15,CM,TBD,TBD,TBD,TBD,0,25,25,56,64,55,52,60,61,54,56,,,,,,
bel,Belgium,dender,FCV Dender EH,16,CM,TBD,TBD,TBD,TBD,0,25,25,56,64,55,52,60,61,54,56,,,,,,
bel,Belgium,dender,FCV Dender EH,17,CM,TBD,TBD,TBD,TBD,0,25,25,56,64,55,52,60,61,54,56,,,,,,
bel,Belgium,dender,FCV Dender EH,18,CAM,TBD,TBD,TBD,TBD,0,25,25,56,64,59,58,64,66,38,48,,,,,,
bel,Belgium,dender,FCV Dender EH,19,LW,TBD,TBD,TBD,TBD,0,25,25,56,64,69,58,56,67,35,46,,,,,,
bel,Belgium,dender,FCV Dender EH,20,LW,TBD,TBD,TBD,TBD,0,25,25,56,64,69,58,56,67,35,46,,,,,,
bel,Belgium,dender,FCV Dender EH,21,RW,TBD,TBD,TBD,TBD,0,25,25,56,64,69,58,56,67,35,46,,,,,,
bel,Belgium,dender,FCV Dender EH,22,RW,TBD,TBD,TBD,TBD,0,25,25,56,64,69,58,56,67,35,46,,,,,,
bel,Belgium,dender,FCV Dender EH,23,ST,TBD,TBD,TBD,TBD,0,25,25,56,64,64,64,49,62,35,58,,,,,,
bel,Belgium,dender,FCV Dender EH,24,ST,TBD,TBD,TBD,TBD,0,25,25,56,64,64,64,49,62,35,58,,,,,,
bel,Belgium,dender,FCV Dender EH,25,ST,TBD,TBD,TBD,TBD,0,25,25,56,64,64,64,49,62,35,58,,,,,,
isl,Iceland,fh-hafnarfjordur,FH Hafnarfjörður,1,GK,TBD,TBD,TBD,TBD,0,25,25,45,53,,,,,,,47,45,43,48,35,46
isl,Iceland,fh-hafnarfjordur,FH Hafnarfjörður,2,GK,TBD,TBD,TBD,TBD,0,25,25,45,53,,,,,,,47,45,43,48,35,46
isl,Iceland,fh-hafnarfjordur,FH Hafnarfjörður,3,CB,TBD,TBD,TBD,TBD,0,25,25,45,53,37,35,35,35,49,51,,,,,,
isl,Iceland,fh-hafnarfjordur,FH Hafnarfjörður,4,CB,TBD,TBD,TBD,TBD,0,25,25,45,53,37,35,35,35,49,51,,,,,,
isl,Iceland,fh-hafnarfjordur,FH Hafnarfjörður,5,CB,TBD,TBD,TBD,TBD,0,25,25,45,53,37,35,35,35,49,51,,,,,,
isl,Iceland,fh-hafnarfjordur,FH Hafnarfjörður,6,CB,TBD,TBD,TBD,TBD,0,25,25,45,53,37,35,35,35,49,51,,,,,,
isl,Iceland,fh-hafnarfjordur,FH Hafnarfjörður,7,CB,TBD,TBD,TBD,TBD,0,25,25,45,53,37,35,35,35,49,51,,,,,,
isl,Iceland,fh-hafnarfjordur,FH Hafnarfjörður,8,LB,TBD,TBD,TBD,TBD,0,25,25,46,54,51,35,44,48,46,47,,,,,,
isl,Iceland,fh-hafnarfjordur,FH Hafnarfjörður,9,LB,TBD,TBD,TBD,TBD,0,25,25,46,54,51,35,44,48,46,47,,,,,,
isl,Iceland,fh-hafnarfjordur,FH Hafnarfjörður,10,RB,TBD,TBD,TBD,TBD,0,25,25,46,54,51,35,44,48,46,47,,,,,,
isl,Iceland,fh-hafnarfjordur,FH Hafnarfjörður,11,RB,TBD,TBD,TBD,TBD,0,25,25,46,54,51,35,44,48,46,47,,,,,,
isl,Iceland,fh-hafnarfjordur,FH Hafnarfjörður,12,CDM,TBD,TBD,TBD,TBD,0,25,25,46,54,43,35,48,46,50,51,,,,,,
isl,Iceland,fh-hafnarfjordur,FH Hafnarfjörður,13,CM,TBD,TBD,TBD,TBD,0,25,25,47,55,46,43,51,52,45,47,,,,,,
isl,Iceland,fh-hafnarfjordur,FH Hafnarfjörður,14,CM,TBD,TBD,TBD,TBD,0,25,25,47,55,46,43,51,52,45,47,,,,,,
isl,Iceland,fh-hafnarfjordur,FH Hafnarfjörður,15,CM,TBD,TBD,TBD,TBD,0,25,25,47,55,46,43,51,52,45,47,,,,,,
isl,Iceland,fh-hafnarfjordur,FH Hafnarfjörður,16,CM,TBD,TBD,TBD,TBD,0,25,25,47,55,46,43,51,52,45,47,,,,,,
isl,Iceland,fh-hafnarfjordur,FH Hafnarfjörður,17,CM,TBD,TBD,TBD,TBD,0,25,25,47,55,46,43,51,52,45,47,,,,,,
isl,Iceland,fh-hafnarfjordur,FH Hafnarfjörður,18,CAM,TBD,TBD,TBD,TBD,0,25,25,47,55,50,49,55,57,35,39,,,,,,
isl,Iceland,fh-hafnarfjordur,FH Hafnarfjörður,19,LW,TBD,TBD,TBD,TBD,0,25,25,47,55,60,49,47,58,35,37,,,,,,
isl,Iceland,fh-hafnarfjordur,FH Hafnarfjörður,20,LW,TBD,TBD,TBD,TBD,0,25,25,47,55,60,49,47,58,35,37,,,,,,
isl,Iceland,fh-hafnarfjordur,FH Hafnarfjörður,21,RW,TBD,TBD,TBD,TBD,0,25,25,47,55,60,49,47,58,35,37,,,,,,
isl,Iceland,fh-hafnarfjordur,FH Hafnarfjörður,22,RW,TBD,TBD,TBD,TBD,0,25,25,47,55,60,49,47,58,35,37,,,,,,
isl,Iceland,fh-hafnarfjordur,FH Hafnarfjörður,23,ST,TBD,TBD,TBD,TBD,0,25,25,47,55,55,55,40,53,35,49,,,,,,
isl,Iceland,fh-hafnarfjordur,FH Hafnarfjörður,24,ST,TBD,TBD,TBD,TBD,0,25,25,47,55,55,55,40,53,35,49,,,,,,
isl,Iceland,fh-hafnarfjordur,FH Hafnarfjörður,25,ST,TBD,TBD,TBD,TBD,0,25,25,47,55,55,55,40,53,35,49,,,,,,
aut,Austria,austria-wien,FK Austria Wien,1,GK,TBD,TBD,TBD,TBD,0,25,25,53,61,,,,,,,55,53,51,56,35,54
aut,Austria,austria-wien,FK Austria Wien,2,GK,TBD,TBD,TBD,TBD,0,25,25,53,61,,,,,,,55,53,51,56,35,54
aut,Austria,austria-wien,FK Austria Wien,3,CB,TBD,TBD,TBD,TBD,0,25,25,53,61,45,35,43,41,57,59,,,,,,
aut,Austria,austria-wien,FK Austria Wien,4,CB,TBD,TBD,TBD,TBD,0,25,25,53,61,45,35,43,41,57,59,,,,,,
aut,Austria,austria-wien,FK Austria Wien,5,CB,TBD,TBD,TBD,TBD,0,25,25,53,61,45,35,43,41,57,59,,,,,,
aut,Austria,austria-wien,FK Austria Wien,6,CB,TBD,TBD,TBD,TBD,0,25,25,53,61,45,35,43,41,57,59,,,,,,
aut,Austria,austria-wien,FK Austria Wien,7,CB,TBD,TBD,TBD,TBD,0,25,25,53,61,45,35,43,41,57,59,,,,,,
aut,Austria,austria-wien,FK Austria Wien,8,LB,TBD,TBD,TBD,TBD,0,25,25,54,62,59,36,52,56,54,55,,,,,,
aut,Austria,austria-wien,FK Austria Wien,9,LB,TBD,TBD,TBD,TBD,0,25,25,54,62,59,36,52,56,54,55,,,,,,
aut,Austria,austria-wien,FK Austria Wien,10,RB,TBD,TBD,TBD,TBD,0,25,25,54,62,59,36,52,56,54,55,,,,,,
aut,Austria,austria-wien,FK Austria Wien,11,RB,TBD,TBD,TBD,TBD,0,25,25,54,62,59,36,52,56,54,55,,,,,,
aut,Austria,austria-wien,FK Austria Wien,12,CDM,TBD,TBD,TBD,TBD,0,25,25,54,62,51,42,56,54,58,59,,,,,,
aut,Austria,austria-wien,FK Austria Wien,13,CM,TBD,TBD,TBD,TBD,0,25,25,55,63,54,51,59,60,53,55,,,,,,
aut,Austria,austria-wien,FK Austria Wien,14,CM,TBD,TBD,TBD,TBD,0,25,25,55,63,54,51,59,60,53,55,,,,,,
aut,Austria,austria-wien,FK Austria Wien,15,CM,TBD,TBD,TBD,TBD,0,25,25,55,63,54,51,59,60,53,55,,,,,,
aut,Austria,austria-wien,FK Austria Wien,16,CM,TBD,TBD,TBD,TBD,0,25,25,55,63,54,51,59,60,53,55,,,,,,
aut,Austria,austria-wien,FK Austria Wien,17,CM,TBD,TBD,TBD,TBD,0,25,25,55,63,54,51,59,60,53,55,,,,,,
aut,Austria,austria-wien,FK Austria Wien,18,CAM,TBD,TBD,TBD,TBD,0,25,25,55,63,58,57,63,65,37,47,,,,,,
aut,Austria,austria-wien,FK Austria Wien,19,LW,TBD,TBD,TBD,TBD,0,25,25,55,63,68,57,55,66,35,45,,,,,,
aut,Austria,austria-wien,FK Austria Wien,20,LW,TBD,TBD,TBD,TBD,0,25,25,55,63,68,57,55,66,35,45,,,,,,
aut,Austria,austria-wien,FK Austria Wien,21,RW,TBD,TBD,TBD,TBD,0,25,25,55,63,68,57,55,66,35,45,,,,,,
aut,Austria,austria-wien,FK Austria Wien,22,RW,TBD,TBD,TBD,TBD,0,25,25,55,63,68,57,55,66,35,45,,,,,,
aut,Austria,austria-wien,FK Austria Wien,23,ST,TBD,TBD,TBD,TBD,0,25,25,55,63,63,63,48,61,35,57,,,,,,
aut,Austria,austria-wien,FK Austria Wien,24,ST,TBD,TBD,TBD,TBD,0,25,25,55,63,63,63,48,61,35,57,,,,,,
aut,Austria,austria-wien,FK Austria Wien,25,ST,TBD,TBD,TBD,TBD,0,25,25,55,63,63,63,48,61,35,57,,,,,,
svk,Slovakia,banska-bystrica,FK Dukla Banská Bystrica,1,GK,TBD,TBD,TBD,TBD,0,25,25,45,53,,,,,,,47,45,43,48,35,46
svk,Slovakia,banska-bystrica,FK Dukla Banská Bystrica,2,GK,TBD,TBD,TBD,TBD,0,25,25,45,53,,,,,,,47,45,43,48,35,46
svk,Slovakia,banska-bystrica,FK Dukla Banská Bystrica,3,CB,TBD,TBD,TBD,TBD,0,25,25,45,53,37,35,35,35,49,51,,,,,,
svk,Slovakia,banska-bystrica,FK Dukla Banská Bystrica,4,CB,TBD,TBD,TBD,TBD,0,25,25,45,53,37,35,35,35,49,51,,,,,,
svk,Slovakia,banska-bystrica,FK Dukla Banská Bystrica,5,CB,TBD,TBD,TBD,TBD,0,25,25,45,53,37,35,35,35,49,51,,,,,,
svk,Slovakia,banska-bystrica,FK Dukla Banská Bystrica,6,CB,TBD,TBD,TBD,TBD,0,25,25,45,53,37,35,35,35,49,51,,,,,,
svk,Slovakia,banska-bystrica,FK Dukla Banská Bystrica,7,CB,TBD,TBD,TBD,TBD,0,25,25,45,53,37,35,35,35,49,51,,,,,,
svk,Slovakia,banska-bystrica,FK Dukla Banská Bystrica,8,LB,TBD,TBD,TBD,TBD,0,25,25,46,54,51,35,44,48,46,47,,,,,,
svk,Slovakia,banska-bystrica,FK Dukla Banská Bystrica,9,LB,TBD,TBD,TBD,TBD,0,25,25,46,54,51,35,44,48,46,47,,,,,,
svk,Slovakia,banska-bystrica,FK Dukla Banská Bystrica,10,RB,TBD,TBD,TBD,TBD,0,25,25,46,54,51,35,44,48,46,47,,,,,,
svk,Slovakia,banska-bystrica,FK Dukla Banská Bystrica,11,RB,TBD,TBD,TBD,TBD,0,25,25,46,54,51,35,44,48,46,47,,,,,,
svk,Slovakia,banska-bystrica,FK Dukla Banská Bystrica,12,CDM,TBD,TBD,TBD,TBD,0,25,25,46,54,43,35,48,46,50,51,,,,,,
svk,Slovakia,banska-bystrica,FK Dukla Banská Bystrica,13,CM,TBD,TBD,TBD,TBD,0,25,25,47,55,46,43,51,52,45,47,,,,,,
svk,Slovakia,banska-bystrica,FK Dukla Banská Bystrica,14,CM,TBD,TBD,TBD,TBD,0,25,25,47,55,46,43,51,52,45,47,,,,,,
svk,Slovakia,banska-bystrica,FK Dukla Banská Bystrica,15,CM,TBD,TBD,TBD,TBD,0,25,25,47,55,46,43,51,52,45,47,,,,,,
svk,Slovakia,banska-bystrica,FK Dukla Banská Bystrica,16,CM,TBD,TBD,TBD,TBD,0,25,25,47,55,46,43,51,52,45,47,,,,,,
svk,Slovakia,banska-bystrica,FK Dukla Banská Bystrica,17,CM,TBD,TBD,TBD,TBD,0,25,25,47,55,46,43,51,52,45,47,,,,,,
svk,Slovakia,banska-bystrica,FK Dukla Banská Bystrica,18,CAM,TBD,TBD,TBD,TBD,0,25,25,47,55,50,49,55,57,35,39,,,,,,
svk,Slovakia,banska-bystrica,FK Dukla Banská Bystrica,19,LW,TBD,TBD,TBD,TBD,0,25,25,47,55,60,49,47,58,35,37,,,,,,
svk,Slovakia,banska-bystrica,FK Dukla Banská Bystrica,20,LW,TBD,TBD,TBD,TBD,0,25,25,47,55,60,49,47,58,35,37,,,,,,
svk,Slovakia,banska-bystrica,FK Dukla Banská Bystrica,21,RW,TBD,TBD,TBD,TBD,0,25,25,47,55,60,49,47,58,35,37,,,,,,
svk,Slovakia,banska-bystrica,FK Dukla Banská Bystrica,22,RW,TBD,TBD,TBD,TBD,0,25,25,47,55,60,49,47,58,35,37,,,,,,
svk,Slovakia,banska-bystrica,FK Dukla Banská Bystrica,23,ST,TBD,TBD,TBD,TBD,0,25,25,47,55,55,55,40,53,35,49,,,,,,
svk,Slovakia,banska-bystrica,FK Dukla Banská Bystrica,24,ST,TBD,TBD,TBD,TBD,0,25,25,47,55,55,55,40,53,35,49,,,,,,
svk,Slovakia,banska-bystrica,FK Dukla Banská Bystrica,25,ST,TBD,TBD,TBD,TBD,0,25,25,47,55,55,55,40,53,35,49,,,,,,
cze,Czechia,dukla-prague,FK Dukla Prague,1,GK,TBD,TBD,TBD,TBD,0,25,25,45,53,,,,,,,47,45,43,48,35,46
cze,Czechia,dukla-prague,FK Dukla Prague,2,GK,TBD,TBD,TBD,TBD,0,25,25,45,53,,,,,,,47,45,43,48,35,46
cze,Czechia,dukla-prague,FK Dukla Prague,3,CB,TBD,TBD,TBD,TBD,0,25,25,45,53,37,35,35,35,49,51,,,,,,
cze,Czechia,dukla-prague,FK Dukla Prague,4,CB,TBD,TBD,TBD,TBD,0,25,25,45,53,37,35,35,35,49,51,,,,,,
cze,Czechia,dukla-prague,FK Dukla Prague,5,CB,TBD,TBD,TBD,TBD,0,25,25,45,53,37,35,35,35,49,51,,,,,,
cze,Czechia,dukla-prague,FK Dukla Prague,6,CB,TBD,TBD,TBD,TBD,0,25,25,45,53,37,35,35,35,49,51,,,,,,
cze,Czechia,dukla-prague,FK Dukla Prague,7,CB,TBD,TBD,TBD,TBD,0,25,25,45,53,37,35,35,35,49,51,,,,,,
cze,Czechia,dukla-prague,FK Dukla Prague,8,LB,TBD,TBD,TBD,TBD,0,25,25,46,54,51,35,44,48,46,47,,,,,,
cze,Czechia,dukla-prague,FK Dukla Prague,9,LB,TBD,TBD,TBD,TBD,0,25,25,46,54,51,35,44,48,46,47,,,,,,
cze,Czechia,dukla-prague,FK Dukla Prague,10,RB,TBD,TBD,TBD,TBD,0,25,25,46,54,51,35,44,48,46,47,,,,,,
cze,Czechia,dukla-prague,FK Dukla Prague,11,RB,TBD,TBD,TBD,TBD,0,25,25,46,54,51,35,44,48,46,47,,,,,,
cze,Czechia,dukla-prague,FK Dukla Prague,12,CDM,TBD,TBD,TBD,TBD,0,25,25,46,54,43,35,48,46,50,51,,,,,,
cze,Czechia,dukla-prague,FK Dukla Prague,13,CM,TBD,TBD,TBD,TBD,0,25,25,47,55,46,43,51,52,45,47,,,,,,
cze,Czechia,dukla-prague,FK Dukla Prague,14,CM,TBD,TBD,TBD,TBD,0,25,25,47,55,46,43,51,52,45,47,,,,,,
cze,Czechia,dukla-prague,FK Dukla Prague,15,CM,TBD,TBD,TBD,TBD,0,25,25,47,55,46,43,51,52,45,47,,,,,,
cze,Czechia,dukla-prague,FK Dukla Prague,16,CM,TBD,TBD,TBD,TBD,0,25,25,47,55,46,43,51,52,45,47,,,,,,
cze,Czechia,dukla-prague,FK Dukla Prague,17,CM,TBD,TBD,TBD,TBD,0,25,25,47,55,46,43,51,52,45,47,,,,,,
cze,Czechia,dukla-prague,FK Dukla Prague,18,CAM,TBD,TBD,TBD,TBD,0,25,25,47,55,50,49,55,57,35,39,,,,,,
cze,Czechia,dukla-prague,FK Dukla Prague,19,LW,TBD,TBD,TBD,TBD,0,25,25,47,55,60,49,47,58,35,37,,,,,,
cze,Czechia,dukla-prague,FK Dukla Prague,20,LW,TBD,TBD,TBD,TBD,0,25,25,47,55,60,49,47,58,35,37,,,,,,
cze,Czechia,dukla-prague,FK Dukla Prague,21,RW,TBD,TBD,TBD,TBD,0,25,25,47,55,60,49,47,58,35,37,,,,,,
cze,Czechia,dukla-prague,FK Dukla Prague,22,RW,TBD,TBD,TBD,TBD,0,25,25,47,55,60,49,47,58,35,37,,,,,,
cze,Czechia,dukla-prague,FK Dukla Prague,23,ST,TBD,TBD,TBD,TBD,0,25,25,47,55,55,55,40,53,35,49,,,,,,
cze,Czechia,dukla-prague,FK Dukla Prague,24,ST,TBD,TBD,TBD,TBD,0,25,25,47,55,55,55,40,53,35,49,,,,,,
cze,Czechia,dukla-prague,FK Dukla Prague,25,ST,TBD,TBD,TBD,TBD,0,25,25,47,55,55,55,40,53,35,49,,,,,,
nor,Norway,haugesund,FK Haugesund,1,GK,TBD,TBD,TBD,TBD,0,25,25,46,54,,,,,,,48,46,44,49,35,47
nor,Norway,haugesund,FK Haugesund,2,GK,TBD,TBD,TBD,TBD,0,25,25,46,54,,,,,,,48,46,44,49,35,47
nor,Norway,haugesund,FK Haugesund,3,CB,TBD,TBD,TBD,TBD,0,25,25,46,54,38,35,36,35,50,52,,,,,,
nor,Norway,haugesund,FK Haugesund,4,CB,TBD,TBD,TBD,TBD,0,25,25,46,54,38,35,36,35,50,52,,,,,,
nor,Norway,haugesund,FK Haugesund,5,CB,TBD,TBD,TBD,TBD,0,25,25,46,54,38,35,36,35,50,52,,,,,,
nor,Norway,haugesund,FK Haugesund,6,CB,TBD,TBD,TBD,TBD,0,25,25,46,54,38,35,36,35,50,52,,,,,,
nor,Norway,haugesund,FK Haugesund,7,CB,TBD,TBD,TBD,TBD,0,25,25,46,54,38,35,36,35,50,52,,,,,,
nor,Norway,haugesund,FK Haugesund,8,LB,TBD,TBD,TBD,TBD,0,25,25,47,55,52,35,45,49,47,48,,,,,,
nor,Norway,haugesund,FK Haugesund,9,LB,TBD,TBD,TBD,TBD,0,25,25,47,55,52,35,45,49,47,48,,,,,,
nor,Norway,haugesund,FK Haugesund,10,RB,TBD,TBD,TBD,TBD,0,25,25,47,55,52,35,45,49,47,48,,,,,,
nor,Norway,haugesund,FK Haugesund,11,RB,TBD,TBD,TBD,TBD,0,25,25,47,55,52,35,45,49,47,48,,,,,,
nor,Norway,haugesund,FK Haugesund,12,CDM,TBD,TBD,TBD,TBD,0,25,25,47,55,44,35,49,47,51,52,,,,,,
nor,Norway,haugesund,FK Haugesund,13,CM,TBD,TBD,TBD,TBD,0,25,25,48,56,47,44,52,53,46,48,,,,,,
nor,Norway,haugesund,FK Haugesund,14,CM,TBD,TBD,TBD,TBD,0,25,25,48,56,47,44,52,53,46,48,,,,,,
nor,Norway,haugesund,FK Haugesund,15,CM,TBD,TBD,TBD,TBD,0,25,25,48,56,47,44,52,53,46,48,,,,,,
nor,Norway,haugesund,FK Haugesund,16,CM,TBD,TBD,TBD,TBD,0,25,25,48,56,47,44,52,53,46,48,,,,,,
nor,Norway,haugesund,FK Haugesund,17,CM,TBD,TBD,TBD,TBD,0,25,25,48,56,47,44,52,53,46,48,,,,,,
nor,Norway,haugesund,FK Haugesund,18,CAM,TBD,TBD,TBD,TBD,0,25,25,48,56,51,50,56,58,35,40,,,,,,
nor,Norway,haugesund,FK Haugesund,19,LW,TBD,TBD,TBD,TBD,0,25,25,48,56,61,50,48,59,35,38,,,,,,
nor,Norway,haugesund,FK Haugesund,20,LW,TBD,TBD,TBD,TBD,0,25,25,48,56,61,50,48,59,35,38,,,,,,
nor,Norway,haugesund,FK Haugesund,21,RW,TBD,TBD,TBD,TBD,0,25,25,48,56,61,50,48,59,35,38,,,,,,
nor,Norway,haugesund,FK Haugesund,22,RW,TBD,TBD,TBD,TBD,0,25,25,48,56,61,50,48,59,35,38,,,,,,
nor,Norway,haugesund,FK Haugesund,23,ST,TBD,TBD,TBD,TBD,0,25,25,48,56,56,56,41,54,35,50,,,,,,
nor,Norway,haugesund,FK Haugesund,24,ST,TBD,TBD,TBD,TBD,0,25,25,48,56,56,56,41,54,35,50,,,,,,
nor,Norway,haugesund,FK Haugesund,25,ST,TBD,TBD,TBD,TBD,0,25,25,48,56,56,56,41,54,35,50,,,,,,
cze,Czechia,jablonec,FK Jablonec,1,GK,TBD,TBD,TBD,TBD,0,25,25,48,56,,,,,,,50,48,46,51,35,49
cze,Czechia,jablonec,FK Jablonec,2,GK,TBD,TBD,TBD,TBD,0,25,25,48,56,,,,,,,50,48,46,51,35,49
cze,Czechia,jablonec,FK Jablonec,3,CB,TBD,TBD,TBD,TBD,0,25,25,48,56,40,35,38,36,52,54,,,,,,
cze,Czechia,jablonec,FK Jablonec,4,CB,TBD,TBD,TBD,TBD,0,25,25,48,56,40,35,38,36,52,54,,,,,,
cze,Czechia,jablonec,FK Jablonec,5,CB,TBD,TBD,TBD,TBD,0,25,25,48,56,40,35,38,36,52,54,,,,,,
cze,Czechia,jablonec,FK Jablonec,6,CB,TBD,TBD,TBD,TBD,0,25,25,48,56,40,35,38,36,52,54,,,,,,
cze,Czechia,jablonec,FK Jablonec,7,CB,TBD,TBD,TBD,TBD,0,25,25,48,56,40,35,38,36,52,54,,,,,,
cze,Czechia,jablonec,FK Jablonec,8,LB,TBD,TBD,TBD,TBD,0,25,25,49,57,54,35,47,51,49,50,,,,,,
cze,Czechia,jablonec,FK Jablonec,9,LB,TBD,TBD,TBD,TBD,0,25,25,49,57,54,35,47,51,49,50,,,,,,
cze,Czechia,jablonec,FK Jablonec,10,RB,TBD,TBD,TBD,TBD,0,25,25,49,57,54,35,47,51,49,50,,,,,,
cze,Czechia,jablonec,FK Jablonec,11,RB,TBD,TBD,TBD,TBD,0,25,25,49,57,54,35,47,51,49,50,,,,,,
cze,Czechia,jablonec,FK Jablonec,12,CDM,TBD,TBD,TBD,TBD,0,25,25,49,57,46,37,51,49,53,54,,,,,,
cze,Czechia,jablonec,FK Jablonec,13,CM,TBD,TBD,TBD,TBD,0,25,25,50,58,49,46,54,55,48,50,,,,,,
cze,Czechia,jablonec,FK Jablonec,14,CM,TBD,TBD,TBD,TBD,0,25,25,50,58,49,46,54,55,48,50,,,,,,
cze,Czechia,jablonec,FK Jablonec,15,CM,TBD,TBD,TBD,TBD,0,25,25,50,58,49,46,54,55,48,50,,,,,,
cze,Czechia,jablonec,FK Jablonec,16,CM,TBD,TBD,TBD,TBD,0,25,25,50,58,49,46,54,55,48,50,,,,,,
cze,Czechia,jablonec,FK Jablonec,17,CM,TBD,TBD,TBD,TBD,0,25,25,50,58,49,46,54,55,48,50,,,,,,
cze,Czechia,jablonec,FK Jablonec,18,CAM,TBD,TBD,TBD,TBD,0,25,25,50,58,53,52,58,60,35,42,,,,,,
cze,Czechia,jablonec,FK Jablonec,19,LW,TBD,TBD,TBD,TBD,0,25,25,50,58,63,52,50,61,35,40,,,,,,
cze,Czechia,jablonec,FK Jablonec,20,LW,TBD,TBD,TBD,TBD,0,25,25,50,58,63,52,50,61,35,40,,,,,,
cze,Czechia,jablonec,FK Jablonec,21,RW,TBD,TBD,TBD,TBD,0,25,25,50,58,63,52,50,61,35,40,,,,,,
cze,Czechia,jablonec,FK Jablonec,22,RW,TBD,TBD,TBD,TBD,0,25,25,50,58,63,52,50,61,35,40,,,,,,
cze,Czechia,jablonec,FK Jablonec,23,ST,TBD,TBD,TBD,TBD,0,25,25,50,58,58,58,43,56,35,52,,,,,,
cze,Czechia,jablonec,FK Jablonec,24,ST,TBD,TBD,TBD,TBD,0,25,25,50,58,58,58,43,56,35,52,,,,,,
cze,Czechia,jablonec,FK Jablonec,25,ST,TBD,TBD,TBD,TBD,0,25,25,50,58,58,58,43,56,35,52,,,,,,
srb,Serbia,fk-jedinstvo-ub,FK Jedinstvo Ub,1,GK,TBD,TBD,TBD,TBD,0,25,25,45,53,,,,,,,47,45,43,48,35,46
srb,Serbia,fk-jedinstvo-ub,FK Jedinstvo Ub,2,GK,TBD,TBD,TBD,TBD,0,25,25,45,53,,,,,,,47,45,43,48,35,46
srb,Serbia,fk-jedinstvo-ub,FK Jedinstvo Ub,3,CB,TBD,TBD,TBD,TBD,0,25,25,45,53,37,35,35,35,49,51,,,,,,
srb,Serbia,fk-jedinstvo-ub,FK Jedinstvo Ub,4,CB,TBD,TBD,TBD,TBD,0,25,25,45,53,37,35,35,35,49,51,,,,,,
srb,Serbia,fk-jedinstvo-ub,FK Jedinstvo Ub,5,CB,TBD,TBD,TBD,TBD,0,25,25,45,53,37,35,35,35,49,51,,,,,,
srb,Serbia,fk-jedinstvo-ub,FK Jedinstvo Ub,6,CB,TBD,TBD,TBD,TBD,0,25,25,45,53,37,35,35,35,49,51,,,,,,
srb,Serbia,fk-jedinstvo-ub,FK Jedinstvo Ub,7,CB,TBD,TBD,TBD,TBD,0,25,25,45,53,37,35,35,35,49,51,,,,,,
srb,Serbia,fk-jedinstvo-ub,FK Jedinstvo Ub,8,LB,TBD,TBD,TBD,TBD,0,25,25,46,54,51,35,44,48,46,47,,,,,,
srb,Serbia,fk-jedinstvo-ub,FK Jedinstvo Ub,9,LB,TBD,TBD,TBD,TBD,0,25,25,46,54,51,35,44,48,46,47,,,,,,
srb,Serbia,fk-jedinstvo-ub,FK Jedinstvo Ub,10,RB,TBD,TBD,TBD,TBD,0,25,25,46,54,51,35,44,48,46,47,,,,,,
srb,Serbia,fk-jedinstvo-ub,FK Jedinstvo Ub,11,RB,TBD,TBD,TBD,TBD,0,25,25,46,54,51,35,44,48,46,47,,,,,,
srb,Serbia,fk-jedinstvo-ub,FK Jedinstvo Ub,12,CDM,TBD,TBD,TBD,TBD,0,25,25,46,54,43,35,48,46,50,51,,,,,,
srb,Serbia,fk-jedinstvo-ub,FK Jedinstvo Ub,13,CM,TBD,TBD,TBD,TBD,0,25,25,47,55,46,43,51,52,45,47,,,,,,
srb,Serbia,fk-jedinstvo-ub,FK Jedinstvo Ub,14,CM,TBD,TBD,TBD,TBD,0,25,25,47,55,46,43,51,52,45,47,,,,,,
srb,Serbia,fk-jedinstvo-ub,FK Jedinstvo Ub,15,CM,TBD,TBD,TBD,TBD,0,25,25,47,55,46,43,51,52,45,47,,,,,,
srb,Serbia,fk-jedinstvo-ub,FK Jedinstvo Ub,16,CM,TBD,TBD,TBD,TBD,0,25,25,47,55,46,43,51,52,45,47,,,,,,
srb,Serbia,fk-jedinstvo-ub,FK Jedinstvo Ub,17,CM,TBD,TBD,TBD,TBD,0,25,25,47,55,46,43,51,52,45,47,,,,,,
srb,Serbia,fk-jedinstvo-ub,FK Jedinstvo Ub,18,CAM,TBD,TBD,TBD,TBD,0,25,25,47,55,50,49,55,57,35,39,,,,,,
srb,Serbia,fk-jedinstvo-ub,FK Jedinstvo Ub,19,LW,TBD,TBD,TBD,TBD,0,25,25,47,55,60,49,47,58,35,37,,,,,,
srb,Serbia,fk-jedinstvo-ub,FK Jedinstvo Ub,20,LW,TBD,TBD,TBD,TBD,0,25,25,47,55,60,49,47,58,35,37,,,,,,
srb,Serbia,fk-jedinstvo-ub,FK Jedinstvo Ub,21,RW,TBD,TBD,TBD,TBD,0,25,25,47,55,60,49,47,58,35,37,,,,,,
srb,Serbia,fk-jedinstvo-ub,FK Jedinstvo Ub,22,RW,TBD,TBD,TBD,TBD,0,25,25,47,55,60,49,47,58,35,37,,,,,,
srb,Serbia,fk-jedinstvo-ub,FK Jedinstvo Ub,23,ST,TBD,TBD,TBD,TBD,0,25,25,47,55,55,55,40,53,35,49,,,,,,
srb,Serbia,fk-jedinstvo-ub,FK Jedinstvo Ub,24,ST,TBD,TBD,TBD,TBD,0,25,25,47,55,55,55,40,53,35,49,,,,,,
srb,Serbia,fk-jedinstvo-ub,FK Jedinstvo Ub,25,ST,TBD,TBD,TBD,TBD,0,25,25,47,55,55,55,40,53,35,49,,,,,,
srb,Serbia,kolubara,FK Kolubara,1,GK,TBD,TBD,TBD,TBD,0,25,25,45,53,,,,,,,47,45,43,48,35,46
srb,Serbia,kolubara,FK Kolubara,2,GK,TBD,TBD,TBD,TBD,0,25,25,45,53,,,,,,,47,45,43,48,35,46
srb,Serbia,kolubara,FK Kolubara,3,CB,TBD,TBD,TBD,TBD,0,25,25,45,53,37,35,35,35,49,51,,,,,,
srb,Serbia,kolubara,FK Kolubara,4,CB,TBD,TBD,TBD,TBD,0,25,25,45,53,37,35,35,35,49,51,,,,,,
srb,Serbia,kolubara,FK Kolubara,5,CB,TBD,TBD,TBD,TBD,0,25,25,45,53,37,35,35,35,49,51,,,,,,
srb,Serbia,kolubara,FK Kolubara,6,CB,TBD,TBD,TBD,TBD,0,25,25,45,53,37,35,35,35,49,51,,,,,,
srb,Serbia,kolubara,FK Kolubara,7,CB,TBD,TBD,TBD,TBD,0,25,25,45,53,37,35,35,35,49,51,,,,,,
srb,Serbia,kolubara,FK Kolubara,8,LB,TBD,TBD,TBD,TBD,0,25,25,46,54,51,35,44,48,46,47,,,,,,
srb,Serbia,kolubara,FK Kolubara,9,LB,TBD,TBD,TBD,TBD,0,25,25,46,54,51,35,44,48,46,47,,,,,,
srb,Serbia,kolubara,FK Kolubara,10,RB,TBD,TBD,TBD,TBD,0,25,25,46,54,51,35,44,48,46,47,,,,,,
srb,Serbia,kolubara,FK Kolubara,11,RB,TBD,TBD,TBD,TBD,0,25,25,46,54,51,35,44,48,46,47,,,,,,
srb,Serbia,kolubara,FK Kolubara,12,CDM,TBD,TBD,TBD,TBD,0,25,25,46,54,43,35,48,46,50,51,,,,,,
srb,Serbia,kolubara,FK Kolubara,13,CM,TBD,TBD,TBD,TBD,0,25,25,47,55,46,43,51,52,45,47,,,,,,
srb,Serbia,kolubara,FK Kolubara,14,CM,TBD,TBD,TBD,TBD,0,25,25,47,55,46,43,51,52,45,47,,,,,,
srb,Serbia,kolubara,FK Kolubara,15,CM,TBD,TBD,TBD,TBD,0,25,25,47,55,46,43,51,52,45,47,,,,,,
srb,Serbia,kolubara,FK Kolubara,16,CM,TBD,TBD,TBD,TBD,0,25,25,47,55,46,43,51,52,45,47,,,,,,
srb,Serbia,kolubara,FK Kolubara,17,CM,TBD,TBD,TBD,TBD,0,25,25,47,55,46,43,51,52,45,47,,,,,,
srb,Serbia,kolubara,FK Kolubara,18,CAM,TBD,TBD,TBD,TBD,0,25,25,47,55,50,49,55,57,35,39,,,,,,
srb,Serbia,kolubara,FK Kolubara,19,LW,TBD,TBD,TBD,TBD,0,25,25,47,55,60,49,47,58,35,37,,,,,,
srb,Serbia,kolubara,FK Kolubara,20,LW,TBD,TBD,TBD,TBD,0,25,25,47,55,60,49,47,58,35,37,,,,,,
srb,Serbia,kolubara,FK Kolubara,21,RW,TBD,TBD,TBD,TBD,0,25,25,47,55,60,49,47,58,35,37,,,,,,
srb,Serbia,kolubara,FK Kolubara,22,RW,TBD,TBD,TBD,TBD,0,25,25,47,55,60,49,47,58,35,37,,,,,,
srb,Serbia,kolubara,FK Kolubara,23,ST,TBD,TBD,TBD,TBD,0,25,25,47,55,55,55,40,53,35,49,,,,,,
srb,Serbia,kolubara,FK Kolubara,24,ST,TBD,TBD,TBD,TBD,0,25,25,47,55,55,55,40,53,35,49,,,,,,
srb,Serbia,kolubara,FK Kolubara,25,ST,TBD,TBD,TBD,TBD,0,25,25,47,55,55,55,40,53,35,49,,,,,,
srb,Serbia,mladost-lucani,FK Mladost Lučani,1,GK,TBD,TBD,TBD,TBD,0,25,25,45,53,,,,,,,47,45,43,48,35,46
srb,Serbia,mladost-lucani,FK Mladost Lučani,2,GK,TBD,TBD,TBD,TBD,0,25,25,45,53,,,,,,,47,45,43,48,35,46
srb,Serbia,mladost-lucani,FK Mladost Lučani,3,CB,TBD,TBD,TBD,TBD,0,25,25,45,53,37,35,35,35,49,51,,,,,,
srb,Serbia,mladost-lucani,FK Mladost Lučani,4,CB,TBD,TBD,TBD,TBD,0,25,25,45,53,37,35,35,35,49,51,,,,,,
srb,Serbia,mladost-lucani,FK Mladost Lučani,5,CB,TBD,TBD,TBD,TBD,0,25,25,45,53,37,35,35,35,49,51,,,,,,
srb,Serbia,mladost-lucani,FK Mladost Lučani,6,CB,TBD,TBD,TBD,TBD,0,25,25,45,53,37,35,35,35,49,51,,,,,,
srb,Serbia,mladost-lucani,FK Mladost Lučani,7,CB,TBD,TBD,TBD,TBD,0,25,25,45,53,37,35,35,35,49,51,,,,,,
srb,Serbia,mladost-lucani,FK Mladost Lučani,8,LB,TBD,TBD,TBD,TBD,0,25,25,46,54,51,35,44,48,46,47,,,,,,
srb,Serbia,mladost-lucani,FK Mladost Lučani,9,LB,TBD,TBD,TBD,TBD,0,25,25,46,54,51,35,44,48,46,47,,,,,,
srb,Serbia,mladost-lucani,FK Mladost Lučani,10,RB,TBD,TBD,TBD,TBD,0,25,25,46,54,51,35,44,48,46,47,,,,,,
srb,Serbia,mladost-lucani,FK Mladost Lučani,11,RB,TBD,TBD,TBD,TBD,0,25,25,46,54,51,35,44,48,46,47,,,,,,
srb,Serbia,mladost-lucani,FK Mladost Lučani,12,CDM,TBD,TBD,TBD,TBD,0,25,25,46,54,43,35,48,46,50,51,,,,,,
srb,Serbia,mladost-lucani,FK Mladost Lučani,13,CM,TBD,TBD,TBD,TBD,0,25,25,47,55,46,43,51,52,45,47,,,,,,
srb,Serbia,mladost-lucani,FK Mladost Lučani,14,CM,TBD,TBD,TBD,TBD,0,25,25,47,55,46,43,51,52,45,47,,,,,,
srb,Serbia,mladost-lucani,FK Mladost Lučani,15,CM,TBD,TBD,TBD,TBD,0,25,25,47,55,46,43,51,52,45,47,,,,,,
srb,Serbia,mladost-lucani,FK Mladost Lučani,16,CM,TBD,TBD,TBD,TBD,0,25,25,47,55,46,43,51,52,45,47,,,,,,
srb,Serbia,mladost-lucani,FK Mladost Lučani,17,CM,TBD,TBD,TBD,TBD,0,25,25,47,55,46,43,51,52,45,47,,,,,,
srb,Serbia,mladost-lucani,FK Mladost Lučani,18,CAM,TBD,TBD,TBD,TBD,0,25,25,47,55,50,49,55,57,35,39,,,,,,
srb,Serbia,mladost-lucani,FK Mladost Lučani,19,LW,TBD,TBD,TBD,TBD,0,25,25,47,55,60,49,47,58,35,37,,,,,,
srb,Serbia,mladost-lucani,FK Mladost Lučani,20,LW,TBD,TBD,TBD,TBD,0,25,25,47,55,60,49,47,58,35,37,,,,,,
srb,Serbia,mladost-lucani,FK Mladost Lučani,21,RW,TBD,TBD,TBD,TBD,0,25,25,47,55,60,49,47,58,35,37,,,,,,
srb,Serbia,mladost-lucani,FK Mladost Lučani,22,RW,TBD,TBD,TBD,TBD,0,25,25,47,55,60,49,47,58,35,37,,,,,,
srb,Serbia,mladost-lucani,FK Mladost Lučani,23,ST,TBD,TBD,TBD,TBD,0,25,25,47,55,55,55,40,53,35,49,,,,,,
srb,Serbia,mladost-lucani,FK Mladost Lučani,24,ST,TBD,TBD,TBD,TBD,0,25,25,47,55,55,55,40,53,35,49,,,,,,
srb,Serbia,mladost-lucani,FK Mladost Lučani,25,ST,TBD,TBD,TBD,TBD,0,25,25,47,55,55,55,40,53,35,49,,,,,,
cze,Czechia,mlada-boleslav,FK Mladá Boleslav,1,GK,TBD,TBD,TBD,TBD,0,25,25,49,57,,,,,,,51,49,47,52,35,50
cze,Czechia,mlada-boleslav,FK Mladá Boleslav,2,GK,TBD,TBD,TBD,TBD,0,25,25,49,57,,,,,,,51,49,47,52,35,50
cze,Czechia,mlada-boleslav,FK Mladá Boleslav,3,CB,TBD,TBD,TBD,TBD,0,25,25,49,57,41,35,39,37,53,55,,,,,,
cze,Czechia,mlada-boleslav,FK Mladá Boleslav,4,CB,TBD,TBD,TBD,TBD,0,25,25,49,57,41,35,39,37,53,55,,,,,,
cze,Czechia,mlada-boleslav,FK Mladá Boleslav,5,CB,TBD,TBD,TBD,TBD,0,25,25,49,57,41,35,39,37,53,55,,,,,,
cze,Czechia,mlada-boleslav,FK Mladá Boleslav,6,CB,TBD,TBD,TBD,TBD,0,25,25,49,57,41,35,39,37,53,55,,,,,,
cze,Czechia,mlada-boleslav,FK Mladá Boleslav,7,CB,TBD,TBD,TBD,TBD,0,25,25,49,57,41,35,39,37,53,55,,,,,,
cze,Czechia,mlada-boleslav,FK Mladá Boleslav,8,LB,TBD,TBD,TBD,TBD,0,25,25,50,58,55,35,48,52,50,51,,,,,,
cze,Czechia,mlada-boleslav,FK Mladá Boleslav,9,LB,TBD,TBD,TBD,TBD,0,25,25,50,58,55,35,48,52,50,51,,,,,,
cze,Czechia,mlada-boleslav,FK Mladá Boleslav,10,RB,TBD,TBD,TBD,TBD,0,25,25,50,58,55,35,48,52,50,51,,,,,,
cze,Czechia,mlada-boleslav,FK Mladá Boleslav,11,RB,TBD,TBD,TBD,TBD,0,25,25,50,58,55,35,48,52,50,51,,,,,,
cze,Czechia,mlada-boleslav,FK Mladá Boleslav,12,CDM,TBD,TBD,TBD,TBD,0,25,25,50,58,47,38,52,50,54,55,,,,,,
cze,Czechia,mlada-boleslav,FK Mladá Boleslav,13,CM,TBD,TBD,TBD,TBD,0,25,25,51,59,50,47,55,56,49,51,,,,,,
cze,Czechia,mlada-boleslav,FK Mladá Boleslav,14,CM,TBD,TBD,TBD,TBD,0,25,25,51,59,50,47,55,56,49,51,,,,,,
cze,Czechia,mlada-boleslav,FK Mladá Boleslav,15,CM,TBD,TBD,TBD,TBD,0,25,25,51,59,50,47,55,56,49,51,,,,,,
cze,Czechia,mlada-boleslav,FK Mladá Boleslav,16,CM,TBD,TBD,TBD,TBD,0,25,25,51,59,50,47,55,56,49,51,,,,,,
cze,Czechia,mlada-boleslav,FK Mladá Boleslav,17,CM,TBD,TBD,TBD,TBD,0,25,25,51,59,50,47,55,56,49,51,,,,,,
cze,Czechia,mlada-boleslav,FK Mladá Boleslav,18,CAM,TBD,TBD,TBD,TBD,0,25,25,51,59,54,53,59,61,35,43,,,,,,
cze,Czechia,mlada-boleslav,FK Mladá Boleslav,19,LW,TBD,TBD,TBD,TBD,0,25,25,51,59,64,53,51,62,35,41,,,,,,
cze,Czechia,mlada-boleslav,FK Mladá Boleslav,20,LW,TBD,TBD,TBD,TBD,0,25,25,51,59,64,53,51,62,35,41,,,,,,
cze,Czechia,mlada-boleslav,FK Mladá Boleslav,21,RW,TBD,TBD,TBD,TBD,0,25,25,51,59,64,53,51,62,35,41,,,,,,
cze,Czechia,mlada-boleslav,FK Mladá Boleslav,22,RW,TBD,TBD,TBD,TBD,0,25,25,51,59,64,53,51,62,35,41,,,,,,
cze,Czechia,mlada-boleslav,FK Mladá Boleslav,23,ST,TBD,TBD,TBD,TBD,0,25,25,51,59,59,59,44,57,35,53,,,,,,
cze,Czechia,mlada-boleslav,FK Mladá Boleslav,24,ST,TBD,TBD,TBD,TBD,0,25,25,51,59,59,59,44,57,35,53,,,,,,
cze,Czechia,mlada-boleslav,FK Mladá Boleslav,25,ST,TBD,TBD,TBD,TBD,0,25,25,51,59,59,59,44,57,35,53,,,,,,
srb,Serbia,novi-pazar,FK Novi Pazar,1,GK,TBD,TBD,TBD,TBD,0,25,25,45,53,,,,,,,47,45,43,48,35,46
srb,Serbia,novi-pazar,FK Novi Pazar,2,GK,TBD,TBD,TBD,TBD,0,25,25,45,53,,,,,,,47,45,43,48,35,46
srb,Serbia,novi-pazar,FK Novi Pazar,3,CB,TBD,TBD,TBD,TBD,0,25,25,45,53,37,35,35,35,49,51,,,,,,
srb,Serbia,novi-pazar,FK Novi Pazar,4,CB,TBD,TBD,TBD,TBD,0,25,25,45,53,37,35,35,35,49,51,,,,,,
srb,Serbia,novi-pazar,FK Novi Pazar,5,CB,TBD,TBD,TBD,TBD,0,25,25,45,53,37,35,35,35,49,51,,,,,,
srb,Serbia,novi-pazar,FK Novi Pazar,6,CB,TBD,TBD,TBD,TBD,0,25,25,45,53,37,35,35,35,49,51,,,,,,
srb,Serbia,novi-pazar,FK Novi Pazar,7,CB,TBD,TBD,TBD,TBD,0,25,25,45,53,37,35,35,35,49,51,,,,,,
srb,Serbia,novi-pazar,FK Novi Pazar,8,LB,TBD,TBD,TBD,TBD,0,25,25,46,54,51,35,44,48,46,47,,,,,,
srb,Serbia,novi-pazar,FK Novi Pazar,9,LB,TBD,TBD,TBD,TBD,0,25,25,46,54,51,35,44,48,46,47,,,,,,
srb,Serbia,novi-pazar,FK Novi Pazar,10,RB,TBD,TBD,TBD,TBD,0,25,25,46,54,51,35,44,48,46,47,,,,,,
srb,Serbia,novi-pazar,FK Novi Pazar,11,RB,TBD,TBD,TBD,TBD,0,25,25,46,54,51,35,44,48,46,47,,,,,,
srb,Serbia,novi-pazar,FK Novi Pazar,12,CDM,TBD,TBD,TBD,TBD,0,25,25,46,54,43,35,48,46,50,51,,,,,,
srb,Serbia,novi-pazar,FK Novi Pazar,13,CM,TBD,TBD,TBD,TBD,0,25,25,47,55,46,43,51,52,45,47,,,,,,
srb,Serbia,novi-pazar,FK Novi Pazar,14,CM,TBD,TBD,TBD,TBD,0,25,25,47,55,46,43,51,52,45,47,,,,,,
srb,Serbia,novi-pazar,FK Novi Pazar,15,CM,TBD,TBD,TBD,TBD,0,25,25,47,55,46,43,51,52,45,47,,,,,,
srb,Serbia,novi-pazar,FK Novi Pazar,16,CM,TBD,TBD,TBD,TBD,0,25,25,47,55,46,43,51,52,45,47,,,,,,
srb,Serbia,novi-pazar,FK Novi Pazar,17,CM,TBD,TBD,TBD,TBD,0,25,25,47,55,46,43,51,52,45,47,,,,,,
srb,Serbia,novi-pazar,FK Novi Pazar,18,CAM,TBD,TBD,TBD,TBD,0,25,25,47,55,50,49,55,57,35,39,,,,,,
srb,Serbia,novi-pazar,FK Novi Pazar,19,LW,TBD,TBD,TBD,TBD,0,25,25,47,55,60,49,47,58,35,37,,,,,,
srb,Serbia,novi-pazar,FK Novi Pazar,20,LW,TBD,TBD,TBD,TBD,0,25,25,47,55,60,49,47,58,35,37,,,,,,
srb,Serbia,novi-pazar,FK Novi Pazar,21,RW,TBD,TBD,TBD,TBD,0,25,25,47,55,60,49,47,58,35,37,,,,,,
srb,Serbia,novi-pazar,FK Novi Pazar,22,RW,TBD,TBD,TBD,TBD,0,25,25,47,55,60,49,47,58,35,37,,,,,,
srb,Serbia,novi-pazar,FK Novi Pazar,23,ST,TBD,TBD,TBD,TBD,0,25,25,47,55,55,55,40,53,35,49,,,,,,
srb,Serbia,novi-pazar,FK Novi Pazar,24,ST,TBD,TBD,TBD,TBD,0,25,25,47,55,55,55,40,53,35,49,,,,,,
srb,Serbia,novi-pazar,FK Novi Pazar,25,ST,TBD,TBD,TBD,TBD,0,25,25,47,55,55,55,40,53,35,49,,,,,,
cze,Czechia,pardubice,FK Pardubice,1,GK,TBD,TBD,TBD,TBD,0,25,25,45,53,,,,,,,47,45,43,48,35,46
cze,Czechia,pardubice,FK Pardubice,2,GK,TBD,TBD,TBD,TBD,0,25,25,45,53,,,,,,,47,45,43,48,35,46
cze,Czechia,pardubice,FK Pardubice,3,CB,TBD,TBD,TBD,TBD,0,25,25,45,53,37,35,35,35,49,51,,,,,,
cze,Czechia,pardubice,FK Pardubice,4,CB,TBD,TBD,TBD,TBD,0,25,25,45,53,37,35,35,35,49,51,,,,,,
cze,Czechia,pardubice,FK Pardubice,5,CB,TBD,TBD,TBD,TBD,0,25,25,45,53,37,35,35,35,49,51,,,,,,
cze,Czechia,pardubice,FK Pardubice,6,CB,TBD,TBD,TBD,TBD,0,25,25,45,53,37,35,35,35,49,51,,,,,,
cze,Czechia,pardubice,FK Pardubice,7,CB,TBD,TBD,TBD,TBD,0,25,25,45,53,37,35,35,35,49,51,,,,,,
cze,Czechia,pardubice,FK Pardubice,8,LB,TBD,TBD,TBD,TBD,0,25,25,46,54,51,35,44,48,46,47,,,,,,
cze,Czechia,pardubice,FK Pardubice,9,LB,TBD,TBD,TBD,TBD,0,25,25,46,54,51,35,44,48,46,47,,,,,,
cze,Czechia,pardubice,FK Pardubice,10,RB,TBD,TBD,TBD,TBD,0,25,25,46,54,51,35,44,48,46,47,,,,,,
cze,Czechia,pardubice,FK Pardubice,11,RB,TBD,TBD,TBD,TBD,0,25,25,46,54,51,35,44,48,46,47,,,,,,
cze,Czechia,pardubice,FK Pardubice,12,CDM,TBD,TBD,TBD,TBD,0,25,25,46,54,43,35,48,46,50,51,,,,,,
cze,Czechia,pardubice,FK Pardubice,13,CM,TBD,TBD,TBD,TBD,0,25,25,47,55,46,43,51,52,45,47,,,,,,
cze,Czechia,pardubice,FK Pardubice,14,CM,TBD,TBD,TBD,TBD,0,25,25,47,55,46,43,51,52,45,47,,,,,,
cze,Czechia,pardubice,FK Pardubice,15,CM,TBD,TBD,TBD,TBD,0,25,25,47,55,46,43,51,52,45,47,,,,,,
cze,Czechia,pardubice,FK Pardubice,16,CM,TBD,TBD,TBD,TBD,0,25,25,47,55,46,43,51,52,45,47,,,,,,
cze,Czechia,pardubice,FK Pardubice,17,CM,TBD,TBD,TBD,TBD,0,25,25,47,55,46,43,51,52,45,47,,,,,,
cze,Czechia,pardubice,FK Pardubice,18,CAM,TBD,TBD,TBD,TBD,0,25,25,47,55,50,49,55,57,35,39,,,,,,
cze,Czechia,pardubice,FK Pardubice,19,LW,TBD,TBD,TBD,TBD,0,25,25,47,55,60,49,47,58,35,37,,,,,,
cze,Czechia,pardubice,FK Pardubice,20,LW,TBD,TBD,TBD,TBD,0,25,25,47,55,60,49,47,58,35,37,,,,,,
cze,Czechia,pardubice,FK Pardubice,21,RW,TBD,TBD,TBD,TBD,0,25,25,47,55,60,49,47,58,35,37,,,,,,
cze,Czechia,pardubice,FK Pardubice,22,RW,TBD,TBD,TBD,TBD,0,25,25,47,55,60,49,47,58,35,37,,,,,,
cze,Czechia,pardubice,FK Pardubice,23,ST,TBD,TBD,TBD,TBD,0,25,25,47,55,55,55,40,53,35,49,,,,,,
cze,Czechia,pardubice,FK Pardubice,24,ST,TBD,TBD,TBD,TBD,0,25,25,47,55,55,55,40,53,35,49,,,,,,
cze,Czechia,pardubice,FK Pardubice,25,ST,TBD,TBD,TBD,TBD,0,25,25,47,55,55,55,40,53,35,49,,,,,,
svk,Slovakia,pohronie,FK Pohronie,1,GK,TBD,TBD,TBD,TBD,0,25,25,45,53,,,,,,,47,45,43,48,35,46
svk,Slovakia,pohronie,FK Pohronie,2,GK,TBD,TBD,TBD,TBD,0,25,25,45,53,,,,,,,47,45,43,48,35,46
svk,Slovakia,pohronie,FK Pohronie,3,CB,TBD,TBD,TBD,TBD,0,25,25,45,53,37,35,35,35,49,51,,,,,,
svk,Slovakia,pohronie,FK Pohronie,4,CB,TBD,TBD,TBD,TBD,0,25,25,45,53,37,35,35,35,49,51,,,,,,
svk,Slovakia,pohronie,FK Pohronie,5,CB,TBD,TBD,TBD,TBD,0,25,25,45,53,37,35,35,35,49,51,,,,,,
svk,Slovakia,pohronie,FK Pohronie,6,CB,TBD,TBD,TBD,TBD,0,25,25,45,53,37,35,35,35,49,51,,,,,,
svk,Slovakia,pohronie,FK Pohronie,7,CB,TBD,TBD,TBD,TBD,0,25,25,45,53,37,35,35,35,49,51,,,,,,
svk,Slovakia,pohronie,FK Pohronie,8,LB,TBD,TBD,TBD,TBD,0,25,25,46,54,51,35,44,48,46,47,,,,,,
svk,Slovakia,pohronie,FK Pohronie,9,LB,TBD,TBD,TBD,TBD,0,25,25,46,54,51,35,44,48,46,47,,,,,,
svk,Slovakia,pohronie,FK Pohronie,10,RB,TBD,TBD,TBD,TBD,0,25,25,46,54,51,35,44,48,46,47,,,,,,
svk,Slovakia,pohronie,FK Pohronie,11,RB,TBD,TBD,TBD,TBD,0,25,25,46,54,51,35,44,48,46,47,,,,,,
svk,Slovakia,pohronie,FK Pohronie,12,CDM,TBD,TBD,TBD,TBD,0,25,25,46,54,43,35,48,46,50,51,,,,,,
svk,Slovakia,pohronie,FK Pohronie,13,CM,TBD,TBD,TBD,TBD,0,25,25,47,55,46,43,51,52,45,47,,,,,,
svk,Slovakia,pohronie,FK Pohronie,14,CM,TBD,TBD,TBD,TBD,0,25,25,47,55,46,43,51,52,45,47,,,,,,
svk,Slovakia,pohronie,FK Pohronie,15,CM,TBD,TBD,TBD,TBD,0,25,25,47,55,46,43,51,52,45,47,,,,,,
svk,Slovakia,pohronie,FK Pohronie,16,CM,TBD,TBD,TBD,TBD,0,25,25,47,55,46,43,51,52,45,47,,,,,,
svk,Slovakia,pohronie,FK Pohronie,17,CM,TBD,TBD,TBD,TBD,0,25,25,47,55,46,43,51,52,45,47,,,,,,
svk,Slovakia,pohronie,FK Pohronie,18,CAM,TBD,TBD,TBD,TBD,0,25,25,47,55,50,49,55,57,35,39,,,,,,
svk,Slovakia,pohronie,FK Pohronie,19,LW,TBD,TBD,TBD,TBD,0,25,25,47,55,60,49,47,58,35,37,,,,,,
svk,Slovakia,pohronie,FK Pohronie,20,LW,TBD,TBD,TBD,TBD,0,25,25,47,55,60,49,47,58,35,37,,,,,,
svk,Slovakia,pohronie,FK Pohronie,21,RW,TBD,TBD,TBD,TBD,0,25,25,47,55,60,49,47,58,35,37,,,,,,
svk,Slovakia,pohronie,FK Pohronie,22,RW,TBD,TBD,TBD,TBD,0,25,25,47,55,60,49,47,58,35,37,,,,,,
svk,Slovakia,pohronie,FK Pohronie,23,ST,TBD,TBD,TBD,TBD,0,25,25,47,55,55,55,40,53,35,49,,,,,,
svk,Slovakia,pohronie,FK Pohronie,24,ST,TBD,TBD,TBD,TBD,0,25,25,47,55,55,55,40,53,35,49,,,,,,
svk,Slovakia,pohronie,FK Pohronie,25,ST,TBD,TBD,TBD,TBD,0,25,25,47,55,55,55,40,53,35,49,,,,,,
cze,Czechia,teplice,FK Teplice,1,GK,TBD,TBD,TBD,TBD,0,25,25,46,54,,,,,,,48,46,44,49,35,47
cze,Czechia,teplice,FK Teplice,2,GK,TBD,TBD,TBD,TBD,0,25,25,46,54,,,,,,,48,46,44,49,35,47
cze,Czechia,teplice,FK Teplice,3,CB,TBD,TBD,TBD,TBD,0,25,25,46,54,38,35,36,35,50,52,,,,,,
cze,Czechia,teplice,FK Teplice,4,CB,TBD,TBD,TBD,TBD,0,25,25,46,54,38,35,36,35,50,52,,,,,,
cze,Czechia,teplice,FK Teplice,5,CB,TBD,TBD,TBD,TBD,0,25,25,46,54,38,35,36,35,50,52,,,,,,
cze,Czechia,teplice,FK Teplice,6,CB,TBD,TBD,TBD,TBD,0,25,25,46,54,38,35,36,35,50,52,,,,,,
cze,Czechia,teplice,FK Teplice,7,CB,TBD,TBD,TBD,TBD,0,25,25,46,54,38,35,36,35,50,52,,,,,,
cze,Czechia,teplice,FK Teplice,8,LB,TBD,TBD,TBD,TBD,0,25,25,47,55,52,35,45,49,47,48,,,,,,
cze,Czechia,teplice,FK Teplice,9,LB,TBD,TBD,TBD,TBD,0,25,25,47,55,52,35,45,49,47,48,,,,,,
cze,Czechia,teplice,FK Teplice,10,RB,TBD,TBD,TBD,TBD,0,25,25,47,55,52,35,45,49,47,48,,,,,,
cze,Czechia,teplice,FK Teplice,11,RB,TBD,TBD,TBD,TBD,0,25,25,47,55,52,35,45,49,47,48,,,,,,
cze,Czechia,teplice,FK Teplice,12,CDM,TBD,TBD,TBD,TBD,0,25,25,47,55,44,35,49,47,51,52,,,,,,
cze,Czechia,teplice,FK Teplice,13,CM,TBD,TBD,TBD,TBD,0,25,25,48,56,47,44,52,53,46,48,,,,,,
cze,Czechia,teplice,FK Teplice,14,CM,TBD,TBD,TBD,TBD,0,25,25,48,56,47,44,52,53,46,48,,,,,,
cze,Czechia,teplice,FK Teplice,15,CM,TBD,TBD,TBD,TBD,0,25,25,48,56,47,44,52,53,46,48,,,,,,
cze,Czechia,teplice,FK Teplice,16,CM,TBD,TBD,TBD,TBD,0,25,25,48,56,47,44,52,53,46,48,,,,,,
cze,Czechia,teplice,FK Teplice,17,CM,TBD,TBD,TBD,TBD,0,25,25,48,56,47,44,52,53,46,48,,,,,,
cze,Czechia,teplice,FK Teplice,18,CAM,TBD,TBD,TBD,TBD,0,25,25,48,56,51,50,56,58,35,40,,,,,,
cze,Czechia,teplice,FK Teplice,19,LW,TBD,TBD,TBD,TBD,0,25,25,48,56,61,50,48,59,35,38,,,,,,
cze,Czechia,teplice,FK Teplice,20,LW,TBD,TBD,TBD,TBD,0,25,25,48,56,61,50,48,59,35,38,,,,,,
cze,Czechia,teplice,FK Teplice,21,RW,TBD,TBD,TBD,TBD,0,25,25,48,56,61,50,48,59,35,38,,,,,,
cze,Czechia,teplice,FK Teplice,22,RW,TBD,TBD,TBD,TBD,0,25,25,48,56,61,50,48,59,35,38,,,,,,
cze,Czechia,teplice,FK Teplice,23,ST,TBD,TBD,TBD,TBD,0,25,25,48,56,56,56,41,54,35,50,,,,,,
cze,Czechia,teplice,FK Teplice,24,ST,TBD,TBD,TBD,TBD,0,25,25,48,56,56,56,41,54,35,50,,,,,,
cze,Czechia,teplice,FK Teplice,25,ST,TBD,TBD,TBD,TBD,0,25,25,48,56,56,56,41,54,35,50,,,,,,
srb,Serbia,vojvodina,FK Vojvodina,1,GK,TBD,TBD,TBD,TBD,0,25,25,45,53,,,,,,,47,45,43,48,35,46
srb,Serbia,vojvodina,FK Vojvodina,2,GK,TBD,TBD,TBD,TBD,0,25,25,45,53,,,,,,,47,45,43,48,35,46
srb,Serbia,vojvodina,FK Vojvodina,3,CB,TBD,TBD,TBD,TBD,0,25,25,45,53,37,35,35,35,49,51,,,,,,
srb,Serbia,vojvodina,FK Vojvodina,4,CB,TBD,TBD,TBD,TBD,0,25,25,45,53,37,35,35,35,49,51,,,,,,
srb,Serbia,vojvodina,FK Vojvodina,5,CB,TBD,TBD,TBD,TBD,0,25,25,45,53,37,35,35,35,49,51,,,,,,
srb,Serbia,vojvodina,FK Vojvodina,6,CB,TBD,TBD,TBD,TBD,0,25,25,45,53,37,35,35,35,49,51,,,,,,
srb,Serbia,vojvodina,FK Vojvodina,7,CB,TBD,TBD,TBD,TBD,0,25,25,45,53,37,35,35,35,49,51,,,,,,
srb,Serbia,vojvodina,FK Vojvodina,8,LB,TBD,TBD,TBD,TBD,0,25,25,46,54,51,35,44,48,46,47,,,,,,
srb,Serbia,vojvodina,FK Vojvodina,9,LB,TBD,TBD,TBD,TBD,0,25,25,46,54,51,35,44,48,46,47,,,,,,
srb,Serbia,vojvodina,FK Vojvodina,10,RB,TBD,TBD,TBD,TBD,0,25,25,46,54,51,35,44,48,46,47,,,,,,
srb,Serbia,vojvodina,FK Vojvodina,11,RB,TBD,TBD,TBD,TBD,0,25,25,46,54,51,35,44,48,46,47,,,,,,
srb,Serbia,vojvodina,FK Vojvodina,12,CDM,TBD,TBD,TBD,TBD,0,25,25,46,54,43,35,48,46,50,51,,,,,,
srb,Serbia,vojvodina,FK Vojvodina,13,CM,TBD,TBD,TBD,TBD,0,25,25,47,55,46,43,51,52,45,47,,,,,,
srb,Serbia,vojvodina,FK Vojvodina,14,CM,TBD,TBD,TBD,TBD,0,25,25,47,55,46,43,51,52,45,47,,,,,,
srb,Serbia,vojvodina,FK Vojvodina,15,CM,TBD,TBD,TBD,TBD,0,25,25,47,55,46,43,51,52,45,47,,,,,,
srb,Serbia,vojvodina,FK Vojvodina,16,CM,TBD,TBD,TBD,TBD,0,25,25,47,55,46,43,51,52,45,47,,,,,,
srb,Serbia,vojvodina,FK Vojvodina,17,CM,TBD,TBD,TBD,TBD,0,25,25,47,55,46,43,51,52,45,47,,,,,,
srb,Serbia,vojvodina,FK Vojvodina,18,CAM,TBD,TBD,TBD,TBD,0,25,25,47,55,50,49,55,57,35,39,,,,,,
srb,Serbia,vojvodina,FK Vojvodina,19,LW,TBD,TBD,TBD,TBD,0,25,25,47,55,60,49,47,58,35,37,,,,,,
srb,Serbia,vojvodina,FK Vojvodina,20,LW,TBD,TBD,TBD,TBD,0,25,25,47,55,60,49,47,58,35,37,,,,,,
srb,Serbia,vojvodina,FK Vojvodina,21,RW,TBD,TBD,TBD,TBD,0,25,25,47,55,60,49,47,58,35,37,,,,,,
srb,Serbia,vojvodina,FK Vojvodina,22,RW,TBD,TBD,TBD,TBD,0,25,25,47,55,60,49,47,58,35,37,,,,,,
srb,Serbia,vojvodina,FK Vojvodina,23,ST,TBD,TBD,TBD,TBD,0,25,25,47,55,55,55,40,53,35,49,,,,,,
srb,Serbia,vojvodina,FK Vojvodina,24,ST,TBD,TBD,TBD,TBD,0,25,25,47,55,55,55,40,53,35,49,,,,,,
srb,Serbia,vojvodina,FK Vojvodina,25,ST,TBD,TBD,TBD,TBD,0,25,25,47,55,55,55,40,53,35,49,,,,,,
srb,Serbia,vojvodina-novi-sad,FK Vojvodina Novi Sad,1,GK,TBD,TBD,TBD,TBD,0,25,25,45,53,,,,,,,47,45,43,48,35,46
srb,Serbia,vojvodina-novi-sad,FK Vojvodina Novi Sad,2,GK,TBD,TBD,TBD,TBD,0,25,25,45,53,,,,,,,47,45,43,48,35,46
srb,Serbia,vojvodina-novi-sad,FK Vojvodina Novi Sad,3,CB,TBD,TBD,TBD,TBD,0,25,25,45,53,37,35,35,35,49,51,,,,,,
srb,Serbia,vojvodina-novi-sad,FK Vojvodina Novi Sad,4,CB,TBD,TBD,TBD,TBD,0,25,25,45,53,37,35,35,35,49,51,,,,,,
srb,Serbia,vojvodina-novi-sad,FK Vojvodina Novi Sad,5,CB,TBD,TBD,TBD,TBD,0,25,25,45,53,37,35,35,35,49,51,,,,,,
srb,Serbia,vojvodina-novi-sad,FK Vojvodina Novi Sad,6,CB,TBD,TBD,TBD,TBD,0,25,25,45,53,37,35,35,35,49,51,,,,,,
srb,Serbia,vojvodina-novi-sad,FK Vojvodina Novi Sad,7,CB,TBD,TBD,TBD,TBD,0,25,25,45,53,37,35,35,35,49,51,,,,,,
srb,Serbia,vojvodina-novi-sad,FK Vojvodina Novi Sad,8,LB,TBD,TBD,TBD,TBD,0,25,25,46,54,51,35,44,48,46,47,,,,,,
srb,Serbia,vojvodina-novi-sad,FK Vojvodina Novi Sad,9,LB,TBD,TBD,TBD,TBD,0,25,25,46,54,51,35,44,48,46,47,,,,,,
srb,Serbia,vojvodina-novi-sad,FK Vojvodina Novi Sad,10,RB,TBD,TBD,TBD,TBD,0,25,25,46,54,51,35,44,48,46,47,,,,,,
srb,Serbia,vojvodina-novi-sad,FK Vojvodina Novi Sad,11,RB,TBD,TBD,TBD,TBD,0,25,25,46,54,51,35,44,48,46,47,,,,,,
srb,Serbia,vojvodina-novi-sad,FK Vojvodina Novi Sad,12,CDM,TBD,TBD,TBD,TBD,0,25,25,46,54,43,35,48,46,50,51,,,,,,
srb,Serbia,vojvodina-novi-sad,FK Vojvodina Novi Sad,13,CM,TBD,TBD,TBD,TBD,0,25,25,47,55,46,43,51,52,45,47,,,,,,
srb,Serbia,vojvodina-novi-sad,FK Vojvodina Novi Sad,14,CM,TBD,TBD,TBD,TBD,0,25,25,47,55,46,43,51,52,45,47,,,,,,
srb,Serbia,vojvodina-novi-sad,FK Vojvodina Novi Sad,15,CM,TBD,TBD,TBD,TBD,0,25,25,47,55,46,43,51,52,45,47,,,,,,
srb,Serbia,vojvodina-novi-sad,FK Vojvodina Novi Sad,16,CM,TBD,TBD,TBD,TBD,0,25,25,47,55,46,43,51,52,45,47,,,,,,
srb,Serbia,vojvodina-novi-sad,FK Vojvodina Novi Sad,17,CM,TBD,TBD,TBD,TBD,0,25,25,47,55,46,43,51,52,45,47,,,,,,
srb,Serbia,vojvodina-novi-sad,FK Vojvodina Novi Sad,18,CAM,TBD,TBD,TBD,TBD,0,25,25,47,55,50,49,55,57,35,39,,,,,,
srb,Serbia,vojvodina-novi-sad,FK Vojvodina Novi Sad,19,LW,TBD,TBD,TBD,TBD,0,25,25,47,55,60,49,47,58,35,37,,,,,,
srb,Serbia,vojvodina-novi-sad,FK Vojvodina Novi Sad,20,LW,TBD,TBD,TBD,TBD,0,25,25,47,55,60,49,47,58,35,37,,,,,,
srb,Serbia,vojvodina-novi-sad,FK Vojvodina Novi Sad,21,RW,TBD,TBD,TBD,TBD,0,25,25,47,55,60,49,47,58,35,37,,,,,,
srb,Serbia,vojvodina-novi-sad,FK Vojvodina Novi Sad,22,RW,TBD,TBD,TBD,TBD,0,25,25,47,55,60,49,47,58,35,37,,,,,,
srb,Serbia,vojvodina-novi-sad,FK Vojvodina Novi Sad,23,ST,TBD,TBD,TBD,TBD,0,25,25,47,55,55,55,40,53,35,49,,,,,,
srb,Serbia,vojvodina-novi-sad,FK Vojvodina Novi Sad,24,ST,TBD,TBD,TBD,TBD,0,25,25,47,55,55,55,40,53,35,49,,,,,,
srb,Serbia,vojvodina-novi-sad,FK Vojvodina Novi Sad,25,ST,TBD,TBD,TBD,TBD,0,25,25,47,55,55,55,40,53,35,49,,,,,,
srb,Serbia,fk-zeleznik,FK Železnik,1,GK,TBD,TBD,TBD,TBD,0,25,25,45,53,,,,,,,47,45,43,48,35,46
srb,Serbia,fk-zeleznik,FK Železnik,2,GK,TBD,TBD,TBD,TBD,0,25,25,45,53,,,,,,,47,45,43,48,35,46
srb,Serbia,fk-zeleznik,FK Železnik,3,CB,TBD,TBD,TBD,TBD,0,25,25,45,53,37,35,35,35,49,51,,,,,,
srb,Serbia,fk-zeleznik,FK Železnik,4,CB,TBD,TBD,TBD,TBD,0,25,25,45,53,37,35,35,35,49,51,,,,,,
srb,Serbia,fk-zeleznik,FK Železnik,5,CB,TBD,TBD,TBD,TBD,0,25,25,45,53,37,35,35,35,49,51,,,,,,
srb,Serbia,fk-zeleznik,FK Železnik,6,CB,TBD,TBD,TBD,TBD,0,25,25,45,53,37,35,35,35,49,51,,,,,,
srb,Serbia,fk-zeleznik,FK Železnik,7,CB,TBD,TBD,TBD,TBD,0,25,25,45,53,37,35,35,35,49,51,,,,,,
srb,Serbia,fk-zeleznik,FK Železnik,8,LB,TBD,TBD,TBD,TBD,0,25,25,46,54,51,35,44,48,46,47,,,,,,
srb,Serbia,fk-zeleznik,FK Železnik,9,LB,TBD,TBD,TBD,TBD,0,25,25,46,54,51,35,44,48,46,47,,,,,,
srb,Serbia,fk-zeleznik,FK Železnik,10,RB,TBD,TBD,TBD,TBD,0,25,25,46,54,51,35,44,48,46,47,,,,,,
srb,Serbia,fk-zeleznik,FK Železnik,11,RB,TBD,TBD,TBD,TBD,0,25,25,46,54,51,35,44,48,46,47,,,,,,
srb,Serbia,fk-zeleznik,FK Železnik,12,CDM,TBD,TBD,TBD,TBD,0,25,25,46,54,43,35,48,46,50,51,,,,,,
srb,Serbia,fk-zeleznik,FK Železnik,13,CM,TBD,TBD,TBD,TBD,0,25,25,47,55,46,43,51,52,45,47,,,,,,
srb,Serbia,fk-zeleznik,FK Železnik,14,CM,TBD,TBD,TBD,TBD,0,25,25,47,55,46,43,51,52,45,47,,,,,,
srb,Serbia,fk-zeleznik,FK Železnik,15,CM,TBD,TBD,TBD,TBD,0,25,25,47,55,46,43,51,52,45,47,,,,,,
srb,Serbia,fk-zeleznik,FK Železnik,16,CM,TBD,TBD,TBD,TBD,0,25,25,47,55,46,43,51,52,45,47,,,,,,
srb,Serbia,fk-zeleznik,FK Železnik,17,CM,TBD,TBD,TBD,TBD,0,25,25,47,55,46,43,51,52,45,47,,,,,,
srb,Serbia,fk-zeleznik,FK Železnik,18,CAM,TBD,TBD,TBD,TBD,0,25,25,47,55,50,49,55,57,35,39,,,,,,
srb,Serbia,fk-zeleznik,FK Železnik,19,LW,TBD,TBD,TBD,TBD,0,25,25,47,55,60,49,47,58,35,37,,,,,,
srb,Serbia,fk-zeleznik,FK Železnik,20,LW,TBD,TBD,TBD,TBD,0,25,25,47,55,60,49,47,58,35,37,,,,,,
srb,Serbia,fk-zeleznik,FK Železnik,21,RW,TBD,TBD,TBD,TBD,0,25,25,47,55,60,49,47,58,35,37,,,,,,
srb,Serbia,fk-zeleznik,FK Železnik,22,RW,TBD,TBD,TBD,TBD,0,25,25,47,55,60,49,47,58,35,37,,,,,,
srb,Serbia,fk-zeleznik,FK Železnik,23,ST,TBD,TBD,TBD,TBD,0,25,25,47,55,55,55,40,53,35,49,,,,,,
srb,Serbia,fk-zeleznik,FK Železnik,24,ST,TBD,TBD,TBD,TBD,0,25,25,47,55,55,55,40,53,35,49,,,,,,
srb,Serbia,fk-zeleznik,FK Železnik,25,ST,TBD,TBD,TBD,TBD,0,25,25,47,55,55,55,40,53,35,49,,,,,,
rou,Romania,farul-constanta,Farul Constanța,1,GK,TBD,TBD,TBD,TBD,0,25,25,45,53,,,,,,,47,45,43,48,35,46
rou,Romania,farul-constanta,Farul Constanța,2,GK,TBD,TBD,TBD,TBD,0,25,25,45,53,,,,,,,47,45,43,48,35,46
rou,Romania,farul-constanta,Farul Constanța,3,CB,TBD,TBD,TBD,TBD,0,25,25,45,53,37,35,35,35,49,51,,,,,,
rou,Romania,farul-constanta,Farul Constanța,4,CB,TBD,TBD,TBD,TBD,0,25,25,45,53,37,35,35,35,49,51,,,,,,
rou,Romania,farul-constanta,Farul Constanța,5,CB,TBD,TBD,TBD,TBD,0,25,25,45,53,37,35,35,35,49,51,,,,,,
rou,Romania,farul-constanta,Farul Constanța,6,CB,TBD,TBD,TBD,TBD,0,25,25,45,53,37,35,35,35,49,51,,,,,,
rou,Romania,farul-constanta,Farul Constanța,7,CB,TBD,TBD,TBD,TBD,0,25,25,45,53,37,35,35,35,49,51,,,,,,
rou,Romania,farul-constanta,Farul Constanța,8,LB,TBD,TBD,TBD,TBD,0,25,25,46,54,51,35,44,48,46,47,,,,,,
rou,Romania,farul-constanta,Farul Constanța,9,LB,TBD,TBD,TBD,TBD,0,25,25,46,54,51,35,44,48,46,47,,,,,,
rou,Romania,farul-constanta,Farul Constanța,10,RB,TBD,TBD,TBD,TBD,0,25,25,46,54,51,35,44,48,46,47,,,,,,
rou,Romania,farul-constanta,Farul Constanța,11,RB,TBD,TBD,TBD,TBD,0,25,25,46,54,51,35,44,48,46,47,,,,,,
rou,Romania,farul-constanta,Farul Constanța,12,CDM,TBD,TBD,TBD,TBD,0,25,25,46,54,43,35,48,46,50,51,,,,,,
rou,Romania,farul-constanta,Farul Constanța,13,CM,TBD,TBD,TBD,TBD,0,25,25,47,55,46,43,51,52,45,47,,,,,,
rou,Romania,farul-constanta,Farul Constanța,14,CM,TBD,TBD,TBD,TBD,0,25,25,47,55,46,43,51,52,45,47,,,,,,
rou,Romania,farul-constanta,Farul Constanța,15,CM,TBD,TBD,TBD,TBD,0,25,25,47,55,46,43,51,52,45,47,,,,,,
rou,Romania,farul-constanta,Farul Constanța,16,CM,TBD,TBD,TBD,TBD,0,25,25,47,55,46,43,51,52,45,47,,,,,,
rou,Romania,farul-constanta,Farul Constanța,17,CM,TBD,TBD,TBD,TBD,0,25,25,47,55,46,43,51,52,45,47,,,,,,
rou,Romania,farul-constanta,Farul Constanța,18,CAM,TBD,TBD,TBD,TBD,0,25,25,47,55,50,49,55,57,35,39,,,,,,
rou,Romania,farul-constanta,Farul Constanța,19,LW,TBD,TBD,TBD,TBD,0,25,25,47,55,60,49,47,58,35,37,,,,,,
rou,Romania,farul-constanta,Farul Constanța,20,LW,TBD,TBD,TBD,TBD,0,25,25,47,55,60,49,47,58,35,37,,,,,,
rou,Romania,farul-constanta,Farul Constanța,21,RW,TBD,TBD,TBD,TBD,0,25,25,47,55,60,49,47,58,35,37,,,,,,
rou,Romania,farul-constanta,Farul Constanța,22,RW,TBD,TBD,TBD,TBD,0,25,25,47,55,60,49,47,58,35,37,,,,,,
rou,Romania,farul-constanta,Farul Constanța,23,ST,TBD,TBD,TBD,TBD,0,25,25,47,55,55,55,40,53,35,49,,,,,,
rou,Romania,farul-constanta,Farul Constanța,24,ST,TBD,TBD,TBD,TBD,0,25,25,47,55,55,55,40,53,35,49,,,,,,
rou,Romania,farul-constanta,Farul Constanța,25,ST,TBD,TBD,TBD,TBD,0,25,25,47,55,55,55,40,53,35,49,,,,,,
hun,Hungary,fehervar,Fehérvár FC,1,GK,TBD,TBD,TBD,TBD,0,25,25,52,60,,,,,,,54,52,50,55,35,53
hun,Hungary,fehervar,Fehérvár FC,2,GK,TBD,TBD,TBD,TBD,0,25,25,52,60,,,,,,,54,52,50,55,35,53
hun,Hungary,fehervar,Fehérvár FC,3,CB,TBD,TBD,TBD,TBD,0,25,25,52,60,44,35,42,40,56,58,,,,,,
hun,Hungary,fehervar,Fehérvár FC,4,CB,TBD,TBD,TBD,TBD,0,25,25,52,60,44,35,42,40,56,58,,,,,,
hun,Hungary,fehervar,Fehérvár FC,5,CB,TBD,TBD,TBD,TBD,0,25,25,52,60,44,35,42,40,56,58,,,,,,
hun,Hungary,fehervar,Fehérvár FC,6,CB,TBD,TBD,TBD,TBD,0,25,25,52,60,44,35,42,40,56,58,,,,,,
hun,Hungary,fehervar,Fehérvár FC,7,CB,TBD,TBD,TBD,TBD,0,25,25,52,60,44,35,42,40,56,58,,,,,,
hun,Hungary,fehervar,Fehérvár FC,8,LB,TBD,TBD,TBD,TBD,0,25,25,53,61,58,35,51,55,53,54,,,,,,
hun,Hungary,fehervar,Fehérvár FC,9,LB,TBD,TBD,TBD,TBD,0,25,25,53,61,58,35,51,55,53,54,,,,,,
hun,Hungary,fehervar,Fehérvár FC,10,RB,TBD,TBD,TBD,TBD,0,25,25,53,61,58,35,51,55,53,54,,,,,,
hun,Hungary,fehervar,Fehérvár FC,11,RB,TBD,TBD,TBD,TBD,0,25,25,53,61,58,35,51,55,53,54,,,,,,
hun,Hungary,fehervar,Fehérvár FC,12,CDM,TBD,TBD,TBD,TBD,0,25,25,53,61,50,41,55,53,57,58,,,,,,
hun,Hungary,fehervar,Fehérvár FC,13,CM,TBD,TBD,TBD,TBD,0,25,25,54,62,53,50,58,59,52,54,,,,,,
hun,Hungary,fehervar,Fehérvár FC,14,CM,TBD,TBD,TBD,TBD,0,25,25,54,62,53,50,58,59,52,54,,,,,,
hun,Hungary,fehervar,Fehérvár FC,15,CM,TBD,TBD,TBD,TBD,0,25,25,54,62,53,50,58,59,52,54,,,,,,
hun,Hungary,fehervar,Fehérvár FC,16,CM,TBD,TBD,TBD,TBD,0,25,25,54,62,53,50,58,59,52,54,,,,,,
hun,Hungary,fehervar,Fehérvár FC,17,CM,TBD,TBD,TBD,TBD,0,25,25,54,62,53,50,58,59,52,54,,,,,,
hun,Hungary,fehervar,Fehérvár FC,18,CAM,TBD,TBD,TBD,TBD,0,25,25,54,62,57,56,62,64,36,46,,,,,,
hun,Hungary,fehervar,Fehérvár FC,19,LW,TBD,TBD,TBD,TBD,0,25,25,54,62,67,56,54,65,35,44,,,,,,
hun,Hungary,fehervar,Fehérvár FC,20,LW,TBD,TBD,TBD,TBD,0,25,25,54,62,67,56,54,65,35,44,,,,,,
hun,Hungary,fehervar,Fehérvár FC,21,RW,TBD,TBD,TBD,TBD,0,25,25,54,62,67,56,54,65,35,44,,,,,,
hun,Hungary,fehervar,Fehérvár FC,22,RW,TBD,TBD,TBD,TBD,0,25,25,54,62,67,56,54,65,35,44,,,,,,
hun,Hungary,fehervar,Fehérvár FC,23,ST,TBD,TBD,TBD,TBD,0,25,25,54,62,62,62,47,60,35,56,,,,,,
hun,Hungary,fehervar,Fehérvár FC,24,ST,TBD,TBD,TBD,TBD,0,25,25,54,62,62,62,47,60,35,56,,,,,,
hun,Hungary,fehervar,Fehérvár FC,25,ST,TBD,TBD,TBD,TBD,0,25,25,54,62,62,62,47,60,35,56,,,,,,
tur,Turkey,fenerbahce,Fenerbahçe SK,1,GK,TBD,TBD,TBD,TBD,0,25,25,73,81,,,,,,,75,73,71,76,48,74
tur,Turkey,fenerbahce,Fenerbahçe SK,2,GK,TBD,TBD,TBD,TBD,0,25,25,73,81,,,,,,,75,73,71,76,48,74
tur,Turkey,fenerbahce,Fenerbahçe SK,3,CB,TBD,TBD,TBD,TBD,0,25,25,73,81,65,43,63,61,77,79,,,,,,
tur,Turkey,fenerbahce,Fenerbahçe SK,4,CB,TBD,TBD,TBD,TBD,0,25,25,73,81,65,43,63,61,77,79,,,,,,
tur,Turkey,fenerbahce,Fenerbahçe SK,5,CB,TBD,TBD,TBD,TBD,0,25,25,73,81,65,43,63,61,77,79,,,,,,
tur,Turkey,fenerbahce,Fenerbahçe SK,6,CB,TBD,TBD,TBD,TBD,0,25,25,73,81,65,43,63,61,77,79,,,,,,
tur,Turkey,fenerbahce,Fenerbahçe SK,7,CB,TBD,TBD,TBD,TBD,0,25,25,73,81,65,43,63,61,77,79,,,,,,
tur,Turkey,fenerbahce,Fenerbahçe SK,8,LB,TBD,TBD,TBD,TBD,0,25,25,74,82,79,56,72,76,74,75,,,,,,
tur,Turkey,fenerbahce,Fenerbahçe SK,9,LB,TBD,TBD,TBD,TBD,0,25,25,74,82,79,56,72,76,74,75,,,,,,
tur,Turkey,fenerbahce,Fenerbahçe SK,10,RB,TBD,TBD,TBD,TBD,0,25,25,74,82,79,56,72,76,74,75,,,,,,
tur,Turkey,fenerbahce,Fenerbahçe SK,11,RB,TBD,TBD,TBD,TBD,0,25,25,74,82,79,56,72,76,74,75,,,,,,
tur,Turkey,fenerbahce,Fenerbahçe SK,12,CDM,TBD,TBD,TBD,TBD,0,25,25,74,82,71,62,76,74,78,79,,,,,,
tur,Turkey,fenerbahce,Fenerbahçe SK,13,CM,TBD,TBD,TBD,TBD,0,25,25,75,80,74,71,79,80,73,75,,,,,,
tur,Turkey,fenerbahce,Fenerbahçe SK,14,CM,TBD,TBD,TBD,TBD,0,25,25,75,80,74,71,79,80,73,75,,,,,,
tur,Turkey,fenerbahce,Fenerbahçe SK,15,CM,TBD,TBD,TBD,TBD,0,25,25,75,80,74,71,79,80,73,75,,,,,,
tur,Turkey,fenerbahce,Fenerbahçe SK,16,CM,TBD,TBD,TBD,TBD,0,25,25,75,80,74,71,79,80,73,75,,,,,,
tur,Turkey,fenerbahce,Fenerbahçe SK,17,CM,TBD,TBD,TBD,TBD,0,25,25,75,80,74,71,79,80,73,75,,,,,,
tur,Turkey,fenerbahce,Fenerbahçe SK,18,CAM,TBD,TBD,TBD,TBD,0,25,25,75,80,78,77,83,85,57,67,,,,,,
tur,Turkey,fenerbahce,Fenerbahçe SK,19,LW,TBD,TBD,TBD,TBD,0,25,25,75,80,88,77,75,86,50,65,,,,,,
tur,Turkey,fenerbahce,Fenerbahçe SK,20,LW,TBD,TBD,TBD,TBD,0,25,25,75,80,88,77,75,86,50,65,,,,,,
tur,Turkey,fenerbahce,Fenerbahçe SK,21,RW,TBD,TBD,TBD,TBD,0,25,25,75,80,88,77,75,86,50,65,,,,,,
tur,Turkey,fenerbahce,Fenerbahçe SK,22,RW,TBD,TBD,TBD,TBD,0,25,25,75,80,88,77,75,86,50,65,,,,,,
tur,Turkey,fenerbahce,Fenerbahçe SK,23,ST,TBD,TBD,TBD,TBD,0,25,25,75,80,83,83,68,81,45,77,,,,,,
tur,Turkey,fenerbahce,Fenerbahçe SK,24,ST,TBD,TBD,TBD,TBD,0,25,25,75,80,83,83,68,81,45,77,,,,,,
tur,Turkey,fenerbahce,Fenerbahçe SK,25,ST,TBD,TBD,TBD,TBD,0,25,25,75,80,83,83,68,81,45,77,,,,,,
ned,Netherlands,feyenoord,Feyenoord Rotterdam,1,CB,TBD,TBD,TBD,TBD,25,25,3,76,81,68,46,66,64,80,82,,,,,,
ned,Netherlands,feyenoord,Feyenoord Rotterdam,2,LB,TBD,TBD,TBD,TBD,25,25,3,77,82,82,59,75,79,77,78,,,,,,
ned,Netherlands,feyenoord,Feyenoord Rotterdam,3,RB,TBD,TBD,TBD,TBD,25,25,3,77,82,82,59,75,79,77,78,,,,,,
bgr,Bulgaria,bgr,First Professional Football League,1,GK,TBD,TBD,TBD,TBD,0,25,25,50,58,,,,,,,52,50,48,53,35,51
bgr,Bulgaria,bgr,First Professional Football League,2,GK,TBD,TBD,TBD,TBD,0,25,25,50,58,,,,,,,52,50,48,53,35,51
bgr,Bulgaria,bgr,First Professional Football League,3,CB,TBD,TBD,TBD,TBD,0,25,25,50,58,42,35,40,38,54,56,,,,,,
bgr,Bulgaria,bgr,First Professional Football League,4,CB,TBD,TBD,TBD,TBD,0,25,25,50,58,42,35,40,38,54,56,,,,,,
bgr,Bulgaria,bgr,First Professional Football League,5,CB,TBD,TBD,TBD,TBD,0,25,25,50,58,42,35,40,38,54,56,,,,,,
bgr,Bulgaria,bgr,First Professional Football League,6,CB,TBD,TBD,TBD,TBD,0,25,25,50,58,42,35,40,38,54,56,,,,,,
bgr,Bulgaria,bgr,First Professional Football League,7,CB,TBD,TBD,TBD,TBD,0,25,25,50,58,42,35,40,38,54,56,,,,,,
bgr,Bulgaria,bgr,First Professional Football League,8,LB,TBD,TBD,TBD,TBD,0,25,25,51,59,56,35,49,53,51,52,,,,,,
bgr,Bulgaria,bgr,First Professional Football League,9,LB,TBD,TBD,TBD,TBD,0,25,25,51,59,56,35,49,53,51,52,,,,,,
bgr,Bulgaria,bgr,First Professional Football League,10,RB,TBD,TBD,TBD,TBD,0,25,25,51,59,56,35,49,53,51,52,,,,,,
bgr,Bulgaria,bgr,First Professional Football League,11,RB,TBD,TBD,TBD,TBD,0,25,25,51,59,56,35,49,53,51,52,,,,,,
bgr,Bulgaria,bgr,First Professional Football League,12,CDM,TBD,TBD,TBD,TBD,0,25,25,51,59,48,39,53,51,55,56,,,,,,
bgr,Bulgaria,bgr,First Professional Football League,13,CM,TBD,TBD,TBD,TBD,0,25,25,52,60,51,48,56,57,50,52,,,,,,
bgr,Bulgaria,bgr,First Professional Football League,14,CM,TBD,TBD,TBD,TBD,0,25,25,52,60,51,48,56,57,50,52,,,,,,
bgr,Bulgaria,bgr,First Professional Football League,15,CM,TBD,TBD,TBD,TBD,0,25,25,52,60,51,48,56,57,50,52,,,,,,
bgr,Bulgaria,bgr,First Professional Football League,16,CM,TBD,TBD,TBD,TBD,0,25,25,52,60,51,48,56,57,50,52,,,,,,
bgr,Bulgaria,bgr,First Professional Football League,17,CM,TBD,TBD,TBD,TBD,0,25,25,52,60,51,48,56,57,50,52,,,,,,
bgr,Bulgaria,bgr,First Professional Football League,18,CAM,TBD,TBD,TBD,TBD,0,25,25,52,60,55,54,60,62,35,44,,,,,,
bgr,Bulgaria,bgr,First Professional Football League,19,LW,TBD,TBD,TBD,TBD,0,25,25,52,60,65,54,52,63,35,42,,,,,,
bgr,Bulgaria,bgr,First Professional Football League,20,LW,TBD,TBD,TBD,TBD,0,25,25,52,60,65,54,52,63,35,42,,,,,,
bgr,Bulgaria,bgr,First Professional Football League,21,RW,TBD,TBD,TBD,TBD,0,25,25,52,60,65,54,52,63,35,42,,,,,,
bgr,Bulgaria,bgr,First Professional Football League,22,RW,TBD,TBD,TBD,TBD,0,25,25,52,60,65,54,52,63,35,42,,,,,,
bgr,Bulgaria,bgr,First Professional Football League,23,ST,TBD,TBD,TBD,TBD,0,25,25,52,60,60,60,45,58,35,54,,,,,,
bgr,Bulgaria,bgr,First Professional Football League,24,ST,TBD,TBD,TBD,TBD,0,25,25,52,60,60,60,45,58,35,54,,,,,,
bgr,Bulgaria,bgr,First Professional Football League,25,ST,TBD,TBD,TBD,TBD,0,25,25,52,60,60,60,45,58,35,54,,,,,,
svk,Slovakia,svk,Fortuna Liga,1,GK,TBD,TBD,TBD,TBD,0,25,25,48,56,,,,,,,50,48,46,51,35,49
svk,Slovakia,svk,Fortuna Liga,2,GK,TBD,TBD,TBD,TBD,0,25,25,48,56,,,,,,,50,48,46,51,35,49
svk,Slovakia,svk,Fortuna Liga,3,CB,TBD,TBD,TBD,TBD,0,25,25,48,56,40,35,38,36,52,54,,,,,,
svk,Slovakia,svk,Fortuna Liga,4,CB,TBD,TBD,TBD,TBD,0,25,25,48,56,40,35,38,36,52,54,,,,,,
svk,Slovakia,svk,Fortuna Liga,5,CB,TBD,TBD,TBD,TBD,0,25,25,48,56,40,35,38,36,52,54,,,,,,
svk,Slovakia,svk,Fortuna Liga,6,CB,TBD,TBD,TBD,TBD,0,25,25,48,56,40,35,38,36,52,54,,,,,,
svk,Slovakia,svk,Fortuna Liga,7,CB,TBD,TBD,TBD,TBD,0,25,25,48,56,40,35,38,36,52,54,,,,,,
svk,Slovakia,svk,Fortuna Liga,8,LB,TBD,TBD,TBD,TBD,0,25,25,49,57,54,35,47,51,49,50,,,,,,
svk,Slovakia,svk,Fortuna Liga,9,LB,TBD,TBD,TBD,TBD,0,25,25,49,57,54,35,47,51,49,50,,,,,,
svk,Slovakia,svk,Fortuna Liga,10,RB,TBD,TBD,TBD,TBD,0,25,25,49,57,54,35,47,51,49,50,,,,,,
svk,Slovakia,svk,Fortuna Liga,11,RB,TBD,TBD,TBD,TBD,0,25,25,49,57,54,35,47,51,49,50,,,,,,
svk,Slovakia,svk,Fortuna Liga,12,CDM,TBD,TBD,TBD,TBD,0,25,25,49,57,46,37,51,49,53,54,,,,,,
svk,Slovakia,svk,Fortuna Liga,13,CM,TBD,TBD,TBD,TBD,0,25,25,50,58,49,46,54,55,48,50,,,,,,
svk,Slovakia,svk,Fortuna Liga,14,CM,TBD,TBD,TBD,TBD,0,25,25,50,58,49,46,54,55,48,50,,,,,,
svk,Slovakia,svk,Fortuna Liga,15,CM,TBD,TBD,TBD,TBD,0,25,25,50,58,49,46,54,55,48,50,,,,,,
svk,Slovakia,svk,Fortuna Liga,16,CM,TBD,TBD,TBD,TBD,0,25,25,50,58,49,46,54,55,48,50,,,,,,
svk,Slovakia,svk,Fortuna Liga,17,CM,TBD,TBD,TBD,TBD,0,25,25,50,58,49,46,54,55,48,50,,,,,,
svk,Slovakia,svk,Fortuna Liga,18,CAM,TBD,TBD,TBD,TBD,0,25,25,50,58,53,52,58,60,35,42,,,,,,
svk,Slovakia,svk,Fortuna Liga,19,LW,TBD,TBD,TBD,TBD,0,25,25,50,58,63,52,50,61,35,40,,,,,,
svk,Slovakia,svk,Fortuna Liga,20,LW,TBD,TBD,TBD,TBD,0,25,25,50,58,63,52,50,61,35,40,,,,,,
svk,Slovakia,svk,Fortuna Liga,21,RW,TBD,TBD,TBD,TBD,0,25,25,50,58,63,52,50,61,35,40,,,,,,
svk,Slovakia,svk,Fortuna Liga,22,RW,TBD,TBD,TBD,TBD,0,25,25,50,58,63,52,50,61,35,40,,,,,,
svk,Slovakia,svk,Fortuna Liga,23,ST,TBD,TBD,TBD,TBD,0,25,25,50,58,58,58,43,56,35,52,,,,,,
svk,Slovakia,svk,Fortuna Liga,24,ST,TBD,TBD,TBD,TBD,0,25,25,50,58,58,58,43,56,35,52,,,,,,
svk,Slovakia,svk,Fortuna Liga,25,ST,TBD,TBD,TBD,TBD,0,25,25,50,58,58,58,43,56,35,52,,,,,,
ned,Netherlands,fortuna-sittard,Fortuna Sittard,1,CB,TBD,TBD,TBD,TBD,25,25,3,60,68,52,35,50,48,64,66,,,,,,
ned,Netherlands,fortuna-sittard,Fortuna Sittard,2,CM,TBD,TBD,TBD,TBD,25,25,3,62,70,61,58,66,67,60,62,,,,,,
ned,Netherlands,fortuna-sittard,Fortuna Sittard,3,CM,TBD,TBD,TBD,TBD,25,25,3,62,70,61,58,66,67,60,62,,,,,,
isl,Iceland,fram-reykjavik,Fram Reykjavík,1,GK,TBD,TBD,TBD,TBD,0,25,25,45,53,,,,,,,47,45,43,48,35,46
isl,Iceland,fram-reykjavik,Fram Reykjavík,2,GK,TBD,TBD,TBD,TBD,0,25,25,45,53,,,,,,,47,45,43,48,35,46
isl,Iceland,fram-reykjavik,Fram Reykjavík,3,CB,TBD,TBD,TBD,TBD,0,25,25,45,53,37,35,35,35,49,51,,,,,,
isl,Iceland,fram-reykjavik,Fram Reykjavík,4,CB,TBD,TBD,TBD,TBD,0,25,25,45,53,37,35,35,35,49,51,,,,,,
isl,Iceland,fram-reykjavik,Fram Reykjavík,5,CB,TBD,TBD,TBD,TBD,0,25,25,45,53,37,35,35,35,49,51,,,,,,
isl,Iceland,fram-reykjavik,Fram Reykjavík,6,CB,TBD,TBD,TBD,TBD,0,25,25,45,53,37,35,35,35,49,51,,,,,,
isl,Iceland,fram-reykjavik,Fram Reykjavík,7,CB,TBD,TBD,TBD,TBD,0,25,25,45,53,37,35,35,35,49,51,,,,,,
isl,Iceland,fram-reykjavik,Fram Reykjavík,8,LB,TBD,TBD,TBD,TBD,0,25,25,46,54,51,35,44,48,46,47,,,,,,
isl,Iceland,fram-reykjavik,Fram Reykjavík,9,LB,TBD,TBD,TBD,TBD,0,25,25,46,54,51,35,44,48,46,47,,,,,,
isl,Iceland,fram-reykjavik,Fram Reykjavík,10,RB,TBD,TBD,TBD,TBD,0,25,25,46,54,51,35,44,48,46,47,,,,,,
isl,Iceland,fram-reykjavik,Fram Reykjavík,11,RB,TBD,TBD,TBD,TBD,0,25,25,46,54,51,35,44,48,46,47,,,,,,
isl,Iceland,fram-reykjavik,Fram Reykjavík,12,CDM,TBD,TBD,TBD,TBD,0,25,25,46,54,43,35,48,46,50,51,,,,,,
isl,Iceland,fram-reykjavik,Fram Reykjavík,13,CM,TBD,TBD,TBD,TBD,0,25,25,47,55,46,43,51,52,45,47,,,,,,
isl,Iceland,fram-reykjavik,Fram Reykjavík,14,CM,TBD,TBD,TBD,TBD,0,25,25,47,55,46,43,51,52,45,47,,,,,,
isl,Iceland,fram-reykjavik,Fram Reykjavík,15,CM,TBD,TBD,TBD,TBD,0,25,25,47,55,46,43,51,52,45,47,,,,,,
isl,Iceland,fram-reykjavik,Fram Reykjavík,16,CM,TBD,TBD,TBD,TBD,0,25,25,47,55,46,43,51,52,45,47,,,,,,
isl,Iceland,fram-reykjavik,Fram Reykjavík,17,CM,TBD,TBD,TBD,TBD,0,25,25,47,55,46,43,51,52,45,47,,,,,,
isl,Iceland,fram-reykjavik,Fram Reykjavík,18,CAM,TBD,TBD,TBD,TBD,0,25,25,47,55,50,49,55,57,35,39,,,,,,
isl,Iceland,fram-reykjavik,Fram Reykjavík,19,LW,TBD,TBD,TBD,TBD,0,25,25,47,55,60,49,47,58,35,37,,,,,,
isl,Iceland,fram-reykjavik,Fram Reykjavík,20,LW,TBD,TBD,TBD,TBD,0,25,25,47,55,60,49,47,58,35,37,,,,,,
isl,Iceland,fram-reykjavik,Fram Reykjavík,21,RW,TBD,TBD,TBD,TBD,0,25,25,47,55,60,49,47,58,35,37,,,,,,
isl,Iceland,fram-reykjavik,Fram Reykjavík,22,RW,TBD,TBD,TBD,TBD,0,25,25,47,55,60,49,47,58,35,37,,,,,,
isl,Iceland,fram-reykjavik,Fram Reykjavík,23,ST,TBD,TBD,TBD,TBD,0,25,25,47,55,55,55,40,53,35,49,,,,,,
isl,Iceland,fram-reykjavik,Fram Reykjavík,24,ST,TBD,TBD,TBD,TBD,0,25,25,47,55,55,55,40,53,35,49,,,,,,
isl,Iceland,fram-reykjavik,Fram Reykjavík,25,ST,TBD,TBD,TBD,TBD,0,25,25,47,55,55,55,40,53,35,49,,,,,,
nor,Norway,fredrikstad,Fredrikstad FK,1,GK,TBD,TBD,TBD,TBD,0,25,25,45,53,,,,,,,47,45,43,48,35,46
nor,Norway,fredrikstad,Fredrikstad FK,2,GK,TBD,TBD,TBD,TBD,0,25,25,45,53,,,,,,,47,45,43,48,35,46
nor,Norway,fredrikstad,Fredrikstad FK,3,CB,TBD,TBD,TBD,TBD,0,25,25,45,53,37,35,35,35,49,51,,,,,,
nor,Norway,fredrikstad,Fredrikstad FK,4,CB,TBD,TBD,TBD,TBD,0,25,25,45,53,37,35,35,35,49,51,,,,,,
nor,Norway,fredrikstad,Fredrikstad FK,5,CB,TBD,TBD,TBD,TBD,0,25,25,45,53,37,35,35,35,49,51,,,,,,
nor,Norway,fredrikstad,Fredrikstad FK,6,CB,TBD,TBD,TBD,TBD,0,25,25,45,53,37,35,35,35,49,51,,,,,,
nor,Norway,fredrikstad,Fredrikstad FK,7,CB,TBD,TBD,TBD,TBD,0,25,25,45,53,37,35,35,35,49,51,,,,,,
nor,Norway,fredrikstad,Fredrikstad FK,8,LB,TBD,TBD,TBD,TBD,0,25,25,46,54,51,35,44,48,46,47,,,,,,
nor,Norway,fredrikstad,Fredrikstad FK,9,LB,TBD,TBD,TBD,TBD,0,25,25,46,54,51,35,44,48,46,47,,,,,,
nor,Norway,fredrikstad,Fredrikstad FK,10,RB,TBD,TBD,TBD,TBD,0,25,25,46,54,51,35,44,48,46,47,,,,,,
nor,Norway,fredrikstad,Fredrikstad FK,11,RB,TBD,TBD,TBD,TBD,0,25,25,46,54,51,35,44,48,46,47,,,,,,
nor,Norway,fredrikstad,Fredrikstad FK,12,CDM,TBD,TBD,TBD,TBD,0,25,25,46,54,43,35,48,46,50,51,,,,,,
nor,Norway,fredrikstad,Fredrikstad FK,13,CM,TBD,TBD,TBD,TBD,0,25,25,47,55,46,43,51,52,45,47,,,,,,
nor,Norway,fredrikstad,Fredrikstad FK,14,CM,TBD,TBD,TBD,TBD,0,25,25,47,55,46,43,51,52,45,47,,,,,,
nor,Norway,fredrikstad,Fredrikstad FK,15,CM,TBD,TBD,TBD,TBD,0,25,25,47,55,46,43,51,52,45,47,,,,,,
nor,Norway,fredrikstad,Fredrikstad FK,16,CM,TBD,TBD,TBD,TBD,0,25,25,47,55,46,43,51,52,45,47,,,,,,
nor,Norway,fredrikstad,Fredrikstad FK,17,CM,TBD,TBD,TBD,TBD,0,25,25,47,55,46,43,51,52,45,47,,,,,,
nor,Norway,fredrikstad,Fredrikstad FK,18,CAM,TBD,TBD,TBD,TBD,0,25,25,47,55,50,49,55,57,35,39,,,,,,
nor,Norway,fredrikstad,Fredrikstad FK,19,LW,TBD,TBD,TBD,TBD,0,25,25,47,55,60,49,47,58,35,37,,,,,,
nor,Norway,fredrikstad,Fredrikstad FK,20,LW,TBD,TBD,TBD,TBD,0,25,25,47,55,60,49,47,58,35,37,,,,,,
nor,Norway,fredrikstad,Fredrikstad FK,21,RW,TBD,TBD,TBD,TBD,0,25,25,47,55,60,49,47,58,35,37,,,,,,
nor,Norway,fredrikstad,Fredrikstad FK,22,RW,TBD,TBD,TBD,TBD,0,25,25,47,55,60,49,47,58,35,37,,,,,,
nor,Norway,fredrikstad,Fredrikstad FK,23,ST,TBD,TBD,TBD,TBD,0,25,25,47,55,55,55,40,53,35,49,,,,,,
nor,Norway,fredrikstad,Fredrikstad FK,24,ST,TBD,TBD,TBD,TBD,0,25,25,47,55,55,55,40,53,35,49,,,,,,
nor,Norway,fredrikstad,Fredrikstad FK,25,ST,TBD,TBD,TBD,TBD,0,25,25,47,55,55,55,40,53,35,49,,,,,,
isl,Iceland,fylkir,Fylkir,1,GK,TBD,TBD,TBD,TBD,0,25,25,45,53,,,,,,,47,45,43,48,35,46
isl,Iceland,fylkir,Fylkir,2,GK,TBD,TBD,TBD,TBD,0,25,25,45,53,,,,,,,47,45,43,48,35,46
isl,Iceland,fylkir,Fylkir,3,CB,TBD,TBD,TBD,TBD,0,25,25,45,53,37,35,35,35,49,51,,,,,,
isl,Iceland,fylkir,Fylkir,4,CB,TBD,TBD,TBD,TBD,0,25,25,45,53,37,35,35,35,49,51,,,,,,
isl,Iceland,fylkir,Fylkir,5,CB,TBD,TBD,TBD,TBD,0,25,25,45,53,37,35,35,35,49,51,,,,,,
isl,Iceland,fylkir,Fylkir,6,CB,TBD,TBD,TBD,TBD,0,25,25,45,53,37,35,35,35,49,51,,,,,,
isl,Iceland,fylkir,Fylkir,7,CB,TBD,TBD,TBD,TBD,0,25,25,45,53,37,35,35,35,49,51,,,,,,
isl,Iceland,fylkir,Fylkir,8,LB,TBD,TBD,TBD,TBD,0,25,25,46,54,51,35,44,48,46,47,,,,,,
isl,Iceland,fylkir,Fylkir,9,LB,TBD,TBD,TBD,TBD,0,25,25,46,54,51,35,44,48,46,47,,,,,,
isl,Iceland,fylkir,Fylkir,10,RB,TBD,TBD,TBD,TBD,0,25,25,46,54,51,35,44,48,46,47,,,,,,
isl,Iceland,fylkir,Fylkir,11,RB,TBD,TBD,TBD,TBD,0,25,25,46,54,51,35,44,48,46,47,,,,,,
isl,Iceland,fylkir,Fylkir,12,CDM,TBD,TBD,TBD,TBD,0,25,25,46,54,43,35,48,46,50,51,,,,,,
isl,Iceland,fylkir,Fylkir,13,CM,TBD,TBD,TBD,TBD,0,25,25,47,55,46,43,51,52,45,47,,,,,,
isl,Iceland,fylkir,Fylkir,14,CM,TBD,TBD,TBD,TBD,0,25,25,47,55,46,43,51,52,45,47,,,,,,
isl,Iceland,fylkir,Fylkir,15,CM,TBD,TBD,TBD,TBD,0,25,25,47,55,46,43,51,52,45,47,,,,,,
isl,Iceland,fylkir,Fylkir,16,CM,TBD,TBD,TBD,TBD,0,25,25,47,55,46,43,51,52,45,47,,,,,,
isl,Iceland,fylkir,Fylkir,17,CM,TBD,TBD,TBD,TBD,0,25,25,47,55,46,43,51,52,45,47,,,,,,
isl,Iceland,fylkir,Fylkir,18,CAM,TBD,TBD,TBD,TBD,0,25,25,47,55,50,49,55,57,35,39,,,,,,
isl,Iceland,fylkir,Fylkir,19,LW,TBD,TBD,TBD,TBD,0,25,25,47,55,60,49,47,58,35,37,,,,,,
isl,Iceland,fylkir,Fylkir,20,LW,TBD,TBD,TBD,TBD,0,25,25,47,55,60,49,47,58,35,37,,,,,,
isl,Iceland,fylkir,Fylkir,21,RW,TBD,TBD,TBD,TBD,0,25,25,47,55,60,49,47,58,35,37,,,,,,
isl,Iceland,fylkir,Fylkir,22,RW,TBD,TBD,TBD,TBD,0,25,25,47,55,60,49,47,58,35,37,,,,,,
isl,Iceland,fylkir,Fylkir,23,ST,TBD,TBD,TBD,TBD,0,25,25,47,55,55,55,40,53,35,49,,,,,,
isl,Iceland,fylkir,Fylkir,24,ST,TBD,TBD,TBD,TBD,0,25,25,47,55,55,55,40,53,35,49,,,,,,
isl,Iceland,fylkir,Fylkir,25,ST,TBD,TBD,TBD,TBD,0,25,25,47,55,55,55,40,53,35,49,,,,,,
swe,Sweden,gais,GAIS,1,GK,TBD,TBD,TBD,TBD,0,25,25,45,53,,,,,,,47,45,43,48,35,46
swe,Sweden,gais,GAIS,2,GK,TBD,TBD,TBD,TBD,0,25,25,45,53,,,,,,,47,45,43,48,35,46
swe,Sweden,gais,GAIS,3,CB,TBD,TBD,TBD,TBD,0,25,25,45,53,37,35,35,35,49,51,,,,,,
swe,Sweden,gais,GAIS,4,CB,TBD,TBD,TBD,TBD,0,25,25,45,53,37,35,35,35,49,51,,,,,,
swe,Sweden,gais,GAIS,5,CB,TBD,TBD,TBD,TBD,0,25,25,45,53,37,35,35,35,49,51,,,,,,
swe,Sweden,gais,GAIS,6,CB,TBD,TBD,TBD,TBD,0,25,25,45,53,37,35,35,35,49,51,,,,,,
swe,Sweden,gais,GAIS,7,CB,TBD,TBD,TBD,TBD,0,25,25,45,53,37,35,35,35,49,51,,,,,,
swe,Sweden,gais,GAIS,8,LB,TBD,TBD,TBD,TBD,0,25,25,46,54,51,35,44,48,46,47,,,,,,
swe,Sweden,gais,GAIS,9,LB,TBD,TBD,TBD,TBD,0,25,25,46,54,51,35,44,48,46,47,,,,,,
swe,Sweden,gais,GAIS,10,RB,TBD,TBD,TBD,TBD,0,25,25,46,54,51,35,44,48,46,47,,,,,,
swe,Sweden,gais,GAIS,11,RB,TBD,TBD,TBD,TBD,0,25,25,46,54,51,35,44,48,46,47,,,,,,
swe,Sweden,gais,GAIS,12,CDM,TBD,TBD,TBD,TBD,0,25,25,46,54,43,35,48,46,50,51,,,,,,
swe,Sweden,gais,GAIS,13,CM,TBD,TBD,TBD,TBD,0,25,25,47,55,46,43,51,52,45,47,,,,,,
swe,Sweden,gais,GAIS,14,CM,TBD,TBD,TBD,TBD,0,25,25,47,55,46,43,51,52,45,47,,,,,,
swe,Sweden,gais,GAIS,15,CM,TBD,TBD,TBD,TBD,0,25,25,47,55,46,43,51,52,45,47,,,,,,
swe,Sweden,gais,GAIS,16,CM,TBD,TBD,TBD,TBD,0,25,25,47,55,46,43,51,52,45,47,,,,,,
swe,Sweden,gais,GAIS,17,CM,TBD,TBD,TBD,TBD,0,25,25,47,55,46,43,51,52,45,47,,,,,,
swe,Sweden,gais,GAIS,18,CAM,TBD,TBD,TBD,TBD,0,25,25,47,55,50,49,55,57,35,39,,,,,,
swe,Sweden,gais,GAIS,19,LW,TBD,TBD,TBD,TBD,0,25,25,47,55,60,49,47,58,35,37,,,,,,
swe,Sweden,gais,GAIS,20,LW,TBD,TBD,TBD,TBD,0,25,25,47,55,60,49,47,58,35,37,,,,,,
swe,Sweden,gais,GAIS,21,RW,TBD,TBD,TBD,TBD,0,25,25,47,55,60,49,47,58,35,37,,,,,,
swe,Sweden,gais,GAIS,22,RW,TBD,TBD,TBD,TBD,0,25,25,47,55,60,49,47,58,35,37,,,,,,
swe,Sweden,gais,GAIS,23,ST,TBD,TBD,TBD,TBD,0,25,25,47,55,55,55,40,53,35,49,,,,,,
swe,Sweden,gais,GAIS,24,ST,TBD,TBD,TBD,TBD,0,25,25,47,55,55,55,40,53,35,49,,,,,,
swe,Sweden,gais,GAIS,25,ST,TBD,TBD,TBD,TBD,0,25,25,47,55,55,55,40,53,35,49,,,,,,
tur,Turkey,gaziantep-fk,Gaziantep FK,1,GK,TBD,TBD,TBD,TBD,0,25,25,56,64,,,,,,,58,56,54,59,35,57
tur,Turkey,gaziantep-fk,Gaziantep FK,2,GK,TBD,TBD,TBD,TBD,0,25,25,56,64,,,,,,,58,56,54,59,35,57
tur,Turkey,gaziantep-fk,Gaziantep FK,3,CB,TBD,TBD,TBD,TBD,0,25,25,56,64,48,35,46,44,60,62,,,,,,
tur,Turkey,gaziantep-fk,Gaziantep FK,4,CB,TBD,TBD,TBD,TBD,0,25,25,56,64,48,35,46,44,60,62,,,,,,
tur,Turkey,gaziantep-fk,Gaziantep FK,5,CB,TBD,TBD,TBD,TBD,0,25,25,56,64,48,35,46,44,60,62,,,,,,
tur,Turkey,gaziantep-fk,Gaziantep FK,6,CB,TBD,TBD,TBD,TBD,0,25,25,56,64,48,35,46,44,60,62,,,,,,
tur,Turkey,gaziantep-fk,Gaziantep FK,7,CB,TBD,TBD,TBD,TBD,0,25,25,56,64,48,35,46,44,60,62,,,,,,
tur,Turkey,gaziantep-fk,Gaziantep FK,8,LB,TBD,TBD,TBD,TBD,0,25,25,57,65,62,39,55,59,57,58,,,,,,
tur,Turkey,gaziantep-fk,Gaziantep FK,9,LB,TBD,TBD,TBD,TBD,0,25,25,57,65,62,39,55,59,57,58,,,,,,
tur,Turkey,gaziantep-fk,Gaziantep FK,10,RB,TBD,TBD,TBD,TBD,0,25,25,57,65,62,39,55,59,57,58,,,,,,
tur,Turkey,gaziantep-fk,Gaziantep FK,11,RB,TBD,TBD,TBD,TBD,0,25,25,57,65,62,39,55,59,57,58,,,,,,
tur,Turkey,gaziantep-fk,Gaziantep FK,12,CDM,TBD,TBD,TBD,TBD,0,25,25,57,65,54,45,59,57,61,62,,,,,,
tur,Turkey,gaziantep-fk,Gaziantep FK,13,CM,TBD,TBD,TBD,TBD,0,25,25,58,66,57,54,62,63,56,58,,,,,,
tur,Turkey,gaziantep-fk,Gaziantep FK,14,CM,TBD,TBD,TBD,TBD,0,25,25,58,66,57,54,62,63,56,58,,,,,,
tur,Turkey,gaziantep-fk,Gaziantep FK,15,CM,TBD,TBD,TBD,TBD,0,25,25,58,66,57,54,62,63,56,58,,,,,,
tur,Turkey,gaziantep-fk,Gaziantep FK,16,CM,TBD,TBD,TBD,TBD,0,25,25,58,66,57,54,62,63,56,58,,,,,,
tur,Turkey,gaziantep-fk,Gaziantep FK,17,CM,TBD,TBD,TBD,TBD,0,25,25,58,66,57,54,62,63,56,58,,,,,,
tur,Turkey,gaziantep-fk,Gaziantep FK,18,CAM,TBD,TBD,TBD,TBD,0,25,25,58,66,61,60,66,68,40,50,,,,,,
tur,Turkey,gaziantep-fk,Gaziantep FK,19,LW,TBD,TBD,TBD,TBD,0,25,25,58,66,71,60,58,69,35,48,,,,,,
tur,Turkey,gaziantep-fk,Gaziantep FK,20,LW,TBD,TBD,TBD,TBD,0,25,25,58,66,71,60,58,69,35,48,,,,,,
tur,Turkey,gaziantep-fk,Gaziantep FK,21,RW,TBD,TBD,TBD,TBD,0,25,25,58,66,71,60,58,69,35,48,,,,,,
tur,Turkey,gaziantep-fk,Gaziantep FK,22,RW,TBD,TBD,TBD,TBD,0,25,25,58,66,71,60,58,69,35,48,,,,,,
tur,Turkey,gaziantep-fk,Gaziantep FK,23,ST,TBD,TBD,TBD,TBD,0,25,25,58,66,66,66,51,64,35,60,,,,,,
tur,Turkey,gaziantep-fk,Gaziantep FK,24,ST,TBD,TBD,TBD,TBD,0,25,25,58,66,66,66,51,64,35,60,,,,,,
tur,Turkey,gaziantep-fk,Gaziantep FK,25,ST,TBD,TBD,TBD,TBD,0,25,25,58,66,66,66,51,64,35,60,,,,,,
ita,Italy,genoa,Genoa CFC,1,LB,TBD,TBD,TBD,TBD,25,25,4,62,70,67,44,60,64,62,63,,,,,,
ita,Italy,genoa,Genoa CFC,2,CM,TBD,TBD,TBD,TBD,25,25,4,63,71,62,59,67,68,61,63,,,,,,
ita,Italy,genoa,Genoa CFC,3,CAM,TBD,TBD,TBD,TBD,25,25,4,63,71,66,65,71,73,45,55,,,,,,
ita,Italy,genoa,Genoa CFC,4,LW,TBD,TBD,TBD,TBD,25,25,4,63,71,76,65,63,74,38,53,,,,,,
por,Portugal,gil-vicente,Gil Vicente FC,1,GK,TBD,TBD,TBD,TBD,0,25,25,61,69,,,,,,,63,61,59,64,36,62
por,Portugal,gil-vicente,Gil Vicente FC,2,GK,TBD,TBD,TBD,TBD,0,25,25,61,69,,,,,,,63,61,59,64,36,62
por,Portugal,gil-vicente,Gil Vicente FC,3,CB,TBD,TBD,TBD,TBD,0,25,25,61,69,53,35,51,49,65,67,,,,,,
por,Portugal,gil-vicente,Gil Vicente FC,4,CB,TBD,TBD,TBD,TBD,0,25,25,61,69,53,35,51,49,65,67,,,,,,
por,Portugal,gil-vicente,Gil Vicente FC,5,CB,TBD,TBD,TBD,TBD,0,25,25,61,69,53,35,51,49,65,67,,,,,,
por,Portugal,gil-vicente,Gil Vicente FC,6,CB,TBD,TBD,TBD,TBD,0,25,25,61,69,53,35,51,49,65,67,,,,,,
por,Portugal,gil-vicente,Gil Vicente FC,7,CB,TBD,TBD,TBD,TBD,0,25,25,61,69,53,35,51,49,65,67,,,,,,
por,Portugal,gil-vicente,Gil Vicente FC,8,LB,TBD,TBD,TBD,TBD,0,25,25,62,70,67,44,60,64,62,63,,,,,,
por,Portugal,gil-vicente,Gil Vicente FC,9,LB,TBD,TBD,TBD,TBD,0,25,25,62,70,67,44,60,64,62,63,,,,,,
por,Portugal,gil-vicente,Gil Vicente FC,10,RB,TBD,TBD,TBD,TBD,0,25,25,62,70,67,44,60,64,62,63,,,,,,
por,Portugal,gil-vicente,Gil Vicente FC,11,RB,TBD,TBD,TBD,TBD,0,25,25,62,70,67,44,60,64,62,63,,,,,,
por,Portugal,gil-vicente,Gil Vicente FC,12,CDM,TBD,TBD,TBD,TBD,0,25,25,62,70,59,50,64,62,66,67,,,,,,
por,Portugal,gil-vicente,Gil Vicente FC,13,CM,TBD,TBD,TBD,TBD,0,25,25,63,71,62,59,67,68,61,63,,,,,,
por,Portugal,gil-vicente,Gil Vicente FC,14,CM,TBD,TBD,TBD,TBD,0,25,25,63,71,62,59,67,68,61,63,,,,,,
por,Portugal,gil-vicente,Gil Vicente FC,15,CM,TBD,TBD,TBD,TBD,0,25,25,63,71,62,59,67,68,61,63,,,,,,
por,Portugal,gil-vicente,Gil Vicente FC,16,CM,TBD,TBD,TBD,TBD,0,25,25,63,71,62,59,67,68,61,63,,,,,,
por,Portugal,gil-vicente,Gil Vicente FC,17,CM,TBD,TBD,TBD,TBD,0,25,25,63,71,62,59,67,68,61,63,,,,,,
por,Portugal,gil-vicente,Gil Vicente FC,18,CAM,TBD,TBD,TBD,TBD,0,25,25,63,71,66,65,71,73,45,55,,,,,,
por,Portugal,gil-vicente,Gil Vicente FC,19,LW,TBD,TBD,TBD,TBD,0,25,25,63,71,76,65,63,74,38,53,,,,,,
por,Portugal,gil-vicente,Gil Vicente FC,20,LW,TBD,TBD,TBD,TBD,0,25,25,63,71,76,65,63,74,38,53,,,,,,
por,Portugal,gil-vicente,Gil Vicente FC,21,RW,TBD,TBD,TBD,TBD,0,25,25,63,71,76,65,63,74,38,53,,,,,,
por,Portugal,gil-vicente,Gil Vicente FC,22,RW,TBD,TBD,TBD,TBD,0,25,25,63,71,76,65,63,74,38,53,,,,,,
por,Portugal,gil-vicente,Gil Vicente FC,23,ST,TBD,TBD,TBD,TBD,0,25,25,63,71,71,71,56,69,35,65,,,,,,
por,Portugal,gil-vicente,Gil Vicente FC,24,ST,TBD,TBD,TBD,TBD,0,25,25,63,71,71,71,56,69,35,65,,,,,,
por,Portugal,gil-vicente,Gil Vicente FC,25,ST,TBD,TBD,TBD,TBD,0,25,25,63,71,71,71,56,69,35,65,,,,,,
rou,Romania,gloria-buzau,Gloria Buzău,1,GK,TBD,TBD,TBD,TBD,0,25,25,45,53,,,,,,,47,45,43,48,35,46
rou,Romania,gloria-buzau,Gloria Buzău,2,GK,TBD,TBD,TBD,TBD,0,25,25,45,53,,,,,,,47,45,43,48,35,46
rou,Romania,gloria-buzau,Gloria Buzău,3,CB,TBD,TBD,TBD,TBD,0,25,25,45,53,37,35,35,35,49,51,,,,,,
rou,Romania,gloria-buzau,Gloria Buzău,4,CB,TBD,TBD,TBD,TBD,0,25,25,45,53,37,35,35,35,49,51,,,,,,
rou,Romania,gloria-buzau,Gloria Buzău,5,CB,TBD,TBD,TBD,TBD,0,25,25,45,53,37,35,35,35,49,51,,,,,,
rou,Romania,gloria-buzau,Gloria Buzău,6,CB,TBD,TBD,TBD,TBD,0,25,25,45,53,37,35,35,35,49,51,,,,,,
rou,Romania,gloria-buzau,Gloria Buzău,7,CB,TBD,TBD,TBD,TBD,0,25,25,45,53,37,35,35,35,49,51,,,,,,
rou,Romania,gloria-buzau,Gloria Buzău,8,LB,TBD,TBD,TBD,TBD,0,25,25,46,54,51,35,44,48,46,47,,,,,,
rou,Romania,gloria-buzau,Gloria Buzău,9,LB,TBD,TBD,TBD,TBD,0,25,25,46,54,51,35,44,48,46,47,,,,,,
rou,Romania,gloria-buzau,Gloria Buzău,10,RB,TBD,TBD,TBD,TBD,0,25,25,46,54,51,35,44,48,46,47,,,,,,
rou,Romania,gloria-buzau,Gloria Buzău,11,RB,TBD,TBD,TBD,TBD,0,25,25,46,54,51,35,44,48,46,47,,,,,,
rou,Romania,gloria-buzau,Gloria Buzău,12,CDM,TBD,TBD,TBD,TBD,0,25,25,46,54,43,35,48,46,50,51,,,,,,
rou,Romania,gloria-buzau,Gloria Buzău,13,CM,TBD,TBD,TBD,TBD,0,25,25,47,55,46,43,51,52,45,47,,,,,,
rou,Romania,gloria-buzau,Gloria Buzău,14,CM,TBD,TBD,TBD,TBD,0,25,25,47,55,46,43,51,52,45,47,,,,,,
rou,Romania,gloria-buzau,Gloria Buzău,15,CM,TBD,TBD,TBD,TBD,0,25,25,47,55,46,43,51,52,45,47,,,,,,
rou,Romania,gloria-buzau,Gloria Buzău,16,CM,TBD,TBD,TBD,TBD,0,25,25,47,55,46,43,51,52,45,47,,,,,,
rou,Romania,gloria-buzau,Gloria Buzău,17,CM,TBD,TBD,TBD,TBD,0,25,25,47,55,46,43,51,52,45,47,,,,,,
rou,Romania,gloria-buzau,Gloria Buzău,18,CAM,TBD,TBD,TBD,TBD,0,25,25,47,55,50,49,55,57,35,39,,,,,,
rou,Romania,gloria-buzau,Gloria Buzău,19,LW,TBD,TBD,TBD,TBD,0,25,25,47,55,60,49,47,58,35,37,,,,,,
rou,Romania,gloria-buzau,Gloria Buzău,20,LW,TBD,TBD,TBD,TBD,0,25,25,47,55,60,49,47,58,35,37,,,,,,
rou,Romania,gloria-buzau,Gloria Buzău,21,RW,TBD,TBD,TBD,TBD,0,25,25,47,55,60,49,47,58,35,37,,,,,,
rou,Romania,gloria-buzau,Gloria Buzău,22,RW,TBD,TBD,TBD,TBD,0,25,25,47,55,60,49,47,58,35,37,,,,,,
rou,Romania,gloria-buzau,Gloria Buzău,23,ST,TBD,TBD,TBD,TBD,0,25,25,47,55,55,55,40,53,35,49,,,,,,
rou,Romania,gloria-buzau,Gloria Buzău,24,ST,TBD,TBD,TBD,TBD,0,25,25,47,55,55,55,40,53,35,49,,,,,,
rou,Romania,gloria-buzau,Gloria Buzău,25,ST,TBD,TBD,TBD,TBD,0,25,25,47,55,55,55,40,53,35,49,,,,,,
ned,Netherlands,go-ahead-eagles,Go Ahead Eagles,1,LB,TBD,TBD,TBD,TBD,25,25,3,63,71,68,45,61,65,63,64,,,,,,
ned,Netherlands,go-ahead-eagles,Go Ahead Eagles,2,CM,TBD,TBD,TBD,TBD,25,25,3,64,72,63,60,68,69,62,64,,,,,,
ned,Netherlands,go-ahead-eagles,Go Ahead Eagles,3,CM,TBD,TBD,TBD,TBD,25,25,3,64,72,63,60,68,69,62,64,,,,,,
che,Switzerland,grasshoppers,Grasshopper Club Zürich,1,GK,TBD,TBD,TBD,TBD,0,25,25,47,55,,,,,,,49,47,45,50,35,48
che,Switzerland,grasshoppers,Grasshopper Club Zürich,2,GK,TBD,TBD,TBD,TBD,0,25,25,47,55,,,,,,,49,47,45,50,35,48
che,Switzerland,grasshoppers,Grasshopper Club Zürich,3,CB,TBD,TBD,TBD,TBD,0,25,25,47,55,39,35,37,35,51,53,,,,,,
che,Switzerland,grasshoppers,Grasshopper Club Zürich,4,CB,TBD,TBD,TBD,TBD,0,25,25,47,55,39,35,37,35,51,53,,,,,,
che,Switzerland,grasshoppers,Grasshopper Club Zürich,5,CB,TBD,TBD,TBD,TBD,0,25,25,47,55,39,35,37,35,51,53,,,,,,
che,Switzerland,grasshoppers,Grasshopper Club Zürich,6,CB,TBD,TBD,TBD,TBD,0,25,25,47,55,39,35,37,35,51,53,,,,,,
che,Switzerland,grasshoppers,Grasshopper Club Zürich,7,CB,TBD,TBD,TBD,TBD,0,25,25,47,55,39,35,37,35,51,53,,,,,,
che,Switzerland,grasshoppers,Grasshopper Club Zürich,8,LB,TBD,TBD,TBD,TBD,0,25,25,48,56,53,35,46,50,48,49,,,,,,
che,Switzerland,grasshoppers,Grasshopper Club Zürich,9,LB,TBD,TBD,TBD,TBD,0,25,25,48,56,53,35,46,50,48,49,,,,,,
che,Switzerland,grasshoppers,Grasshopper Club Zürich,10,RB,TBD,TBD,TBD,TBD,0,25,25,48,56,53,35,46,50,48,49,,,,,,
che,Switzerland,grasshoppers,Grasshopper Club Zürich,11,RB,TBD,TBD,TBD,TBD,0,25,25,48,56,53,35,46,50,48,49,,,,,,
che,Switzerland,grasshoppers,Grasshopper Club Zürich,12,CDM,TBD,TBD,TBD,TBD,0,25,25,48,56,45,36,50,48,52,53,,,,,,
che,Switzerland,grasshoppers,Grasshopper Club Zürich,13,CM,TBD,TBD,TBD,TBD,0,25,25,49,57,48,45,53,54,47,49,,,,,,
che,Switzerland,grasshoppers,Grasshopper Club Zürich,14,CM,TBD,TBD,TBD,TBD,0,25,25,49,57,48,45,53,54,47,49,,,,,,
che,Switzerland,grasshoppers,Grasshopper Club Zürich,15,CM,TBD,TBD,TBD,TBD,0,25,25,49,57,48,45,53,54,47,49,,,,,,
che,Switzerland,grasshoppers,Grasshopper Club Zürich,16,CM,TBD,TBD,TBD,TBD,0,25,25,49,57,48,45,53,54,47,49,,,,,,
che,Switzerland,grasshoppers,Grasshopper Club Zürich,17,CM,TBD,TBD,TBD,TBD,0,25,25,49,57,48,45,53,54,47,49,,,,,,
che,Switzerland,grasshoppers,Grasshopper Club Zürich,18,CAM,TBD,TBD,TBD,TBD,0,25,25,49,57,52,51,57,59,35,41,,,,,,
che,Switzerland,grasshoppers,Grasshopper Club Zürich,19,LW,TBD,TBD,TBD,TBD,0,25,25,49,57,62,51,49,60,35,39,,,,,,
che,Switzerland,grasshoppers,Grasshopper Club Zürich,20,LW,TBD,TBD,TBD,TBD,0,25,25,49,57,62,51,49,60,35,39,,,,,,
che,Switzerland,grasshoppers,Grasshopper Club Zürich,21,RW,TBD,TBD,TBD,TBD,0,25,25,49,57,62,51,49,60,35,39,,,,,,
che,Switzerland,grasshoppers,Grasshopper Club Zürich,22,RW,TBD,TBD,TBD,TBD,0,25,25,49,57,62,51,49,60,35,39,,,,,,
che,Switzerland,grasshoppers,Grasshopper Club Zürich,23,ST,TBD,TBD,TBD,TBD,0,25,25,49,57,57,57,42,55,35,51,,,,,,
che,Switzerland,grasshoppers,Grasshopper Club Zürich,24,ST,TBD,TBD,TBD,TBD,0,25,25,49,57,57,57,42,55,35,51,,,,,,
che,Switzerland,grasshoppers,Grasshopper Club Zürich,25,ST,TBD,TBD,TBD,TBD,0,25,25,49,57,57,57,42,55,35,51,,,,,,
aut,Austria,grazer-ak,Grazer AK,1,GK,TBD,TBD,TBD,TBD,0,25,25,45,53,,,,,,,47,45,43,48,35,46
aut,Austria,grazer-ak,Grazer AK,2,GK,TBD,TBD,TBD,TBD,0,25,25,45,53,,,,,,,47,45,43,48,35,46
aut,Austria,grazer-ak,Grazer AK,3,CB,TBD,TBD,TBD,TBD,0,25,25,45,53,37,35,35,35,49,51,,,,,,
aut,Austria,grazer-ak,Grazer AK,4,CB,TBD,TBD,TBD,TBD,0,25,25,45,53,37,35,35,35,49,51,,,,,,
aut,Austria,grazer-ak,Grazer AK,5,CB,TBD,TBD,TBD,TBD,0,25,25,45,53,37,35,35,35,49,51,,,,,,
aut,Austria,grazer-ak,Grazer AK,6,CB,TBD,TBD,TBD,TBD,0,25,25,45,53,37,35,35,35,49,51,,,,,,
aut,Austria,grazer-ak,Grazer AK,7,CB,TBD,TBD,TBD,TBD,0,25,25,45,53,37,35,35,35,49,51,,,,,,
aut,Austria,grazer-ak,Grazer AK,8,LB,TBD,TBD,TBD,TBD,0,25,25,46,54,51,35,44,48,46,47,,,,,,
aut,Austria,grazer-ak,Grazer AK,9,LB,TBD,TBD,TBD,TBD,0,25,25,46,54,51,35,44,48,46,47,,,,,,
aut,Austria,grazer-ak,Grazer AK,10,RB,TBD,TBD,TBD,TBD,0,25,25,46,54,51,35,44,48,46,47,,,,,,
aut,Austria,grazer-ak,Grazer AK,11,RB,TBD,TBD,TBD,TBD,0,25,25,46,54,51,35,44,48,46,47,,,,,,
aut,Austria,grazer-ak,Grazer AK,12,CDM,TBD,TBD,TBD,TBD,0,25,25,46,54,43,35,48,46,50,51,,,,,,
aut,Austria,grazer-ak,Grazer AK,13,CM,TBD,TBD,TBD,TBD,0,25,25,47,55,46,43,51,52,45,47,,,,,,
aut,Austria,grazer-ak,Grazer AK,14,CM,TBD,TBD,TBD,TBD,0,25,25,47,55,46,43,51,52,45,47,,,,,,
aut,Austria,grazer-ak,Grazer AK,15,CM,TBD,TBD,TBD,TBD,0,25,25,47,55,46,43,51,52,45,47,,,,,,
aut,Austria,grazer-ak,Grazer AK,16,CM,TBD,TBD,TBD,TBD,0,25,25,47,55,46,43,51,52,45,47,,,,,,
aut,Austria,grazer-ak,Grazer AK,17,CM,TBD,TBD,TBD,TBD,0,25,25,47,55,46,43,51,52,45,47,,,,,,
aut,Austria,grazer-ak,Grazer AK,18,CAM,TBD,TBD,TBD,TBD,0,25,25,47,55,50,49,55,57,35,39,,,,,,
aut,Austria,grazer-ak,Grazer AK,19,LW,TBD,TBD,TBD,TBD,0,25,25,47,55,60,49,47,58,35,37,,,,,,
aut,Austria,grazer-ak,Grazer AK,20,LW,TBD,TBD,TBD,TBD,0,25,25,47,55,60,49,47,58,35,37,,,,,,
aut,Austria,grazer-ak,Grazer AK,21,RW,TBD,TBD,TBD,TBD,0,25,25,47,55,60,49,47,58,35,37,,,,,,
aut,Austria,grazer-ak,Grazer AK,22,RW,TBD,TBD,TBD,TBD,0,25,25,47,55,60,49,47,58,35,37,,,,,,
aut,Austria,grazer-ak,Grazer AK,23,ST,TBD,TBD,TBD,TBD,0,25,25,47,55,55,55,40,53,35,49,,,,,,
aut,Austria,grazer-ak,Grazer AK,24,ST,TBD,TBD,TBD,TBD,0,25,25,47,55,55,55,40,53,35,49,,,,,,
aut,Austria,grazer-ak,Grazer AK,25,ST,TBD,TBD,TBD,TBD,0,25,25,47,55,55,55,40,53,35,49,,,,,,
pol,Poland,gornik-zabrze,Górnik Zabrze,1,GK,TBD,TBD,TBD,TBD,0,25,25,49,57,,,,,,,51,49,47,52,35,50
pol,Poland,gornik-zabrze,Górnik Zabrze,2,GK,TBD,TBD,TBD,TBD,0,25,25,49,57,,,,,,,51,49,47,52,35,50
pol,Poland,gornik-zabrze,Górnik Zabrze,3,CB,TBD,TBD,TBD,TBD,0,25,25,49,57,41,35,39,37,53,55,,,,,,
pol,Poland,gornik-zabrze,Górnik Zabrze,4,CB,TBD,TBD,TBD,TBD,0,25,25,49,57,41,35,39,37,53,55,,,,,,
pol,Poland,gornik-zabrze,Górnik Zabrze,5,CB,TBD,TBD,TBD,TBD,0,25,25,49,57,41,35,39,37,53,55,,,,,,
pol,Poland,gornik-zabrze,Górnik Zabrze,6,CB,TBD,TBD,TBD,TBD,0,25,25,49,57,41,35,39,37,53,55,,,,,,
pol,Poland,gornik-zabrze,Górnik Zabrze,7,CB,TBD,TBD,TBD,TBD,0,25,25,49,57,41,35,39,37,53,55,,,,,,
pol,Poland,gornik-zabrze,Górnik Zabrze,8,LB,TBD,TBD,TBD,TBD,0,25,25,50,58,55,35,48,52,50,51,,,,,,
pol,Poland,gornik-zabrze,Górnik Zabrze,9,LB,TBD,TBD,TBD,TBD,0,25,25,50,58,55,35,48,52,50,51,,,,,,
pol,Poland,gornik-zabrze,Górnik Zabrze,10,RB,TBD,TBD,TBD,TBD,0,25,25,50,58,55,35,48,52,50,51,,,,,,
pol,Poland,gornik-zabrze,Górnik Zabrze,11,RB,TBD,TBD,TBD,TBD,0,25,25,50,58,55,35,48,52,50,51,,,,,,
pol,Poland,gornik-zabrze,Górnik Zabrze,12,CDM,TBD,TBD,TBD,TBD,0,25,25,50,58,47,38,52,50,54,55,,,,,,
pol,Poland,gornik-zabrze,Górnik Zabrze,13,CM,TBD,TBD,TBD,TBD,0,25,25,51,59,50,47,55,56,49,51,,,,,,
pol,Poland,gornik-zabrze,Górnik Zabrze,14,CM,TBD,TBD,TBD,TBD,0,25,25,51,59,50,47,55,56,49,51,,,,,,
pol,Poland,gornik-zabrze,Górnik Zabrze,15,CM,TBD,TBD,TBD,TBD,0,25,25,51,59,50,47,55,56,49,51,,,,,,
pol,Poland,gornik-zabrze,Górnik Zabrze,16,CM,TBD,TBD,TBD,TBD,0,25,25,51,59,50,47,55,56,49,51,,,,,,
pol,Poland,gornik-zabrze,Górnik Zabrze,17,CM,TBD,TBD,TBD,TBD,0,25,25,51,59,50,47,55,56,49,51,,,,,,
pol,Poland,gornik-zabrze,Górnik Zabrze,18,CAM,TBD,TBD,TBD,TBD,0,25,25,51,59,54,53,59,61,35,43,,,,,,
pol,Poland,gornik-zabrze,Górnik Zabrze,19,LW,TBD,TBD,TBD,TBD,0,25,25,51,59,64,53,51,62,35,41,,,,,,
pol,Poland,gornik-zabrze,Górnik Zabrze,20,LW,TBD,TBD,TBD,TBD,0,25,25,51,59,64,53,51,62,35,41,,,,,,
pol,Poland,gornik-zabrze,Górnik Zabrze,21,RW,TBD,TBD,TBD,TBD,0,25,25,51,59,64,53,51,62,35,41,,,,,,
pol,Poland,gornik-zabrze,Górnik Zabrze,22,RW,TBD,TBD,TBD,TBD,0,25,25,51,59,64,53,51,62,35,41,,,,,,
pol,Poland,gornik-zabrze,Górnik Zabrze,23,ST,TBD,TBD,TBD,TBD,0,25,25,51,59,59,59,44,57,35,53,,,,,,
pol,Poland,gornik-zabrze,Górnik Zabrze,24,ST,TBD,TBD,TBD,TBD,0,25,25,51,59,59,59,44,57,35,53,,,,,,
pol,Poland,gornik-zabrze,Górnik Zabrze,25,ST,TBD,TBD,TBD,TBD,0,25,25,51,59,59,59,44,57,35,53,,,,,,
tur,Turkey,goztepe,Göztepe SK,1,GK,TBD,TBD,TBD,TBD,0,25,25,57,65,,,,,,,59,57,55,60,35,58
tur,Turkey,goztepe,Göztepe SK,2,GK,TBD,TBD,TBD,TBD,0,25,25,57,65,,,,,,,59,57,55,60,35,58
tur,Turkey,goztepe,Göztepe SK,3,CB,TBD,TBD,TBD,TBD,0,25,25,57,65,49,35,47,45,61,63,,,,,,
tur,Turkey,goztepe,Göztepe SK,4,CB,TBD,TBD,TBD,TBD,0,25,25,57,65,49,35,47,45,61,63,,,,,,
tur,Turkey,goztepe,Göztepe SK,5,CB,TBD,TBD,TBD,TBD,0,25,25,57,65,49,35,47,45,61,63,,,,,,
tur,Turkey,goztepe,Göztepe SK,6,CB,TBD,TBD,TBD,TBD,0,25,25,57,65,49,35,47,45,61,63,,,,,,
tur,Turkey,goztepe,Göztepe SK,7,CB,TBD,TBD,TBD,TBD,0,25,25,57,65,49,35,47,45,61,63,,,,,,
tur,Turkey,goztepe,Göztepe SK,8,LB,TBD,TBD,TBD,TBD,0,25,25,58,66,63,40,56,60,58,59,,,,,,
tur,Turkey,goztepe,Göztepe SK,9,LB,TBD,TBD,TBD,TBD,0,25,25,58,66,63,40,56,60,58,59,,,,,,
tur,Turkey,goztepe,Göztepe SK,10,RB,TBD,TBD,TBD,TBD,0,25,25,58,66,63,40,56,60,58,59,,,,,,
tur,Turkey,goztepe,Göztepe SK,11,RB,TBD,TBD,TBD,TBD,0,25,25,58,66,63,40,56,60,58,59,,,,,,
tur,Turkey,goztepe,Göztepe SK,12,CDM,TBD,TBD,TBD,TBD,0,25,25,58,66,55,46,60,58,62,63,,,,,,
tur,Turkey,goztepe,Göztepe SK,13,CM,TBD,TBD,TBD,TBD,0,25,25,59,67,58,55,63,64,57,59,,,,,,
tur,Turkey,goztepe,Göztepe SK,14,CM,TBD,TBD,TBD,TBD,0,25,25,59,67,58,55,63,64,57,59,,,,,,
tur,Turkey,goztepe,Göztepe SK,15,CM,TBD,TBD,TBD,TBD,0,25,25,59,67,58,55,63,64,57,59,,,,,,
tur,Turkey,goztepe,Göztepe SK,16,CM,TBD,TBD,TBD,TBD,0,25,25,59,67,58,55,63,64,57,59,,,,,,
tur,Turkey,goztepe,Göztepe SK,17,CM,TBD,TBD,TBD,TBD,0,25,25,59,67,58,55,63,64,57,59,,,,,,
tur,Turkey,goztepe,Göztepe SK,18,CAM,TBD,TBD,TBD,TBD,0,25,25,59,67,62,61,67,69,41,51,,,,,,
tur,Turkey,goztepe,Göztepe SK,19,LW,TBD,TBD,TBD,TBD,0,25,25,59,67,72,61,59,70,35,49,,,,,,
tur,Turkey,goztepe,Göztepe SK,20,LW,TBD,TBD,TBD,TBD,0,25,25,59,67,72,61,59,70,35,49,,,,,,
tur,Turkey,goztepe,Göztepe SK,21,RW,TBD,TBD,TBD,TBD,0,25,25,59,67,72,61,59,70,35,49,,,,,,
tur,Turkey,goztepe,Göztepe SK,22,RW,TBD,TBD,TBD,TBD,0,25,25,59,67,72,61,59,70,35,49,,,,,,
tur,Turkey,goztepe,Göztepe SK,23,ST,TBD,TBD,TBD,TBD,0,25,25,59,67,67,67,52,65,35,61,,,,,,
tur,Turkey,goztepe,Göztepe SK,24,ST,TBD,TBD,TBD,TBD,0,25,25,59,67,67,67,52,65,35,61,,,,,,
tur,Turkey,goztepe,Göztepe SK,25,ST,TBD,TBD,TBD,TBD,0,25,25,59,67,67,67,52,65,35,61,,,,,,
fin,Finland,hifk,HIFK Helsinki,1,GK,TBD,TBD,TBD,TBD,0,25,25,45,53,,,,,,,47,45,43,48,35,46
fin,Finland,hifk,HIFK Helsinki,2,GK,TBD,TBD,TBD,TBD,0,25,25,45,53,,,,,,,47,45,43,48,35,46
fin,Finland,hifk,HIFK Helsinki,3,CB,TBD,TBD,TBD,TBD,0,25,25,45,53,37,35,35,35,49,51,,,,,,
fin,Finland,hifk,HIFK Helsinki,4,CB,TBD,TBD,TBD,TBD,0,25,25,45,53,37,35,35,35,49,51,,,,,,
fin,Finland,hifk,HIFK Helsinki,5,CB,TBD,TBD,TBD,TBD,0,25,25,45,53,37,35,35,35,49,51,,,,,,
fin,Finland,hifk,HIFK Helsinki,6,CB,TBD,TBD,TBD,TBD,0,25,25,45,53,37,35,35,35,49,51,,,,,,
fin,Finland,hifk,HIFK Helsinki,7,CB,TBD,TBD,TBD,TBD,0,25,25,45,53,37,35,35,35,49,51,,,,,,
fin,Finland,hifk,HIFK Helsinki,8,LB,TBD,TBD,TBD,TBD,0,25,25,46,54,51,35,44,48,46,47,,,,,,
fin,Finland,hifk,HIFK Helsinki,9,LB,TBD,TBD,TBD,TBD,0,25,25,46,54,51,35,44,48,46,47,,,,,,
fin,Finland,hifk,HIFK Helsinki,10,RB,TBD,TBD,TBD,TBD,0,25,25,46,54,51,35,44,48,46,47,,,,,,
fin,Finland,hifk,HIFK Helsinki,11,RB,TBD,TBD,TBD,TBD,0,25,25,46,54,51,35,44,48,46,47,,,,,,
fin,Finland,hifk,HIFK Helsinki,12,CDM,TBD,TBD,TBD,TBD,0,25,25,46,54,43,35,48,46,50,51,,,,,,
fin,Finland,hifk,HIFK Helsinki,13,CM,TBD,TBD,TBD,TBD,0,25,25,47,55,46,43,51,52,45,47,,,,,,
fin,Finland,hifk,HIFK Helsinki,14,CM,TBD,TBD,TBD,TBD,0,25,25,47,55,46,43,51,52,45,47,,,,,,
fin,Finland,hifk,HIFK Helsinki,15,CM,TBD,TBD,TBD,TBD,0,25,25,47,55,46,43,51,52,45,47,,,,,,
fin,Finland,hifk,HIFK Helsinki,16,CM,TBD,TBD,TBD,TBD,0,25,25,47,55,46,43,51,52,45,47,,,,,,
fin,Finland,hifk,HIFK Helsinki,17,CM,TBD,TBD,TBD,TBD,0,25,25,47,55,46,43,51,52,45,47,,,,,,
fin,Finland,hifk,HIFK Helsinki,18,CAM,TBD,TBD,TBD,TBD,0,25,25,47,55,50,49,55,57,35,39,,,,,,
fin,Finland,hifk,HIFK Helsinki,19,LW,TBD,TBD,TBD,TBD,0,25,25,47,55,60,49,47,58,35,37,,,,,,
fin,Finland,hifk,HIFK Helsinki,20,LW,TBD,TBD,TBD,TBD,0,25,25,47,55,60,49,47,58,35,37,,,,,,
fin,Finland,hifk,HIFK Helsinki,21,RW,TBD,TBD,TBD,TBD,0,25,25,47,55,60,49,47,58,35,37,,,,,,
fin,Finland,hifk,HIFK Helsinki,22,RW,TBD,TBD,TBD,TBD,0,25,25,47,55,60,49,47,58,35,37,,,,,,
fin,Finland,hifk,HIFK Helsinki,23,ST,TBD,TBD,TBD,TBD,0,25,25,47,55,55,55,40,53,35,49,,,,,,
fin,Finland,hifk,HIFK Helsinki,24,ST,TBD,TBD,TBD,TBD,0,25,25,47,55,55,55,40,53,35,49,,,,,,
fin,Finland,hifk,HIFK Helsinki,25,ST,TBD,TBD,TBD,TBD,0,25,25,47,55,55,55,40,53,35,49,,,,,,
swe,Sweden,halmstad,Halmstads BK,1,GK,TBD,TBD,TBD,TBD,0,25,25,45,53,,,,,,,47,45,43,48,35,46
swe,Sweden,halmstad,Halmstads BK,2,GK,TBD,TBD,TBD,TBD,0,25,25,45,53,,,,,,,47,45,43,48,35,46
swe,Sweden,halmstad,Halmstads BK,3,CB,TBD,TBD,TBD,TBD,0,25,25,45,53,37,35,35,35,49,51,,,,,,
swe,Sweden,halmstad,Halmstads BK,4,CB,TBD,TBD,TBD,TBD,0,25,25,45,53,37,35,35,35,49,51,,,,,,
swe,Sweden,halmstad,Halmstads BK,5,CB,TBD,TBD,TBD,TBD,0,25,25,45,53,37,35,35,35,49,51,,,,,,
swe,Sweden,halmstad,Halmstads BK,6,CB,TBD,TBD,TBD,TBD,0,25,25,45,53,37,35,35,35,49,51,,,,,,
swe,Sweden,halmstad,Halmstads BK,7,CB,TBD,TBD,TBD,TBD,0,25,25,45,53,37,35,35,35,49,51,,,,,,
swe,Sweden,halmstad,Halmstads BK,8,LB,TBD,TBD,TBD,TBD,0,25,25,46,54,51,35,44,48,46,47,,,,,,
swe,Sweden,halmstad,Halmstads BK,9,LB,TBD,TBD,TBD,TBD,0,25,25,46,54,51,35,44,48,46,47,,,,,,
swe,Sweden,halmstad,Halmstads BK,10,RB,TBD,TBD,TBD,TBD,0,25,25,46,54,51,35,44,48,46,47,,,,,,
swe,Sweden,halmstad,Halmstads BK,11,RB,TBD,TBD,TBD,TBD,0,25,25,46,54,51,35,44,48,46,47,,,,,,
swe,Sweden,halmstad,Halmstads BK,12,CDM,TBD,TBD,TBD,TBD,0,25,25,46,54,43,35,48,46,50,51,,,,,,
swe,Sweden,halmstad,Halmstads BK,13,CM,TBD,TBD,TBD,TBD,0,25,25,47,55,46,43,51,52,45,47,,,,,,
swe,Sweden,halmstad,Halmstads BK,14,CM,TBD,TBD,TBD,TBD,0,25,25,47,55,46,43,51,52,45,47,,,,,,
swe,Sweden,halmstad,Halmstads BK,15,CM,TBD,TBD,TBD,TBD,0,25,25,47,55,46,43,51,52,45,47,,,,,,
swe,Sweden,halmstad,Halmstads BK,16,CM,TBD,TBD,TBD,TBD,0,25,25,47,55,46,43,51,52,45,47,,,,,,
swe,Sweden,halmstad,Halmstads BK,17,CM,TBD,TBD,TBD,TBD,0,25,25,47,55,46,43,51,52,45,47,,,,,,
swe,Sweden,halmstad,Halmstads BK,18,CAM,TBD,TBD,TBD,TBD,0,25,25,47,55,50,49,55,57,35,39,,,,,,
swe,Sweden,halmstad,Halmstads BK,19,LW,TBD,TBD,TBD,TBD,0,25,25,47,55,60,49,47,58,35,37,,,,,,
swe,Sweden,halmstad,Halmstads BK,20,LW,TBD,TBD,TBD,TBD,0,25,25,47,55,60,49,47,58,35,37,,,,,,
swe,Sweden,halmstad,Halmstads BK,21,RW,TBD,TBD,TBD,TBD,0,25,25,47,55,60,49,47,58,35,37,,,,,,
swe,Sweden,halmstad,Halmstads BK,22,RW,TBD,TBD,TBD,TBD,0,25,25,47,55,60,49,47,58,35,37,,,,,,
swe,Sweden,halmstad,Halmstads BK,23,ST,TBD,TBD,TBD,TBD,0,25,25,47,55,55,55,40,53,35,49,,,,,,
swe,Sweden,halmstad,Halmstads BK,24,ST,TBD,TBD,TBD,TBD,0,25,25,47,55,55,55,40,53,35,49,,,,,,
swe,Sweden,halmstad,Halmstads BK,25,ST,TBD,TBD,TBD,TBD,0,25,25,47,55,55,55,40,53,35,49,,,,,,
nor,Norway,hamkam,HamKam,1,GK,TBD,TBD,TBD,TBD,0,25,25,45,53,,,,,,,47,45,43,48,35,46
nor,Norway,hamkam,HamKam,2,GK,TBD,TBD,TBD,TBD,0,25,25,45,53,,,,,,,47,45,43,48,35,46
nor,Norway,hamkam,HamKam,3,CB,TBD,TBD,TBD,TBD,0,25,25,45,53,37,35,35,35,49,51,,,,,,
nor,Norway,hamkam,HamKam,4,CB,TBD,TBD,TBD,TBD,0,25,25,45,53,37,35,35,35,49,51,,,,,,
nor,Norway,hamkam,HamKam,5,CB,TBD,TBD,TBD,TBD,0,25,25,45,53,37,35,35,35,49,51,,,,,,
nor,Norway,hamkam,HamKam,6,CB,TBD,TBD,TBD,TBD,0,25,25,45,53,37,35,35,35,49,51,,,,,,
nor,Norway,hamkam,HamKam,7,CB,TBD,TBD,TBD,TBD,0,25,25,45,53,37,35,35,35,49,51,,,,,,
nor,Norway,hamkam,HamKam,8,LB,TBD,TBD,TBD,TBD,0,25,25,46,54,51,35,44,48,46,47,,,,,,
nor,Norway,hamkam,HamKam,9,LB,TBD,TBD,TBD,TBD,0,25,25,46,54,51,35,44,48,46,47,,,,,,
nor,Norway,hamkam,HamKam,10,RB,TBD,TBD,TBD,TBD,0,25,25,46,54,51,35,44,48,46,47,,,,,,
nor,Norway,hamkam,HamKam,11,RB,TBD,TBD,TBD,TBD,0,25,25,46,54,51,35,44,48,46,47,,,,,,
nor,Norway,hamkam,HamKam,12,CDM,TBD,TBD,TBD,TBD,0,25,25,46,54,43,35,48,46,50,51,,,,,,
nor,Norway,hamkam,HamKam,13,CM,TBD,TBD,TBD,TBD,0,25,25,47,55,46,43,51,52,45,47,,,,,,
nor,Norway,hamkam,HamKam,14,CM,TBD,TBD,TBD,TBD,0,25,25,47,55,46,43,51,52,45,47,,,,,,
nor,Norway,hamkam,HamKam,15,CM,TBD,TBD,TBD,TBD,0,25,25,47,55,46,43,51,52,45,47,,,,,,
nor,Norway,hamkam,HamKam,16,CM,TBD,TBD,TBD,TBD,0,25,25,47,55,46,43,51,52,45,47,,,,,,
nor,Norway,hamkam,HamKam,17,CM,TBD,TBD,TBD,TBD,0,25,25,47,55,46,43,51,52,45,47,,,,,,
nor,Norway,hamkam,HamKam,18,CAM,TBD,TBD,TBD,TBD,0,25,25,47,55,50,49,55,57,35,39,,,,,,
nor,Norway,hamkam,HamKam,19,LW,TBD,TBD,TBD,TBD,0,25,25,47,55,60,49,47,58,35,37,,,,,,
nor,Norway,hamkam,HamKam,20,LW,TBD,TBD,TBD,TBD,0,25,25,47,55,60,49,47,58,35,37,,,,,,
nor,Norway,hamkam,HamKam,21,RW,TBD,TBD,TBD,TBD,0,25,25,47,55,60,49,47,58,35,37,,,,,,
nor,Norway,hamkam,HamKam,22,RW,TBD,TBD,TBD,TBD,0,25,25,47,55,60,49,47,58,35,37,,,,,,
nor,Norway,hamkam,HamKam,23,ST,TBD,TBD,TBD,TBD,0,25,25,47,55,55,55,40,53,35,49,,,,,,
nor,Norway,hamkam,HamKam,24,ST,TBD,TBD,TBD,TBD,0,25,25,47,55,55,55,40,53,35,49,,,,,,
nor,Norway,hamkam,HamKam,25,ST,TBD,TBD,TBD,TBD,0,25,25,47,55,55,55,40,53,35,49,,,,,,
swe,Sweden,hammarby,Hammarby IF,1,GK,TBD,TBD,TBD,TBD,0,25,25,54,62,,,,,,,56,54,52,57,35,55
swe,Sweden,hammarby,Hammarby IF,2,GK,TBD,TBD,TBD,TBD,0,25,25,54,62,,,,,,,56,54,52,57,35,55
swe,Sweden,hammarby,Hammarby IF,3,CB,TBD,TBD,TBD,TBD,0,25,25,54,62,46,35,44,42,58,60,,,,,,
swe,Sweden,hammarby,Hammarby IF,4,CB,TBD,TBD,TBD,TBD,0,25,25,54,62,46,35,44,42,58,60,,,,,,
swe,Sweden,hammarby,Hammarby IF,5,CB,TBD,TBD,TBD,TBD,0,25,25,54,62,46,35,44,42,58,60,,,,,,
swe,Sweden,hammarby,Hammarby IF,6,CB,TBD,TBD,TBD,TBD,0,25,25,54,62,46,35,44,42,58,60,,,,,,
swe,Sweden,hammarby,Hammarby IF,7,CB,TBD,TBD,TBD,TBD,0,25,25,54,62,46,35,44,42,58,60,,,,,,
swe,Sweden,hammarby,Hammarby IF,8,LB,TBD,TBD,TBD,TBD,0,25,25,55,63,60,37,53,57,55,56,,,,,,
swe,Sweden,hammarby,Hammarby IF,9,LB,TBD,TBD,TBD,TBD,0,25,25,55,63,60,37,53,57,55,56,,,,,,
swe,Sweden,hammarby,Hammarby IF,10,RB,TBD,TBD,TBD,TBD,0,25,25,55,63,60,37,53,57,55,56,,,,,,
swe,Sweden,hammarby,Hammarby IF,11,RB,TBD,TBD,TBD,TBD,0,25,25,55,63,60,37,53,57,55,56,,,,,,
swe,Sweden,hammarby,Hammarby IF,12,CDM,TBD,TBD,TBD,TBD,0,25,25,55,63,52,43,57,55,59,60,,,,,,
swe,Sweden,hammarby,Hammarby IF,13,CM,TBD,TBD,TBD,TBD,0,25,25,56,64,55,52,60,61,54,56,,,,,,
swe,Sweden,hammarby,Hammarby IF,14,CM,TBD,TBD,TBD,TBD,0,25,25,56,64,55,52,60,61,54,56,,,,,,
swe,Sweden,hammarby,Hammarby IF,15,CM,TBD,TBD,TBD,TBD,0,25,25,56,64,55,52,60,61,54,56,,,,,,
swe,Sweden,hammarby,Hammarby IF,16,CM,TBD,TBD,TBD,TBD,0,25,25,56,64,55,52,60,61,54,56,,,,,,
swe,Sweden,hammarby,Hammarby IF,17,CM,TBD,TBD,TBD,TBD,0,25,25,56,64,55,52,60,61,54,56,,,,,,
swe,Sweden,hammarby,Hammarby IF,18,CAM,TBD,TBD,TBD,TBD,0,25,25,56,64,59,58,64,66,38,48,,,,,,
swe,Sweden,hammarby,Hammarby IF,19,LW,TBD,TBD,TBD,TBD,0,25,25,56,64,69,58,56,67,35,46,,,,,,
swe,Sweden,hammarby,Hammarby IF,20,LW,TBD,TBD,TBD,TBD,0,25,25,56,64,69,58,56,67,35,46,,,,,,
swe,Sweden,hammarby,Hammarby IF,21,RW,TBD,TBD,TBD,TBD,0,25,25,56,64,69,58,56,67,35,46,,,,,,
swe,Sweden,hammarby,Hammarby IF,22,RW,TBD,TBD,TBD,TBD,0,25,25,56,64,69,58,56,67,35,46,,,,,,
swe,Sweden,hammarby,Hammarby IF,23,ST,TBD,TBD,TBD,TBD,0,25,25,56,64,64,64,49,62,35,58,,,,,,
swe,Sweden,hammarby,Hammarby IF,24,ST,TBD,TBD,TBD,TBD,0,25,25,56,64,64,64,49,62,35,58,,,,,,
swe,Sweden,hammarby,Hammarby IF,25,ST,TBD,TBD,TBD,TBD,0,25,25,56,64,64,64,49,62,35,58,,,,,,
isr,Israel,hapoel-beer-sheva,Hapoel Beer Sheva,1,GK,TBD,TBD,TBD,TBD,0,25,25,50,58,,,,,,,52,50,48,53,35,51
isr,Israel,hapoel-beer-sheva,Hapoel Beer Sheva,2,GK,TBD,TBD,TBD,TBD,0,25,25,50,58,,,,,,,52,50,48,53,35,51
isr,Israel,hapoel-beer-sheva,Hapoel Beer Sheva,3,CB,TBD,TBD,TBD,TBD,0,25,25,50,58,42,35,40,38,54,56,,,,,,
isr,Israel,hapoel-beer-sheva,Hapoel Beer Sheva,4,CB,TBD,TBD,TBD,TBD,0,25,25,50,58,42,35,40,38,54,56,,,,,,
isr,Israel,hapoel-beer-sheva,Hapoel Beer Sheva,5,CB,TBD,TBD,TBD,TBD,0,25,25,50,58,42,35,40,38,54,56,,,,,,
isr,Israel,hapoel-beer-sheva,Hapoel Beer Sheva,6,CB,TBD,TBD,TBD,TBD,0,25,25,50,58,42,35,40,38,54,56,,,,,,
isr,Israel,hapoel-beer-sheva,Hapoel Beer Sheva,7,CB,TBD,TBD,TBD,TBD,0,25,25,50,58,42,35,40,38,54,56,,,,,,
isr,Israel,hapoel-beer-sheva,Hapoel Beer Sheva,8,LB,TBD,TBD,TBD,TBD,0,25,25,51,59,56,35,49,53,51,52,,,,,,
isr,Israel,hapoel-beer-sheva,Hapoel Beer Sheva,9,LB,TBD,TBD,TBD,TBD,0,25,25,51,59,56,35,49,53,51,52,,,,,,
isr,Israel,hapoel-beer-sheva,Hapoel Beer Sheva,10,RB,TBD,TBD,TBD,TBD,0,25,25,51,59,56,35,49,53,51,52,,,,,,
isr,Israel,hapoel-beer-sheva,Hapoel Beer Sheva,11,RB,TBD,TBD,TBD,TBD,0,25,25,51,59,56,35,49,53,51,52,,,,,,
isr,Israel,hapoel-beer-sheva,Hapoel Beer Sheva,12,CDM,TBD,TBD,TBD,TBD,0,25,25,51,59,48,39,53,51,55,56,,,,,,
isr,Israel,hapoel-beer-sheva,Hapoel Beer Sheva,13,CM,TBD,TBD,TBD,TBD,0,25,25,52,60,51,48,56,57,50,52,,,,,,
isr,Israel,hapoel-beer-sheva,Hapoel Beer Sheva,14,CM,TBD,TBD,TBD,TBD,0,25,25,52,60,51,48,56,57,50,52,,,,,,
isr,Israel,hapoel-beer-sheva,Hapoel Beer Sheva,15,CM,TBD,TBD,TBD,TBD,0,25,25,52,60,51,48,56,57,50,52,,,,,,
isr,Israel,hapoel-beer-sheva,Hapoel Beer Sheva,16,CM,TBD,TBD,TBD,TBD,0,25,25,52,60,51,48,56,57,50,52,,,,,,
isr,Israel,hapoel-beer-sheva,Hapoel Beer Sheva,17,CM,TBD,TBD,TBD,TBD,0,25,25,52,60,51,48,56,57,50,52,,,,,,
isr,Israel,hapoel-beer-sheva,Hapoel Beer Sheva,18,CAM,TBD,TBD,TBD,TBD,0,25,25,52,60,55,54,60,62,35,44,,,,,,
isr,Israel,hapoel-beer-sheva,Hapoel Beer Sheva,19,LW,TBD,TBD,TBD,TBD,0,25,25,52,60,65,54,52,63,35,42,,,,,,
isr,Israel,hapoel-beer-sheva,Hapoel Beer Sheva,20,LW,TBD,TBD,TBD,TBD,0,25,25,52,60,65,54,52,63,35,42,,,,,,
isr,Israel,hapoel-beer-sheva,Hapoel Beer Sheva,21,RW,TBD,TBD,TBD,TBD,0,25,25,52,60,65,54,52,63,35,42,,,,,,
isr,Israel,hapoel-beer-sheva,Hapoel Beer Sheva,22,RW,TBD,TBD,TBD,TBD,0,25,25,52,60,65,54,52,63,35,42,,,,,,
isr,Israel,hapoel-beer-sheva,Hapoel Beer Sheva,23,ST,TBD,TBD,TBD,TBD,0,25,25,52,60,60,60,45,58,35,54,,,,,,
isr,Israel,hapoel-beer-sheva,Hapoel Beer Sheva,24,ST,TBD,TBD,TBD,TBD,0,25,25,52,60,60,60,45,58,35,54,,,,,,
isr,Israel,hapoel-beer-sheva,Hapoel Beer Sheva,25,ST,TBD,TBD,TBD,TBD,0,25,25,52,60,60,60,45,58,35,54,,,,,,
isr,Israel,hapoel-hadera,Hapoel Hadera,1,GK,TBD,TBD,TBD,TBD,0,25,25,45,53,,,,,,,47,45,43,48,35,46
isr,Israel,hapoel-hadera,Hapoel Hadera,2,GK,TBD,TBD,TBD,TBD,0,25,25,45,53,,,,,,,47,45,43,48,35,46
isr,Israel,hapoel-hadera,Hapoel Hadera,3,CB,TBD,TBD,TBD,TBD,0,25,25,45,53,37,35,35,35,49,51,,,,,,
isr,Israel,hapoel-hadera,Hapoel Hadera,4,CB,TBD,TBD,TBD,TBD,0,25,25,45,53,37,35,35,35,49,51,,,,,,
isr,Israel,hapoel-hadera,Hapoel Hadera,5,CB,TBD,TBD,TBD,TBD,0,25,25,45,53,37,35,35,35,49,51,,,,,,
isr,Israel,hapoel-hadera,Hapoel Hadera,6,CB,TBD,TBD,TBD,TBD,0,25,25,45,53,37,35,35,35,49,51,,,,,,
isr,Israel,hapoel-hadera,Hapoel Hadera,7,CB,TBD,TBD,TBD,TBD,0,25,25,45,53,37,35,35,35,49,51,,,,,,
isr,Israel,hapoel-hadera,Hapoel Hadera,8,LB,TBD,TBD,TBD,TBD,0,25,25,46,54,51,35,44,48,46,47,,,,,,
isr,Israel,hapoel-hadera,Hapoel Hadera,9,LB,TBD,TBD,TBD,TBD,0,25,25,46,54,51,35,44,48,46,47,,,,,,
isr,Israel,hapoel-hadera,Hapoel Hadera,10,RB,TBD,TBD,TBD,TBD,0,25,25,46,54,51,35,44,48,46,47,,,,,,
isr,Israel,hapoel-hadera,Hapoel Hadera,11,RB,TBD,TBD,TBD,TBD,0,25,25,46,54,51,35,44,48,46,47,,,,,,
isr,Israel,hapoel-hadera,Hapoel Hadera,12,CDM,TBD,TBD,TBD,TBD,0,25,25,46,54,43,35,48,46,50,51,,,,,,
isr,Israel,hapoel-hadera,Hapoel Hadera,13,CM,TBD,TBD,TBD,TBD,0,25,25,47,55,46,43,51,52,45,47,,,,,,
isr,Israel,hapoel-hadera,Hapoel Hadera,14,CM,TBD,TBD,TBD,TBD,0,25,25,47,55,46,43,51,52,45,47,,,,,,
isr,Israel,hapoel-hadera,Hapoel Hadera,15,CM,TBD,TBD,TBD,TBD,0,25,25,47,55,46,43,51,52,45,47,,,,,,
isr,Israel,hapoel-hadera,Hapoel Hadera,16,CM,TBD,TBD,TBD,TBD,0,25,25,47,55,46,43,51,52,45,47,,,,,,
isr,Israel,hapoel-hadera,Hapoel Hadera,17,CM,TBD,TBD,TBD,TBD,0,25,25,47,55,46,43,51,52,45,47,,,,,,
isr,Israel,hapoel-hadera,Hapoel Hadera,18,CAM,TBD,TBD,TBD,TBD,0,25,25,47,55,50,49,55,57,35,39,,,,,,
isr,Israel,hapoel-hadera,Hapoel Hadera,19,LW,TBD,TBD,TBD,TBD,0,25,25,47,55,60,49,47,58,35,37,,,,,,
isr,Israel,hapoel-hadera,Hapoel Hadera,20,LW,TBD,TBD,TBD,TBD,0,25,25,47,55,60,49,47,58,35,37,,,,,,
isr,Israel,hapoel-hadera,Hapoel Hadera,21,RW,TBD,TBD,TBD,TBD,0,25,25,47,55,60,49,47,58,35,37,,,,,,
isr,Israel,hapoel-hadera,Hapoel Hadera,22,RW,TBD,TBD,TBD,TBD,0,25,25,47,55,60,49,47,58,35,37,,,,,,
isr,Israel,hapoel-hadera,Hapoel Hadera,23,ST,TBD,TBD,TBD,TBD,0,25,25,47,55,55,55,40,53,35,49,,,,,,
isr,Israel,hapoel-hadera,Hapoel Hadera,24,ST,TBD,TBD,TBD,TBD,0,25,25,47,55,55,55,40,53,35,49,,,,,,
isr,Israel,hapoel-hadera,Hapoel Hadera,25,ST,TBD,TBD,TBD,TBD,0,25,25,47,55,55,55,40,53,35,49,,,,,,
isr,Israel,hapoel-haifa,Hapoel Haifa,1,GK,TBD,TBD,TBD,TBD,0,25,25,45,53,,,,,,,47,45,43,48,35,46
isr,Israel,hapoel-haifa,Hapoel Haifa,2,GK,TBD,TBD,TBD,TBD,0,25,25,45,53,,,,,,,47,45,43,48,35,46
isr,Israel,hapoel-haifa,Hapoel Haifa,3,CB,TBD,TBD,TBD,TBD,0,25,25,45,53,37,35,35,35,49,51,,,,,,
isr,Israel,hapoel-haifa,Hapoel Haifa,4,CB,TBD,TBD,TBD,TBD,0,25,25,45,53,37,35,35,35,49,51,,,,,,
isr,Israel,hapoel-haifa,Hapoel Haifa,5,CB,TBD,TBD,TBD,TBD,0,25,25,45,53,37,35,35,35,49,51,,,,,,
isr,Israel,hapoel-haifa,Hapoel Haifa,6,CB,TBD,TBD,TBD,TBD,0,25,25,45,53,37,35,35,35,49,51,,,,,,
isr,Israel,hapoel-haifa,Hapoel Haifa,7,CB,TBD,TBD,TBD,TBD,0,25,25,45,53,37,35,35,35,49,51,,,,,,
isr,Israel,hapoel-haifa,Hapoel Haifa,8,LB,TBD,TBD,TBD,TBD,0,25,25,46,54,51,35,44,48,46,47,,,,,,
isr,Israel,hapoel-haifa,Hapoel Haifa,9,LB,TBD,TBD,TBD,TBD,0,25,25,46,54,51,35,44,48,46,47,,,,,,
isr,Israel,hapoel-haifa,Hapoel Haifa,10,RB,TBD,TBD,TBD,TBD,0,25,25,46,54,51,35,44,48,46,47,,,,,,
isr,Israel,hapoel-haifa,Hapoel Haifa,11,RB,TBD,TBD,TBD,TBD,0,25,25,46,54,51,35,44,48,46,47,,,,,,
isr,Israel,hapoel-haifa,Hapoel Haifa,12,CDM,TBD,TBD,TBD,TBD,0,25,25,46,54,43,35,48,46,50,51,,,,,,
isr,Israel,hapoel-haifa,Hapoel Haifa,13,CM,TBD,TBD,TBD,TBD,0,25,25,47,55,46,43,51,52,45,47,,,,,,
isr,Israel,hapoel-haifa,Hapoel Haifa,14,CM,TBD,TBD,TBD,TBD,0,25,25,47,55,46,43,51,52,45,47,,,,,,
isr,Israel,hapoel-haifa,Hapoel Haifa,15,CM,TBD,TBD,TBD,TBD,0,25,25,47,55,46,43,51,52,45,47,,,,,,
isr,Israel,hapoel-haifa,Hapoel Haifa,16,CM,TBD,TBD,TBD,TBD,0,25,25,47,55,46,43,51,52,45,47,,,,,,
isr,Israel,hapoel-haifa,Hapoel Haifa,17,CM,TBD,TBD,TBD,TBD,0,25,25,47,55,46,43,51,52,45,47,,,,,,
isr,Israel,hapoel-haifa,Hapoel Haifa,18,CAM,TBD,TBD,TBD,TBD,0,25,25,47,55,50,49,55,57,35,39,,,,,,
isr,Israel,hapoel-haifa,Hapoel Haifa,19,LW,TBD,TBD,TBD,TBD,0,25,25,47,55,60,49,47,58,35,37,,,,,,
isr,Israel,hapoel-haifa,Hapoel Haifa,20,LW,TBD,TBD,TBD,TBD,0,25,25,47,55,60,49,47,58,35,37,,,,,,
isr,Israel,hapoel-haifa,Hapoel Haifa,21,RW,TBD,TBD,TBD,TBD,0,25,25,47,55,60,49,47,58,35,37,,,,,,
isr,Israel,hapoel-haifa,Hapoel Haifa,22,RW,TBD,TBD,TBD,TBD,0,25,25,47,55,60,49,47,58,35,37,,,,,,
isr,Israel,hapoel-haifa,Hapoel Haifa,23,ST,TBD,TBD,TBD,TBD,0,25,25,47,55,55,55,40,53,35,49,,,,,,
isr,Israel,hapoel-haifa,Hapoel Haifa,24,ST,TBD,TBD,TBD,TBD,0,25,25,47,55,55,55,40,53,35,49,,,,,,
isr,Israel,hapoel-haifa,Hapoel Haifa,25,ST,TBD,TBD,TBD,TBD,0,25,25,47,55,55,55,40,53,35,49,,,,,,
isr,Israel,hapoel-jerusalem,Hapoel Jerusalem,1,GK,TBD,TBD,TBD,TBD,0,25,25,45,53,,,,,,,47,45,43,48,35,46
isr,Israel,hapoel-jerusalem,Hapoel Jerusalem,2,GK,TBD,TBD,TBD,TBD,0,25,25,45,53,,,,,,,47,45,43,48,35,46
isr,Israel,hapoel-jerusalem,Hapoel Jerusalem,3,CB,TBD,TBD,TBD,TBD,0,25,25,45,53,37,35,35,35,49,51,,,,,,
isr,Israel,hapoel-jerusalem,Hapoel Jerusalem,4,CB,TBD,TBD,TBD,TBD,0,25,25,45,53,37,35,35,35,49,51,,,,,,
isr,Israel,hapoel-jerusalem,Hapoel Jerusalem,5,CB,TBD,TBD,TBD,TBD,0,25,25,45,53,37,35,35,35,49,51,,,,,,
isr,Israel,hapoel-jerusalem,Hapoel Jerusalem,6,CB,TBD,TBD,TBD,TBD,0,25,25,45,53,37,35,35,35,49,51,,,,,,
isr,Israel,hapoel-jerusalem,Hapoel Jerusalem,7,CB,TBD,TBD,TBD,TBD,0,25,25,45,53,37,35,35,35,49,51,,,,,,
isr,Israel,hapoel-jerusalem,Hapoel Jerusalem,8,LB,TBD,TBD,TBD,TBD,0,25,25,46,54,51,35,44,48,46,47,,,,,,
isr,Israel,hapoel-jerusalem,Hapoel Jerusalem,9,LB,TBD,TBD,TBD,TBD,0,25,25,46,54,51,35,44,48,46,47,,,,,,
isr,Israel,hapoel-jerusalem,Hapoel Jerusalem,10,RB,TBD,TBD,TBD,TBD,0,25,25,46,54,51,35,44,48,46,47,,,,,,
isr,Israel,hapoel-jerusalem,Hapoel Jerusalem,11,RB,TBD,TBD,TBD,TBD,0,25,25,46,54,51,35,44,48,46,47,,,,,,
isr,Israel,hapoel-jerusalem,Hapoel Jerusalem,12,CDM,TBD,TBD,TBD,TBD,0,25,25,46,54,43,35,48,46,50,51,,,,,,
isr,Israel,hapoel-jerusalem,Hapoel Jerusalem,13,CM,TBD,TBD,TBD,TBD,0,25,25,47,55,46,43,51,52,45,47,,,,,,
isr,Israel,hapoel-jerusalem,Hapoel Jerusalem,14,CM,TBD,TBD,TBD,TBD,0,25,25,47,55,46,43,51,52,45,47,,,,,,
isr,Israel,hapoel-jerusalem,Hapoel Jerusalem,15,CM,TBD,TBD,TBD,TBD,0,25,25,47,55,46,43,51,52,45,47,,,,,,
isr,Israel,hapoel-jerusalem,Hapoel Jerusalem,16,CM,TBD,TBD,TBD,TBD,0,25,25,47,55,46,43,51,52,45,47,,,,,,
isr,Israel,hapoel-jerusalem,Hapoel Jerusalem,17,CM,TBD,TBD,TBD,TBD,0,25,25,47,55,46,43,51,52,45,47,,,,,,
isr,Israel,hapoel-jerusalem,Hapoel Jerusalem,18,CAM,TBD,TBD,TBD,TBD,0,25,25,47,55,50,49,55,57,35,39,,,,,,
isr,Israel,hapoel-jerusalem,Hapoel Jerusalem,19,LW,TBD,TBD,TBD,TBD,0,25,25,47,55,60,49,47,58,35,37,,,,,,
isr,Israel,hapoel-jerusalem,Hapoel Jerusalem,20,LW,TBD,TBD,TBD,TBD,0,25,25,47,55,60,49,47,58,35,37,,,,,,
isr,Israel,hapoel-jerusalem,Hapoel Jerusalem,21,RW,TBD,TBD,TBD,TBD,0,25,25,47,55,60,49,47,58,35,37,,,,,,
isr,Israel,hapoel-jerusalem,Hapoel Jerusalem,22,RW,TBD,TBD,TBD,TBD,0,25,25,47,55,60,49,47,58,35,37,,,,,,
isr,Israel,hapoel-jerusalem,Hapoel Jerusalem,23,ST,TBD,TBD,TBD,TBD,0,25,25,47,55,55,55,40,53,35,49,,,,,,
isr,Israel,hapoel-jerusalem,Hapoel Jerusalem,24,ST,TBD,TBD,TBD,TBD,0,25,25,47,55,55,55,40,53,35,49,,,,,,
isr,Israel,hapoel-jerusalem,Hapoel Jerusalem,25,ST,TBD,TBD,TBD,TBD,0,25,25,47,55,55,55,40,53,35,49,,,,,,
isr,Israel,hapoel-nof-hagalil,Hapoel Nof HaGalil,1,GK,TBD,TBD,TBD,TBD,0,25,25,45,53,,,,,,,47,45,43,48,35,46
isr,Israel,hapoel-nof-hagalil,Hapoel Nof HaGalil,2,GK,TBD,TBD,TBD,TBD,0,25,25,45,53,,,,,,,47,45,43,48,35,46
isr,Israel,hapoel-nof-hagalil,Hapoel Nof HaGalil,3,CB,TBD,TBD,TBD,TBD,0,25,25,45,53,37,35,35,35,49,51,,,,,,
isr,Israel,hapoel-nof-hagalil,Hapoel Nof HaGalil,4,CB,TBD,TBD,TBD,TBD,0,25,25,45,53,37,35,35,35,49,51,,,,,,
isr,Israel,hapoel-nof-hagalil,Hapoel Nof HaGalil,5,CB,TBD,TBD,TBD,TBD,0,25,25,45,53,37,35,35,35,49,51,,,,,,
isr,Israel,hapoel-nof-hagalil,Hapoel Nof HaGalil,6,CB,TBD,TBD,TBD,TBD,0,25,25,45,53,37,35,35,35,49,51,,,,,,
isr,Israel,hapoel-nof-hagalil,Hapoel Nof HaGalil,7,CB,TBD,TBD,TBD,TBD,0,25,25,45,53,37,35,35,35,49,51,,,,,,
isr,Israel,hapoel-nof-hagalil,Hapoel Nof HaGalil,8,LB,TBD,TBD,TBD,TBD,0,25,25,46,54,51,35,44,48,46,47,,,,,,
isr,Israel,hapoel-nof-hagalil,Hapoel Nof HaGalil,9,LB,TBD,TBD,TBD,TBD,0,25,25,46,54,51,35,44,48,46,47,,,,,,
isr,Israel,hapoel-nof-hagalil,Hapoel Nof HaGalil,10,RB,TBD,TBD,TBD,TBD,0,25,25,46,54,51,35,44,48,46,47,,,,,,
isr,Israel,hapoel-nof-hagalil,Hapoel Nof HaGalil,11,RB,TBD,TBD,TBD,TBD,0,25,25,46,54,51,35,44,48,46,47,,,,,,
isr,Israel,hapoel-nof-hagalil,Hapoel Nof HaGalil,12,CDM,TBD,TBD,TBD,TBD,0,25,25,46,54,43,35,48,46,50,51,,,,,,
isr,Israel,hapoel-nof-hagalil,Hapoel Nof HaGalil,13,CM,TBD,TBD,TBD,TBD,0,25,25,47,55,46,43,51,52,45,47,,,,,,
isr,Israel,hapoel-nof-hagalil,Hapoel Nof HaGalil,14,CM,TBD,TBD,TBD,TBD,0,25,25,47,55,46,43,51,52,45,47,,,,,,
isr,Israel,hapoel-nof-hagalil,Hapoel Nof HaGalil,15,CM,TBD,TBD,TBD,TBD,0,25,25,47,55,46,43,51,52,45,47,,,,,,
isr,Israel,hapoel-nof-hagalil,Hapoel Nof HaGalil,16,CM,TBD,TBD,TBD,TBD,0,25,25,47,55,46,43,51,52,45,47,,,,,,
isr,Israel,hapoel-nof-hagalil,Hapoel Nof HaGalil,17,CM,TBD,TBD,TBD,TBD,0,25,25,47,55,46,43,51,52,45,47,,,,,,
isr,Israel,hapoel-nof-hagalil,Hapoel Nof HaGalil,18,CAM,TBD,TBD,TBD,TBD,0,25,25,47,55,50,49,55,57,35,39,,,,,,
isr,Israel,hapoel-nof-hagalil,Hapoel Nof HaGalil,19,LW,TBD,TBD,TBD,TBD,0,25,25,47,55,60,49,47,58,35,37,,,,,,
isr,Israel,hapoel-nof-hagalil,Hapoel Nof HaGalil,20,LW,TBD,TBD,TBD,TBD,0,25,25,47,55,60,49,47,58,35,37,,,,,,
isr,Israel,hapoel-nof-hagalil,Hapoel Nof HaGalil,21,RW,TBD,TBD,TBD,TBD,0,25,25,47,55,60,49,47,58,35,37,,,,,,
isr,Israel,hapoel-nof-hagalil,Hapoel Nof HaGalil,22,RW,TBD,TBD,TBD,TBD,0,25,25,47,55,60,49,47,58,35,37,,,,,,
isr,Israel,hapoel-nof-hagalil,Hapoel Nof HaGalil,23,ST,TBD,TBD,TBD,TBD,0,25,25,47,55,55,55,40,53,35,49,,,,,,
isr,Israel,hapoel-nof-hagalil,Hapoel Nof HaGalil,24,ST,TBD,TBD,TBD,TBD,0,25,25,47,55,55,55,40,53,35,49,,,,,,
isr,Israel,hapoel-nof-hagalil,Hapoel Nof HaGalil,25,ST,TBD,TBD,TBD,TBD,0,25,25,47,55,55,55,40,53,35,49,,,,,,
isr,Israel,hapoel-tel-aviv,Hapoel Tel Aviv,1,GK,TBD,TBD,TBD,TBD,0,25,25,45,53,,,,,,,47,45,43,48,35,46
isr,Israel,hapoel-tel-aviv,Hapoel Tel Aviv,2,GK,TBD,TBD,TBD,TBD,0,25,25,45,53,,,,,,,47,45,43,48,35,46
isr,Israel,hapoel-tel-aviv,Hapoel Tel Aviv,3,CB,TBD,TBD,TBD,TBD,0,25,25,45,53,37,35,35,35,49,51,,,,,,
isr,Israel,hapoel-tel-aviv,Hapoel Tel Aviv,4,CB,TBD,TBD,TBD,TBD,0,25,25,45,53,37,35,35,35,49,51,,,,,,
isr,Israel,hapoel-tel-aviv,Hapoel Tel Aviv,5,CB,TBD,TBD,TBD,TBD,0,25,25,45,53,37,35,35,35,49,51,,,,,,
isr,Israel,hapoel-tel-aviv,Hapoel Tel Aviv,6,CB,TBD,TBD,TBD,TBD,0,25,25,45,53,37,35,35,35,49,51,,,,,,
isr,Israel,hapoel-tel-aviv,Hapoel Tel Aviv,7,CB,TBD,TBD,TBD,TBD,0,25,25,45,53,37,35,35,35,49,51,,,,,,
isr,Israel,hapoel-tel-aviv,Hapoel Tel Aviv,8,LB,TBD,TBD,TBD,TBD,0,25,25,46,54,51,35,44,48,46,47,,,,,,
isr,Israel,hapoel-tel-aviv,Hapoel Tel Aviv,9,LB,TBD,TBD,TBD,TBD,0,25,25,46,54,51,35,44,48,46,47,,,,,,
isr,Israel,hapoel-tel-aviv,Hapoel Tel Aviv,10,RB,TBD,TBD,TBD,TBD,0,25,25,46,54,51,35,44,48,46,47,,,,,,
isr,Israel,hapoel-tel-aviv,Hapoel Tel Aviv,11,RB,TBD,TBD,TBD,TBD,0,25,25,46,54,51,35,44,48,46,47,,,,,,
isr,Israel,hapoel-tel-aviv,Hapoel Tel Aviv,12,CDM,TBD,TBD,TBD,TBD,0,25,25,46,54,43,35,48,46,50,51,,,,,,
isr,Israel,hapoel-tel-aviv,Hapoel Tel Aviv,13,CM,TBD,TBD,TBD,TBD,0,25,25,47,55,46,43,51,52,45,47,,,,,,
isr,Israel,hapoel-tel-aviv,Hapoel Tel Aviv,14,CM,TBD,TBD,TBD,TBD,0,25,25,47,55,46,43,51,52,45,47,,,,,,
isr,Israel,hapoel-tel-aviv,Hapoel Tel Aviv,15,CM,TBD,TBD,TBD,TBD,0,25,25,47,55,46,43,51,52,45,47,,,,,,
isr,Israel,hapoel-tel-aviv,Hapoel Tel Aviv,16,CM,TBD,TBD,TBD,TBD,0,25,25,47,55,46,43,51,52,45,47,,,,,,
isr,Israel,hapoel-tel-aviv,Hapoel Tel Aviv,17,CM,TBD,TBD,TBD,TBD,0,25,25,47,55,46,43,51,52,45,47,,,,,,
isr,Israel,hapoel-tel-aviv,Hapoel Tel Aviv,18,CAM,TBD,TBD,TBD,TBD,0,25,25,47,55,50,49,55,57,35,39,,,,,,
isr,Israel,hapoel-tel-aviv,Hapoel Tel Aviv,19,LW,TBD,TBD,TBD,TBD,0,25,25,47,55,60,49,47,58,35,37,,,,,,
isr,Israel,hapoel-tel-aviv,Hapoel Tel Aviv,20,LW,TBD,TBD,TBD,TBD,0,25,25,47,55,60,49,47,58,35,37,,,,,,
isr,Israel,hapoel-tel-aviv,Hapoel Tel Aviv,21,RW,TBD,TBD,TBD,TBD,0,25,25,47,55,60,49,47,58,35,37,,,,,,
isr,Israel,hapoel-tel-aviv,Hapoel Tel Aviv,22,RW,TBD,TBD,TBD,TBD,0,25,25,47,55,60,49,47,58,35,37,,,,,,
isr,Israel,hapoel-tel-aviv,Hapoel Tel Aviv,23,ST,TBD,TBD,TBD,TBD,0,25,25,47,55,55,55,40,53,35,49,,,,,,
isr,Israel,hapoel-tel-aviv,Hapoel Tel Aviv,24,ST,TBD,TBD,TBD,TBD,0,25,25,47,55,55,55,40,53,35,49,,,,,,
isr,Israel,hapoel-tel-aviv,Hapoel Tel Aviv,25,ST,TBD,TBD,TBD,TBD,0,25,25,47,55,55,55,40,53,35,49,,,,,,
tur,Turkey,hatayspor,Hatayspor,1,GK,TBD,TBD,TBD,TBD,0,25,25,55,63,,,,,,,57,55,53,58,35,56
tur,Turkey,hatayspor,Hatayspor,2,GK,TBD,TBD,TBD,TBD,0,25,25,55,63,,,,,,,57,55,53,58,35,56
tur,Turkey,hatayspor,Hatayspor,3,CB,TBD,TBD,TBD,TBD,0,25,25,55,63,47,35,45,43,59,61,,,,,,
tur,Turkey,hatayspor,Hatayspor,4,CB,TBD,TBD,TBD,TBD,0,25,25,55,63,47,35,45,43,59,61,,,,,,
tur,Turkey,hatayspor,Hatayspor,5,CB,TBD,TBD,TBD,TBD,0,25,25,55,63,47,35,45,43,59,61,,,,,,
tur,Turkey,hatayspor,Hatayspor,6,CB,TBD,TBD,TBD,TBD,0,25,25,55,63,47,35,45,43,59,61,,,,,,
tur,Turkey,hatayspor,Hatayspor,7,CB,TBD,TBD,TBD,TBD,0,25,25,55,63,47,35,45,43,59,61,,,,,,
tur,Turkey,hatayspor,Hatayspor,8,LB,TBD,TBD,TBD,TBD,0,25,25,56,64,61,38,54,58,56,57,,,,,,
tur,Turkey,hatayspor,Hatayspor,9,LB,TBD,TBD,TBD,TBD,0,25,25,56,64,61,38,54,58,56,57,,,,,,
tur,Turkey,hatayspor,Hatayspor,10,RB,TBD,TBD,TBD,TBD,0,25,25,56,64,61,38,54,58,56,57,,,,,,
tur,Turkey,hatayspor,Hatayspor,11,RB,TBD,TBD,TBD,TBD,0,25,25,56,64,61,38,54,58,56,57,,,,,,
tur,Turkey,hatayspor,Hatayspor,12,CDM,TBD,TBD,TBD,TBD,0,25,25,56,64,53,44,58,56,60,61,,,,,,
tur,Turkey,hatayspor,Hatayspor,13,CM,TBD,TBD,TBD,TBD,0,25,25,57,65,56,53,61,62,55,57,,,,,,
tur,Turkey,hatayspor,Hatayspor,14,CM,TBD,TBD,TBD,TBD,0,25,25,57,65,56,53,61,62,55,57,,,,,,
tur,Turkey,hatayspor,Hatayspor,15,CM,TBD,TBD,TBD,TBD,0,25,25,57,65,56,53,61,62,55,57,,,,,,
tur,Turkey,hatayspor,Hatayspor,16,CM,TBD,TBD,TBD,TBD,0,25,25,57,65,56,53,61,62,55,57,,,,,,
tur,Turkey,hatayspor,Hatayspor,17,CM,TBD,TBD,TBD,TBD,0,25,25,57,65,56,53,61,62,55,57,,,,,,
tur,Turkey,hatayspor,Hatayspor,18,CAM,TBD,TBD,TBD,TBD,0,25,25,57,65,60,59,65,67,39,49,,,,,,
tur,Turkey,hatayspor,Hatayspor,19,LW,TBD,TBD,TBD,TBD,0,25,25,57,65,70,59,57,68,35,47,,,,,,
tur,Turkey,hatayspor,Hatayspor,20,LW,TBD,TBD,TBD,TBD,0,25,25,57,65,70,59,57,68,35,47,,,,,,
tur,Turkey,hatayspor,Hatayspor,21,RW,TBD,TBD,TBD,TBD,0,25,25,57,65,70,59,57,68,35,47,,,,,,
tur,Turkey,hatayspor,Hatayspor,22,RW,TBD,TBD,TBD,TBD,0,25,25,57,65,70,59,57,68,35,47,,,,,,
tur,Turkey,hatayspor,Hatayspor,23,ST,TBD,TBD,TBD,TBD,0,25,25,57,65,65,65,50,63,35,59,,,,,,
tur,Turkey,hatayspor,Hatayspor,24,ST,TBD,TBD,TBD,TBD,0,25,25,57,65,65,65,50,63,35,59,,,,,,
tur,Turkey,hatayspor,Hatayspor,25,ST,TBD,TBD,TBD,TBD,0,25,25,57,65,65,65,50,63,35,59,,,,,,
sco,Scotland,hearts,Heart of Midlothian,1,GK,TBD,TBD,TBD,TBD,0,25,25,51,59,,,,,,,53,51,49,54,35,52
sco,Scotland,hearts,Heart of Midlothian,2,GK,TBD,TBD,TBD,TBD,0,25,25,51,59,,,,,,,53,51,49,54,35,52
sco,Scotland,hearts,Heart of Midlothian,3,CB,TBD,TBD,TBD,TBD,0,25,25,51,59,43,35,41,39,55,57,,,,,,
sco,Scotland,hearts,Heart of Midlothian,4,CB,TBD,TBD,TBD,TBD,0,25,25,51,59,43,35,41,39,55,57,,,,,,
sco,Scotland,hearts,Heart of Midlothian,5,CB,TBD,TBD,TBD,TBD,0,25,25,51,59,43,35,41,39,55,57,,,,,,
sco,Scotland,hearts,Heart of Midlothian,6,CB,TBD,TBD,TBD,TBD,0,25,25,51,59,43,35,41,39,55,57,,,,,,
sco,Scotland,hearts,Heart of Midlothian,7,CB,TBD,TBD,TBD,TBD,0,25,25,51,59,43,35,41,39,55,57,,,,,,
sco,Scotland,hearts,Heart of Midlothian,8,LB,TBD,TBD,TBD,TBD,0,25,25,52,60,57,35,50,54,52,53,,,,,,
sco,Scotland,hearts,Heart of Midlothian,9,LB,TBD,TBD,TBD,TBD,0,25,25,52,60,57,35,50,54,52,53,,,,,,
sco,Scotland,hearts,Heart of Midlothian,10,RB,TBD,TBD,TBD,TBD,0,25,25,52,60,57,35,50,54,52,53,,,,,,
sco,Scotland,hearts,Heart of Midlothian,11,RB,TBD,TBD,TBD,TBD,0,25,25,52,60,57,35,50,54,52,53,,,,,,
sco,Scotland,hearts,Heart of Midlothian,12,CDM,TBD,TBD,TBD,TBD,0,25,25,52,60,49,40,54,52,56,57,,,,,,
sco,Scotland,hearts,Heart of Midlothian,13,CM,TBD,TBD,TBD,TBD,0,25,25,53,61,52,49,57,58,51,53,,,,,,
sco,Scotland,hearts,Heart of Midlothian,14,CM,TBD,TBD,TBD,TBD,0,25,25,53,61,52,49,57,58,51,53,,,,,,
sco,Scotland,hearts,Heart of Midlothian,15,CM,TBD,TBD,TBD,TBD,0,25,25,53,61,52,49,57,58,51,53,,,,,,
sco,Scotland,hearts,Heart of Midlothian,16,CM,TBD,TBD,TBD,TBD,0,25,25,53,61,52,49,57,58,51,53,,,,,,
sco,Scotland,hearts,Heart of Midlothian,17,CM,TBD,TBD,TBD,TBD,0,25,25,53,61,52,49,57,58,51,53,,,,,,
sco,Scotland,hearts,Heart of Midlothian,18,CAM,TBD,TBD,TBD,TBD,0,25,25,53,61,56,55,61,63,35,45,,,,,,
sco,Scotland,hearts,Heart of Midlothian,19,LW,TBD,TBD,TBD,TBD,0,25,25,53,61,66,55,53,64,35,43,,,,,,
sco,Scotland,hearts,Heart of Midlothian,20,LW,TBD,TBD,TBD,TBD,0,25,25,53,61,66,55,53,64,35,43,,,,,,
sco,Scotland,hearts,Heart of Midlothian,21,RW,TBD,TBD,TBD,TBD,0,25,25,53,61,66,55,53,64,35,43,,,,,,
sco,Scotland,hearts,Heart of Midlothian,22,RW,TBD,TBD,TBD,TBD,0,25,25,53,61,66,55,53,64,35,43,,,,,,
sco,Scotland,hearts,Heart of Midlothian,23,ST,TBD,TBD,TBD,TBD,0,25,25,53,61,61,61,46,59,35,55,,,,,,
sco,Scotland,hearts,Heart of Midlothian,24,ST,TBD,TBD,TBD,TBD,0,25,25,53,61,61,61,46,59,35,55,,,,,,
sco,Scotland,hearts,Heart of Midlothian,25,ST,TBD,TBD,TBD,TBD,0,25,25,53,61,61,61,46,59,35,55,,,,,,
bgr,Bulgaria,hebar-pazardzhik,Hebar Pazardzhik,1,GK,TBD,TBD,TBD,TBD,0,25,25,45,53,,,,,,,47,45,43,48,35,46
bgr,Bulgaria,hebar-pazardzhik,Hebar Pazardzhik,2,GK,TBD,TBD,TBD,TBD,0,25,25,45,53,,,,,,,47,45,43,48,35,46
bgr,Bulgaria,hebar-pazardzhik,Hebar Pazardzhik,3,CB,TBD,TBD,TBD,TBD,0,25,25,45,53,37,35,35,35,49,51,,,,,,
bgr,Bulgaria,hebar-pazardzhik,Hebar Pazardzhik,4,CB,TBD,TBD,TBD,TBD,0,25,25,45,53,37,35,35,35,49,51,,,,,,
bgr,Bulgaria,hebar-pazardzhik,Hebar Pazardzhik,5,CB,TBD,TBD,TBD,TBD,0,25,25,45,53,37,35,35,35,49,51,,,,,,
bgr,Bulgaria,hebar-pazardzhik,Hebar Pazardzhik,6,CB,TBD,TBD,TBD,TBD,0,25,25,45,53,37,35,35,35,49,51,,,,,,
bgr,Bulgaria,hebar-pazardzhik,Hebar Pazardzhik,7,CB,TBD,TBD,TBD,TBD,0,25,25,45,53,37,35,35,35,49,51,,,,,,
bgr,Bulgaria,hebar-pazardzhik,Hebar Pazardzhik,8,LB,TBD,TBD,TBD,TBD,0,25,25,46,54,51,35,44,48,46,47,,,,,,
bgr,Bulgaria,hebar-pazardzhik,Hebar Pazardzhik,9,LB,TBD,TBD,TBD,TBD,0,25,25,46,54,51,35,44,48,46,47,,,,,,
bgr,Bulgaria,hebar-pazardzhik,Hebar Pazardzhik,10,RB,TBD,TBD,TBD,TBD,0,25,25,46,54,51,35,44,48,46,47,,,,,,
bgr,Bulgaria,hebar-pazardzhik,Hebar Pazardzhik,11,RB,TBD,TBD,TBD,TBD,0,25,25,46,54,51,35,44,48,46,47,,,,,,
bgr,Bulgaria,hebar-pazardzhik,Hebar Pazardzhik,12,CDM,TBD,TBD,TBD,TBD,0,25,25,46,54,43,35,48,46,50,51,,,,,,
bgr,Bulgaria,hebar-pazardzhik,Hebar Pazardzhik,13,CM,TBD,TBD,TBD,TBD,0,25,25,47,55,46,43,51,52,45,47,,,,,,
bgr,Bulgaria,hebar-pazardzhik,Hebar Pazardzhik,14,CM,TBD,TBD,TBD,TBD,0,25,25,47,55,46,43,51,52,45,47,,,,,,
bgr,Bulgaria,hebar-pazardzhik,Hebar Pazardzhik,15,CM,TBD,TBD,TBD,TBD,0,25,25,47,55,46,43,51,52,45,47,,,,,,
bgr,Bulgaria,hebar-pazardzhik,Hebar Pazardzhik,16,CM,TBD,TBD,TBD,TBD,0,25,25,47,55,46,43,51,52,45,47,,,,,,
bgr,Bulgaria,hebar-pazardzhik,Hebar Pazardzhik,17,CM,TBD,TBD,TBD,TBD,0,25,25,47,55,46,43,51,52,45,47,,,,,,
bgr,Bulgaria,hebar-pazardzhik,Hebar Pazardzhik,18,CAM,TBD,TBD,TBD,TBD,0,25,25,47,55,50,49,55,57,35,39,,,,,,
bgr,Bulgaria,hebar-pazardzhik,Hebar Pazardzhik,19,LW,TBD,TBD,TBD,TBD,0,25,25,47,55,60,49,47,58,35,37,,,,,,
bgr,Bulgaria,hebar-pazardzhik,Hebar Pazardzhik,20,LW,TBD,TBD,TBD,TBD,0,25,25,47,55,60,49,47,58,35,37,,,,,,
bgr,Bulgaria,hebar-pazardzhik,Hebar Pazardzhik,21,RW,TBD,TBD,TBD,TBD,0,25,25,47,55,60,49,47,58,35,37,,,,,,
bgr,Bulgaria,hebar-pazardzhik,Hebar Pazardzhik,22,RW,TBD,TBD,TBD,TBD,0,25,25,47,55,60,49,47,58,35,37,,,,,,
bgr,Bulgaria,hebar-pazardzhik,Hebar Pazardzhik,23,ST,TBD,TBD,TBD,TBD,0,25,25,47,55,55,55,40,53,35,49,,,,,,
bgr,Bulgaria,hebar-pazardzhik,Hebar Pazardzhik,24,ST,TBD,TBD,TBD,TBD,0,25,25,47,55,55,55,40,53,35,49,,,,,,
bgr,Bulgaria,hebar-pazardzhik,Hebar Pazardzhik,25,ST,TBD,TBD,TBD,TBD,0,25,25,47,55,55,55,40,53,35,49,,,,,,
ita,Italy,hellas-verona,Hellas Verona,1,CDM,TBD,TBD,TBD,TBD,25,25,2,59,67,56,47,61,59,63,64,,,,,,
ita,Italy,hellas-verona,Hellas Verona,2,LW,TBD,TBD,TBD,TBD,25,25,2,60,68,73,62,60,71,35,50,,,,,,
ned,Netherlands,heracles-almelo,Heracles Almelo,1,CB,TBD,TBD,TBD,TBD,25,25,3,60,68,52,35,50,48,64,66,,,,,,
ned,Netherlands,heracles-almelo,Heracles Almelo,2,CM,TBD,TBD,TBD,TBD,25,25,3,62,70,61,58,66,67,60,62,,,,,,
ned,Netherlands,heracles-almelo,Heracles Almelo,3,CM,TBD,TBD,TBD,TBD,25,25,3,62,70,61,58,66,67,60,62,,,,,,
sco,Scotland,hibernian,Hibernian FC,1,GK,TBD,TBD,TBD,TBD,0,25,25,49,57,,,,,,,51,49,47,52,35,50
sco,Scotland,hibernian,Hibernian FC,2,GK,TBD,TBD,TBD,TBD,0,25,25,49,57,,,,,,,51,49,47,52,35,50
sco,Scotland,hibernian,Hibernian FC,3,CB,TBD,TBD,TBD,TBD,0,25,25,49,57,41,35,39,37,53,55,,,,,,
sco,Scotland,hibernian,Hibernian FC,4,CB,TBD,TBD,TBD,TBD,0,25,25,49,57,41,35,39,37,53,55,,,,,,
sco,Scotland,hibernian,Hibernian FC,5,CB,TBD,TBD,TBD,TBD,0,25,25,49,57,41,35,39,37,53,55,,,,,,
sco,Scotland,hibernian,Hibernian FC,6,CB,TBD,TBD,TBD,TBD,0,25,25,49,57,41,35,39,37,53,55,,,,,,
sco,Scotland,hibernian,Hibernian FC,7,CB,TBD,TBD,TBD,TBD,0,25,25,49,57,41,35,39,37,53,55,,,,,,
sco,Scotland,hibernian,Hibernian FC,8,LB,TBD,TBD,TBD,TBD,0,25,25,50,58,55,35,48,52,50,51,,,,,,
sco,Scotland,hibernian,Hibernian FC,9,LB,TBD,TBD,TBD,TBD,0,25,25,50,58,55,35,48,52,50,51,,,,,,
sco,Scotland,hibernian,Hibernian FC,10,RB,TBD,TBD,TBD,TBD,0,25,25,50,58,55,35,48,52,50,51,,,,,,
sco,Scotland,hibernian,Hibernian FC,11,RB,TBD,TBD,TBD,TBD,0,25,25,50,58,55,35,48,52,50,51,,,,,,
sco,Scotland,hibernian,Hibernian FC,12,CDM,TBD,TBD,TBD,TBD,0,25,25,50,58,47,38,52,50,54,55,,,,,,
sco,Scotland,hibernian,Hibernian FC,13,CM,TBD,TBD,TBD,TBD,0,25,25,51,59,50,47,55,56,49,51,,,,,,
sco,Scotland,hibernian,Hibernian FC,14,CM,TBD,TBD,TBD,TBD,0,25,25,51,59,50,47,55,56,49,51,,,,,,
sco,Scotland,hibernian,Hibernian FC,15,CM,TBD,TBD,TBD,TBD,0,25,25,51,59,50,47,55,56,49,51,,,,,,
sco,Scotland,hibernian,Hibernian FC,16,CM,TBD,TBD,TBD,TBD,0,25,25,51,59,50,47,55,56,49,51,,,,,,
sco,Scotland,hibernian,Hibernian FC,17,CM,TBD,TBD,TBD,TBD,0,25,25,51,59,50,47,55,56,49,51,,,,,,
sco,Scotland,hibernian,Hibernian FC,18,CAM,TBD,TBD,TBD,TBD,0,25,25,51,59,54,53,59,61,35,43,,,,,,
sco,Scotland,hibernian,Hibernian FC,19,LW,TBD,TBD,TBD,TBD,0,25,25,51,59,64,53,51,62,35,41,,,,,,
sco,Scotland,hibernian,Hibernian FC,20,LW,TBD,TBD,TBD,TBD,0,25,25,51,59,64,53,51,62,35,41,,,,,,
sco,Scotland,hibernian,Hibernian FC,21,RW,TBD,TBD,TBD,TBD,0,25,25,51,59,64,53,51,62,35,41,,,,,,
sco,Scotland,hibernian,Hibernian FC,22,RW,TBD,TBD,TBD,TBD,0,25,25,51,59,64,53,51,62,35,41,,,,,,
sco,Scotland,hibernian,Hibernian FC,23,ST,TBD,TBD,TBD,TBD,0,25,25,51,59,59,59,44,57,35,53,,,,,,
sco,Scotland,hibernian,Hibernian FC,24,ST,TBD,TBD,TBD,TBD,0,25,25,51,59,59,59,44,57,35,53,,,,,,
sco,Scotland,hibernian,Hibernian FC,25,ST,TBD,TBD,TBD,TBD,0,25,25,51,59,59,59,44,57,35,53,,,,,,
ger,Germany,holstein-kiel,Holstein Kiel,1,RB,TBD,TBD,TBD,TBD,25,25,1,58,66,63,40,56,60,58,59,,,,,,
cro,Croatia,cro,Hrvatska Nogometna Liga,1,GK,TBD,TBD,TBD,TBD,0,25,25,60,68,,,,,,,62,60,58,63,35,61
cro,Croatia,cro,Hrvatska Nogometna Liga,2,GK,TBD,TBD,TBD,TBD,0,25,25,60,68,,,,,,,62,60,58,63,35,61
cro,Croatia,cro,Hrvatska Nogometna Liga,3,CB,TBD,TBD,TBD,TBD,0,25,25,60,68,52,35,50,48,64,66,,,,,,
cro,Croatia,cro,Hrvatska Nogometna Liga,4,CB,TBD,TBD,TBD,TBD,0,25,25,60,68,52,35,50,48,64,66,,,,,,
cro,Croatia,cro,Hrvatska Nogometna Liga,5,CB,TBD,TBD,TBD,TBD,0,25,25,60,68,52,35,50,48,64,66,,,,,,
cro,Croatia,cro,Hrvatska Nogometna Liga,6,CB,TBD,TBD,TBD,TBD,0,25,25,60,68,52,35,50,48,64,66,,,,,,
cro,Croatia,cro,Hrvatska Nogometna Liga,7,CB,TBD,TBD,TBD,TBD,0,25,25,60,68,52,35,50,48,64,66,,,,,,
cro,Croatia,cro,Hrvatska Nogometna Liga,8,LB,TBD,TBD,TBD,TBD,0,25,25,61,69,66,43,59,63,61,62,,,,,,
cro,Croatia,cro,Hrvatska Nogometna Liga,9,LB,TBD,TBD,TBD,TBD,0,25,25,61,69,66,43,59,63,61,62,,,,,,
cro,Croatia,cro,Hrvatska Nogometna Liga,10,RB,TBD,TBD,TBD,TBD,0,25,25,61,69,66,43,59,63,61,62,,,,,,
cro,Croatia,cro,Hrvatska Nogometna Liga,11,RB,TBD,TBD,TBD,TBD,0,25,25,61,69,66,43,59,63,61,62,,,,,,
cro,Croatia,cro,Hrvatska Nogometna Liga,12,CDM,TBD,TBD,TBD,TBD,0,25,25,61,69,58,49,63,61,65,66,,,,,,
cro,Croatia,cro,Hrvatska Nogometna Liga,13,CM,TBD,TBD,TBD,TBD,0,25,25,62,70,61,58,66,67,60,62,,,,,,
cro,Croatia,cro,Hrvatska Nogometna Liga,14,CM,TBD,TBD,TBD,TBD,0,25,25,62,70,61,58,66,67,60,62,,,,,,
cro,Croatia,cro,Hrvatska Nogometna Liga,15,CM,TBD,TBD,TBD,TBD,0,25,25,62,70,61,58,66,67,60,62,,,,,,
cro,Croatia,cro,Hrvatska Nogometna Liga,16,CM,TBD,TBD,TBD,TBD,0,25,25,62,70,61,58,66,67,60,62,,,,,,
cro,Croatia,cro,Hrvatska Nogometna Liga,17,CM,TBD,TBD,TBD,TBD,0,25,25,62,70,61,58,66,67,60,62,,,,,,
cro,Croatia,cro,Hrvatska Nogometna Liga,18,CAM,TBD,TBD,TBD,TBD,0,25,25,62,70,65,64,70,72,44,54,,,,,,
cro,Croatia,cro,Hrvatska Nogometna Liga,19,LW,TBD,TBD,TBD,TBD,0,25,25,62,70,75,64,62,73,37,52,,,,,,
cro,Croatia,cro,Hrvatska Nogometna Liga,20,LW,TBD,TBD,TBD,TBD,0,25,25,62,70,75,64,62,73,37,52,,,,,,
cro,Croatia,cro,Hrvatska Nogometna Liga,21,RW,TBD,TBD,TBD,TBD,0,25,25,62,70,75,64,62,73,37,52,,,,,,
cro,Croatia,cro,Hrvatska Nogometna Liga,22,RW,TBD,TBD,TBD,TBD,0,25,25,62,70,75,64,62,73,37,52,,,,,,
cro,Croatia,cro,Hrvatska Nogometna Liga,23,ST,TBD,TBD,TBD,TBD,0,25,25,62,70,70,70,55,68,35,64,,,,,,
cro,Croatia,cro,Hrvatska Nogometna Liga,24,ST,TBD,TBD,TBD,TBD,0,25,25,62,70,70,70,55,68,35,64,,,,,,
cro,Croatia,cro,Hrvatska Nogometna Liga,25,ST,TBD,TBD,TBD,TBD,0,25,25,62,70,70,70,55,68,35,64,,,,,,
den,Denmark,hvidovre,Hvidovre IF,1,GK,TBD,TBD,TBD,TBD,0,25,25,45,53,,,,,,,47,45,43,48,35,46
den,Denmark,hvidovre,Hvidovre IF,2,GK,TBD,TBD,TBD,TBD,0,25,25,45,53,,,,,,,47,45,43,48,35,46
den,Denmark,hvidovre,Hvidovre IF,3,CB,TBD,TBD,TBD,TBD,0,25,25,45,53,37,35,35,35,49,51,,,,,,
den,Denmark,hvidovre,Hvidovre IF,4,CB,TBD,TBD,TBD,TBD,0,25,25,45,53,37,35,35,35,49,51,,,,,,
den,Denmark,hvidovre,Hvidovre IF,5,CB,TBD,TBD,TBD,TBD,0,25,25,45,53,37,35,35,35,49,51,,,,,,
den,Denmark,hvidovre,Hvidovre IF,6,CB,TBD,TBD,TBD,TBD,0,25,25,45,53,37,35,35,35,49,51,,,,,,
den,Denmark,hvidovre,Hvidovre IF,7,CB,TBD,TBD,TBD,TBD,0,25,25,45,53,37,35,35,35,49,51,,,,,,
den,Denmark,hvidovre,Hvidovre IF,8,LB,TBD,TBD,TBD,TBD,0,25,25,46,54,51,35,44,48,46,47,,,,,,
den,Denmark,hvidovre,Hvidovre IF,9,LB,TBD,TBD,TBD,TBD,0,25,25,46,54,51,35,44,48,46,47,,,,,,
den,Denmark,hvidovre,Hvidovre IF,10,RB,TBD,TBD,TBD,TBD,0,25,25,46,54,51,35,44,48,46,47,,,,,,
den,Denmark,hvidovre,Hvidovre IF,11,RB,TBD,TBD,TBD,TBD,0,25,25,46,54,51,35,44,48,46,47,,,,,,
den,Denmark,hvidovre,Hvidovre IF,12,CDM,TBD,TBD,TBD,TBD,0,25,25,46,54,43,35,48,46,50,51,,,,,,
den,Denmark,hvidovre,Hvidovre IF,13,CM,TBD,TBD,TBD,TBD,0,25,25,47,55,46,43,51,52,45,47,,,,,,
den,Denmark,hvidovre,Hvidovre IF,14,CM,TBD,TBD,TBD,TBD,0,25,25,47,55,46,43,51,52,45,47,,,,,,
den,Denmark,hvidovre,Hvidovre IF,15,CM,TBD,TBD,TBD,TBD,0,25,25,47,55,46,43,51,52,45,47,,,,,,
den,Denmark,hvidovre,Hvidovre IF,16,CM,TBD,TBD,TBD,TBD,0,25,25,47,55,46,43,51,52,45,47,,,,,,
den,Denmark,hvidovre,Hvidovre IF,17,CM,TBD,TBD,TBD,TBD,0,25,25,47,55,46,43,51,52,45,47,,,,,,
den,Denmark,hvidovre,Hvidovre IF,18,CAM,TBD,TBD,TBD,TBD,0,25,25,47,55,50,49,55,57,35,39,,,,,,
den,Denmark,hvidovre,Hvidovre IF,19,LW,TBD,TBD,TBD,TBD,0,25,25,47,55,60,49,47,58,35,37,,,,,,
den,Denmark,hvidovre,Hvidovre IF,20,LW,TBD,TBD,TBD,TBD,0,25,25,47,55,60,49,47,58,35,37,,,,,,
den,Denmark,hvidovre,Hvidovre IF,21,RW,TBD,TBD,TBD,TBD,0,25,25,47,55,60,49,47,58,35,37,,,,,,
den,Denmark,hvidovre,Hvidovre IF,22,RW,TBD,TBD,TBD,TBD,0,25,25,47,55,60,49,47,58,35,37,,,,,,
den,Denmark,hvidovre,Hvidovre IF,23,ST,TBD,TBD,TBD,TBD,0,25,25,47,55,55,55,40,53,35,49,,,,,,
den,Denmark,hvidovre,Hvidovre IF,24,ST,TBD,TBD,TBD,TBD,0,25,25,47,55,55,55,40,53,35,49,,,,,,
den,Denmark,hvidovre,Hvidovre IF,25,ST,TBD,TBD,TBD,TBD,0,25,25,47,55,55,55,40,53,35,49,,,,,,
swe,Sweden,brommapojkarna,IF Brommapojkarna,1,GK,TBD,TBD,TBD,TBD,0,25,25,45,53,,,,,,,47,45,43,48,35,46
swe,Sweden,brommapojkarna,IF Brommapojkarna,2,GK,TBD,TBD,TBD,TBD,0,25,25,45,53,,,,,,,47,45,43,48,35,46
swe,Sweden,brommapojkarna,IF Brommapojkarna,3,CB,TBD,TBD,TBD,TBD,0,25,25,45,53,37,35,35,35,49,51,,,,,,
swe,Sweden,brommapojkarna,IF Brommapojkarna,4,CB,TBD,TBD,TBD,TBD,0,25,25,45,53,37,35,35,35,49,51,,,,,,
swe,Sweden,brommapojkarna,IF Brommapojkarna,5,CB,TBD,TBD,TBD,TBD,0,25,25,45,53,37,35,35,35,49,51,,,,,,
swe,Sweden,brommapojkarna,IF Brommapojkarna,6,CB,TBD,TBD,TBD,TBD,0,25,25,45,53,37,35,35,35,49,51,,,,,,
swe,Sweden,brommapojkarna,IF Brommapojkarna,7,CB,TBD,TBD,TBD,TBD,0,25,25,45,53,37,35,35,35,49,51,,,,,,
swe,Sweden,brommapojkarna,IF Brommapojkarna,8,LB,TBD,TBD,TBD,TBD,0,25,25,46,54,51,35,44,48,46,47,,,,,,
swe,Sweden,brommapojkarna,IF Brommapojkarna,9,LB,TBD,TBD,TBD,TBD,0,25,25,46,54,51,35,44,48,46,47,,,,,,
swe,Sweden,brommapojkarna,IF Brommapojkarna,10,RB,TBD,TBD,TBD,TBD,0,25,25,46,54,51,35,44,48,46,47,,,,,,
swe,Sweden,brommapojkarna,IF Brommapojkarna,11,RB,TBD,TBD,TBD,TBD,0,25,25,46,54,51,35,44,48,46,47,,,,,,
swe,Sweden,brommapojkarna,IF Brommapojkarna,12,CDM,TBD,TBD,TBD,TBD,0,25,25,46,54,43,35,48,46,50,51,,,,,,
swe,Sweden,brommapojkarna,IF Brommapojkarna,13,CM,TBD,TBD,TBD,TBD,0,25,25,47,55,46,43,51,52,45,47,,,,,,
swe,Sweden,brommapojkarna,IF Brommapojkarna,14,CM,TBD,TBD,TBD,TBD,0,25,25,47,55,46,43,51,52,45,47,,,,,,
swe,Sweden,brommapojkarna,IF Brommapojkarna,15,CM,TBD,TBD,TBD,TBD,0,25,25,47,55,46,43,51,52,45,47,,,,,,
swe,Sweden,brommapojkarna,IF Brommapojkarna,16,CM,TBD,TBD,TBD,TBD,0,25,25,47,55,46,43,51,52,45,47,,,,,,
swe,Sweden,brommapojkarna,IF Brommapojkarna,17,CM,TBD,TBD,TBD,TBD,0,25,25,47,55,46,43,51,52,45,47,,,,,,
swe,Sweden,brommapojkarna,IF Brommapojkarna,18,CAM,TBD,TBD,TBD,TBD,0,25,25,47,55,50,49,55,57,35,39,,,,,,
swe,Sweden,brommapojkarna,IF Brommapojkarna,19,LW,TBD,TBD,TBD,TBD,0,25,25,47,55,60,49,47,58,35,37,,,,,,
swe,Sweden,brommapojkarna,IF Brommapojkarna,20,LW,TBD,TBD,TBD,TBD,0,25,25,47,55,60,49,47,58,35,37,,,,,,
swe,Sweden,brommapojkarna,IF Brommapojkarna,21,RW,TBD,TBD,TBD,TBD,0,25,25,47,55,60,49,47,58,35,37,,,,,,
swe,Sweden,brommapojkarna,IF Brommapojkarna,22,RW,TBD,TBD,TBD,TBD,0,25,25,47,55,60,49,47,58,35,37,,,,,,
swe,Sweden,brommapojkarna,IF Brommapojkarna,23,ST,TBD,TBD,TBD,TBD,0,25,25,47,55,55,55,40,53,35,49,,,,,,
swe,Sweden,brommapojkarna,IF Brommapojkarna,24,ST,TBD,TBD,TBD,TBD,0,25,25,47,55,55,55,40,53,35,49,,,,,,
swe,Sweden,brommapojkarna,IF Brommapojkarna,25,ST,TBD,TBD,TBD,TBD,0,25,25,47,55,55,55,40,53,35,49,,,,,,
swe,Sweden,elfsborg,IF Elfsborg,1,GK,TBD,TBD,TBD,TBD,0,25,25,52,60,,,,,,,54,52,50,55,35,53
swe,Sweden,elfsborg,IF Elfsborg,2,GK,TBD,TBD,TBD,TBD,0,25,25,52,60,,,,,,,54,52,50,55,35,53
swe,Sweden,elfsborg,IF Elfsborg,3,CB,TBD,TBD,TBD,TBD,0,25,25,52,60,44,35,42,40,56,58,,,,,,
swe,Sweden,elfsborg,IF Elfsborg,4,CB,TBD,TBD,TBD,TBD,0,25,25,52,60,44,35,42,40,56,58,,,,,,
swe,Sweden,elfsborg,IF Elfsborg,5,CB,TBD,TBD,TBD,TBD,0,25,25,52,60,44,35,42,40,56,58,,,,,,
swe,Sweden,elfsborg,IF Elfsborg,6,CB,TBD,TBD,TBD,TBD,0,25,25,52,60,44,35,42,40,56,58,,,,,,
swe,Sweden,elfsborg,IF Elfsborg,7,CB,TBD,TBD,TBD,TBD,0,25,25,52,60,44,35,42,40,56,58,,,,,,
swe,Sweden,elfsborg,IF Elfsborg,8,LB,TBD,TBD,TBD,TBD,0,25,25,53,61,58,35,51,55,53,54,,,,,,
swe,Sweden,elfsborg,IF Elfsborg,9,LB,TBD,TBD,TBD,TBD,0,25,25,53,61,58,35,51,55,53,54,,,,,,
swe,Sweden,elfsborg,IF Elfsborg,10,RB,TBD,TBD,TBD,TBD,0,25,25,53,61,58,35,51,55,53,54,,,,,,
swe,Sweden,elfsborg,IF Elfsborg,11,RB,TBD,TBD,TBD,TBD,0,25,25,53,61,58,35,51,55,53,54,,,,,,
swe,Sweden,elfsborg,IF Elfsborg,12,CDM,TBD,TBD,TBD,TBD,0,25,25,53,61,50,41,55,53,57,58,,,,,,
swe,Sweden,elfsborg,IF Elfsborg,13,CM,TBD,TBD,TBD,TBD,0,25,25,54,62,53,50,58,59,52,54,,,,,,
swe,Sweden,elfsborg,IF Elfsborg,14,CM,TBD,TBD,TBD,TBD,0,25,25,54,62,53,50,58,59,52,54,,,,,,
swe,Sweden,elfsborg,IF Elfsborg,15,CM,TBD,TBD,TBD,TBD,0,25,25,54,62,53,50,58,59,52,54,,,,,,
swe,Sweden,elfsborg,IF Elfsborg,16,CM,TBD,TBD,TBD,TBD,0,25,25,54,62,53,50,58,59,52,54,,,,,,
swe,Sweden,elfsborg,IF Elfsborg,17,CM,TBD,TBD,TBD,TBD,0,25,25,54,62,53,50,58,59,52,54,,,,,,
swe,Sweden,elfsborg,IF Elfsborg,18,CAM,TBD,TBD,TBD,TBD,0,25,25,54,62,57,56,62,64,36,46,,,,,,
swe,Sweden,elfsborg,IF Elfsborg,19,LW,TBD,TBD,TBD,TBD,0,25,25,54,62,67,56,54,65,35,44,,,,,,
swe,Sweden,elfsborg,IF Elfsborg,20,LW,TBD,TBD,TBD,TBD,0,25,25,54,62,67,56,54,65,35,44,,,,,,
swe,Sweden,elfsborg,IF Elfsborg,21,RW,TBD,TBD,TBD,TBD,0,25,25,54,62,67,56,54,65,35,44,,,,,,
swe,Sweden,elfsborg,IF Elfsborg,22,RW,TBD,TBD,TBD,TBD,0,25,25,54,62,67,56,54,65,35,44,,,,,,
swe,Sweden,elfsborg,IF Elfsborg,23,ST,TBD,TBD,TBD,TBD,0,25,25,54,62,62,62,47,60,35,56,,,,,,
swe,Sweden,elfsborg,IF Elfsborg,24,ST,TBD,TBD,TBD,TBD,0,25,25,54,62,62,62,47,60,35,56,,,,,,
swe,Sweden,elfsborg,IF Elfsborg,25,ST,TBD,TBD,TBD,TBD,0,25,25,54,62,62,62,47,60,35,56,,,,,,
swe,Sweden,ifk-goteborg,IFK Göteborg,1,GK,TBD,TBD,TBD,TBD,0,25,25,52,60,,,,,,,54,52,50,55,35,53
swe,Sweden,ifk-goteborg,IFK Göteborg,2,GK,TBD,TBD,TBD,TBD,0,25,25,52,60,,,,,,,54,52,50,55,35,53
swe,Sweden,ifk-goteborg,IFK Göteborg,3,CB,TBD,TBD,TBD,TBD,0,25,25,52,60,44,35,42,40,56,58,,,,,,
swe,Sweden,ifk-goteborg,IFK Göteborg,4,CB,TBD,TBD,TBD,TBD,0,25,25,52,60,44,35,42,40,56,58,,,,,,
swe,Sweden,ifk-goteborg,IFK Göteborg,5,CB,TBD,TBD,TBD,TBD,0,25,25,52,60,44,35,42,40,56,58,,,,,,
swe,Sweden,ifk-goteborg,IFK Göteborg,6,CB,TBD,TBD,TBD,TBD,0,25,25,52,60,44,35,42,40,56,58,,,,,,
swe,Sweden,ifk-goteborg,IFK Göteborg,7,CB,TBD,TBD,TBD,TBD,0,25,25,52,60,44,35,42,40,56,58,,,,,,
swe,Sweden,ifk-goteborg,IFK Göteborg,8,LB,TBD,TBD,TBD,TBD,0,25,25,53,61,58,35,51,55,53,54,,,,,,
swe,Sweden,ifk-goteborg,IFK Göteborg,9,LB,TBD,TBD,TBD,TBD,0,25,25,53,61,58,35,51,55,53,54,,,,,,
swe,Sweden,ifk-goteborg,IFK Göteborg,10,RB,TBD,TBD,TBD,TBD,0,25,25,53,61,58,35,51,55,53,54,,,,,,
swe,Sweden,ifk-goteborg,IFK Göteborg,11,RB,TBD,TBD,TBD,TBD,0,25,25,53,61,58,35,51,55,53,54,,,,,,
swe,Sweden,ifk-goteborg,IFK Göteborg,12,CDM,TBD,TBD,TBD,TBD,0,25,25,53,61,50,41,55,53,57,58,,,,,,
swe,Sweden,ifk-goteborg,IFK Göteborg,13,CM,TBD,TBD,TBD,TBD,0,25,25,54,62,53,50,58,59,52,54,,,,,,
swe,Sweden,ifk-goteborg,IFK Göteborg,14,CM,TBD,TBD,TBD,TBD,0,25,25,54,62,53,50,58,59,52,54,,,,,,
swe,Sweden,ifk-goteborg,IFK Göteborg,15,CM,TBD,TBD,TBD,TBD,0,25,25,54,62,53,50,58,59,52,54,,,,,,
swe,Sweden,ifk-goteborg,IFK Göteborg,16,CM,TBD,TBD,TBD,TBD,0,25,25,54,62,53,50,58,59,52,54,,,,,,
swe,Sweden,ifk-goteborg,IFK Göteborg,17,CM,TBD,TBD,TBD,TBD,0,25,25,54,62,53,50,58,59,52,54,,,,,,
swe,Sweden,ifk-goteborg,IFK Göteborg,18,CAM,TBD,TBD,TBD,TBD,0,25,25,54,62,57,56,62,64,36,46,,,,,,
swe,Sweden,ifk-goteborg,IFK Göteborg,19,LW,TBD,TBD,TBD,TBD,0,25,25,54,62,67,56,54,65,35,44,,,,,,
swe,Sweden,ifk-goteborg,IFK Göteborg,20,LW,TBD,TBD,TBD,TBD,0,25,25,54,62,67,56,54,65,35,44,,,,,,
swe,Sweden,ifk-goteborg,IFK Göteborg,21,RW,TBD,TBD,TBD,TBD,0,25,25,54,62,67,56,54,65,35,44,,,,,,
swe,Sweden,ifk-goteborg,IFK Göteborg,22,RW,TBD,TBD,TBD,TBD,0,25,25,54,62,67,56,54,65,35,44,,,,,,
swe,Sweden,ifk-goteborg,IFK Göteborg,23,ST,TBD,TBD,TBD,TBD,0,25,25,54,62,62,62,47,60,35,56,,,,,,
swe,Sweden,ifk-goteborg,IFK Göteborg,24,ST,TBD,TBD,TBD,TBD,0,25,25,54,62,62,62,47,60,35,56,,,,,,
swe,Sweden,ifk-goteborg,IFK Göteborg,25,ST,TBD,TBD,TBD,TBD,0,25,25,54,62,62,62,47,60,35,56,,,,,,
fin,Finland,mariehamn,IFK Mariehamn,1,GK,TBD,TBD,TBD,TBD,0,25,25,45,53,,,,,,,47,45,43,48,35,46
fin,Finland,mariehamn,IFK Mariehamn,2,GK,TBD,TBD,TBD,TBD,0,25,25,45,53,,,,,,,47,45,43,48,35,46
fin,Finland,mariehamn,IFK Mariehamn,3,CB,TBD,TBD,TBD,TBD,0,25,25,45,53,37,35,35,35,49,51,,,,,,
fin,Finland,mariehamn,IFK Mariehamn,4,CB,TBD,TBD,TBD,TBD,0,25,25,45,53,37,35,35,35,49,51,,,,,,
fin,Finland,mariehamn,IFK Mariehamn,5,CB,TBD,TBD,TBD,TBD,0,25,25,45,53,37,35,35,35,49,51,,,,,,
fin,Finland,mariehamn,IFK Mariehamn,6,CB,TBD,TBD,TBD,TBD,0,25,25,45,53,37,35,35,35,49,51,,,,,,
fin,Finland,mariehamn,IFK Mariehamn,7,CB,TBD,TBD,TBD,TBD,0,25,25,45,53,37,35,35,35,49,51,,,,,,
fin,Finland,mariehamn,IFK Mariehamn,8,LB,TBD,TBD,TBD,TBD,0,25,25,46,54,51,35,44,48,46,47,,,,,,
fin,Finland,mariehamn,IFK Mariehamn,9,LB,TBD,TBD,TBD,TBD,0,25,25,46,54,51,35,44,48,46,47,,,,,,
fin,Finland,mariehamn,IFK Mariehamn,10,RB,TBD,TBD,TBD,TBD,0,25,25,46,54,51,35,44,48,46,47,,,,,,
fin,Finland,mariehamn,IFK Mariehamn,11,RB,TBD,TBD,TBD,TBD,0,25,25,46,54,51,35,44,48,46,47,,,,,,
fin,Finland,mariehamn,IFK Mariehamn,12,CDM,TBD,TBD,TBD,TBD,0,25,25,46,54,43,35,48,46,50,51,,,,,,
fin,Finland,mariehamn,IFK Mariehamn,13,CM,TBD,TBD,TBD,TBD,0,25,25,47,55,46,43,51,52,45,47,,,,,,
fin,Finland,mariehamn,IFK Mariehamn,14,CM,TBD,TBD,TBD,TBD,0,25,25,47,55,46,43,51,52,45,47,,,,,,
fin,Finland,mariehamn,IFK Mariehamn,15,CM,TBD,TBD,TBD,TBD,0,25,25,47,55,46,43,51,52,45,47,,,,,,
fin,Finland,mariehamn,IFK Mariehamn,16,CM,TBD,TBD,TBD,TBD,0,25,25,47,55,46,43,51,52,45,47,,,,,,
fin,Finland,mariehamn,IFK Mariehamn,17,CM,TBD,TBD,TBD,TBD,0,25,25,47,55,46,43,51,52,45,47,,,,,,
fin,Finland,mariehamn,IFK Mariehamn,18,CAM,TBD,TBD,TBD,TBD,0,25,25,47,55,50,49,55,57,35,39,,,,,,
fin,Finland,mariehamn,IFK Mariehamn,19,LW,TBD,TBD,TBD,TBD,0,25,25,47,55,60,49,47,58,35,37,,,,,,
fin,Finland,mariehamn,IFK Mariehamn,20,LW,TBD,TBD,TBD,TBD,0,25,25,47,55,60,49,47,58,35,37,,,,,,
fin,Finland,mariehamn,IFK Mariehamn,21,RW,TBD,TBD,TBD,TBD,0,25,25,47,55,60,49,47,58,35,37,,,,,,
fin,Finland,mariehamn,IFK Mariehamn,22,RW,TBD,TBD,TBD,TBD,0,25,25,47,55,60,49,47,58,35,37,,,,,,
fin,Finland,mariehamn,IFK Mariehamn,23,ST,TBD,TBD,TBD,TBD,0,25,25,47,55,55,55,40,53,35,49,,,,,,
fin,Finland,mariehamn,IFK Mariehamn,24,ST,TBD,TBD,TBD,TBD,0,25,25,47,55,55,55,40,53,35,49,,,,,,
fin,Finland,mariehamn,IFK Mariehamn,25,ST,TBD,TBD,TBD,TBD,0,25,25,47,55,55,55,40,53,35,49,,,,,,
swe,Sweden,ifk-norrkoping,IFK Norrköping,1,GK,TBD,TBD,TBD,TBD,0,25,25,50,58,,,,,,,52,50,48,53,35,51
swe,Sweden,ifk-norrkoping,IFK Norrköping,2,GK,TBD,TBD,TBD,TBD,0,25,25,50,58,,,,,,,52,50,48,53,35,51
swe,Sweden,ifk-norrkoping,IFK Norrköping,3,CB,TBD,TBD,TBD,TBD,0,25,25,50,58,42,35,40,38,54,56,,,,,,
swe,Sweden,ifk-norrkoping,IFK Norrköping,4,CB,TBD,TBD,TBD,TBD,0,25,25,50,58,42,35,40,38,54,56,,,,,,
swe,Sweden,ifk-norrkoping,IFK Norrköping,5,CB,TBD,TBD,TBD,TBD,0,25,25,50,58,42,35,40,38,54,56,,,,,,
swe,Sweden,ifk-norrkoping,IFK Norrköping,6,CB,TBD,TBD,TBD,TBD,0,25,25,50,58,42,35,40,38,54,56,,,,,,
swe,Sweden,ifk-norrkoping,IFK Norrköping,7,CB,TBD,TBD,TBD,TBD,0,25,25,50,58,42,35,40,38,54,56,,,,,,
swe,Sweden,ifk-norrkoping,IFK Norrköping,8,LB,TBD,TBD,TBD,TBD,0,25,25,51,59,56,35,49,53,51,52,,,,,,
swe,Sweden,ifk-norrkoping,IFK Norrköping,9,LB,TBD,TBD,TBD,TBD,0,25,25,51,59,56,35,49,53,51,52,,,,,,
swe,Sweden,ifk-norrkoping,IFK Norrköping,10,RB,TBD,TBD,TBD,TBD,0,25,25,51,59,56,35,49,53,51,52,,,,,,
swe,Sweden,ifk-norrkoping,IFK Norrköping,11,RB,TBD,TBD,TBD,TBD,0,25,25,51,59,56,35,49,53,51,52,,,,,,
swe,Sweden,ifk-norrkoping,IFK Norrköping,12,CDM,TBD,TBD,TBD,TBD,0,25,25,51,59,48,39,53,51,55,56,,,,,,
swe,Sweden,ifk-norrkoping,IFK Norrköping,13,CM,TBD,TBD,TBD,TBD,0,25,25,52,60,51,48,56,57,50,52,,,,,,
swe,Sweden,ifk-norrkoping,IFK Norrköping,14,CM,TBD,TBD,TBD,TBD,0,25,25,52,60,51,48,56,57,50,52,,,,,,
swe,Sweden,ifk-norrkoping,IFK Norrköping,15,CM,TBD,TBD,TBD,TBD,0,25,25,52,60,51,48,56,57,50,52,,,,,,
swe,Sweden,ifk-norrkoping,IFK Norrköping,16,CM,TBD,TBD,TBD,TBD,0,25,25,52,60,51,48,56,57,50,52,,,,,,
swe,Sweden,ifk-norrkoping,IFK Norrköping,17,CM,TBD,TBD,TBD,TBD,0,25,25,52,60,51,48,56,57,50,52,,,,,,
swe,Sweden,ifk-norrkoping,IFK Norrköping,18,CAM,TBD,TBD,TBD,TBD,0,25,25,52,60,55,54,60,62,35,44,,,,,,
swe,Sweden,ifk-norrkoping,IFK Norrköping,19,LW,TBD,TBD,TBD,TBD,0,25,25,52,60,65,54,52,63,35,42,,,,,,
swe,Sweden,ifk-norrkoping,IFK Norrköping,20,LW,TBD,TBD,TBD,TBD,0,25,25,52,60,65,54,52,63,35,42,,,,,,
swe,Sweden,ifk-norrkoping,IFK Norrköping,21,RW,TBD,TBD,TBD,TBD,0,25,25,52,60,65,54,52,63,35,42,,,,,,
swe,Sweden,ifk-norrkoping,IFK Norrköping,22,RW,TBD,TBD,TBD,TBD,0,25,25,52,60,65,54,52,63,35,42,,,,,,
swe,Sweden,ifk-norrkoping,IFK Norrköping,23,ST,TBD,TBD,TBD,TBD,0,25,25,52,60,60,60,45,58,35,54,,,,,,
swe,Sweden,ifk-norrkoping,IFK Norrköping,24,ST,TBD,TBD,TBD,TBD,0,25,25,52,60,60,60,45,58,35,54,,,,,,
swe,Sweden,ifk-norrkoping,IFK Norrköping,25,ST,TBD,TBD,TBD,TBD,0,25,25,52,60,60,60,45,58,35,54,,,,,,
swe,Sweden,varnamo,IFK Värnamo,1,GK,TBD,TBD,TBD,TBD,0,25,25,45,53,,,,,,,47,45,43,48,35,46
swe,Sweden,varnamo,IFK Värnamo,2,GK,TBD,TBD,TBD,TBD,0,25,25,45,53,,,,,,,47,45,43,48,35,46
swe,Sweden,varnamo,IFK Värnamo,3,CB,TBD,TBD,TBD,TBD,0,25,25,45,53,37,35,35,35,49,51,,,,,,
swe,Sweden,varnamo,IFK Värnamo,4,CB,TBD,TBD,TBD,TBD,0,25,25,45,53,37,35,35,35,49,51,,,,,,
swe,Sweden,varnamo,IFK Värnamo,5,CB,TBD,TBD,TBD,TBD,0,25,25,45,53,37,35,35,35,49,51,,,,,,
swe,Sweden,varnamo,IFK Värnamo,6,CB,TBD,TBD,TBD,TBD,0,25,25,45,53,37,35,35,35,49,51,,,,,,
swe,Sweden,varnamo,IFK Värnamo,7,CB,TBD,TBD,TBD,TBD,0,25,25,45,53,37,35,35,35,49,51,,,,,,
swe,Sweden,varnamo,IFK Värnamo,8,LB,TBD,TBD,TBD,TBD,0,25,25,46,54,51,35,44,48,46,47,,,,,,
swe,Sweden,varnamo,IFK Värnamo,9,LB,TBD,TBD,TBD,TBD,0,25,25,46,54,51,35,44,48,46,47,,,,,,
swe,Sweden,varnamo,IFK Värnamo,10,RB,TBD,TBD,TBD,TBD,0,25,25,46,54,51,35,44,48,46,47,,,,,,
swe,Sweden,varnamo,IFK Värnamo,11,RB,TBD,TBD,TBD,TBD,0,25,25,46,54,51,35,44,48,46,47,,,,,,
swe,Sweden,varnamo,IFK Värnamo,12,CDM,TBD,TBD,TBD,TBD,0,25,25,46,54,43,35,48,46,50,51,,,,,,
swe,Sweden,varnamo,IFK Värnamo,13,CM,TBD,TBD,TBD,TBD,0,25,25,47,55,46,43,51,52,45,47,,,,,,
swe,Sweden,varnamo,IFK Värnamo,14,CM,TBD,TBD,TBD,TBD,0,25,25,47,55,46,43,51,52,45,47,,,,,,
swe,Sweden,varnamo,IFK Värnamo,15,CM,TBD,TBD,TBD,TBD,0,25,25,47,55,46,43,51,52,45,47,,,,,,
swe,Sweden,varnamo,IFK Värnamo,16,CM,TBD,TBD,TBD,TBD,0,25,25,47,55,46,43,51,52,45,47,,,,,,
swe,Sweden,varnamo,IFK Värnamo,17,CM,TBD,TBD,TBD,TBD,0,25,25,47,55,46,43,51,52,45,47,,,,,,
swe,Sweden,varnamo,IFK Värnamo,18,CAM,TBD,TBD,TBD,TBD,0,25,25,47,55,50,49,55,57,35,39,,,,,,
swe,Sweden,varnamo,IFK Värnamo,19,LW,TBD,TBD,TBD,TBD,0,25,25,47,55,60,49,47,58,35,37,,,,,,
swe,Sweden,varnamo,IFK Värnamo,20,LW,TBD,TBD,TBD,TBD,0,25,25,47,55,60,49,47,58,35,37,,,,,,
swe,Sweden,varnamo,IFK Värnamo,21,RW,TBD,TBD,TBD,TBD,0,25,25,47,55,60,49,47,58,35,37,,,,,,
swe,Sweden,varnamo,IFK Värnamo,22,RW,TBD,TBD,TBD,TBD,0,25,25,47,55,60,49,47,58,35,37,,,,,,
swe,Sweden,varnamo,IFK Värnamo,23,ST,TBD,TBD,TBD,TBD,0,25,25,47,55,55,55,40,53,35,49,,,,,,
swe,Sweden,varnamo,IFK Värnamo,24,ST,TBD,TBD,TBD,TBD,0,25,25,47,55,55,55,40,53,35,49,,,,,,
swe,Sweden,varnamo,IFK Värnamo,25,ST,TBD,TBD,TBD,TBD,0,25,25,47,55,55,55,40,53,35,49,,,,,,
swe,Sweden,sirius,IK Sirius,1,GK,TBD,TBD,TBD,TBD,0,25,25,45,53,,,,,,,47,45,43,48,35,46
swe,Sweden,sirius,IK Sirius,2,GK,TBD,TBD,TBD,TBD,0,25,25,45,53,,,,,,,47,45,43,48,35,46
swe,Sweden,sirius,IK Sirius,3,CB,TBD,TBD,TBD,TBD,0,25,25,45,53,37,35,35,35,49,51,,,,,,
swe,Sweden,sirius,IK Sirius,4,CB,TBD,TBD,TBD,TBD,0,25,25,45,53,37,35,35,35,49,51,,,,,,
swe,Sweden,sirius,IK Sirius,5,CB,TBD,TBD,TBD,TBD,0,25,25,45,53,37,35,35,35,49,51,,,,,,
swe,Sweden,sirius,IK Sirius,6,CB,TBD,TBD,TBD,TBD,0,25,25,45,53,37,35,35,35,49,51,,,,,,
swe,Sweden,sirius,IK Sirius,7,CB,TBD,TBD,TBD,TBD,0,25,25,45,53,37,35,35,35,49,51,,,,,,
swe,Sweden,sirius,IK Sirius,8,LB,TBD,TBD,TBD,TBD,0,25,25,46,54,51,35,44,48,46,47,,,,,,
swe,Sweden,sirius,IK Sirius,9,LB,TBD,TBD,TBD,TBD,0,25,25,46,54,51,35,44,48,46,47,,,,,,
swe,Sweden,sirius,IK Sirius,10,RB,TBD,TBD,TBD,TBD,0,25,25,46,54,51,35,44,48,46,47,,,,,,
swe,Sweden,sirius,IK Sirius,11,RB,TBD,TBD,TBD,TBD,0,25,25,46,54,51,35,44,48,46,47,,,,,,
swe,Sweden,sirius,IK Sirius,12,CDM,TBD,TBD,TBD,TBD,0,25,25,46,54,43,35,48,46,50,51,,,,,,
swe,Sweden,sirius,IK Sirius,13,CM,TBD,TBD,TBD,TBD,0,25,25,47,55,46,43,51,52,45,47,,,,,,
swe,Sweden,sirius,IK Sirius,14,CM,TBD,TBD,TBD,TBD,0,25,25,47,55,46,43,51,52,45,47,,,,,,
swe,Sweden,sirius,IK Sirius,15,CM,TBD,TBD,TBD,TBD,0,25,25,47,55,46,43,51,52,45,47,,,,,,
swe,Sweden,sirius,IK Sirius,16,CM,TBD,TBD,TBD,TBD,0,25,25,47,55,46,43,51,52,45,47,,,,,,
swe,Sweden,sirius,IK Sirius,17,CM,TBD,TBD,TBD,TBD,0,25,25,47,55,46,43,51,52,45,47,,,,,,
swe,Sweden,sirius,IK Sirius,18,CAM,TBD,TBD,TBD,TBD,0,25,25,47,55,50,49,55,57,35,39,,,,,,
swe,Sweden,sirius,IK Sirius,19,LW,TBD,TBD,TBD,TBD,0,25,25,47,55,60,49,47,58,35,37,,,,,,
swe,Sweden,sirius,IK Sirius,20,LW,TBD,TBD,TBD,TBD,0,25,25,47,55,60,49,47,58,35,37,,,,,,
swe,Sweden,sirius,IK Sirius,21,RW,TBD,TBD,TBD,TBD,0,25,25,47,55,60,49,47,58,35,37,,,,,,
swe,Sweden,sirius,IK Sirius,22,RW,TBD,TBD,TBD,TBD,0,25,25,47,55,60,49,47,58,35,37,,,,,,
swe,Sweden,sirius,IK Sirius,23,ST,TBD,TBD,TBD,TBD,0,25,25,47,55,55,55,40,53,35,49,,,,,,
swe,Sweden,sirius,IK Sirius,24,ST,TBD,TBD,TBD,TBD,0,25,25,47,55,55,55,40,53,35,49,,,,,,
swe,Sweden,sirius,IK Sirius,25,ST,TBD,TBD,TBD,TBD,0,25,25,47,55,55,55,40,53,35,49,,,,,,
srb,Serbia,imt-novi-beograd,IMT Novi Beograd,1,GK,TBD,TBD,TBD,TBD,0,25,25,45,53,,,,,,,47,45,43,48,35,46
srb,Serbia,imt-novi-beograd,IMT Novi Beograd,2,GK,TBD,TBD,TBD,TBD,0,25,25,45,53,,,,,,,47,45,43,48,35,46
srb,Serbia,imt-novi-beograd,IMT Novi Beograd,3,CB,TBD,TBD,TBD,TBD,0,25,25,45,53,37,35,35,35,49,51,,,,,,
srb,Serbia,imt-novi-beograd,IMT Novi Beograd,4,CB,TBD,TBD,TBD,TBD,0,25,25,45,53,37,35,35,35,49,51,,,,,,
srb,Serbia,imt-novi-beograd,IMT Novi Beograd,5,CB,TBD,TBD,TBD,TBD,0,25,25,45,53,37,35,35,35,49,51,,,,,,
srb,Serbia,imt-novi-beograd,IMT Novi Beograd,6,CB,TBD,TBD,TBD,TBD,0,25,25,45,53,37,35,35,35,49,51,,,,,,
srb,Serbia,imt-novi-beograd,IMT Novi Beograd,7,CB,TBD,TBD,TBD,TBD,0,25,25,45,53,37,35,35,35,49,51,,,,,,
srb,Serbia,imt-novi-beograd,IMT Novi Beograd,8,LB,TBD,TBD,TBD,TBD,0,25,25,46,54,51,35,44,48,46,47,,,,,,
srb,Serbia,imt-novi-beograd,IMT Novi Beograd,9,LB,TBD,TBD,TBD,TBD,0,25,25,46,54,51,35,44,48,46,47,,,,,,
srb,Serbia,imt-novi-beograd,IMT Novi Beograd,10,RB,TBD,TBD,TBD,TBD,0,25,25,46,54,51,35,44,48,46,47,,,,,,
srb,Serbia,imt-novi-beograd,IMT Novi Beograd,11,RB,TBD,TBD,TBD,TBD,0,25,25,46,54,51,35,44,48,46,47,,,,,,
srb,Serbia,imt-novi-beograd,IMT Novi Beograd,12,CDM,TBD,TBD,TBD,TBD,0,25,25,46,54,43,35,48,46,50,51,,,,,,
srb,Serbia,imt-novi-beograd,IMT Novi Beograd,13,CM,TBD,TBD,TBD,TBD,0,25,25,47,55,46,43,51,52,45,47,,,,,,
srb,Serbia,imt-novi-beograd,IMT Novi Beograd,14,CM,TBD,TBD,TBD,TBD,0,25,25,47,55,46,43,51,52,45,47,,,,,,
srb,Serbia,imt-novi-beograd,IMT Novi Beograd,15,CM,TBD,TBD,TBD,TBD,0,25,25,47,55,46,43,51,52,45,47,,,,,,
srb,Serbia,imt-novi-beograd,IMT Novi Beograd,16,CM,TBD,TBD,TBD,TBD,0,25,25,47,55,46,43,51,52,45,47,,,,,,
srb,Serbia,imt-novi-beograd,IMT Novi Beograd,17,CM,TBD,TBD,TBD,TBD,0,25,25,47,55,46,43,51,52,45,47,,,,,,
srb,Serbia,imt-novi-beograd,IMT Novi Beograd,18,CAM,TBD,TBD,TBD,TBD,0,25,25,47,55,50,49,55,57,35,39,,,,,,
srb,Serbia,imt-novi-beograd,IMT Novi Beograd,19,LW,TBD,TBD,TBD,TBD,0,25,25,47,55,60,49,47,58,35,37,,,,,,
srb,Serbia,imt-novi-beograd,IMT Novi Beograd,20,LW,TBD,TBD,TBD,TBD,0,25,25,47,55,60,49,47,58,35,37,,,,,,
srb,Serbia,imt-novi-beograd,IMT Novi Beograd,21,RW,TBD,TBD,TBD,TBD,0,25,25,47,55,60,49,47,58,35,37,,,,,,
srb,Serbia,imt-novi-beograd,IMT Novi Beograd,22,RW,TBD,TBD,TBD,TBD,0,25,25,47,55,60,49,47,58,35,37,,,,,,
srb,Serbia,imt-novi-beograd,IMT Novi Beograd,23,ST,TBD,TBD,TBD,TBD,0,25,25,47,55,55,55,40,53,35,49,,,,,,
srb,Serbia,imt-novi-beograd,IMT Novi Beograd,24,ST,TBD,TBD,TBD,TBD,0,25,25,47,55,55,55,40,53,35,49,,,,,,
srb,Serbia,imt-novi-beograd,IMT Novi Beograd,25,ST,TBD,TBD,TBD,TBD,0,25,25,47,55,55,55,40,53,35,49,,,,,,
fin,Finland,ilves,Ilves Tampere,1,GK,TBD,TBD,TBD,TBD,0,25,25,45,53,,,,,,,47,45,43,48,35,46
fin,Finland,ilves,Ilves Tampere,2,GK,TBD,TBD,TBD,TBD,0,25,25,45,53,,,,,,,47,45,43,48,35,46
fin,Finland,ilves,Ilves Tampere,3,CB,TBD,TBD,TBD,TBD,0,25,25,45,53,37,35,35,35,49,51,,,,,,
fin,Finland,ilves,Ilves Tampere,4,CB,TBD,TBD,TBD,TBD,0,25,25,45,53,37,35,35,35,49,51,,,,,,
fin,Finland,ilves,Ilves Tampere,5,CB,TBD,TBD,TBD,TBD,0,25,25,45,53,37,35,35,35,49,51,,,,,,
fin,Finland,ilves,Ilves Tampere,6,CB,TBD,TBD,TBD,TBD,0,25,25,45,53,37,35,35,35,49,51,,,,,,
fin,Finland,ilves,Ilves Tampere,7,CB,TBD,TBD,TBD,TBD,0,25,25,45,53,37,35,35,35,49,51,,,,,,
fin,Finland,ilves,Ilves Tampere,8,LB,TBD,TBD,TBD,TBD,0,25,25,46,54,51,35,44,48,46,47,,,,,,
fin,Finland,ilves,Ilves Tampere,9,LB,TBD,TBD,TBD,TBD,0,25,25,46,54,51,35,44,48,46,47,,,,,,
fin,Finland,ilves,Ilves Tampere,10,RB,TBD,TBD,TBD,TBD,0,25,25,46,54,51,35,44,48,46,47,,,,,,
fin,Finland,ilves,Ilves Tampere,11,RB,TBD,TBD,TBD,TBD,0,25,25,46,54,51,35,44,48,46,47,,,,,,
fin,Finland,ilves,Ilves Tampere,12,CDM,TBD,TBD,TBD,TBD,0,25,25,46,54,43,35,48,46,50,51,,,,,,
fin,Finland,ilves,Ilves Tampere,13,CM,TBD,TBD,TBD,TBD,0,25,25,47,55,46,43,51,52,45,47,,,,,,
fin,Finland,ilves,Ilves Tampere,14,CM,TBD,TBD,TBD,TBD,0,25,25,47,55,46,43,51,52,45,47,,,,,,
fin,Finland,ilves,Ilves Tampere,15,CM,TBD,TBD,TBD,TBD,0,25,25,47,55,46,43,51,52,45,47,,,,,,
fin,Finland,ilves,Ilves Tampere,16,CM,TBD,TBD,TBD,TBD,0,25,25,47,55,46,43,51,52,45,47,,,,,,
fin,Finland,ilves,Ilves Tampere,17,CM,TBD,TBD,TBD,TBD,0,25,25,47,55,46,43,51,52,45,47,,,,,,
fin,Finland,ilves,Ilves Tampere,18,CAM,TBD,TBD,TBD,TBD,0,25,25,47,55,50,49,55,57,35,39,,,,,,
fin,Finland,ilves,Ilves Tampere,19,LW,TBD,TBD,TBD,TBD,0,25,25,47,55,60,49,47,58,35,37,,,,,,
fin,Finland,ilves,Ilves Tampere,20,LW,TBD,TBD,TBD,TBD,0,25,25,47,55,60,49,47,58,35,37,,,,,,
fin,Finland,ilves,Ilves Tampere,21,RW,TBD,TBD,TBD,TBD,0,25,25,47,55,60,49,47,58,35,37,,,,,,
fin,Finland,ilves,Ilves Tampere,22,RW,TBD,TBD,TBD,TBD,0,25,25,47,55,60,49,47,58,35,37,,,,,,
fin,Finland,ilves,Ilves Tampere,23,ST,TBD,TBD,TBD,TBD,0,25,25,47,55,55,55,40,53,35,49,,,,,,
fin,Finland,ilves,Ilves Tampere,24,ST,TBD,TBD,TBD,TBD,0,25,25,47,55,55,55,40,53,35,49,,,,,,
fin,Finland,ilves,Ilves Tampere,25,ST,TBD,TBD,TBD,TBD,0,25,25,47,55,55,55,40,53,35,49,,,,,,
ita,Italy,inter-milan,Inter Milan,1,CM,TBD,TBD,TBD,TBD,25,25,5,86,91,85,82,90,91,84,86,,,,,,
ita,Italy,inter-milan,Inter Milan,2,CAM,TBD,TBD,TBD,TBD,25,25,5,86,91,89,88,94,95,68,78,,,,,,
ita,Italy,inter-milan,Inter Milan,3,LW,TBD,TBD,TBD,TBD,25,25,5,86,91,95,88,86,95,61,76,,,,,,
ita,Italy,inter-milan,Inter Milan,4,RW,TBD,TBD,TBD,TBD,25,25,5,86,91,95,88,86,95,61,76,,,,,,
ita,Italy,inter-milan,Inter Milan,5,RW,TBD,TBD,TBD,TBD,25,25,5,86,91,95,88,86,95,61,76,,,,,,
isr,Israel,ironi-kiryat-shmona,Ironi Kiryat Shmona,1,GK,TBD,TBD,TBD,TBD,0,25,25,45,53,,,,,,,47,45,43,48,35,46
isr,Israel,ironi-kiryat-shmona,Ironi Kiryat Shmona,2,GK,TBD,TBD,TBD,TBD,0,25,25,45,53,,,,,,,47,45,43,48,35,46
isr,Israel,ironi-kiryat-shmona,Ironi Kiryat Shmona,3,CB,TBD,TBD,TBD,TBD,0,25,25,45,53,37,35,35,35,49,51,,,,,,
isr,Israel,ironi-kiryat-shmona,Ironi Kiryat Shmona,4,CB,TBD,TBD,TBD,TBD,0,25,25,45,53,37,35,35,35,49,51,,,,,,
isr,Israel,ironi-kiryat-shmona,Ironi Kiryat Shmona,5,CB,TBD,TBD,TBD,TBD,0,25,25,45,53,37,35,35,35,49,51,,,,,,
isr,Israel,ironi-kiryat-shmona,Ironi Kiryat Shmona,6,CB,TBD,TBD,TBD,TBD,0,25,25,45,53,37,35,35,35,49,51,,,,,,
isr,Israel,ironi-kiryat-shmona,Ironi Kiryat Shmona,7,CB,TBD,TBD,TBD,TBD,0,25,25,45,53,37,35,35,35,49,51,,,,,,
isr,Israel,ironi-kiryat-shmona,Ironi Kiryat Shmona,8,LB,TBD,TBD,TBD,TBD,0,25,25,46,54,51,35,44,48,46,47,,,,,,
isr,Israel,ironi-kiryat-shmona,Ironi Kiryat Shmona,9,LB,TBD,TBD,TBD,TBD,0,25,25,46,54,51,35,44,48,46,47,,,,,,
isr,Israel,ironi-kiryat-shmona,Ironi Kiryat Shmona,10,RB,TBD,TBD,TBD,TBD,0,25,25,46,54,51,35,44,48,46,47,,,,,,
isr,Israel,ironi-kiryat-shmona,Ironi Kiryat Shmona,11,RB,TBD,TBD,TBD,TBD,0,25,25,46,54,51,35,44,48,46,47,,,,,,
isr,Israel,ironi-kiryat-shmona,Ironi Kiryat Shmona,12,CDM,TBD,TBD,TBD,TBD,0,25,25,46,54,43,35,48,46,50,51,,,,,,
isr,Israel,ironi-kiryat-shmona,Ironi Kiryat Shmona,13,CM,TBD,TBD,TBD,TBD,0,25,25,47,55,46,43,51,52,45,47,,,,,,
isr,Israel,ironi-kiryat-shmona,Ironi Kiryat Shmona,14,CM,TBD,TBD,TBD,TBD,0,25,25,47,55,46,43,51,52,45,47,,,,,,
isr,Israel,ironi-kiryat-shmona,Ironi Kiryat Shmona,15,CM,TBD,TBD,TBD,TBD,0,25,25,47,55,46,43,51,52,45,47,,,,,,
isr,Israel,ironi-kiryat-shmona,Ironi Kiryat Shmona,16,CM,TBD,TBD,TBD,TBD,0,25,25,47,55,46,43,51,52,45,47,,,,,,
isr,Israel,ironi-kiryat-shmona,Ironi Kiryat Shmona,17,CM,TBD,TBD,TBD,TBD,0,25,25,47,55,46,43,51,52,45,47,,,,,,
isr,Israel,ironi-kiryat-shmona,Ironi Kiryat Shmona,18,CAM,TBD,TBD,TBD,TBD,0,25,25,47,55,50,49,55,57,35,39,,,,,,
isr,Israel,ironi-kiryat-shmona,Ironi Kiryat Shmona,19,LW,TBD,TBD,TBD,TBD,0,25,25,47,55,60,49,47,58,35,37,,,,,,
isr,Israel,ironi-kiryat-shmona,Ironi Kiryat Shmona,20,LW,TBD,TBD,TBD,TBD,0,25,25,47,55,60,49,47,58,35,37,,,,,,
isr,Israel,ironi-kiryat-shmona,Ironi Kiryat Shmona,21,RW,TBD,TBD,TBD,TBD,0,25,25,47,55,60,49,47,58,35,37,,,,,,
isr,Israel,ironi-kiryat-shmona,Ironi Kiryat Shmona,22,RW,TBD,TBD,TBD,TBD,0,25,25,47,55,60,49,47,58,35,37,,,,,,
isr,Israel,ironi-kiryat-shmona,Ironi Kiryat Shmona,23,ST,TBD,TBD,TBD,TBD,0,25,25,47,55,55,55,40,53,35,49,,,,,,
isr,Israel,ironi-kiryat-shmona,Ironi Kiryat Shmona,24,ST,TBD,TBD,TBD,TBD,0,25,25,47,55,55,55,40,53,35,49,,,,,,
isr,Israel,ironi-kiryat-shmona,Ironi Kiryat Shmona,25,ST,TBD,TBD,TBD,TBD,0,25,25,47,55,55,55,40,53,35,49,,,,,,
isr,Israel,isr,Israeli Premier League,1,GK,TBD,TBD,TBD,TBD,0,25,25,54,62,,,,,,,56,54,52,57,35,55
isr,Israel,isr,Israeli Premier League,2,GK,TBD,TBD,TBD,TBD,0,25,25,54,62,,,,,,,56,54,52,57,35,55
isr,Israel,isr,Israeli Premier League,3,CB,TBD,TBD,TBD,TBD,0,25,25,54,62,46,35,44,42,58,60,,,,,,
isr,Israel,isr,Israeli Premier League,4,CB,TBD,TBD,TBD,TBD,0,25,25,54,62,46,35,44,42,58,60,,,,,,
isr,Israel,isr,Israeli Premier League,5,CB,TBD,TBD,TBD,TBD,0,25,25,54,62,46,35,44,42,58,60,,,,,,
isr,Israel,isr,Israeli Premier League,6,CB,TBD,TBD,TBD,TBD,0,25,25,54,62,46,35,44,42,58,60,,,,,,
isr,Israel,isr,Israeli Premier League,7,CB,TBD,TBD,TBD,TBD,0,25,25,54,62,46,35,44,42,58,60,,,,,,
isr,Israel,isr,Israeli Premier League,8,LB,TBD,TBD,TBD,TBD,0,25,25,55,63,60,37,53,57,55,56,,,,,,
isr,Israel,isr,Israeli Premier League,9,LB,TBD,TBD,TBD,TBD,0,25,25,55,63,60,37,53,57,55,56,,,,,,
isr,Israel,isr,Israeli Premier League,10,RB,TBD,TBD,TBD,TBD,0,25,25,55,63,60,37,53,57,55,56,,,,,,
isr,Israel,isr,Israeli Premier League,11,RB,TBD,TBD,TBD,TBD,0,25,25,55,63,60,37,53,57,55,56,,,,,,
isr,Israel,isr,Israeli Premier League,12,CDM,TBD,TBD,TBD,TBD,0,25,25,55,63,52,43,57,55,59,60,,,,,,
isr,Israel,isr,Israeli Premier League,13,CM,TBD,TBD,TBD,TBD,0,25,25,56,64,55,52,60,61,54,56,,,,,,
isr,Israel,isr,Israeli Premier League,14,CM,TBD,TBD,TBD,TBD,0,25,25,56,64,55,52,60,61,54,56,,,,,,
isr,Israel,isr,Israeli Premier League,15,CM,TBD,TBD,TBD,TBD,0,25,25,56,64,55,52,60,61,54,56,,,,,,
isr,Israel,isr,Israeli Premier League,16,CM,TBD,TBD,TBD,TBD,0,25,25,56,64,55,52,60,61,54,56,,,,,,
isr,Israel,isr,Israeli Premier League,17,CM,TBD,TBD,TBD,TBD,0,25,25,56,64,55,52,60,61,54,56,,,,,,
isr,Israel,isr,Israeli Premier League,18,CAM,TBD,TBD,TBD,TBD,0,25,25,56,64,59,58,64,66,38,48,,,,,,
isr,Israel,isr,Israeli Premier League,19,LW,TBD,TBD,TBD,TBD,0,25,25,56,64,69,58,56,67,35,46,,,,,,
isr,Israel,isr,Israeli Premier League,20,LW,TBD,TBD,TBD,TBD,0,25,25,56,64,69,58,56,67,35,46,,,,,,
isr,Israel,isr,Israeli Premier League,21,RW,TBD,TBD,TBD,TBD,0,25,25,56,64,69,58,56,67,35,46,,,,,,
isr,Israel,isr,Israeli Premier League,22,RW,TBD,TBD,TBD,TBD,0,25,25,56,64,69,58,56,67,35,46,,,,,,
isr,Israel,isr,Israeli Premier League,23,ST,TBD,TBD,TBD,TBD,0,25,25,56,64,64,64,49,62,35,58,,,,,,
isr,Israel,isr,Israeli Premier League,24,ST,TBD,TBD,TBD,TBD,0,25,25,56,64,64,64,49,62,35,58,,,,,,
isr,Israel,isr,Israeli Premier League,25,ST,TBD,TBD,TBD,TBD,0,25,25,56,64,64,64,49,62,35,58,,,,,,
pol,Poland,jagiellonia-bialystok,Jagiellonia Białystok,1,GK,TBD,TBD,TBD,TBD,0,25,25,54,62,,,,,,,56,54,52,57,35,55
pol,Poland,jagiellonia-bialystok,Jagiellonia Białystok,2,GK,TBD,TBD,TBD,TBD,0,25,25,54,62,,,,,,,56,54,52,57,35,55
pol,Poland,jagiellonia-bialystok,Jagiellonia Białystok,3,CB,TBD,TBD,TBD,TBD,0,25,25,54,62,46,35,44,42,58,60,,,,,,
pol,Poland,jagiellonia-bialystok,Jagiellonia Białystok,4,CB,TBD,TBD,TBD,TBD,0,25,25,54,62,46,35,44,42,58,60,,,,,,
pol,Poland,jagiellonia-bialystok,Jagiellonia Białystok,5,CB,TBD,TBD,TBD,TBD,0,25,25,54,62,46,35,44,42,58,60,,,,,,
pol,Poland,jagiellonia-bialystok,Jagiellonia Białystok,6,CB,TBD,TBD,TBD,TBD,0,25,25,54,62,46,35,44,42,58,60,,,,,,
pol,Poland,jagiellonia-bialystok,Jagiellonia Białystok,7,CB,TBD,TBD,TBD,TBD,0,25,25,54,62,46,35,44,42,58,60,,,,,,
pol,Poland,jagiellonia-bialystok,Jagiellonia Białystok,8,LB,TBD,TBD,TBD,TBD,0,25,25,55,63,60,37,53,57,55,56,,,,,,
pol,Poland,jagiellonia-bialystok,Jagiellonia Białystok,9,LB,TBD,TBD,TBD,TBD,0,25,25,55,63,60,37,53,57,55,56,,,,,,
pol,Poland,jagiellonia-bialystok,Jagiellonia Białystok,10,RB,TBD,TBD,TBD,TBD,0,25,25,55,63,60,37,53,57,55,56,,,,,,
pol,Poland,jagiellonia-bialystok,Jagiellonia Białystok,11,RB,TBD,TBD,TBD,TBD,0,25,25,55,63,60,37,53,57,55,56,,,,,,
pol,Poland,jagiellonia-bialystok,Jagiellonia Białystok,12,CDM,TBD,TBD,TBD,TBD,0,25,25,55,63,52,43,57,55,59,60,,,,,,
pol,Poland,jagiellonia-bialystok,Jagiellonia Białystok,13,CM,TBD,TBD,TBD,TBD,0,25,25,56,64,55,52,60,61,54,56,,,,,,
pol,Poland,jagiellonia-bialystok,Jagiellonia Białystok,14,CM,TBD,TBD,TBD,TBD,0,25,25,56,64,55,52,60,61,54,56,,,,,,
pol,Poland,jagiellonia-bialystok,Jagiellonia Białystok,15,CM,TBD,TBD,TBD,TBD,0,25,25,56,64,55,52,60,61,54,56,,,,,,
pol,Poland,jagiellonia-bialystok,Jagiellonia Białystok,16,CM,TBD,TBD,TBD,TBD,0,25,25,56,64,55,52,60,61,54,56,,,,,,
pol,Poland,jagiellonia-bialystok,Jagiellonia Białystok,17,CM,TBD,TBD,TBD,TBD,0,25,25,56,64,55,52,60,61,54,56,,,,,,
pol,Poland,jagiellonia-bialystok,Jagiellonia Białystok,18,CAM,TBD,TBD,TBD,TBD,0,25,25,56,64,59,58,64,66,38,48,,,,,,
pol,Poland,jagiellonia-bialystok,Jagiellonia Białystok,19,LW,TBD,TBD,TBD,TBD,0,25,25,56,64,69,58,56,67,35,46,,,,,,
pol,Poland,jagiellonia-bialystok,Jagiellonia Białystok,20,LW,TBD,TBD,TBD,TBD,0,25,25,56,64,69,58,56,67,35,46,,,,,,
pol,Poland,jagiellonia-bialystok,Jagiellonia Białystok,21,RW,TBD,TBD,TBD,TBD,0,25,25,56,64,69,58,56,67,35,46,,,,,,
pol,Poland,jagiellonia-bialystok,Jagiellonia Białystok,22,RW,TBD,TBD,TBD,TBD,0,25,25,56,64,69,58,56,67,35,46,,,,,,
pol,Poland,jagiellonia-bialystok,Jagiellonia Białystok,23,ST,TBD,TBD,TBD,TBD,0,25,25,56,64,64,64,49,62,35,58,,,,,,
pol,Poland,jagiellonia-bialystok,Jagiellonia Białystok,24,ST,TBD,TBD,TBD,TBD,0,25,25,56,64,64,64,49,62,35,58,,,,,,
pol,Poland,jagiellonia-bialystok,Jagiellonia Białystok,25,ST,TBD,TBD,TBD,TBD,0,25,25,56,64,64,64,49,62,35,58,,,,,,
ita,Italy,juventus,Juventus,1,CB,TBD,TBD,TBD,TBD,25,25,4,81,86,73,51,71,69,85,87,,,,,,
ita,Italy,juventus,Juventus,2,RB,TBD,TBD,TBD,TBD,25,25,4,82,87,87,64,80,84,82,83,,,,,,
ita,Italy,juventus,Juventus,3,CAM,TBD,TBD,TBD,TBD,25,25,4,83,88,86,85,91,93,65,75,,,,,,
ita,Italy,juventus,Juventus,4,ST,TBD,TBD,TBD,TBD,25,25,4,83,88,91,91,76,89,53,85,,,,,,
isl,Iceland,ka-akureyri,KA Akureyri,1,GK,TBD,TBD,TBD,TBD,0,25,25,45,53,,,,,,,47,45,43,48,35,46
isl,Iceland,ka-akureyri,KA Akureyri,2,GK,TBD,TBD,TBD,TBD,0,25,25,45,53,,,,,,,47,45,43,48,35,46
isl,Iceland,ka-akureyri,KA Akureyri,3,CB,TBD,TBD,TBD,TBD,0,25,25,45,53,37,35,35,35,49,51,,,,,,
isl,Iceland,ka-akureyri,KA Akureyri,4,CB,TBD,TBD,TBD,TBD,0,25,25,45,53,37,35,35,35,49,51,,,,,,
isl,Iceland,ka-akureyri,KA Akureyri,5,CB,TBD,TBD,TBD,TBD,0,25,25,45,53,37,35,35,35,49,51,,,,,,
isl,Iceland,ka-akureyri,KA Akureyri,6,CB,TBD,TBD,TBD,TBD,0,25,25,45,53,37,35,35,35,49,51,,,,,,
isl,Iceland,ka-akureyri,KA Akureyri,7,CB,TBD,TBD,TBD,TBD,0,25,25,45,53,37,35,35,35,49,51,,,,,,
isl,Iceland,ka-akureyri,KA Akureyri,8,LB,TBD,TBD,TBD,TBD,0,25,25,46,54,51,35,44,48,46,47,,,,,,
isl,Iceland,ka-akureyri,KA Akureyri,9,LB,TBD,TBD,TBD,TBD,0,25,25,46,54,51,35,44,48,46,47,,,,,,
isl,Iceland,ka-akureyri,KA Akureyri,10,RB,TBD,TBD,TBD,TBD,0,25,25,46,54,51,35,44,48,46,47,,,,,,
isl,Iceland,ka-akureyri,KA Akureyri,11,RB,TBD,TBD,TBD,TBD,0,25,25,46,54,51,35,44,48,46,47,,,,,,
isl,Iceland,ka-akureyri,KA Akureyri,12,CDM,TBD,TBD,TBD,TBD,0,25,25,46,54,43,35,48,46,50,51,,,,,,
isl,Iceland,ka-akureyri,KA Akureyri,13,CM,TBD,TBD,TBD,TBD,0,25,25,47,55,46,43,51,52,45,47,,,,,,
isl,Iceland,ka-akureyri,KA Akureyri,14,CM,TBD,TBD,TBD,TBD,0,25,25,47,55,46,43,51,52,45,47,,,,,,
isl,Iceland,ka-akureyri,KA Akureyri,15,CM,TBD,TBD,TBD,TBD,0,25,25,47,55,46,43,51,52,45,47,,,,,,
isl,Iceland,ka-akureyri,KA Akureyri,16,CM,TBD,TBD,TBD,TBD,0,25,25,47,55,46,43,51,52,45,47,,,,,,
isl,Iceland,ka-akureyri,KA Akureyri,17,CM,TBD,TBD,TBD,TBD,0,25,25,47,55,46,43,51,52,45,47,,,,,,
isl,Iceland,ka-akureyri,KA Akureyri,18,CAM,TBD,TBD,TBD,TBD,0,25,25,47,55,50,49,55,57,35,39,,,,,,
isl,Iceland,ka-akureyri,KA Akureyri,19,LW,TBD,TBD,TBD,TBD,0,25,25,47,55,60,49,47,58,35,37,,,,,,
isl,Iceland,ka-akureyri,KA Akureyri,20,LW,TBD,TBD,TBD,TBD,0,25,25,47,55,60,49,47,58,35,37,,,,,,
isl,Iceland,ka-akureyri,KA Akureyri,21,RW,TBD,TBD,TBD,TBD,0,25,25,47,55,60,49,47,58,35,37,,,,,,
isl,Iceland,ka-akureyri,KA Akureyri,22,RW,TBD,TBD,TBD,TBD,0,25,25,47,55,60,49,47,58,35,37,,,,,,
isl,Iceland,ka-akureyri,KA Akureyri,23,ST,TBD,TBD,TBD,TBD,0,25,25,47,55,55,55,40,53,35,49,,,,,,
isl,Iceland,ka-akureyri,KA Akureyri,24,ST,TBD,TBD,TBD,TBD,0,25,25,47,55,55,55,40,53,35,49,,,,,,
isl,Iceland,ka-akureyri,KA Akureyri,25,ST,TBD,TBD,TBD,TBD,0,25,25,47,55,55,55,40,53,35,49,,,,,,
bel,Belgium,gent,KAA Gent,1,GK,TBD,TBD,TBD,TBD,0,25,25,72,80,,,,,,,74,72,70,75,47,73
bel,Belgium,gent,KAA Gent,2,GK,TBD,TBD,TBD,TBD,0,25,25,72,80,,,,,,,74,72,70,75,47,73
bel,Belgium,gent,KAA Gent,3,CB,TBD,TBD,TBD,TBD,0,25,25,72,80,64,42,62,60,76,78,,,,,,
bel,Belgium,gent,KAA Gent,4,CB,TBD,TBD,TBD,TBD,0,25,25,72,80,64,42,62,60,76,78,,,,,,
bel,Belgium,gent,KAA Gent,5,CB,TBD,TBD,TBD,TBD,0,25,25,72,80,64,42,62,60,76,78,,,,,,
bel,Belgium,gent,KAA Gent,6,CB,TBD,TBD,TBD,TBD,0,25,25,72,80,64,42,62,60,76,78,,,,,,
bel,Belgium,gent,KAA Gent,7,CB,TBD,TBD,TBD,TBD,0,25,25,72,80,64,42,62,60,76,78,,,,,,
bel,Belgium,gent,KAA Gent,8,LB,TBD,TBD,TBD,TBD,0,25,25,73,81,78,55,71,75,73,74,,,,,,
bel,Belgium,gent,KAA Gent,9,LB,TBD,TBD,TBD,TBD,0,25,25,73,81,78,55,71,75,73,74,,,,,,
bel,Belgium,gent,KAA Gent,10,RB,TBD,TBD,TBD,TBD,0,25,25,73,81,78,55,71,75,73,74,,,,,,
bel,Belgium,gent,KAA Gent,11,RB,TBD,TBD,TBD,TBD,0,25,25,73,81,78,55,71,75,73,74,,,,,,
bel,Belgium,gent,KAA Gent,12,CDM,TBD,TBD,TBD,TBD,0,25,25,73,81,70,61,75,73,77,78,,,,,,
bel,Belgium,gent,KAA Gent,13,CM,TBD,TBD,TBD,TBD,0,25,25,74,82,73,70,78,79,72,74,,,,,,
bel,Belgium,gent,KAA Gent,14,CM,TBD,TBD,TBD,TBD,0,25,25,74,82,73,70,78,79,72,74,,,,,,
bel,Belgium,gent,KAA Gent,15,CM,TBD,TBD,TBD,TBD,0,25,25,74,82,73,70,78,79,72,74,,,,,,
bel,Belgium,gent,KAA Gent,16,CM,TBD,TBD,TBD,TBD,0,25,25,74,82,73,70,78,79,72,74,,,,,,
bel,Belgium,gent,KAA Gent,17,CM,TBD,TBD,TBD,TBD,0,25,25,74,82,73,70,78,79,72,74,,,,,,
bel,Belgium,gent,KAA Gent,18,CAM,TBD,TBD,TBD,TBD,0,25,25,74,82,77,76,82,84,56,66,,,,,,
bel,Belgium,gent,KAA Gent,19,LW,TBD,TBD,TBD,TBD,0,25,25,74,82,87,76,74,85,49,64,,,,,,
bel,Belgium,gent,KAA Gent,20,LW,TBD,TBD,TBD,TBD,0,25,25,74,82,87,76,74,85,49,64,,,,,,
bel,Belgium,gent,KAA Gent,21,RW,TBD,TBD,TBD,TBD,0,25,25,74,82,87,76,74,85,49,64,,,,,,
bel,Belgium,gent,KAA Gent,22,RW,TBD,TBD,TBD,TBD,0,25,25,74,82,87,76,74,85,49,64,,,,,,
bel,Belgium,gent,KAA Gent,23,ST,TBD,TBD,TBD,TBD,0,25,25,74,82,82,82,67,80,44,76,,,,,,
bel,Belgium,gent,KAA Gent,24,ST,TBD,TBD,TBD,TBD,0,25,25,74,82,82,82,67,80,44,76,,,,,,
bel,Belgium,gent,KAA Gent,25,ST,TBD,TBD,TBD,TBD,0,25,25,74,82,82,82,67,80,44,76,,,,,,
svk,Slovakia,komarno,KFC Komárno,1,GK,TBD,TBD,TBD,TBD,0,25,25,45,53,,,,,,,47,45,43,48,35,46
svk,Slovakia,komarno,KFC Komárno,2,GK,TBD,TBD,TBD,TBD,0,25,25,45,53,,,,,,,47,45,43,48,35,46
svk,Slovakia,komarno,KFC Komárno,3,CB,TBD,TBD,TBD,TBD,0,25,25,45,53,37,35,35,35,49,51,,,,,,
svk,Slovakia,komarno,KFC Komárno,4,CB,TBD,TBD,TBD,TBD,0,25,25,45,53,37,35,35,35,49,51,,,,,,
svk,Slovakia,komarno,KFC Komárno,5,CB,TBD,TBD,TBD,TBD,0,25,25,45,53,37,35,35,35,49,51,,,,,,
svk,Slovakia,komarno,KFC Komárno,6,CB,TBD,TBD,TBD,TBD,0,25,25,45,53,37,35,35,35,49,51,,,,,,
svk,Slovakia,komarno,KFC Komárno,7,CB,TBD,TBD,TBD,TBD,0,25,25,45,53,37,35,35,35,49,51,,,,,,
svk,Slovakia,komarno,KFC Komárno,8,LB,TBD,TBD,TBD,TBD,0,25,25,46,54,51,35,44,48,46,47,,,,,,
svk,Slovakia,komarno,KFC Komárno,9,LB,TBD,TBD,TBD,TBD,0,25,25,46,54,51,35,44,48,46,47,,,,,,
svk,Slovakia,komarno,KFC Komárno,10,RB,TBD,TBD,TBD,TBD,0,25,25,46,54,51,35,44,48,46,47,,,,,,
svk,Slovakia,komarno,KFC Komárno,11,RB,TBD,TBD,TBD,TBD,0,25,25,46,54,51,35,44,48,46,47,,,,,,
svk,Slovakia,komarno,KFC Komárno,12,CDM,TBD,TBD,TBD,TBD,0,25,25,46,54,43,35,48,46,50,51,,,,,,
svk,Slovakia,komarno,KFC Komárno,13,CM,TBD,TBD,TBD,TBD,0,25,25,47,55,46,43,51,52,45,47,,,,,,
svk,Slovakia,komarno,KFC Komárno,14,CM,TBD,TBD,TBD,TBD,0,25,25,47,55,46,43,51,52,45,47,,,,,,
svk,Slovakia,komarno,KFC Komárno,15,CM,TBD,TBD,TBD,TBD,0,25,25,47,55,46,43,51,52,45,47,,,,,,
svk,Slovakia,komarno,KFC Komárno,16,CM,TBD,TBD,TBD,TBD,0,25,25,47,55,46,43,51,52,45,47,,,,,,
svk,Slovakia,komarno,KFC Komárno,17,CM,TBD,TBD,TBD,TBD,0,25,25,47,55,46,43,51,52,45,47,,,,,,
svk,Slovakia,komarno,KFC Komárno,18,CAM,TBD,TBD,TBD,TBD,0,25,25,47,55,50,49,55,57,35,39,,,,,,
svk,Slovakia,komarno,KFC Komárno,19,LW,TBD,TBD,TBD,TBD,0,25,25,47,55,60,49,47,58,35,37,,,,,,
svk,Slovakia,komarno,KFC Komárno,20,LW,TBD,TBD,TBD,TBD,0,25,25,47,55,60,49,47,58,35,37,,,,,,
svk,Slovakia,komarno,KFC Komárno,21,RW,TBD,TBD,TBD,TBD,0,25,25,47,55,60,49,47,58,35,37,,,,,,
svk,Slovakia,komarno,KFC Komárno,22,RW,TBD,TBD,TBD,TBD,0,25,25,47,55,60,49,47,58,35,37,,,,,,
svk,Slovakia,komarno,KFC Komárno,23,ST,TBD,TBD,TBD,TBD,0,25,25,47,55,55,55,40,53,35,49,,,,,,
svk,Slovakia,komarno,KFC Komárno,24,ST,TBD,TBD,TBD,TBD,0,25,25,47,55,55,55,40,53,35,49,,,,,,
svk,Slovakia,komarno,KFC Komárno,25,ST,TBD,TBD,TBD,TBD,0,25,25,47,55,55,55,40,53,35,49,,,,,,
isl,Iceland,kr-reykjavik,KR Reykjavík,1,GK,TBD,TBD,TBD,TBD,0,25,25,45,53,,,,,,,47,45,43,48,35,46
isl,Iceland,kr-reykjavik,KR Reykjavík,2,GK,TBD,TBD,TBD,TBD,0,25,25,45,53,,,,,,,47,45,43,48,35,46
isl,Iceland,kr-reykjavik,KR Reykjavík,3,CB,TBD,TBD,TBD,TBD,0,25,25,45,53,37,35,35,35,49,51,,,,,,
isl,Iceland,kr-reykjavik,KR Reykjavík,4,CB,TBD,TBD,TBD,TBD,0,25,25,45,53,37,35,35,35,49,51,,,,,,
isl,Iceland,kr-reykjavik,KR Reykjavík,5,CB,TBD,TBD,TBD,TBD,0,25,25,45,53,37,35,35,35,49,51,,,,,,
isl,Iceland,kr-reykjavik,KR Reykjavík,6,CB,TBD,TBD,TBD,TBD,0,25,25,45,53,37,35,35,35,49,51,,,,,,
isl,Iceland,kr-reykjavik,KR Reykjavík,7,CB,TBD,TBD,TBD,TBD,0,25,25,45,53,37,35,35,35,49,51,,,,,,
isl,Iceland,kr-reykjavik,KR Reykjavík,8,LB,TBD,TBD,TBD,TBD,0,25,25,46,54,51,35,44,48,46,47,,,,,,
isl,Iceland,kr-reykjavik,KR Reykjavík,9,LB,TBD,TBD,TBD,TBD,0,25,25,46,54,51,35,44,48,46,47,,,,,,
isl,Iceland,kr-reykjavik,KR Reykjavík,10,RB,TBD,TBD,TBD,TBD,0,25,25,46,54,51,35,44,48,46,47,,,,,,
isl,Iceland,kr-reykjavik,KR Reykjavík,11,RB,TBD,TBD,TBD,TBD,0,25,25,46,54,51,35,44,48,46,47,,,,,,
isl,Iceland,kr-reykjavik,KR Reykjavík,12,CDM,TBD,TBD,TBD,TBD,0,25,25,46,54,43,35,48,46,50,51,,,,,,
isl,Iceland,kr-reykjavik,KR Reykjavík,13,CM,TBD,TBD,TBD,TBD,0,25,25,47,55,46,43,51,52,45,47,,,,,,
isl,Iceland,kr-reykjavik,KR Reykjavík,14,CM,TBD,TBD,TBD,TBD,0,25,25,47,55,46,43,51,52,45,47,,,,,,
isl,Iceland,kr-reykjavik,KR Reykjavík,15,CM,TBD,TBD,TBD,TBD,0,25,25,47,55,46,43,51,52,45,47,,,,,,
isl,Iceland,kr-reykjavik,KR Reykjavík,16,CM,TBD,TBD,TBD,TBD,0,25,25,47,55,46,43,51,52,45,47,,,,,,
isl,Iceland,kr-reykjavik,KR Reykjavík,17,CM,TBD,TBD,TBD,TBD,0,25,25,47,55,46,43,51,52,45,47,,,,,,
isl,Iceland,kr-reykjavik,KR Reykjavík,18,CAM,TBD,TBD,TBD,TBD,0,25,25,47,55,50,49,55,57,35,39,,,,,,
isl,Iceland,kr-reykjavik,KR Reykjavík,19,LW,TBD,TBD,TBD,TBD,0,25,25,47,55,60,49,47,58,35,37,,,,,,
isl,Iceland,kr-reykjavik,KR Reykjavík,20,LW,TBD,TBD,TBD,TBD,0,25,25,47,55,60,49,47,58,35,37,,,,,,
isl,Iceland,kr-reykjavik,KR Reykjavík,21,RW,TBD,TBD,TBD,TBD,0,25,25,47,55,60,49,47,58,35,37,,,,,,
isl,Iceland,kr-reykjavik,KR Reykjavík,22,RW,TBD,TBD,TBD,TBD,0,25,25,47,55,60,49,47,58,35,37,,,,,,
isl,Iceland,kr-reykjavik,KR Reykjavík,23,ST,TBD,TBD,TBD,TBD,0,25,25,47,55,55,55,40,53,35,49,,,,,,
isl,Iceland,kr-reykjavik,KR Reykjavík,24,ST,TBD,TBD,TBD,TBD,0,25,25,47,55,55,55,40,53,35,49,,,,,,
isl,Iceland,kr-reykjavik,KR Reykjavík,25,ST,TBD,TBD,TBD,TBD,0,25,25,47,55,55,55,40,53,35,49,,,,,,
bel,Belgium,genk,KRC Genk,1,GK,TBD,TBD,TBD,TBD,0,25,25,73,81,,,,,,,75,73,71,76,48,74
bel,Belgium,genk,KRC Genk,2,GK,TBD,TBD,TBD,TBD,0,25,25,73,81,,,,,,,75,73,71,76,48,74
bel,Belgium,genk,KRC Genk,3,CB,TBD,TBD,TBD,TBD,0,25,25,73,81,65,43,63,61,77,79,,,,,,
bel,Belgium,genk,KRC Genk,4,CB,TBD,TBD,TBD,TBD,0,25,25,73,81,65,43,63,61,77,79,,,,,,
bel,Belgium,genk,KRC Genk,5,CB,TBD,TBD,TBD,TBD,0,25,25,73,81,65,43,63,61,77,79,,,,,,
bel,Belgium,genk,KRC Genk,6,CB,TBD,TBD,TBD,TBD,0,25,25,73,81,65,43,63,61,77,79,,,,,,
bel,Belgium,genk,KRC Genk,7,CB,TBD,TBD,TBD,TBD,0,25,25,73,81,65,43,63,61,77,79,,,,,,
bel,Belgium,genk,KRC Genk,8,LB,TBD,TBD,TBD,TBD,0,25,25,74,82,79,56,72,76,74,75,,,,,,
bel,Belgium,genk,KRC Genk,9,LB,TBD,TBD,TBD,TBD,0,25,25,74,82,79,56,72,76,74,75,,,,,,
bel,Belgium,genk,KRC Genk,10,RB,TBD,TBD,TBD,TBD,0,25,25,74,82,79,56,72,76,74,75,,,,,,
bel,Belgium,genk,KRC Genk,11,RB,TBD,TBD,TBD,TBD,0,25,25,74,82,79,56,72,76,74,75,,,,,,
bel,Belgium,genk,KRC Genk,12,CDM,TBD,TBD,TBD,TBD,0,25,25,74,82,71,62,76,74,78,79,,,,,,
bel,Belgium,genk,KRC Genk,13,CM,TBD,TBD,TBD,TBD,0,25,25,75,80,74,71,79,80,73,75,,,,,,
bel,Belgium,genk,KRC Genk,14,CM,TBD,TBD,TBD,TBD,0,25,25,75,80,74,71,79,80,73,75,,,,,,
bel,Belgium,genk,KRC Genk,15,CM,TBD,TBD,TBD,TBD,0,25,25,75,80,74,71,79,80,73,75,,,,,,
bel,Belgium,genk,KRC Genk,16,CM,TBD,TBD,TBD,TBD,0,25,25,75,80,74,71,79,80,73,75,,,,,,
bel,Belgium,genk,KRC Genk,17,CM,TBD,TBD,TBD,TBD,0,25,25,75,80,74,71,79,80,73,75,,,,,,
bel,Belgium,genk,KRC Genk,18,CAM,TBD,TBD,TBD,TBD,0,25,25,75,80,78,77,83,85,57,67,,,,,,
bel,Belgium,genk,KRC Genk,19,LW,TBD,TBD,TBD,TBD,0,25,25,75,80,88,77,75,86,50,65,,,,,,
bel,Belgium,genk,KRC Genk,20,LW,TBD,TBD,TBD,TBD,0,25,25,75,80,88,77,75,86,50,65,,,,,,
bel,Belgium,genk,KRC Genk,21,RW,TBD,TBD,TBD,TBD,0,25,25,75,80,88,77,75,86,50,65,,,,,,
bel,Belgium,genk,KRC Genk,22,RW,TBD,TBD,TBD,TBD,0,25,25,75,80,88,77,75,86,50,65,,,,,,
bel,Belgium,genk,KRC Genk,23,ST,TBD,TBD,TBD,TBD,0,25,25,75,80,83,83,68,81,45,77,,,,,,
bel,Belgium,genk,KRC Genk,24,ST,TBD,TBD,TBD,TBD,0,25,25,75,80,83,83,68,81,45,77,,,,,,
bel,Belgium,genk,KRC Genk,25,ST,TBD,TBD,TBD,TBD,0,25,25,75,80,83,83,68,81,45,77,,,,,,
bel,Belgium,kortrijk,KV Kortrijk,1,GK,TBD,TBD,TBD,TBD,0,25,25,56,64,,,,,,,58,56,54,59,35,57
bel,Belgium,kortrijk,KV Kortrijk,2,GK,TBD,TBD,TBD,TBD,0,25,25,56,64,,,,,,,58,56,54,59,35,57
bel,Belgium,kortrijk,KV Kortrijk,3,CB,TBD,TBD,TBD,TBD,0,25,25,56,64,48,35,46,44,60,62,,,,,,
bel,Belgium,kortrijk,KV Kortrijk,4,CB,TBD,TBD,TBD,TBD,0,25,25,56,64,48,35,46,44,60,62,,,,,,
bel,Belgium,kortrijk,KV Kortrijk,5,CB,TBD,TBD,TBD,TBD,0,25,25,56,64,48,35,46,44,60,62,,,,,,
bel,Belgium,kortrijk,KV Kortrijk,6,CB,TBD,TBD,TBD,TBD,0,25,25,56,64,48,35,46,44,60,62,,,,,,
bel,Belgium,kortrijk,KV Kortrijk,7,CB,TBD,TBD,TBD,TBD,0,25,25,56,64,48,35,46,44,60,62,,,,,,
bel,Belgium,kortrijk,KV Kortrijk,8,LB,TBD,TBD,TBD,TBD,0,25,25,57,65,62,39,55,59,57,58,,,,,,
bel,Belgium,kortrijk,KV Kortrijk,9,LB,TBD,TBD,TBD,TBD,0,25,25,57,65,62,39,55,59,57,58,,,,,,
bel,Belgium,kortrijk,KV Kortrijk,10,RB,TBD,TBD,TBD,TBD,0,25,25,57,65,62,39,55,59,57,58,,,,,,
bel,Belgium,kortrijk,KV Kortrijk,11,RB,TBD,TBD,TBD,TBD,0,25,25,57,65,62,39,55,59,57,58,,,,,,
bel,Belgium,kortrijk,KV Kortrijk,12,CDM,TBD,TBD,TBD,TBD,0,25,25,57,65,54,45,59,57,61,62,,,,,,
bel,Belgium,kortrijk,KV Kortrijk,13,CM,TBD,TBD,TBD,TBD,0,25,25,58,66,57,54,62,63,56,58,,,,,,
bel,Belgium,kortrijk,KV Kortrijk,14,CM,TBD,TBD,TBD,TBD,0,25,25,58,66,57,54,62,63,56,58,,,,,,
bel,Belgium,kortrijk,KV Kortrijk,15,CM,TBD,TBD,TBD,TBD,0,25,25,58,66,57,54,62,63,56,58,,,,,,
bel,Belgium,kortrijk,KV Kortrijk,16,CM,TBD,TBD,TBD,TBD,0,25,25,58,66,57,54,62,63,56,58,,,,,,
bel,Belgium,kortrijk,KV Kortrijk,17,CM,TBD,TBD,TBD,TBD,0,25,25,58,66,57,54,62,63,56,58,,,,,,
bel,Belgium,kortrijk,KV Kortrijk,18,CAM,TBD,TBD,TBD,TBD,0,25,25,58,66,61,60,66,68,40,50,,,,,,
bel,Belgium,kortrijk,KV Kortrijk,19,LW,TBD,TBD,TBD,TBD,0,25,25,58,66,71,60,58,69,35,48,,,,,,
bel,Belgium,kortrijk,KV Kortrijk,20,LW,TBD,TBD,TBD,TBD,0,25,25,58,66,71,60,58,69,35,48,,,,,,
bel,Belgium,kortrijk,KV Kortrijk,21,RW,TBD,TBD,TBD,TBD,0,25,25,58,66,71,60,58,69,35,48,,,,,,
bel,Belgium,kortrijk,KV Kortrijk,22,RW,TBD,TBD,TBD,TBD,0,25,25,58,66,71,60,58,69,35,48,,,,,,
bel,Belgium,kortrijk,KV Kortrijk,23,ST,TBD,TBD,TBD,TBD,0,25,25,58,66,66,66,51,64,35,60,,,,,,
bel,Belgium,kortrijk,KV Kortrijk,24,ST,TBD,TBD,TBD,TBD,0,25,25,58,66,66,66,51,64,35,60,,,,,,
bel,Belgium,kortrijk,KV Kortrijk,25,ST,TBD,TBD,TBD,TBD,0,25,25,58,66,66,66,51,64,35,60,,,,,,
bel,Belgium,mechelen,KV Mechelen,1,GK,TBD,TBD,TBD,TBD,0,25,25,65,73,,,,,,,67,65,63,68,40,66
bel,Belgium,mechelen,KV Mechelen,2,GK,TBD,TBD,TBD,TBD,0,25,25,65,73,,,,,,,67,65,63,68,40,66
bel,Belgium,mechelen,KV Mechelen,3,CB,TBD,TBD,TBD,TBD,0,25,25,65,73,57,35,55,53,69,71,,,,,,
bel,Belgium,mechelen,KV Mechelen,4,CB,TBD,TBD,TBD,TBD,0,25,25,65,73,57,35,55,53,69,71,,,,,,
bel,Belgium,mechelen,KV Mechelen,5,CB,TBD,TBD,TBD,TBD,0,25,25,65,73,57,35,55,53,69,71,,,,,,
bel,Belgium,mechelen,KV Mechelen,6,CB,TBD,TBD,TBD,TBD,0,25,25,65,73,57,35,55,53,69,71,,,,,,
bel,Belgium,mechelen,KV Mechelen,7,CB,TBD,TBD,TBD,TBD,0,25,25,65,73,57,35,55,53,69,71,,,,,,
bel,Belgium,mechelen,KV Mechelen,8,LB,TBD,TBD,TBD,TBD,0,25,25,66,74,71,48,64,68,66,67,,,,,,
bel,Belgium,mechelen,KV Mechelen,9,LB,TBD,TBD,TBD,TBD,0,25,25,66,74,71,48,64,68,66,67,,,,,,
bel,Belgium,mechelen,KV Mechelen,10,RB,TBD,TBD,TBD,TBD,0,25,25,66,74,71,48,64,68,66,67,,,,,,
bel,Belgium,mechelen,KV Mechelen,11,RB,TBD,TBD,TBD,TBD,0,25,25,66,74,71,48,64,68,66,67,,,,,,
bel,Belgium,mechelen,KV Mechelen,12,CDM,TBD,TBD,TBD,TBD,0,25,25,66,74,63,54,68,66,70,71,,,,,,
bel,Belgium,mechelen,KV Mechelen,13,CM,TBD,TBD,TBD,TBD,0,25,25,67,75,66,63,71,72,65,67,,,,,,
bel,Belgium,mechelen,KV Mechelen,14,CM,TBD,TBD,TBD,TBD,0,25,25,67,75,66,63,71,72,65,67,,,,,,
bel,Belgium,mechelen,KV Mechelen,15,CM,TBD,TBD,TBD,TBD,0,25,25,67,75,66,63,71,72,65,67,,,,,,
bel,Belgium,mechelen,KV Mechelen,16,CM,TBD,TBD,TBD,TBD,0,25,25,67,75,66,63,71,72,65,67,,,,,,
bel,Belgium,mechelen,KV Mechelen,17,CM,TBD,TBD,TBD,TBD,0,25,25,67,75,66,63,71,72,65,67,,,,,,
bel,Belgium,mechelen,KV Mechelen,18,CAM,TBD,TBD,TBD,TBD,0,25,25,67,75,70,69,75,77,49,59,,,,,,
bel,Belgium,mechelen,KV Mechelen,19,LW,TBD,TBD,TBD,TBD,0,25,25,67,75,80,69,67,78,42,57,,,,,,
bel,Belgium,mechelen,KV Mechelen,20,LW,TBD,TBD,TBD,TBD,0,25,25,67,75,80,69,67,78,42,57,,,,,,
bel,Belgium,mechelen,KV Mechelen,21,RW,TBD,TBD,TBD,TBD,0,25,25,67,75,80,69,67,78,42,57,,,,,,
bel,Belgium,mechelen,KV Mechelen,22,RW,TBD,TBD,TBD,TBD,0,25,25,67,75,80,69,67,78,42,57,,,,,,
bel,Belgium,mechelen,KV Mechelen,23,ST,TBD,TBD,TBD,TBD,0,25,25,67,75,75,75,60,73,37,69,,,,,,
bel,Belgium,mechelen,KV Mechelen,24,ST,TBD,TBD,TBD,TBD,0,25,25,67,75,75,75,60,73,37,69,,,,,,
bel,Belgium,mechelen,KV Mechelen,25,ST,TBD,TBD,TBD,TBD,0,25,25,67,75,75,75,60,73,37,69,,,,,,
bel,Belgium,westerlo,KVC Westerlo,1,GK,TBD,TBD,TBD,TBD,0,25,25,57,65,,,,,,,59,57,55,60,35,58
bel,Belgium,westerlo,KVC Westerlo,2,GK,TBD,TBD,TBD,TBD,0,25,25,57,65,,,,,,,59,57,55,60,35,58
bel,Belgium,westerlo,KVC Westerlo,3,CB,TBD,TBD,TBD,TBD,0,25,25,57,65,49,35,47,45,61,63,,,,,,
bel,Belgium,westerlo,KVC Westerlo,4,CB,TBD,TBD,TBD,TBD,0,25,25,57,65,49,35,47,45,61,63,,,,,,
bel,Belgium,westerlo,KVC Westerlo,5,CB,TBD,TBD,TBD,TBD,0,25,25,57,65,49,35,47,45,61,63,,,,,,
bel,Belgium,westerlo,KVC Westerlo,6,CB,TBD,TBD,TBD,TBD,0,25,25,57,65,49,35,47,45,61,63,,,,,,
bel,Belgium,westerlo,KVC Westerlo,7,CB,TBD,TBD,TBD,TBD,0,25,25,57,65,49,35,47,45,61,63,,,,,,
bel,Belgium,westerlo,KVC Westerlo,8,LB,TBD,TBD,TBD,TBD,0,25,25,58,66,63,40,56,60,58,59,,,,,,
bel,Belgium,westerlo,KVC Westerlo,9,LB,TBD,TBD,TBD,TBD,0,25,25,58,66,63,40,56,60,58,59,,,,,,
bel,Belgium,westerlo,KVC Westerlo,10,RB,TBD,TBD,TBD,TBD,0,25,25,58,66,63,40,56,60,58,59,,,,,,
bel,Belgium,westerlo,KVC Westerlo,11,RB,TBD,TBD,TBD,TBD,0,25,25,58,66,63,40,56,60,58,59,,,,,,
bel,Belgium,westerlo,KVC Westerlo,12,CDM,TBD,TBD,TBD,TBD,0,25,25,58,66,55,46,60,58,62,63,,,,,,
bel,Belgium,westerlo,KVC Westerlo,13,CM,TBD,TBD,TBD,TBD,0,25,25,59,67,58,55,63,64,57,59,,,,,,
bel,Belgium,westerlo,KVC Westerlo,14,CM,TBD,TBD,TBD,TBD,0,25,25,59,67,58,55,63,64,57,59,,,,,,
bel,Belgium,westerlo,KVC Westerlo,15,CM,TBD,TBD,TBD,TBD,0,25,25,59,67,58,55,63,64,57,59,,,,,,
bel,Belgium,westerlo,KVC Westerlo,16,CM,TBD,TBD,TBD,TBD,0,25,25,59,67,58,55,63,64,57,59,,,,,,
bel,Belgium,westerlo,KVC Westerlo,17,CM,TBD,TBD,TBD,TBD,0,25,25,59,67,58,55,63,64,57,59,,,,,,
bel,Belgium,westerlo,KVC Westerlo,18,CAM,TBD,TBD,TBD,TBD,0,25,25,59,67,62,61,67,69,41,51,,,,,,
bel,Belgium,westerlo,KVC Westerlo,19,LW,TBD,TBD,TBD,TBD,0,25,25,59,67,72,61,59,70,35,49,,,,,,
bel,Belgium,westerlo,KVC Westerlo,20,LW,TBD,TBD,TBD,TBD,0,25,25,59,67,72,61,59,70,35,49,,,,,,
bel,Belgium,westerlo,KVC Westerlo,21,RW,TBD,TBD,TBD,TBD,0,25,25,59,67,72,61,59,70,35,49,,,,,,
bel,Belgium,westerlo,KVC Westerlo,22,RW,TBD,TBD,TBD,TBD,0,25,25,59,67,72,61,59,70,35,49,,,,,,
bel,Belgium,westerlo,KVC Westerlo,23,ST,TBD,TBD,TBD,TBD,0,25,25,59,67,67,67,52,65,35,61,,,,,,
bel,Belgium,westerlo,KVC Westerlo,24,ST,TBD,TBD,TBD,TBD,0,25,25,59,67,67,67,52,65,35,61,,,,,,
bel,Belgium,westerlo,KVC Westerlo,25,ST,TBD,TBD,TBD,TBD,0,25,25,59,67,67,67,52,65,35,61,,,,,,
gre,Greece,kallithea,Kallithea FC,1,GK,TBD,TBD,TBD,TBD,0,25,25,45,53,,,,,,,47,45,43,48,35,46
gre,Greece,kallithea,Kallithea FC,2,GK,TBD,TBD,TBD,TBD,0,25,25,45,53,,,,,,,47,45,43,48,35,46
gre,Greece,kallithea,Kallithea FC,3,CB,TBD,TBD,TBD,TBD,0,25,25,45,53,37,35,35,35,49,51,,,,,,
gre,Greece,kallithea,Kallithea FC,4,CB,TBD,TBD,TBD,TBD,0,25,25,45,53,37,35,35,35,49,51,,,,,,
gre,Greece,kallithea,Kallithea FC,5,CB,TBD,TBD,TBD,TBD,0,25,25,45,53,37,35,35,35,49,51,,,,,,
gre,Greece,kallithea,Kallithea FC,6,CB,TBD,TBD,TBD,TBD,0,25,25,45,53,37,35,35,35,49,51,,,,,,
gre,Greece,kallithea,Kallithea FC,7,CB,TBD,TBD,TBD,TBD,0,25,25,45,53,37,35,35,35,49,51,,,,,,
gre,Greece,kallithea,Kallithea FC,8,LB,TBD,TBD,TBD,TBD,0,25,25,46,54,51,35,44,48,46,47,,,,,,
gre,Greece,kallithea,Kallithea FC,9,LB,TBD,TBD,TBD,TBD,0,25,25,46,54,51,35,44,48,46,47,,,,,,
gre,Greece,kallithea,Kallithea FC,10,RB,TBD,TBD,TBD,TBD,0,25,25,46,54,51,35,44,48,46,47,,,,,,
gre,Greece,kallithea,Kallithea FC,11,RB,TBD,TBD,TBD,TBD,0,25,25,46,54,51,35,44,48,46,47,,,,,,
gre,Greece,kallithea,Kallithea FC,12,CDM,TBD,TBD,TBD,TBD,0,25,25,46,54,43,35,48,46,50,51,,,,,,
gre,Greece,kallithea,Kallithea FC,13,CM,TBD,TBD,TBD,TBD,0,25,25,47,55,46,43,51,52,45,47,,,,,,
gre,Greece,kallithea,Kallithea FC,14,CM,TBD,TBD,TBD,TBD,0,25,25,47,55,46,43,51,52,45,47,,,,,,
gre,Greece,kallithea,Kallithea FC,15,CM,TBD,TBD,TBD,TBD,0,25,25,47,55,46,43,51,52,45,47,,,,,,
gre,Greece,kallithea,Kallithea FC,16,CM,TBD,TBD,TBD,TBD,0,25,25,47,55,46,43,51,52,45,47,,,,,,
gre,Greece,kallithea,Kallithea FC,17,CM,TBD,TBD,TBD,TBD,0,25,25,47,55,46,43,51,52,45,47,,,,,,
gre,Greece,kallithea,Kallithea FC,18,CAM,TBD,TBD,TBD,TBD,0,25,25,47,55,50,49,55,57,35,39,,,,,,
gre,Greece,kallithea,Kallithea FC,19,LW,TBD,TBD,TBD,TBD,0,25,25,47,55,60,49,47,58,35,37,,,,,,
gre,Greece,kallithea,Kallithea FC,20,LW,TBD,TBD,TBD,TBD,0,25,25,47,55,60,49,47,58,35,37,,,,,,
gre,Greece,kallithea,Kallithea FC,21,RW,TBD,TBD,TBD,TBD,0,25,25,47,55,60,49,47,58,35,37,,,,,,
gre,Greece,kallithea,Kallithea FC,22,RW,TBD,TBD,TBD,TBD,0,25,25,47,55,60,49,47,58,35,37,,,,,,
gre,Greece,kallithea,Kallithea FC,23,ST,TBD,TBD,TBD,TBD,0,25,25,47,55,55,55,40,53,35,49,,,,,,
gre,Greece,kallithea,Kallithea FC,24,ST,TBD,TBD,TBD,TBD,0,25,25,47,55,55,55,40,53,35,49,,,,,,
gre,Greece,kallithea,Kallithea FC,25,ST,TBD,TBD,TBD,TBD,0,25,25,47,55,55,55,40,53,35,49,,,,,,
swe,Sweden,kalmar-ff,Kalmar FF,1,GK,TBD,TBD,TBD,TBD,0,25,25,45,53,,,,,,,47,45,43,48,35,46
swe,Sweden,kalmar-ff,Kalmar FF,2,GK,TBD,TBD,TBD,TBD,0,25,25,45,53,,,,,,,47,45,43,48,35,46
swe,Sweden,kalmar-ff,Kalmar FF,3,CB,TBD,TBD,TBD,TBD,0,25,25,45,53,37,35,35,35,49,51,,,,,,
swe,Sweden,kalmar-ff,Kalmar FF,4,CB,TBD,TBD,TBD,TBD,0,25,25,45,53,37,35,35,35,49,51,,,,,,
swe,Sweden,kalmar-ff,Kalmar FF,5,CB,TBD,TBD,TBD,TBD,0,25,25,45,53,37,35,35,35,49,51,,,,,,
swe,Sweden,kalmar-ff,Kalmar FF,6,CB,TBD,TBD,TBD,TBD,0,25,25,45,53,37,35,35,35,49,51,,,,,,
swe,Sweden,kalmar-ff,Kalmar FF,7,CB,TBD,TBD,TBD,TBD,0,25,25,45,53,37,35,35,35,49,51,,,,,,
swe,Sweden,kalmar-ff,Kalmar FF,8,LB,TBD,TBD,TBD,TBD,0,25,25,46,54,51,35,44,48,46,47,,,,,,
swe,Sweden,kalmar-ff,Kalmar FF,9,LB,TBD,TBD,TBD,TBD,0,25,25,46,54,51,35,44,48,46,47,,,,,,
swe,Sweden,kalmar-ff,Kalmar FF,10,RB,TBD,TBD,TBD,TBD,0,25,25,46,54,51,35,44,48,46,47,,,,,,
swe,Sweden,kalmar-ff,Kalmar FF,11,RB,TBD,TBD,TBD,TBD,0,25,25,46,54,51,35,44,48,46,47,,,,,,
swe,Sweden,kalmar-ff,Kalmar FF,12,CDM,TBD,TBD,TBD,TBD,0,25,25,46,54,43,35,48,46,50,51,,,,,,
swe,Sweden,kalmar-ff,Kalmar FF,13,CM,TBD,TBD,TBD,TBD,0,25,25,47,55,46,43,51,52,45,47,,,,,,
swe,Sweden,kalmar-ff,Kalmar FF,14,CM,TBD,TBD,TBD,TBD,0,25,25,47,55,46,43,51,52,45,47,,,,,,
swe,Sweden,kalmar-ff,Kalmar FF,15,CM,TBD,TBD,TBD,TBD,0,25,25,47,55,46,43,51,52,45,47,,,,,,
swe,Sweden,kalmar-ff,Kalmar FF,16,CM,TBD,TBD,TBD,TBD,0,25,25,47,55,46,43,51,52,45,47,,,,,,
swe,Sweden,kalmar-ff,Kalmar FF,17,CM,TBD,TBD,TBD,TBD,0,25,25,47,55,46,43,51,52,45,47,,,,,,
swe,Sweden,kalmar-ff,Kalmar FF,18,CAM,TBD,TBD,TBD,TBD,0,25,25,47,55,50,49,55,57,35,39,,,,,,
swe,Sweden,kalmar-ff,Kalmar FF,19,LW,TBD,TBD,TBD,TBD,0,25,25,47,55,60,49,47,58,35,37,,,,,,
swe,Sweden,kalmar-ff,Kalmar FF,20,LW,TBD,TBD,TBD,TBD,0,25,25,47,55,60,49,47,58,35,37,,,,,,
swe,Sweden,kalmar-ff,Kalmar FF,21,RW,TBD,TBD,TBD,TBD,0,25,25,47,55,60,49,47,58,35,37,,,,,,
swe,Sweden,kalmar-ff,Kalmar FF,22,RW,TBD,TBD,TBD,TBD,0,25,25,47,55,60,49,47,58,35,37,,,,,,
swe,Sweden,kalmar-ff,Kalmar FF,23,ST,TBD,TBD,TBD,TBD,0,25,25,47,55,55,55,40,53,35,49,,,,,,
swe,Sweden,kalmar-ff,Kalmar FF,24,ST,TBD,TBD,TBD,TBD,0,25,25,47,55,55,55,40,53,35,49,,,,,,
swe,Sweden,kalmar-ff,Kalmar FF,25,ST,TBD,TBD,TBD,TBD,0,25,25,47,55,55,55,40,53,35,49,,,,,,
cyp,Cyprus,karmiotissa,Karmiotissa Polemidion,1,GK,TBD,TBD,TBD,TBD,0,25,25,45,53,,,,,,,47,45,43,48,35,46
cyp,Cyprus,karmiotissa,Karmiotissa Polemidion,2,GK,TBD,TBD,TBD,TBD,0,25,25,45,53,,,,,,,47,45,43,48,35,46
cyp,Cyprus,karmiotissa,Karmiotissa Polemidion,3,CB,TBD,TBD,TBD,TBD,0,25,25,45,53,37,35,35,35,49,51,,,,,,
cyp,Cyprus,karmiotissa,Karmiotissa Polemidion,4,CB,TBD,TBD,TBD,TBD,0,25,25,45,53,37,35,35,35,49,51,,,,,,
cyp,Cyprus,karmiotissa,Karmiotissa Polemidion,5,CB,TBD,TBD,TBD,TBD,0,25,25,45,53,37,35,35,35,49,51,,,,,,
cyp,Cyprus,karmiotissa,Karmiotissa Polemidion,6,CB,TBD,TBD,TBD,TBD,0,25,25,45,53,37,35,35,35,49,51,,,,,,
cyp,Cyprus,karmiotissa,Karmiotissa Polemidion,7,CB,TBD,TBD,TBD,TBD,0,25,25,45,53,37,35,35,35,49,51,,,,,,
cyp,Cyprus,karmiotissa,Karmiotissa Polemidion,8,LB,TBD,TBD,TBD,TBD,0,25,25,46,54,51,35,44,48,46,47,,,,,,
cyp,Cyprus,karmiotissa,Karmiotissa Polemidion,9,LB,TBD,TBD,TBD,TBD,0,25,25,46,54,51,35,44,48,46,47,,,,,,
cyp,Cyprus,karmiotissa,Karmiotissa Polemidion,10,RB,TBD,TBD,TBD,TBD,0,25,25,46,54,51,35,44,48,46,47,,,,,,
cyp,Cyprus,karmiotissa,Karmiotissa Polemidion,11,RB,TBD,TBD,TBD,TBD,0,25,25,46,54,51,35,44,48,46,47,,,,,,
cyp,Cyprus,karmiotissa,Karmiotissa Polemidion,12,CDM,TBD,TBD,TBD,TBD,0,25,25,46,54,43,35,48,46,50,51,,,,,,
cyp,Cyprus,karmiotissa,Karmiotissa Polemidion,13,CM,TBD,TBD,TBD,TBD,0,25,25,47,55,46,43,51,52,45,47,,,,,,
cyp,Cyprus,karmiotissa,Karmiotissa Polemidion,14,CM,TBD,TBD,TBD,TBD,0,25,25,47,55,46,43,51,52,45,47,,,,,,
cyp,Cyprus,karmiotissa,Karmiotissa Polemidion,15,CM,TBD,TBD,TBD,TBD,0,25,25,47,55,46,43,51,52,45,47,,,,,,
cyp,Cyprus,karmiotissa,Karmiotissa Polemidion,16,CM,TBD,TBD,TBD,TBD,0,25,25,47,55,46,43,51,52,45,47,,,,,,
cyp,Cyprus,karmiotissa,Karmiotissa Polemidion,17,CM,TBD,TBD,TBD,TBD,0,25,25,47,55,46,43,51,52,45,47,,,,,,
cyp,Cyprus,karmiotissa,Karmiotissa Polemidion,18,CAM,TBD,TBD,TBD,TBD,0,25,25,47,55,50,49,55,57,35,39,,,,,,
cyp,Cyprus,karmiotissa,Karmiotissa Polemidion,19,LW,TBD,TBD,TBD,TBD,0,25,25,47,55,60,49,47,58,35,37,,,,,,
cyp,Cyprus,karmiotissa,Karmiotissa Polemidion,20,LW,TBD,TBD,TBD,TBD,0,25,25,47,55,60,49,47,58,35,37,,,,,,
cyp,Cyprus,karmiotissa,Karmiotissa Polemidion,21,RW,TBD,TBD,TBD,TBD,0,25,25,47,55,60,49,47,58,35,37,,,,,,
cyp,Cyprus,karmiotissa,Karmiotissa Polemidion,22,RW,TBD,TBD,TBD,TBD,0,25,25,47,55,60,49,47,58,35,37,,,,,,
cyp,Cyprus,karmiotissa,Karmiotissa Polemidion,23,ST,TBD,TBD,TBD,TBD,0,25,25,47,55,55,55,40,53,35,49,,,,,,
cyp,Cyprus,karmiotissa,Karmiotissa Polemidion,24,ST,TBD,TBD,TBD,TBD,0,25,25,47,55,55,55,40,53,35,49,,,,,,
cyp,Cyprus,karmiotissa,Karmiotissa Polemidion,25,ST,TBD,TBD,TBD,TBD,0,25,25,47,55,55,55,40,53,35,49,,,,,,
tur,Turkey,kasimpasa,Kasımpaşa SK,1,GK,TBD,TBD,TBD,TBD,0,25,25,58,66,,,,,,,60,58,56,61,35,59
tur,Turkey,kasimpasa,Kasımpaşa SK,2,GK,TBD,TBD,TBD,TBD,0,25,25,58,66,,,,,,,60,58,56,61,35,59
tur,Turkey,kasimpasa,Kasımpaşa SK,3,CB,TBD,TBD,TBD,TBD,0,25,25,58,66,50,35,48,46,62,64,,,,,,
tur,Turkey,kasimpasa,Kasımpaşa SK,4,CB,TBD,TBD,TBD,TBD,0,25,25,58,66,50,35,48,46,62,64,,,,,,
tur,Turkey,kasimpasa,Kasımpaşa SK,5,CB,TBD,TBD,TBD,TBD,0,25,25,58,66,50,35,48,46,62,64,,,,,,
tur,Turkey,kasimpasa,Kasımpaşa SK,6,CB,TBD,TBD,TBD,TBD,0,25,25,58,66,50,35,48,46,62,64,,,,,,
tur,Turkey,kasimpasa,Kasımpaşa SK,7,CB,TBD,TBD,TBD,TBD,0,25,25,58,66,50,35,48,46,62,64,,,,,,
tur,Turkey,kasimpasa,Kasımpaşa SK,8,LB,TBD,TBD,TBD,TBD,0,25,25,59,67,64,41,57,61,59,60,,,,,,
tur,Turkey,kasimpasa,Kasımpaşa SK,9,LB,TBD,TBD,TBD,TBD,0,25,25,59,67,64,41,57,61,59,60,,,,,,
tur,Turkey,kasimpasa,Kasımpaşa SK,10,RB,TBD,TBD,TBD,TBD,0,25,25,59,67,64,41,57,61,59,60,,,,,,
tur,Turkey,kasimpasa,Kasımpaşa SK,11,RB,TBD,TBD,TBD,TBD,0,25,25,59,67,64,41,57,61,59,60,,,,,,
tur,Turkey,kasimpasa,Kasımpaşa SK,12,CDM,TBD,TBD,TBD,TBD,0,25,25,59,67,56,47,61,59,63,64,,,,,,
tur,Turkey,kasimpasa,Kasımpaşa SK,13,CM,TBD,TBD,TBD,TBD,0,25,25,60,68,59,56,64,65,58,60,,,,,,
tur,Turkey,kasimpasa,Kasımpaşa SK,14,CM,TBD,TBD,TBD,TBD,0,25,25,60,68,59,56,64,65,58,60,,,,,,
tur,Turkey,kasimpasa,Kasımpaşa SK,15,CM,TBD,TBD,TBD,TBD,0,25,25,60,68,59,56,64,65,58,60,,,,,,
tur,Turkey,kasimpasa,Kasımpaşa SK,16,CM,TBD,TBD,TBD,TBD,0,25,25,60,68,59,56,64,65,58,60,,,,,,
tur,Turkey,kasimpasa,Kasımpaşa SK,17,CM,TBD,TBD,TBD,TBD,0,25,25,60,68,59,56,64,65,58,60,,,,,,
tur,Turkey,kasimpasa,Kasımpaşa SK,18,CAM,TBD,TBD,TBD,TBD,0,25,25,60,68,63,62,68,70,42,52,,,,,,
tur,Turkey,kasimpasa,Kasımpaşa SK,19,LW,TBD,TBD,TBD,TBD,0,25,25,60,68,73,62,60,71,35,50,,,,,,
tur,Turkey,kasimpasa,Kasımpaşa SK,20,LW,TBD,TBD,TBD,TBD,0,25,25,60,68,73,62,60,71,35,50,,,,,,
tur,Turkey,kasimpasa,Kasımpaşa SK,21,RW,TBD,TBD,TBD,TBD,0,25,25,60,68,73,62,60,71,35,50,,,,,,
tur,Turkey,kasimpasa,Kasımpaşa SK,22,RW,TBD,TBD,TBD,TBD,0,25,25,60,68,73,62,60,71,35,50,,,,,,
tur,Turkey,kasimpasa,Kasımpaşa SK,23,ST,TBD,TBD,TBD,TBD,0,25,25,60,68,68,68,53,66,35,62,,,,,,
tur,Turkey,kasimpasa,Kasımpaşa SK,24,ST,TBD,TBD,TBD,TBD,0,25,25,60,68,68,68,53,66,35,62,,,,,,
tur,Turkey,kasimpasa,Kasımpaşa SK,25,ST,TBD,TBD,TBD,TBD,0,25,25,60,68,68,68,53,66,35,62,,,,,,
tur,Turkey,kayserispor,Kayserispor,1,GK,TBD,TBD,TBD,TBD,0,25,25,55,63,,,,,,,57,55,53,58,35,56
tur,Turkey,kayserispor,Kayserispor,2,GK,TBD,TBD,TBD,TBD,0,25,25,55,63,,,,,,,57,55,53,58,35,56
tur,Turkey,kayserispor,Kayserispor,3,CB,TBD,TBD,TBD,TBD,0,25,25,55,63,47,35,45,43,59,61,,,,,,
tur,Turkey,kayserispor,Kayserispor,4,CB,TBD,TBD,TBD,TBD,0,25,25,55,63,47,35,45,43,59,61,,,,,,
tur,Turkey,kayserispor,Kayserispor,5,CB,TBD,TBD,TBD,TBD,0,25,25,55,63,47,35,45,43,59,61,,,,,,
tur,Turkey,kayserispor,Kayserispor,6,CB,TBD,TBD,TBD,TBD,0,25,25,55,63,47,35,45,43,59,61,,,,,,
tur,Turkey,kayserispor,Kayserispor,7,CB,TBD,TBD,TBD,TBD,0,25,25,55,63,47,35,45,43,59,61,,,,,,
tur,Turkey,kayserispor,Kayserispor,8,LB,TBD,TBD,TBD,TBD,0,25,25,56,64,61,38,54,58,56,57,,,,,,
tur,Turkey,kayserispor,Kayserispor,9,LB,TBD,TBD,TBD,TBD,0,25,25,56,64,61,38,54,58,56,57,,,,,,
tur,Turkey,kayserispor,Kayserispor,10,RB,TBD,TBD,TBD,TBD,0,25,25,56,64,61,38,54,58,56,57,,,,,,
tur,Turkey,kayserispor,Kayserispor,11,RB,TBD,TBD,TBD,TBD,0,25,25,56,64,61,38,54,58,56,57,,,,,,
tur,Turkey,kayserispor,Kayserispor,12,CDM,TBD,TBD,TBD,TBD,0,25,25,56,64,53,44,58,56,60,61,,,,,,
tur,Turkey,kayserispor,Kayserispor,13,CM,TBD,TBD,TBD,TBD,0,25,25,57,65,56,53,61,62,55,57,,,,,,
tur,Turkey,kayserispor,Kayserispor,14,CM,TBD,TBD,TBD,TBD,0,25,25,57,65,56,53,61,62,55,57,,,,,,
tur,Turkey,kayserispor,Kayserispor,15,CM,TBD,TBD,TBD,TBD,0,25,25,57,65,56,53,61,62,55,57,,,,,,
tur,Turkey,kayserispor,Kayserispor,16,CM,TBD,TBD,TBD,TBD,0,25,25,57,65,56,53,61,62,55,57,,,,,,
tur,Turkey,kayserispor,Kayserispor,17,CM,TBD,TBD,TBD,TBD,0,25,25,57,65,56,53,61,62,55,57,,,,,,
tur,Turkey,kayserispor,Kayserispor,18,CAM,TBD,TBD,TBD,TBD,0,25,25,57,65,60,59,65,67,39,49,,,,,,
tur,Turkey,kayserispor,Kayserispor,19,LW,TBD,TBD,TBD,TBD,0,25,25,57,65,70,59,57,68,35,47,,,,,,
tur,Turkey,kayserispor,Kayserispor,20,LW,TBD,TBD,TBD,TBD,0,25,25,57,65,70,59,57,68,35,47,,,,,,
tur,Turkey,kayserispor,Kayserispor,21,RW,TBD,TBD,TBD,TBD,0,25,25,57,65,70,59,57,68,35,47,,,,,,
tur,Turkey,kayserispor,Kayserispor,22,RW,TBD,TBD,TBD,TBD,0,25,25,57,65,70,59,57,68,35,47,,,,,,
tur,Turkey,kayserispor,Kayserispor,23,ST,TBD,TBD,TBD,TBD,0,25,25,57,65,65,65,50,63,35,59,,,,,,
tur,Turkey,kayserispor,Kayserispor,24,ST,TBD,TBD,TBD,TBD,0,25,25,57,65,65,65,50,63,35,59,,,,,,
tur,Turkey,kayserispor,Kayserispor,25,ST,TBD,TBD,TBD,TBD,0,25,25,57,65,65,65,50,63,35,59,,,,,,
hun,Hungary,kecskemet,Kecskeméti TE,1,GK,TBD,TBD,TBD,TBD,0,25,25,45,53,,,,,,,47,45,43,48,35,46
hun,Hungary,kecskemet,Kecskeméti TE,2,GK,TBD,TBD,TBD,TBD,0,25,25,45,53,,,,,,,47,45,43,48,35,46
hun,Hungary,kecskemet,Kecskeméti TE,3,CB,TBD,TBD,TBD,TBD,0,25,25,45,53,37,35,35,35,49,51,,,,,,
hun,Hungary,kecskemet,Kecskeméti TE,4,CB,TBD,TBD,TBD,TBD,0,25,25,45,53,37,35,35,35,49,51,,,,,,
hun,Hungary,kecskemet,Kecskeméti TE,5,CB,TBD,TBD,TBD,TBD,0,25,25,45,53,37,35,35,35,49,51,,,,,,
hun,Hungary,kecskemet,Kecskeméti TE,6,CB,TBD,TBD,TBD,TBD,0,25,25,45,53,37,35,35,35,49,51,,,,,,
hun,Hungary,kecskemet,Kecskeméti TE,7,CB,TBD,TBD,TBD,TBD,0,25,25,45,53,37,35,35,35,49,51,,,,,,
hun,Hungary,kecskemet,Kecskeméti TE,8,LB,TBD,TBD,TBD,TBD,0,25,25,46,54,51,35,44,48,46,47,,,,,,
hun,Hungary,kecskemet,Kecskeméti TE,9,LB,TBD,TBD,TBD,TBD,0,25,25,46,54,51,35,44,48,46,47,,,,,,
hun,Hungary,kecskemet,Kecskeméti TE,10,RB,TBD,TBD,TBD,TBD,0,25,25,46,54,51,35,44,48,46,47,,,,,,
hun,Hungary,kecskemet,Kecskeméti TE,11,RB,TBD,TBD,TBD,TBD,0,25,25,46,54,51,35,44,48,46,47,,,,,,
hun,Hungary,kecskemet,Kecskeméti TE,12,CDM,TBD,TBD,TBD,TBD,0,25,25,46,54,43,35,48,46,50,51,,,,,,
hun,Hungary,kecskemet,Kecskeméti TE,13,CM,TBD,TBD,TBD,TBD,0,25,25,47,55,46,43,51,52,45,47,,,,,,
hun,Hungary,kecskemet,Kecskeméti TE,14,CM,TBD,TBD,TBD,TBD,0,25,25,47,55,46,43,51,52,45,47,,,,,,
hun,Hungary,kecskemet,Kecskeméti TE,15,CM,TBD,TBD,TBD,TBD,0,25,25,47,55,46,43,51,52,45,47,,,,,,
hun,Hungary,kecskemet,Kecskeméti TE,16,CM,TBD,TBD,TBD,TBD,0,25,25,47,55,46,43,51,52,45,47,,,,,,
hun,Hungary,kecskemet,Kecskeméti TE,17,CM,TBD,TBD,TBD,TBD,0,25,25,47,55,46,43,51,52,45,47,,,,,,
hun,Hungary,kecskemet,Kecskeméti TE,18,CAM,TBD,TBD,TBD,TBD,0,25,25,47,55,50,49,55,57,35,39,,,,,,
hun,Hungary,kecskemet,Kecskeméti TE,19,LW,TBD,TBD,TBD,TBD,0,25,25,47,55,60,49,47,58,35,37,,,,,,
hun,Hungary,kecskemet,Kecskeméti TE,20,LW,TBD,TBD,TBD,TBD,0,25,25,47,55,60,49,47,58,35,37,,,,,,
hun,Hungary,kecskemet,Kecskeméti TE,21,RW,TBD,TBD,TBD,TBD,0,25,25,47,55,60,49,47,58,35,37,,,,,,
hun,Hungary,kecskemet,Kecskeméti TE,22,RW,TBD,TBD,TBD,TBD,0,25,25,47,55,60,49,47,58,35,37,,,,,,
hun,Hungary,kecskemet,Kecskeméti TE,23,ST,TBD,TBD,TBD,TBD,0,25,25,47,55,55,55,40,53,35,49,,,,,,
hun,Hungary,kecskemet,Kecskeméti TE,24,ST,TBD,TBD,TBD,TBD,0,25,25,47,55,55,55,40,53,35,49,,,,,,
hun,Hungary,kecskemet,Kecskeméti TE,25,ST,TBD,TBD,TBD,TBD,0,25,25,47,55,55,55,40,53,35,49,,,,,,
isl,Iceland,keflavik,Keflavík ÍF,1,GK,TBD,TBD,TBD,TBD,0,25,25,45,53,,,,,,,47,45,43,48,35,46
isl,Iceland,keflavik,Keflavík ÍF,2,GK,TBD,TBD,TBD,TBD,0,25,25,45,53,,,,,,,47,45,43,48,35,46
isl,Iceland,keflavik,Keflavík ÍF,3,CB,TBD,TBD,TBD,TBD,0,25,25,45,53,37,35,35,35,49,51,,,,,,
isl,Iceland,keflavik,Keflavík ÍF,4,CB,TBD,TBD,TBD,TBD,0,25,25,45,53,37,35,35,35,49,51,,,,,,
isl,Iceland,keflavik,Keflavík ÍF,5,CB,TBD,TBD,TBD,TBD,0,25,25,45,53,37,35,35,35,49,51,,,,,,
isl,Iceland,keflavik,Keflavík ÍF,6,CB,TBD,TBD,TBD,TBD,0,25,25,45,53,37,35,35,35,49,51,,,,,,
isl,Iceland,keflavik,Keflavík ÍF,7,CB,TBD,TBD,TBD,TBD,0,25,25,45,53,37,35,35,35,49,51,,,,,,
isl,Iceland,keflavik,Keflavík ÍF,8,LB,TBD,TBD,TBD,TBD,0,25,25,46,54,51,35,44,48,46,47,,,,,,
isl,Iceland,keflavik,Keflavík ÍF,9,LB,TBD,TBD,TBD,TBD,0,25,25,46,54,51,35,44,48,46,47,,,,,,
isl,Iceland,keflavik,Keflavík ÍF,10,RB,TBD,TBD,TBD,TBD,0,25,25,46,54,51,35,44,48,46,47,,,,,,
isl,Iceland,keflavik,Keflavík ÍF,11,RB,TBD,TBD,TBD,TBD,0,25,25,46,54,51,35,44,48,46,47,,,,,,
isl,Iceland,keflavik,Keflavík ÍF,12,CDM,TBD,TBD,TBD,TBD,0,25,25,46,54,43,35,48,46,50,51,,,,,,
isl,Iceland,keflavik,Keflavík ÍF,13,CM,TBD,TBD,TBD,TBD,0,25,25,47,55,46,43,51,52,45,47,,,,,,
isl,Iceland,keflavik,Keflavík ÍF,14,CM,TBD,TBD,TBD,TBD,0,25,25,47,55,46,43,51,52,45,47,,,,,,
isl,Iceland,keflavik,Keflavík ÍF,15,CM,TBD,TBD,TBD,TBD,0,25,25,47,55,46,43,51,52,45,47,,,,,,
isl,Iceland,keflavik,Keflavík ÍF,16,CM,TBD,TBD,TBD,TBD,0,25,25,47,55,46,43,51,52,45,47,,,,,,
isl,Iceland,keflavik,Keflavík ÍF,17,CM,TBD,TBD,TBD,TBD,0,25,25,47,55,46,43,51,52,45,47,,,,,,
isl,Iceland,keflavik,Keflavík ÍF,18,CAM,TBD,TBD,TBD,TBD,0,25,25,47,55,50,49,55,57,35,39,,,,,,
isl,Iceland,keflavik,Keflavík ÍF,19,LW,TBD,TBD,TBD,TBD,0,25,25,47,55,60,49,47,58,35,37,,,,,,
isl,Iceland,keflavik,Keflavík ÍF,20,LW,TBD,TBD,TBD,TBD,0,25,25,47,55,60,49,47,58,35,37,,,,,,
isl,Iceland,keflavik,Keflavík ÍF,21,RW,TBD,TBD,TBD,TBD,0,25,25,47,55,60,49,47,58,35,37,,,,,,
isl,Iceland,keflavik,Keflavík ÍF,22,RW,TBD,TBD,TBD,TBD,0,25,25,47,55,60,49,47,58,35,37,,,,,,
isl,Iceland,keflavik,Keflavík ÍF,23,ST,TBD,TBD,TBD,TBD,0,25,25,47,55,55,55,40,53,35,49,,,,,,
isl,Iceland,keflavik,Keflavík ÍF,24,ST,TBD,TBD,TBD,TBD,0,25,25,47,55,55,55,40,53,35,49,,,,,,
isl,Iceland,keflavik,Keflavík ÍF,25,ST,TBD,TBD,TBD,TBD,0,25,25,47,55,55,55,40,53,35,49,,,,,,
sco,Scotland,kilmarnock,Kilmarnock FC,1,GK,TBD,TBD,TBD,TBD,0,25,25,45,53,,,,,,,47,45,43,48,35,46
sco,Scotland,kilmarnock,Kilmarnock FC,2,GK,TBD,TBD,TBD,TBD,0,25,25,45,53,,,,,,,47,45,43,48,35,46
sco,Scotland,kilmarnock,Kilmarnock FC,3,CB,TBD,TBD,TBD,TBD,0,25,25,45,53,37,35,35,35,49,51,,,,,,
sco,Scotland,kilmarnock,Kilmarnock FC,4,CB,TBD,TBD,TBD,TBD,0,25,25,45,53,37,35,35,35,49,51,,,,,,
sco,Scotland,kilmarnock,Kilmarnock FC,5,CB,TBD,TBD,TBD,TBD,0,25,25,45,53,37,35,35,35,49,51,,,,,,
sco,Scotland,kilmarnock,Kilmarnock FC,6,CB,TBD,TBD,TBD,TBD,0,25,25,45,53,37,35,35,35,49,51,,,,,,
sco,Scotland,kilmarnock,Kilmarnock FC,7,CB,TBD,TBD,TBD,TBD,0,25,25,45,53,37,35,35,35,49,51,,,,,,
sco,Scotland,kilmarnock,Kilmarnock FC,8,LB,TBD,TBD,TBD,TBD,0,25,25,46,54,51,35,44,48,46,47,,,,,,
sco,Scotland,kilmarnock,Kilmarnock FC,9,LB,TBD,TBD,TBD,TBD,0,25,25,46,54,51,35,44,48,46,47,,,,,,
sco,Scotland,kilmarnock,Kilmarnock FC,10,RB,TBD,TBD,TBD,TBD,0,25,25,46,54,51,35,44,48,46,47,,,,,,
sco,Scotland,kilmarnock,Kilmarnock FC,11,RB,TBD,TBD,TBD,TBD,0,25,25,46,54,51,35,44,48,46,47,,,,,,
sco,Scotland,kilmarnock,Kilmarnock FC,12,CDM,TBD,TBD,TBD,TBD,0,25,25,46,54,43,35,48,46,50,51,,,,,,
sco,Scotland,kilmarnock,Kilmarnock FC,13,CM,TBD,TBD,TBD,TBD,0,25,25,47,55,46,43,51,52,45,47,,,,,,
sco,Scotland,kilmarnock,Kilmarnock FC,14,CM,TBD,TBD,TBD,TBD,0,25,25,47,55,46,43,51,52,45,47,,,,,,
sco,Scotland,kilmarnock,Kilmarnock FC,15,CM,TBD,TBD,TBD,TBD,0,25,25,47,55,46,43,51,52,45,47,,,,,,
sco,Scotland,kilmarnock,Kilmarnock FC,16,CM,TBD,TBD,TBD,TBD,0,25,25,47,55,46,43,51,52,45,47,,,,,,
sco,Scotland,kilmarnock,Kilmarnock FC,17,CM,TBD,TBD,TBD,TBD,0,25,25,47,55,46,43,51,52,45,47,,,,,,
sco,Scotland,kilmarnock,Kilmarnock FC,18,CAM,TBD,TBD,TBD,TBD,0,25,25,47,55,50,49,55,57,35,39,,,,,,
sco,Scotland,kilmarnock,Kilmarnock FC,19,LW,TBD,TBD,TBD,TBD,0,25,25,47,55,60,49,47,58,35,37,,,,,,
sco,Scotland,kilmarnock,Kilmarnock FC,20,LW,TBD,TBD,TBD,TBD,0,25,25,47,55,60,49,47,58,35,37,,,,,,
sco,Scotland,kilmarnock,Kilmarnock FC,21,RW,TBD,TBD,TBD,TBD,0,25,25,47,55,60,49,47,58,35,37,,,,,,
sco,Scotland,kilmarnock,Kilmarnock FC,22,RW,TBD,TBD,TBD,TBD,0,25,25,47,55,60,49,47,58,35,37,,,,,,
sco,Scotland,kilmarnock,Kilmarnock FC,23,ST,TBD,TBD,TBD,TBD,0,25,25,47,55,55,55,40,53,35,49,,,,,,
sco,Scotland,kilmarnock,Kilmarnock FC,24,ST,TBD,TBD,TBD,TBD,0,25,25,47,55,55,55,40,53,35,49,,,,,,
sco,Scotland,kilmarnock,Kilmarnock FC,25,ST,TBD,TBD,TBD,TBD,0,25,25,47,55,55,55,40,53,35,49,,,,,,
hun,Hungary,kisvarda,Kisvárda FC,1,GK,TBD,TBD,TBD,TBD,0,25,25,45,53,,,,,,,47,45,43,48,35,46
hun,Hungary,kisvarda,Kisvárda FC,2,GK,TBD,TBD,TBD,TBD,0,25,25,45,53,,,,,,,47,45,43,48,35,46
hun,Hungary,kisvarda,Kisvárda FC,3,CB,TBD,TBD,TBD,TBD,0,25,25,45,53,37,35,35,35,49,51,,,,,,
hun,Hungary,kisvarda,Kisvárda FC,4,CB,TBD,TBD,TBD,TBD,0,25,25,45,53,37,35,35,35,49,51,,,,,,
hun,Hungary,kisvarda,Kisvárda FC,5,CB,TBD,TBD,TBD,TBD,0,25,25,45,53,37,35,35,35,49,51,,,,,,
hun,Hungary,kisvarda,Kisvárda FC,6,CB,TBD,TBD,TBD,TBD,0,25,25,45,53,37,35,35,35,49,51,,,,,,
hun,Hungary,kisvarda,Kisvárda FC,7,CB,TBD,TBD,TBD,TBD,0,25,25,45,53,37,35,35,35,49,51,,,,,,
hun,Hungary,kisvarda,Kisvárda FC,8,LB,TBD,TBD,TBD,TBD,0,25,25,46,54,51,35,44,48,46,47,,,,,,
hun,Hungary,kisvarda,Kisvárda FC,9,LB,TBD,TBD,TBD,TBD,0,25,25,46,54,51,35,44,48,46,47,,,,,,
hun,Hungary,kisvarda,Kisvárda FC,10,RB,TBD,TBD,TBD,TBD,0,25,25,46,54,51,35,44,48,46,47,,,,,,
hun,Hungary,kisvarda,Kisvárda FC,11,RB,TBD,TBD,TBD,TBD,0,25,25,46,54,51,35,44,48,46,47,,,,,,
hun,Hungary,kisvarda,Kisvárda FC,12,CDM,TBD,TBD,TBD,TBD,0,25,25,46,54,43,35,48,46,50,51,,,,,,
hun,Hungary,kisvarda,Kisvárda FC,13,CM,TBD,TBD,TBD,TBD,0,25,25,47,55,46,43,51,52,45,47,,,,,,
hun,Hungary,kisvarda,Kisvárda FC,14,CM,TBD,TBD,TBD,TBD,0,25,25,47,55,46,43,51,52,45,47,,,,,,
hun,Hungary,kisvarda,Kisvárda FC,15,CM,TBD,TBD,TBD,TBD,0,25,25,47,55,46,43,51,52,45,47,,,,,,
hun,Hungary,kisvarda,Kisvárda FC,16,CM,TBD,TBD,TBD,TBD,0,25,25,47,55,46,43,51,52,45,47,,,,,,
hun,Hungary,kisvarda,Kisvárda FC,17,CM,TBD,TBD,TBD,TBD,0,25,25,47,55,46,43,51,52,45,47,,,,,,
hun,Hungary,kisvarda,Kisvárda FC,18,CAM,TBD,TBD,TBD,TBD,0,25,25,47,55,50,49,55,57,35,39,,,,,,
hun,Hungary,kisvarda,Kisvárda FC,19,LW,TBD,TBD,TBD,TBD,0,25,25,47,55,60,49,47,58,35,37,,,,,,
hun,Hungary,kisvarda,Kisvárda FC,20,LW,TBD,TBD,TBD,TBD,0,25,25,47,55,60,49,47,58,35,37,,,,,,
hun,Hungary,kisvarda,Kisvárda FC,21,RW,TBD,TBD,TBD,TBD,0,25,25,47,55,60,49,47,58,35,37,,,,,,
hun,Hungary,kisvarda,Kisvárda FC,22,RW,TBD,TBD,TBD,TBD,0,25,25,47,55,60,49,47,58,35,37,,,,,,
hun,Hungary,kisvarda,Kisvárda FC,23,ST,TBD,TBD,TBD,TBD,0,25,25,47,55,55,55,40,53,35,49,,,,,,
hun,Hungary,kisvarda,Kisvárda FC,24,ST,TBD,TBD,TBD,TBD,0,25,25,47,55,55,55,40,53,35,49,,,,,,
hun,Hungary,kisvarda,Kisvárda FC,25,ST,TBD,TBD,TBD,TBD,0,25,25,47,55,55,55,40,53,35,49,,,,,,
ukr,Ukraine,kolos-kovalivka,Kolos Kovalivka,1,GK,TBD,TBD,TBD,TBD,0,25,25,45,53,,,,,,,47,45,43,48,35,46
ukr,Ukraine,kolos-kovalivka,Kolos Kovalivka,2,GK,TBD,TBD,TBD,TBD,0,25,25,45,53,,,,,,,47,45,43,48,35,46
ukr,Ukraine,kolos-kovalivka,Kolos Kovalivka,3,CB,TBD,TBD,TBD,TBD,0,25,25,45,53,37,35,35,35,49,51,,,,,,
ukr,Ukraine,kolos-kovalivka,Kolos Kovalivka,4,CB,TBD,TBD,TBD,TBD,0,25,25,45,53,37,35,35,35,49,51,,,,,,
ukr,Ukraine,kolos-kovalivka,Kolos Kovalivka,5,CB,TBD,TBD,TBD,TBD,0,25,25,45,53,37,35,35,35,49,51,,,,,,
ukr,Ukraine,kolos-kovalivka,Kolos Kovalivka,6,CB,TBD,TBD,TBD,TBD,0,25,25,45,53,37,35,35,35,49,51,,,,,,
ukr,Ukraine,kolos-kovalivka,Kolos Kovalivka,7,CB,TBD,TBD,TBD,TBD,0,25,25,45,53,37,35,35,35,49,51,,,,,,
ukr,Ukraine,kolos-kovalivka,Kolos Kovalivka,8,LB,TBD,TBD,TBD,TBD,0,25,25,46,54,51,35,44,48,46,47,,,,,,
ukr,Ukraine,kolos-kovalivka,Kolos Kovalivka,9,LB,TBD,TBD,TBD,TBD,0,25,25,46,54,51,35,44,48,46,47,,,,,,
ukr,Ukraine,kolos-kovalivka,Kolos Kovalivka,10,RB,TBD,TBD,TBD,TBD,0,25,25,46,54,51,35,44,48,46,47,,,,,,
ukr,Ukraine,kolos-kovalivka,Kolos Kovalivka,11,RB,TBD,TBD,TBD,TBD,0,25,25,46,54,51,35,44,48,46,47,,,,,,
ukr,Ukraine,kolos-kovalivka,Kolos Kovalivka,12,CDM,TBD,TBD,TBD,TBD,0,25,25,46,54,43,35,48,46,50,51,,,,,,
ukr,Ukraine,kolos-kovalivka,Kolos Kovalivka,13,CM,TBD,TBD,TBD,TBD,0,25,25,47,55,46,43,51,52,45,47,,,,,,
ukr,Ukraine,kolos-kovalivka,Kolos Kovalivka,14,CM,TBD,TBD,TBD,TBD,0,25,25,47,55,46,43,51,52,45,47,,,,,,
ukr,Ukraine,kolos-kovalivka,Kolos Kovalivka,15,CM,TBD,TBD,TBD,TBD,0,25,25,47,55,46,43,51,52,45,47,,,,,,
ukr,Ukraine,kolos-kovalivka,Kolos Kovalivka,16,CM,TBD,TBD,TBD,TBD,0,25,25,47,55,46,43,51,52,45,47,,,,,,
ukr,Ukraine,kolos-kovalivka,Kolos Kovalivka,17,CM,TBD,TBD,TBD,TBD,0,25,25,47,55,46,43,51,52,45,47,,,,,,
ukr,Ukraine,kolos-kovalivka,Kolos Kovalivka,18,CAM,TBD,TBD,TBD,TBD,0,25,25,47,55,50,49,55,57,35,39,,,,,,
ukr,Ukraine,kolos-kovalivka,Kolos Kovalivka,19,LW,TBD,TBD,TBD,TBD,0,25,25,47,55,60,49,47,58,35,37,,,,,,
ukr,Ukraine,kolos-kovalivka,Kolos Kovalivka,20,LW,TBD,TBD,TBD,TBD,0,25,25,47,55,60,49,47,58,35,37,,,,,,
ukr,Ukraine,kolos-kovalivka,Kolos Kovalivka,21,RW,TBD,TBD,TBD,TBD,0,25,25,47,55,60,49,47,58,35,37,,,,,,
ukr,Ukraine,kolos-kovalivka,Kolos Kovalivka,22,RW,TBD,TBD,TBD,TBD,0,25,25,47,55,60,49,47,58,35,37,,,,,,
ukr,Ukraine,kolos-kovalivka,Kolos Kovalivka,23,ST,TBD,TBD,TBD,TBD,0,25,25,47,55,55,55,40,53,35,49,,,,,,
ukr,Ukraine,kolos-kovalivka,Kolos Kovalivka,24,ST,TBD,TBD,TBD,TBD,0,25,25,47,55,55,55,40,53,35,49,,,,,,
ukr,Ukraine,kolos-kovalivka,Kolos Kovalivka,25,ST,TBD,TBD,TBD,TBD,0,25,25,47,55,55,55,40,53,35,49,,,,,,
tur,Turkey,konyaspor,Konyaspor,1,GK,TBD,TBD,TBD,TBD,0,25,25,59,67,,,,,,,61,59,57,62,35,60
tur,Turkey,konyaspor,Konyaspor,2,GK,TBD,TBD,TBD,TBD,0,25,25,59,67,,,,,,,61,59,57,62,35,60
tur,Turkey,konyaspor,Konyaspor,3,CB,TBD,TBD,TBD,TBD,0,25,25,59,67,51,35,49,47,63,65,,,,,,
tur,Turkey,konyaspor,Konyaspor,4,CB,TBD,TBD,TBD,TBD,0,25,25,59,67,51,35,49,47,63,65,,,,,,
tur,Turkey,konyaspor,Konyaspor,5,CB,TBD,TBD,TBD,TBD,0,25,25,59,67,51,35,49,47,63,65,,,,,,
tur,Turkey,konyaspor,Konyaspor,6,CB,TBD,TBD,TBD,TBD,0,25,25,59,67,51,35,49,47,63,65,,,,,,
tur,Turkey,konyaspor,Konyaspor,7,CB,TBD,TBD,TBD,TBD,0,25,25,59,67,51,35,49,47,63,65,,,,,,
tur,Turkey,konyaspor,Konyaspor,8,LB,TBD,TBD,TBD,TBD,0,25,25,60,68,65,42,58,62,60,61,,,,,,
tur,Turkey,konyaspor,Konyaspor,9,LB,TBD,TBD,TBD,TBD,0,25,25,60,68,65,42,58,62,60,61,,,,,,
tur,Turkey,konyaspor,Konyaspor,10,RB,TBD,TBD,TBD,TBD,0,25,25,60,68,65,42,58,62,60,61,,,,,,
tur,Turkey,konyaspor,Konyaspor,11,RB,TBD,TBD,TBD,TBD,0,25,25,60,68,65,42,58,62,60,61,,,,,,
tur,Turkey,konyaspor,Konyaspor,12,CDM,TBD,TBD,TBD,TBD,0,25,25,60,68,57,48,62,60,64,65,,,,,,
tur,Turkey,konyaspor,Konyaspor,13,CM,TBD,TBD,TBD,TBD,0,25,25,61,69,60,57,65,66,59,61,,,,,,
tur,Turkey,konyaspor,Konyaspor,14,CM,TBD,TBD,TBD,TBD,0,25,25,61,69,60,57,65,66,59,61,,,,,,
tur,Turkey,konyaspor,Konyaspor,15,CM,TBD,TBD,TBD,TBD,0,25,25,61,69,60,57,65,66,59,61,,,,,,
tur,Turkey,konyaspor,Konyaspor,16,CM,TBD,TBD,TBD,TBD,0,25,25,61,69,60,57,65,66,59,61,,,,,,
tur,Turkey,konyaspor,Konyaspor,17,CM,TBD,TBD,TBD,TBD,0,25,25,61,69,60,57,65,66,59,61,,,,,,
tur,Turkey,konyaspor,Konyaspor,18,CAM,TBD,TBD,TBD,TBD,0,25,25,61,69,64,63,69,71,43,53,,,,,,
tur,Turkey,konyaspor,Konyaspor,19,LW,TBD,TBD,TBD,TBD,0,25,25,61,69,74,63,61,72,36,51,,,,,,
tur,Turkey,konyaspor,Konyaspor,20,LW,TBD,TBD,TBD,TBD,0,25,25,61,69,74,63,61,72,36,51,,,,,,
tur,Turkey,konyaspor,Konyaspor,21,RW,TBD,TBD,TBD,TBD,0,25,25,61,69,74,63,61,72,36,51,,,,,,
tur,Turkey,konyaspor,Konyaspor,22,RW,TBD,TBD,TBD,TBD,0,25,25,61,69,74,63,61,72,36,51,,,,,,
tur,Turkey,konyaspor,Konyaspor,23,ST,TBD,TBD,TBD,TBD,0,25,25,61,69,69,69,54,67,35,63,,,,,,
tur,Turkey,konyaspor,Konyaspor,24,ST,TBD,TBD,TBD,TBD,0,25,25,61,69,69,69,54,67,35,63,,,,,,
tur,Turkey,konyaspor,Konyaspor,25,ST,TBD,TBD,TBD,TBD,0,25,25,61,69,69,69,54,67,35,63,,,,,,
pol,Poland,korona-kielce,Korona Kielce,1,GK,TBD,TBD,TBD,TBD,0,25,25,46,54,,,,,,,48,46,44,49,35,47
pol,Poland,korona-kielce,Korona Kielce,2,GK,TBD,TBD,TBD,TBD,0,25,25,46,54,,,,,,,48,46,44,49,35,47
pol,Poland,korona-kielce,Korona Kielce,3,CB,TBD,TBD,TBD,TBD,0,25,25,46,54,38,35,36,35,50,52,,,,,,
pol,Poland,korona-kielce,Korona Kielce,4,CB,TBD,TBD,TBD,TBD,0,25,25,46,54,38,35,36,35,50,52,,,,,,
pol,Poland,korona-kielce,Korona Kielce,5,CB,TBD,TBD,TBD,TBD,0,25,25,46,54,38,35,36,35,50,52,,,,,,
pol,Poland,korona-kielce,Korona Kielce,6,CB,TBD,TBD,TBD,TBD,0,25,25,46,54,38,35,36,35,50,52,,,,,,
pol,Poland,korona-kielce,Korona Kielce,7,CB,TBD,TBD,TBD,TBD,0,25,25,46,54,38,35,36,35,50,52,,,,,,
pol,Poland,korona-kielce,Korona Kielce,8,LB,TBD,TBD,TBD,TBD,0,25,25,47,55,52,35,45,49,47,48,,,,,,
pol,Poland,korona-kielce,Korona Kielce,9,LB,TBD,TBD,TBD,TBD,0,25,25,47,55,52,35,45,49,47,48,,,,,,
pol,Poland,korona-kielce,Korona Kielce,10,RB,TBD,TBD,TBD,TBD,0,25,25,47,55,52,35,45,49,47,48,,,,,,
pol,Poland,korona-kielce,Korona Kielce,11,RB,TBD,TBD,TBD,TBD,0,25,25,47,55,52,35,45,49,47,48,,,,,,
pol,Poland,korona-kielce,Korona Kielce,12,CDM,TBD,TBD,TBD,TBD,0,25,25,47,55,44,35,49,47,51,52,,,,,,
pol,Poland,korona-kielce,Korona Kielce,13,CM,TBD,TBD,TBD,TBD,0,25,25,48,56,47,44,52,53,46,48,,,,,,
pol,Poland,korona-kielce,Korona Kielce,14,CM,TBD,TBD,TBD,TBD,0,25,25,48,56,47,44,52,53,46,48,,,,,,
pol,Poland,korona-kielce,Korona Kielce,15,CM,TBD,TBD,TBD,TBD,0,25,25,48,56,47,44,52,53,46,48,,,,,,
pol,Poland,korona-kielce,Korona Kielce,16,CM,TBD,TBD,TBD,TBD,0,25,25,48,56,47,44,52,53,46,48,,,,,,
pol,Poland,korona-kielce,Korona Kielce,17,CM,TBD,TBD,TBD,TBD,0,25,25,48,56,47,44,52,53,46,48,,,,,,
pol,Poland,korona-kielce,Korona Kielce,18,CAM,TBD,TBD,TBD,TBD,0,25,25,48,56,51,50,56,58,35,40,,,,,,
pol,Poland,korona-kielce,Korona Kielce,19,LW,TBD,TBD,TBD,TBD,0,25,25,48,56,61,50,48,59,35,38,,,,,,
pol,Poland,korona-kielce,Korona Kielce,20,LW,TBD,TBD,TBD,TBD,0,25,25,48,56,61,50,48,59,35,38,,,,,,
pol,Poland,korona-kielce,Korona Kielce,21,RW,TBD,TBD,TBD,TBD,0,25,25,48,56,61,50,48,59,35,38,,,,,,
pol,Poland,korona-kielce,Korona Kielce,22,RW,TBD,TBD,TBD,TBD,0,25,25,48,56,61,50,48,59,35,38,,,,,,
pol,Poland,korona-kielce,Korona Kielce,23,ST,TBD,TBD,TBD,TBD,0,25,25,48,56,56,56,41,54,35,50,,,,,,
pol,Poland,korona-kielce,Korona Kielce,24,ST,TBD,TBD,TBD,TBD,0,25,25,48,56,56,56,41,54,35,50,,,,,,
pol,Poland,korona-kielce,Korona Kielce,25,ST,TBD,TBD,TBD,TBD,0,25,25,48,56,56,56,41,54,35,50,,,,,,
nor,Norway,kristiansund,Kristiansund BK,1,GK,TBD,TBD,TBD,TBD,0,25,25,45,53,,,,,,,47,45,43,48,35,46
nor,Norway,kristiansund,Kristiansund BK,2,GK,TBD,TBD,TBD,TBD,0,25,25,45,53,,,,,,,47,45,43,48,35,46
nor,Norway,kristiansund,Kristiansund BK,3,CB,TBD,TBD,TBD,TBD,0,25,25,45,53,37,35,35,35,49,51,,,,,,
nor,Norway,kristiansund,Kristiansund BK,4,CB,TBD,TBD,TBD,TBD,0,25,25,45,53,37,35,35,35,49,51,,,,,,
nor,Norway,kristiansund,Kristiansund BK,5,CB,TBD,TBD,TBD,TBD,0,25,25,45,53,37,35,35,35,49,51,,,,,,
nor,Norway,kristiansund,Kristiansund BK,6,CB,TBD,TBD,TBD,TBD,0,25,25,45,53,37,35,35,35,49,51,,,,,,
nor,Norway,kristiansund,Kristiansund BK,7,CB,TBD,TBD,TBD,TBD,0,25,25,45,53,37,35,35,35,49,51,,,,,,
nor,Norway,kristiansund,Kristiansund BK,8,LB,TBD,TBD,TBD,TBD,0,25,25,46,54,51,35,44,48,46,47,,,,,,
nor,Norway,kristiansund,Kristiansund BK,9,LB,TBD,TBD,TBD,TBD,0,25,25,46,54,51,35,44,48,46,47,,,,,,
nor,Norway,kristiansund,Kristiansund BK,10,RB,TBD,TBD,TBD,TBD,0,25,25,46,54,51,35,44,48,46,47,,,,,,
nor,Norway,kristiansund,Kristiansund BK,11,RB,TBD,TBD,TBD,TBD,0,25,25,46,54,51,35,44,48,46,47,,,,,,
nor,Norway,kristiansund,Kristiansund BK,12,CDM,TBD,TBD,TBD,TBD,0,25,25,46,54,43,35,48,46,50,51,,,,,,
nor,Norway,kristiansund,Kristiansund BK,13,CM,TBD,TBD,TBD,TBD,0,25,25,47,55,46,43,51,52,45,47,,,,,,
nor,Norway,kristiansund,Kristiansund BK,14,CM,TBD,TBD,TBD,TBD,0,25,25,47,55,46,43,51,52,45,47,,,,,,
nor,Norway,kristiansund,Kristiansund BK,15,CM,TBD,TBD,TBD,TBD,0,25,25,47,55,46,43,51,52,45,47,,,,,,
nor,Norway,kristiansund,Kristiansund BK,16,CM,TBD,TBD,TBD,TBD,0,25,25,47,55,46,43,51,52,45,47,,,,,,
nor,Norway,kristiansund,Kristiansund BK,17,CM,TBD,TBD,TBD,TBD,0,25,25,47,55,46,43,51,52,45,47,,,,,,
nor,Norway,kristiansund,Kristiansund BK,18,CAM,TBD,TBD,TBD,TBD,0,25,25,47,55,50,49,55,57,35,39,,,,,,
nor,Norway,kristiansund,Kristiansund BK,19,LW,TBD,TBD,TBD,TBD,0,25,25,47,55,60,49,47,58,35,37,,,,,,
nor,Norway,kristiansund,Kristiansund BK,20,LW,TBD,TBD,TBD,TBD,0,25,25,47,55,60,49,47,58,35,37,,,,,,
nor,Norway,kristiansund,Kristiansund BK,21,RW,TBD,TBD,TBD,TBD,0,25,25,47,55,60,49,47,58,35,37,,,,,,
nor,Norway,kristiansund,Kristiansund BK,22,RW,TBD,TBD,TBD,TBD,0,25,25,47,55,60,49,47,58,35,37,,,,,,
nor,Norway,kristiansund,Kristiansund BK,23,ST,TBD,TBD,TBD,TBD,0,25,25,47,55,55,55,40,53,35,49,,,,,,
nor,Norway,kristiansund,Kristiansund BK,24,ST,TBD,TBD,TBD,TBD,0,25,25,47,55,55,55,40,53,35,49,,,,,,
nor,Norway,kristiansund,Kristiansund BK,25,ST,TBD,TBD,TBD,TBD,0,25,25,47,55,55,55,40,53,35,49,,,,,,
ukr,Ukraine,kryvbas,Kryvbas Kryvyi Rih,1,GK,TBD,TBD,TBD,TBD,0,25,25,45,53,,,,,,,47,45,43,48,35,46
ukr,Ukraine,kryvbas,Kryvbas Kryvyi Rih,2,GK,TBD,TBD,TBD,TBD,0,25,25,45,53,,,,,,,47,45,43,48,35,46
ukr,Ukraine,kryvbas,Kryvbas Kryvyi Rih,3,CB,TBD,TBD,TBD,TBD,0,25,25,45,53,37,35,35,35,49,51,,,,,,
ukr,Ukraine,kryvbas,Kryvbas Kryvyi Rih,4,CB,TBD,TBD,TBD,TBD,0,25,25,45,53,37,35,35,35,49,51,,,,,,
ukr,Ukraine,kryvbas,Kryvbas Kryvyi Rih,5,CB,TBD,TBD,TBD,TBD,0,25,25,45,53,37,35,35,35,49,51,,,,,,
ukr,Ukraine,kryvbas,Kryvbas Kryvyi Rih,6,CB,TBD,TBD,TBD,TBD,0,25,25,45,53,37,35,35,35,49,51,,,,,,
ukr,Ukraine,kryvbas,Kryvbas Kryvyi Rih,7,CB,TBD,TBD,TBD,TBD,0,25,25,45,53,37,35,35,35,49,51,,,,,,
ukr,Ukraine,kryvbas,Kryvbas Kryvyi Rih,8,LB,TBD,TBD,TBD,TBD,0,25,25,46,54,51,35,44,48,46,47,,,,,,
ukr,Ukraine,kryvbas,Kryvbas Kryvyi Rih,9,LB,TBD,TBD,TBD,TBD,0,25,25,46,54,51,35,44,48,46,47,,,,,,
ukr,Ukraine,kryvbas,Kryvbas Kryvyi Rih,10,RB,TBD,TBD,TBD,TBD,0,25,25,46,54,51,35,44,48,46,47,,,,,,
ukr,Ukraine,kryvbas,Kryvbas Kryvyi Rih,11,RB,TBD,TBD,TBD,TBD,0,25,25,46,54,51,35,44,48,46,47,,,,,,
ukr,Ukraine,kryvbas,Kryvbas Kryvyi Rih,12,CDM,TBD,TBD,TBD,TBD,0,25,25,46,54,43,35,48,46,50,51,,,,,,
ukr,Ukraine,kryvbas,Kryvbas Kryvyi Rih,13,CM,TBD,TBD,TBD,TBD,0,25,25,47,55,46,43,51,52,45,47,,,,,,
ukr,Ukraine,kryvbas,Kryvbas Kryvyi Rih,14,CM,TBD,TBD,TBD,TBD,0,25,25,47,55,46,43,51,52,45,47,,,,,,
ukr,Ukraine,kryvbas,Kryvbas Kryvyi Rih,15,CM,TBD,TBD,TBD,TBD,0,25,25,47,55,46,43,51,52,45,47,,,,,,
ukr,Ukraine,kryvbas,Kryvbas Kryvyi Rih,16,CM,TBD,TBD,TBD,TBD,0,25,25,47,55,46,43,51,52,45,47,,,,,,
ukr,Ukraine,kryvbas,Kryvbas Kryvyi Rih,17,CM,TBD,TBD,TBD,TBD,0,25,25,47,55,46,43,51,52,45,47,,,,,,
ukr,Ukraine,kryvbas,Kryvbas Kryvyi Rih,18,CAM,TBD,TBD,TBD,TBD,0,25,25,47,55,50,49,55,57,35,39,,,,,,
ukr,Ukraine,kryvbas,Kryvbas Kryvyi Rih,19,LW,TBD,TBD,TBD,TBD,0,25,25,47,55,60,49,47,58,35,37,,,,,,
ukr,Ukraine,kryvbas,Kryvbas Kryvyi Rih,20,LW,TBD,TBD,TBD,TBD,0,25,25,47,55,60,49,47,58,35,37,,,,,,
ukr,Ukraine,kryvbas,Kryvbas Kryvyi Rih,21,RW,TBD,TBD,TBD,TBD,0,25,25,47,55,60,49,47,58,35,37,,,,,,
ukr,Ukraine,kryvbas,Kryvbas Kryvyi Rih,22,RW,TBD,TBD,TBD,TBD,0,25,25,47,55,60,49,47,58,35,37,,,,,,
ukr,Ukraine,kryvbas,Kryvbas Kryvyi Rih,23,ST,TBD,TBD,TBD,TBD,0,25,25,47,55,55,55,40,53,35,49,,,,,,
ukr,Ukraine,kryvbas,Kryvbas Kryvyi Rih,24,ST,TBD,TBD,TBD,TBD,0,25,25,47,55,55,55,40,53,35,49,,,,,,
ukr,Ukraine,kryvbas,Kryvbas Kryvyi Rih,25,ST,TBD,TBD,TBD,TBD,0,25,25,47,55,55,55,40,53,35,49,,,,,,
fin,Finland,kups,KuPS Kuopio,1,GK,TBD,TBD,TBD,TBD,0,25,25,45,53,,,,,,,47,45,43,48,35,46
fin,Finland,kups,KuPS Kuopio,2,GK,TBD,TBD,TBD,TBD,0,25,25,45,53,,,,,,,47,45,43,48,35,46
fin,Finland,kups,KuPS Kuopio,3,CB,TBD,TBD,TBD,TBD,0,25,25,45,53,37,35,35,35,49,51,,,,,,
fin,Finland,kups,KuPS Kuopio,4,CB,TBD,TBD,TBD,TBD,0,25,25,45,53,37,35,35,35,49,51,,,,,,
fin,Finland,kups,KuPS Kuopio,5,CB,TBD,TBD,TBD,TBD,0,25,25,45,53,37,35,35,35,49,51,,,,,,
fin,Finland,kups,KuPS Kuopio,6,CB,TBD,TBD,TBD,TBD,0,25,25,45,53,37,35,35,35,49,51,,,,,,
fin,Finland,kups,KuPS Kuopio,7,CB,TBD,TBD,TBD,TBD,0,25,25,45,53,37,35,35,35,49,51,,,,,,
fin,Finland,kups,KuPS Kuopio,8,LB,TBD,TBD,TBD,TBD,0,25,25,46,54,51,35,44,48,46,47,,,,,,
fin,Finland,kups,KuPS Kuopio,9,LB,TBD,TBD,TBD,TBD,0,25,25,46,54,51,35,44,48,46,47,,,,,,
fin,Finland,kups,KuPS Kuopio,10,RB,TBD,TBD,TBD,TBD,0,25,25,46,54,51,35,44,48,46,47,,,,,,
fin,Finland,kups,KuPS Kuopio,11,RB,TBD,TBD,TBD,TBD,0,25,25,46,54,51,35,44,48,46,47,,,,,,
fin,Finland,kups,KuPS Kuopio,12,CDM,TBD,TBD,TBD,TBD,0,25,25,46,54,43,35,48,46,50,51,,,,,,
fin,Finland,kups,KuPS Kuopio,13,CM,TBD,TBD,TBD,TBD,0,25,25,47,55,46,43,51,52,45,47,,,,,,
fin,Finland,kups,KuPS Kuopio,14,CM,TBD,TBD,TBD,TBD,0,25,25,47,55,46,43,51,52,45,47,,,,,,
fin,Finland,kups,KuPS Kuopio,15,CM,TBD,TBD,TBD,TBD,0,25,25,47,55,46,43,51,52,45,47,,,,,,
fin,Finland,kups,KuPS Kuopio,16,CM,TBD,TBD,TBD,TBD,0,25,25,47,55,46,43,51,52,45,47,,,,,,
fin,Finland,kups,KuPS Kuopio,17,CM,TBD,TBD,TBD,TBD,0,25,25,47,55,46,43,51,52,45,47,,,,,,
fin,Finland,kups,KuPS Kuopio,18,CAM,TBD,TBD,TBD,TBD,0,25,25,47,55,50,49,55,57,35,39,,,,,,
fin,Finland,kups,KuPS Kuopio,19,LW,TBD,TBD,TBD,TBD,0,25,25,47,55,60,49,47,58,35,37,,,,,,
fin,Finland,kups,KuPS Kuopio,20,LW,TBD,TBD,TBD,TBD,0,25,25,47,55,60,49,47,58,35,37,,,,,,
fin,Finland,kups,KuPS Kuopio,21,RW,TBD,TBD,TBD,TBD,0,25,25,47,55,60,49,47,58,35,37,,,,,,
fin,Finland,kups,KuPS Kuopio,22,RW,TBD,TBD,TBD,TBD,0,25,25,47,55,60,49,47,58,35,37,,,,,,
fin,Finland,kups,KuPS Kuopio,23,ST,TBD,TBD,TBD,TBD,0,25,25,47,55,55,55,40,53,35,49,,,,,,
fin,Finland,kups,KuPS Kuopio,24,ST,TBD,TBD,TBD,TBD,0,25,25,47,55,55,55,40,53,35,49,,,,,,
fin,Finland,kups,KuPS Kuopio,25,ST,TBD,TBD,TBD,TBD,0,25,25,47,55,55,55,40,53,35,49,,,,,,
aut,Austria,lask,LASK,1,GK,TBD,TBD,TBD,TBD,0,25,25,53,61,,,,,,,55,53,51,56,35,54
aut,Austria,lask,LASK,2,GK,TBD,TBD,TBD,TBD,0,25,25,53,61,,,,,,,55,53,51,56,35,54
aut,Austria,lask,LASK,3,CB,TBD,TBD,TBD,TBD,0,25,25,53,61,45,35,43,41,57,59,,,,,,
aut,Austria,lask,LASK,4,CB,TBD,TBD,TBD,TBD,0,25,25,53,61,45,35,43,41,57,59,,,,,,
aut,Austria,lask,LASK,5,CB,TBD,TBD,TBD,TBD,0,25,25,53,61,45,35,43,41,57,59,,,,,,
aut,Austria,lask,LASK,6,CB,TBD,TBD,TBD,TBD,0,25,25,53,61,45,35,43,41,57,59,,,,,,
aut,Austria,lask,LASK,7,CB,TBD,TBD,TBD,TBD,0,25,25,53,61,45,35,43,41,57,59,,,,,,
aut,Austria,lask,LASK,8,LB,TBD,TBD,TBD,TBD,0,25,25,54,62,59,36,52,56,54,55,,,,,,
aut,Austria,lask,LASK,9,LB,TBD,TBD,TBD,TBD,0,25,25,54,62,59,36,52,56,54,55,,,,,,
aut,Austria,lask,LASK,10,RB,TBD,TBD,TBD,TBD,0,25,25,54,62,59,36,52,56,54,55,,,,,,
aut,Austria,lask,LASK,11,RB,TBD,TBD,TBD,TBD,0,25,25,54,62,59,36,52,56,54,55,,,,,,
aut,Austria,lask,LASK,12,CDM,TBD,TBD,TBD,TBD,0,25,25,54,62,51,42,56,54,58,59,,,,,,
aut,Austria,lask,LASK,13,CM,TBD,TBD,TBD,TBD,0,25,25,55,63,54,51,59,60,53,55,,,,,,
aut,Austria,lask,LASK,14,CM,TBD,TBD,TBD,TBD,0,25,25,55,63,54,51,59,60,53,55,,,,,,
aut,Austria,lask,LASK,15,CM,TBD,TBD,TBD,TBD,0,25,25,55,63,54,51,59,60,53,55,,,,,,
aut,Austria,lask,LASK,16,CM,TBD,TBD,TBD,TBD,0,25,25,55,63,54,51,59,60,53,55,,,,,,
aut,Austria,lask,LASK,17,CM,TBD,TBD,TBD,TBD,0,25,25,55,63,54,51,59,60,53,55,,,,,,
aut,Austria,lask,LASK,18,CAM,TBD,TBD,TBD,TBD,0,25,25,55,63,58,57,63,65,37,47,,,,,,
aut,Austria,lask,LASK,19,LW,TBD,TBD,TBD,TBD,0,25,25,55,63,68,57,55,66,35,45,,,,,,
aut,Austria,lask,LASK,20,LW,TBD,TBD,TBD,TBD,0,25,25,55,63,68,57,55,66,35,45,,,,,,
aut,Austria,lask,LASK,21,RW,TBD,TBD,TBD,TBD,0,25,25,55,63,68,57,55,66,35,45,,,,,,
aut,Austria,lask,LASK,22,RW,TBD,TBD,TBD,TBD,0,25,25,55,63,68,57,55,66,35,45,,,,,,
aut,Austria,lask,LASK,23,ST,TBD,TBD,TBD,TBD,0,25,25,55,63,63,63,48,61,35,57,,,,,,
aut,Austria,lask,LASK,24,ST,TBD,TBD,TBD,TBD,0,25,25,55,63,63,63,48,61,35,57,,,,,,
aut,Austria,lask,LASK,25,ST,TBD,TBD,TBD,TBD,0,25,25,55,63,63,63,48,61,35,57,,,,,,
ukr,Ukraine,lnz-cherkasy,LNZ Cherkasy,1,GK,TBD,TBD,TBD,TBD,0,25,25,45,53,,,,,,,47,45,43,48,35,46
ukr,Ukraine,lnz-cherkasy,LNZ Cherkasy,2,GK,TBD,TBD,TBD,TBD,0,25,25,45,53,,,,,,,47,45,43,48,35,46
ukr,Ukraine,lnz-cherkasy,LNZ Cherkasy,3,CB,TBD,TBD,TBD,TBD,0,25,25,45,53,37,35,35,35,49,51,,,,,,
ukr,Ukraine,lnz-cherkasy,LNZ Cherkasy,4,CB,TBD,TBD,TBD,TBD,0,25,25,45,53,37,35,35,35,49,51,,,,,,
ukr,Ukraine,lnz-cherkasy,LNZ Cherkasy,5,CB,TBD,TBD,TBD,TBD,0,25,25,45,53,37,35,35,35,49,51,,,,,,
ukr,Ukraine,lnz-cherkasy,LNZ Cherkasy,6,CB,TBD,TBD,TBD,TBD,0,25,25,45,53,37,35,35,35,49,51,,,,,,
ukr,Ukraine,lnz-cherkasy,LNZ Cherkasy,7,CB,TBD,TBD,TBD,TBD,0,25,25,45,53,37,35,35,35,49,51,,,,,,
ukr,Ukraine,lnz-cherkasy,LNZ Cherkasy,8,LB,TBD,TBD,TBD,TBD,0,25,25,46,54,51,35,44,48,46,47,,,,,,
ukr,Ukraine,lnz-cherkasy,LNZ Cherkasy,9,LB,TBD,TBD,TBD,TBD,0,25,25,46,54,51,35,44,48,46,47,,,,,,
ukr,Ukraine,lnz-cherkasy,LNZ Cherkasy,10,RB,TBD,TBD,TBD,TBD,0,25,25,46,54,51,35,44,48,46,47,,,,,,
ukr,Ukraine,lnz-cherkasy,LNZ Cherkasy,11,RB,TBD,TBD,TBD,TBD,0,25,25,46,54,51,35,44,48,46,47,,,,,,
ukr,Ukraine,lnz-cherkasy,LNZ Cherkasy,12,CDM,TBD,TBD,TBD,TBD,0,25,25,46,54,43,35,48,46,50,51,,,,,,
ukr,Ukraine,lnz-cherkasy,LNZ Cherkasy,13,CM,TBD,TBD,TBD,TBD,0,25,25,47,55,46,43,51,52,45,47,,,,,,
ukr,Ukraine,lnz-cherkasy,LNZ Cherkasy,14,CM,TBD,TBD,TBD,TBD,0,25,25,47,55,46,43,51,52,45,47,,,,,,
ukr,Ukraine,lnz-cherkasy,LNZ Cherkasy,15,CM,TBD,TBD,TBD,TBD,0,25,25,47,55,46,43,51,52,45,47,,,,,,
ukr,Ukraine,lnz-cherkasy,LNZ Cherkasy,16,CM,TBD,TBD,TBD,TBD,0,25,25,47,55,46,43,51,52,45,47,,,,,,
ukr,Ukraine,lnz-cherkasy,LNZ Cherkasy,17,CM,TBD,TBD,TBD,TBD,0,25,25,47,55,46,43,51,52,45,47,,,,,,
ukr,Ukraine,lnz-cherkasy,LNZ Cherkasy,18,CAM,TBD,TBD,TBD,TBD,0,25,25,47,55,50,49,55,57,35,39,,,,,,
ukr,Ukraine,lnz-cherkasy,LNZ Cherkasy,19,LW,TBD,TBD,TBD,TBD,0,25,25,47,55,60,49,47,58,35,37,,,,,,
ukr,Ukraine,lnz-cherkasy,LNZ Cherkasy,20,LW,TBD,TBD,TBD,TBD,0,25,25,47,55,60,49,47,58,35,37,,,,,,
ukr,Ukraine,lnz-cherkasy,LNZ Cherkasy,21,RW,TBD,TBD,TBD,TBD,0,25,25,47,55,60,49,47,58,35,37,,,,,,
ukr,Ukraine,lnz-cherkasy,LNZ Cherkasy,22,RW,TBD,TBD,TBD,TBD,0,25,25,47,55,60,49,47,58,35,37,,,,,,
ukr,Ukraine,lnz-cherkasy,LNZ Cherkasy,23,ST,TBD,TBD,TBD,TBD,0,25,25,47,55,55,55,40,53,35,49,,,,,,
ukr,Ukraine,lnz-cherkasy,LNZ Cherkasy,24,ST,TBD,TBD,TBD,TBD,0,25,25,47,55,55,55,40,53,35,49,,,,,,
ukr,Ukraine,lnz-cherkasy,LNZ Cherkasy,25,ST,TBD,TBD,TBD,TBD,0,25,25,47,55,55,55,40,53,35,49,,,,,,
esp,Spain,esp,La Liga,1,GK,TBD,TBD,TBD,TBD,0,25,25,73,81,,,,,,,75,73,71,76,48,74
esp,Spain,esp,La Liga,2,GK,TBD,TBD,TBD,TBD,0,25,25,73,81,,,,,,,75,73,71,76,48,74
esp,Spain,esp,La Liga,3,CB,TBD,TBD,TBD,TBD,0,25,25,73,81,65,43,63,61,77,79,,,,,,
esp,Spain,esp,La Liga,4,CB,TBD,TBD,TBD,TBD,0,25,25,73,81,65,43,63,61,77,79,,,,,,
esp,Spain,esp,La Liga,5,CB,TBD,TBD,TBD,TBD,0,25,25,73,81,65,43,63,61,77,79,,,,,,
esp,Spain,esp,La Liga,6,CB,TBD,TBD,TBD,TBD,0,25,25,73,81,65,43,63,61,77,79,,,,,,
esp,Spain,esp,La Liga,7,CB,TBD,TBD,TBD,TBD,0,25,25,73,81,65,43,63,61,77,79,,,,,,
esp,Spain,esp,La Liga,8,LB,TBD,TBD,TBD,TBD,0,25,25,74,82,79,56,72,76,74,75,,,,,,
esp,Spain,esp,La Liga,9,LB,TBD,TBD,TBD,TBD,0,25,25,74,82,79,56,72,76,74,75,,,,,,
esp,Spain,esp,La Liga,10,RB,TBD,TBD,TBD,TBD,0,25,25,74,82,79,56,72,76,74,75,,,,,,
esp,Spain,esp,La Liga,11,RB,TBD,TBD,TBD,TBD,0,25,25,74,82,79,56,72,76,74,75,,,,,,
esp,Spain,esp,La Liga,12,CDM,TBD,TBD,TBD,TBD,0,25,25,74,82,71,62,76,74,78,79,,,,,,
esp,Spain,esp,La Liga,13,CM,TBD,TBD,TBD,TBD,0,25,25,75,80,74,71,79,80,73,75,,,,,,
esp,Spain,esp,La Liga,14,CM,TBD,TBD,TBD,TBD,0,25,25,75,80,74,71,79,80,73,75,,,,,,
esp,Spain,esp,La Liga,15,CM,TBD,TBD,TBD,TBD,0,25,25,75,80,74,71,79,80,73,75,,,,,,
esp,Spain,esp,La Liga,16,CM,TBD,TBD,TBD,TBD,0,25,25,75,80,74,71,79,80,73,75,,,,,,
esp,Spain,esp,La Liga,17,CM,TBD,TBD,TBD,TBD,0,25,25,75,80,74,71,79,80,73,75,,,,,,
esp,Spain,esp,La Liga,18,CAM,TBD,TBD,TBD,TBD,0,25,25,75,80,78,77,83,85,57,67,,,,,,
esp,Spain,esp,La Liga,19,LW,TBD,TBD,TBD,TBD,0,25,25,75,80,88,77,75,86,50,65,,,,,,
esp,Spain,esp,La Liga,20,LW,TBD,TBD,TBD,TBD,0,25,25,75,80,88,77,75,86,50,65,,,,,,
esp,Spain,esp,La Liga,21,RW,TBD,TBD,TBD,TBD,0,25,25,75,80,88,77,75,86,50,65,,,,,,
esp,Spain,esp,La Liga,22,RW,TBD,TBD,TBD,TBD,0,25,25,75,80,88,77,75,86,50,65,,,,,,
esp,Spain,esp,La Liga,23,ST,TBD,TBD,TBD,TBD,0,25,25,75,80,83,83,68,81,45,77,,,,,,
esp,Spain,esp,La Liga,24,ST,TBD,TBD,TBD,TBD,0,25,25,75,80,83,83,68,81,45,77,,,,,,
esp,Spain,esp,La Liga,25,ST,TBD,TBD,TBD,TBD,0,25,25,75,80,83,83,68,81,45,77,,,,,,
fra,France,le-havre,Le Havre AC,1,CB,TBD,TBD,TBD,TBD,25,25,2,57,65,49,35,47,45,61,63,,,,,,
fra,France,le-havre,Le Havre AC,2,CM,TBD,TBD,TBD,TBD,25,25,2,59,67,58,55,63,64,57,59,,,,,,
irl,Ireland,irl,League of Ireland Premier Division,1,GK,TBD,TBD,TBD,TBD,0,25,25,45,53,,,,,,,47,45,43,48,35,46
irl,Ireland,irl,League of Ireland Premier Division,2,GK,TBD,TBD,TBD,TBD,0,25,25,45,53,,,,,,,47,45,43,48,35,46
irl,Ireland,irl,League of Ireland Premier Division,3,CB,TBD,TBD,TBD,TBD,0,25,25,45,53,37,35,35,35,49,51,,,,,,
irl,Ireland,irl,League of Ireland Premier Division,4,CB,TBD,TBD,TBD,TBD,0,25,25,45,53,37,35,35,35,49,51,,,,,,
irl,Ireland,irl,League of Ireland Premier Division,5,CB,TBD,TBD,TBD,TBD,0,25,25,45,53,37,35,35,35,49,51,,,,,,
irl,Ireland,irl,League of Ireland Premier Division,6,CB,TBD,TBD,TBD,TBD,0,25,25,45,53,37,35,35,35,49,51,,,,,,
irl,Ireland,irl,League of Ireland Premier Division,7,CB,TBD,TBD,TBD,TBD,0,25,25,45,53,37,35,35,35,49,51,,,,,,
irl,Ireland,irl,League of Ireland Premier Division,8,LB,TBD,TBD,TBD,TBD,0,25,25,46,54,51,35,44,48,46,47,,,,,,
irl,Ireland,irl,League of Ireland Premier Division,9,LB,TBD,TBD,TBD,TBD,0,25,25,46,54,51,35,44,48,46,47,,,,,,
irl,Ireland,irl,League of Ireland Premier Division,10,RB,TBD,TBD,TBD,TBD,0,25,25,46,54,51,35,44,48,46,47,,,,,,
irl,Ireland,irl,League of Ireland Premier Division,11,RB,TBD,TBD,TBD,TBD,0,25,25,46,54,51,35,44,48,46,47,,,,,,
irl,Ireland,irl,League of Ireland Premier Division,12,CDM,TBD,TBD,TBD,TBD,0,25,25,46,54,43,35,48,46,50,51,,,,,,
irl,Ireland,irl,League of Ireland Premier Division,13,CM,TBD,TBD,TBD,TBD,0,25,25,47,55,46,43,51,52,45,47,,,,,,
irl,Ireland,irl,League of Ireland Premier Division,14,CM,TBD,TBD,TBD,TBD,0,25,25,47,55,46,43,51,52,45,47,,,,,,
irl,Ireland,irl,League of Ireland Premier Division,15,CM,TBD,TBD,TBD,TBD,0,25,25,47,55,46,43,51,52,45,47,,,,,,
irl,Ireland,irl,League of Ireland Premier Division,16,CM,TBD,TBD,TBD,TBD,0,25,25,47,55,46,43,51,52,45,47,,,,,,
irl,Ireland,irl,League of Ireland Premier Division,17,CM,TBD,TBD,TBD,TBD,0,25,25,47,55,46,43,51,52,45,47,,,,,,
irl,Ireland,irl,League of Ireland Premier Division,18,CAM,TBD,TBD,TBD,TBD,0,25,25,47,55,50,49,55,57,35,39,,,,,,
irl,Ireland,irl,League of Ireland Premier Division,19,LW,TBD,TBD,TBD,TBD,0,25,25,47,55,60,49,47,58,35,37,,,,,,
irl,Ireland,irl,League of Ireland Premier Division,20,LW,TBD,TBD,TBD,TBD,0,25,25,47,55,60,49,47,58,35,37,,,,,,
irl,Ireland,irl,League of Ireland Premier Division,21,RW,TBD,TBD,TBD,TBD,0,25,25,47,55,60,49,47,58,35,37,,,,,,
irl,Ireland,irl,League of Ireland Premier Division,22,RW,TBD,TBD,TBD,TBD,0,25,25,47,55,60,49,47,58,35,37,,,,,,
irl,Ireland,irl,League of Ireland Premier Division,23,ST,TBD,TBD,TBD,TBD,0,25,25,47,55,55,55,40,53,35,49,,,,,,
irl,Ireland,irl,League of Ireland Premier Division,24,ST,TBD,TBD,TBD,TBD,0,25,25,47,55,55,55,40,53,35,49,,,,,,
irl,Ireland,irl,League of Ireland Premier Division,25,ST,TBD,TBD,TBD,TBD,0,25,25,47,55,55,55,40,53,35,49,,,,,,
pol,Poland,lech-poznan,Lech Poznań,1,GK,TBD,TBD,TBD,TBD,0,25,25,57,65,,,,,,,59,57,55,60,35,58
pol,Poland,lech-poznan,Lech Poznań,2,GK,TBD,TBD,TBD,TBD,0,25,25,57,65,,,,,,,59,57,55,60,35,58
pol,Poland,lech-poznan,Lech Poznań,3,CB,TBD,TBD,TBD,TBD,0,25,25,57,65,49,35,47,45,61,63,,,,,,
pol,Poland,lech-poznan,Lech Poznań,4,CB,TBD,TBD,TBD,TBD,0,25,25,57,65,49,35,47,45,61,63,,,,,,
pol,Poland,lech-poznan,Lech Poznań,5,CB,TBD,TBD,TBD,TBD,0,25,25,57,65,49,35,47,45,61,63,,,,,,
pol,Poland,lech-poznan,Lech Poznań,6,CB,TBD,TBD,TBD,TBD,0,25,25,57,65,49,35,47,45,61,63,,,,,,
pol,Poland,lech-poznan,Lech Poznań,7,CB,TBD,TBD,TBD,TBD,0,25,25,57,65,49,35,47,45,61,63,,,,,,
pol,Poland,lech-poznan,Lech Poznań,8,LB,TBD,TBD,TBD,TBD,0,25,25,58,66,63,40,56,60,58,59,,,,,,
pol,Poland,lech-poznan,Lech Poznań,9,LB,TBD,TBD,TBD,TBD,0,25,25,58,66,63,40,56,60,58,59,,,,,,
pol,Poland,lech-poznan,Lech Poznań,10,RB,TBD,TBD,TBD,TBD,0,25,25,58,66,63,40,56,60,58,59,,,,,,
pol,Poland,lech-poznan,Lech Poznań,11,RB,TBD,TBD,TBD,TBD,0,25,25,58,66,63,40,56,60,58,59,,,,,,
pol,Poland,lech-poznan,Lech Poznań,12,CDM,TBD,TBD,TBD,TBD,0,25,25,58,66,55,46,60,58,62,63,,,,,,
pol,Poland,lech-poznan,Lech Poznań,13,CM,TBD,TBD,TBD,TBD,0,25,25,59,67,58,55,63,64,57,59,,,,,,
pol,Poland,lech-poznan,Lech Poznań,14,CM,TBD,TBD,TBD,TBD,0,25,25,59,67,58,55,63,64,57,59,,,,,,
pol,Poland,lech-poznan,Lech Poznań,15,CM,TBD,TBD,TBD,TBD,0,25,25,59,67,58,55,63,64,57,59,,,,,,
pol,Poland,lech-poznan,Lech Poznań,16,CM,TBD,TBD,TBD,TBD,0,25,25,59,67,58,55,63,64,57,59,,,,,,
pol,Poland,lech-poznan,Lech Poznań,17,CM,TBD,TBD,TBD,TBD,0,25,25,59,67,58,55,63,64,57,59,,,,,,
pol,Poland,lech-poznan,Lech Poznań,18,CAM,TBD,TBD,TBD,TBD,0,25,25,59,67,62,61,67,69,41,51,,,,,,
pol,Poland,lech-poznan,Lech Poznań,19,LW,TBD,TBD,TBD,TBD,0,25,25,59,67,72,61,59,70,35,49,,,,,,
pol,Poland,lech-poznan,Lech Poznań,20,LW,TBD,TBD,TBD,TBD,0,25,25,59,67,72,61,59,70,35,49,,,,,,
pol,Poland,lech-poznan,Lech Poznań,21,RW,TBD,TBD,TBD,TBD,0,25,25,59,67,72,61,59,70,35,49,,,,,,
pol,Poland,lech-poznan,Lech Poznań,22,RW,TBD,TBD,TBD,TBD,0,25,25,59,67,72,61,59,70,35,49,,,,,,
pol,Poland,lech-poznan,Lech Poznań,23,ST,TBD,TBD,TBD,TBD,0,25,25,59,67,67,67,52,65,35,61,,,,,,
pol,Poland,lech-poznan,Lech Poznań,24,ST,TBD,TBD,TBD,TBD,0,25,25,59,67,67,67,52,65,35,61,,,,,,
pol,Poland,lech-poznan,Lech Poznań,25,ST,TBD,TBD,TBD,TBD,0,25,25,59,67,67,67,52,65,35,61,,,,,,
pol,Poland,lechia-gdansk,Lechia Gdańsk,1,GK,TBD,TBD,TBD,TBD,0,25,25,50,58,,,,,,,52,50,48,53,35,51
pol,Poland,lechia-gdansk,Lechia Gdańsk,2,GK,TBD,TBD,TBD,TBD,0,25,25,50,58,,,,,,,52,50,48,53,35,51
pol,Poland,lechia-gdansk,Lechia Gdańsk,3,CB,TBD,TBD,TBD,TBD,0,25,25,50,58,42,35,40,38,54,56,,,,,,
pol,Poland,lechia-gdansk,Lechia Gdańsk,4,CB,TBD,TBD,TBD,TBD,0,25,25,50,58,42,35,40,38,54,56,,,,,,
pol,Poland,lechia-gdansk,Lechia Gdańsk,5,CB,TBD,TBD,TBD,TBD,0,25,25,50,58,42,35,40,38,54,56,,,,,,
pol,Poland,lechia-gdansk,Lechia Gdańsk,6,CB,TBD,TBD,TBD,TBD,0,25,25,50,58,42,35,40,38,54,56,,,,,,
pol,Poland,lechia-gdansk,Lechia Gdańsk,7,CB,TBD,TBD,TBD,TBD,0,25,25,50,58,42,35,40,38,54,56,,,,,,
pol,Poland,lechia-gdansk,Lechia Gdańsk,8,LB,TBD,TBD,TBD,TBD,0,25,25,51,59,56,35,49,53,51,52,,,,,,
pol,Poland,lechia-gdansk,Lechia Gdańsk,9,LB,TBD,TBD,TBD,TBD,0,25,25,51,59,56,35,49,53,51,52,,,,,,
pol,Poland,lechia-gdansk,Lechia Gdańsk,10,RB,TBD,TBD,TBD,TBD,0,25,25,51,59,56,35,49,53,51,52,,,,,,
pol,Poland,lechia-gdansk,Lechia Gdańsk,11,RB,TBD,TBD,TBD,TBD,0,25,25,51,59,56,35,49,53,51,52,,,,,,
pol,Poland,lechia-gdansk,Lechia Gdańsk,12,CDM,TBD,TBD,TBD,TBD,0,25,25,51,59,48,39,53,51,55,56,,,,,,
pol,Poland,lechia-gdansk,Lechia Gdańsk,13,CM,TBD,TBD,TBD,TBD,0,25,25,52,60,51,48,56,57,50,52,,,,,,
pol,Poland,lechia-gdansk,Lechia Gdańsk,14,CM,TBD,TBD,TBD,TBD,0,25,25,52,60,51,48,56,57,50,52,,,,,,
pol,Poland,lechia-gdansk,Lechia Gdańsk,15,CM,TBD,TBD,TBD,TBD,0,25,25,52,60,51,48,56,57,50,52,,,,,,
pol,Poland,lechia-gdansk,Lechia Gdańsk,16,CM,TBD,TBD,TBD,TBD,0,25,25,52,60,51,48,56,57,50,52,,,,,,
pol,Poland,lechia-gdansk,Lechia Gdańsk,17,CM,TBD,TBD,TBD,TBD,0,25,25,52,60,51,48,56,57,50,52,,,,,,
pol,Poland,lechia-gdansk,Lechia Gdańsk,18,CAM,TBD,TBD,TBD,TBD,0,25,25,52,60,55,54,60,62,35,44,,,,,,
pol,Poland,lechia-gdansk,Lechia Gdańsk,19,LW,TBD,TBD,TBD,TBD,0,25,25,52,60,65,54,52,63,35,42,,,,,,
pol,Poland,lechia-gdansk,Lechia Gdańsk,20,LW,TBD,TBD,TBD,TBD,0,25,25,52,60,65,54,52,63,35,42,,,,,,
pol,Poland,lechia-gdansk,Lechia Gdańsk,21,RW,TBD,TBD,TBD,TBD,0,25,25,52,60,65,54,52,63,35,42,,,,,,
pol,Poland,lechia-gdansk,Lechia Gdańsk,22,RW,TBD,TBD,TBD,TBD,0,25,25,52,60,65,54,52,63,35,42,,,,,,
pol,Poland,lechia-gdansk,Lechia Gdańsk,23,ST,TBD,TBD,TBD,TBD,0,25,25,52,60,60,60,45,58,35,54,,,,,,
pol,Poland,lechia-gdansk,Lechia Gdańsk,24,ST,TBD,TBD,TBD,TBD,0,25,25,52,60,60,60,45,58,35,54,,,,,,
pol,Poland,lechia-gdansk,Lechia Gdańsk,25,ST,TBD,TBD,TBD,TBD,0,25,25,52,60,60,60,45,58,35,54,,,,,,
gre,Greece,levadiakos,Levadiakos FC,1,GK,TBD,TBD,TBD,TBD,0,25,25,45,53,,,,,,,47,45,43,48,35,46
gre,Greece,levadiakos,Levadiakos FC,2,GK,TBD,TBD,TBD,TBD,0,25,25,45,53,,,,,,,47,45,43,48,35,46
gre,Greece,levadiakos,Levadiakos FC,3,CB,TBD,TBD,TBD,TBD,0,25,25,45,53,37,35,35,35,49,51,,,,,,
gre,Greece,levadiakos,Levadiakos FC,4,CB,TBD,TBD,TBD,TBD,0,25,25,45,53,37,35,35,35,49,51,,,,,,
gre,Greece,levadiakos,Levadiakos FC,5,CB,TBD,TBD,TBD,TBD,0,25,25,45,53,37,35,35,35,49,51,,,,,,
gre,Greece,levadiakos,Levadiakos FC,6,CB,TBD,TBD,TBD,TBD,0,25,25,45,53,37,35,35,35,49,51,,,,,,
gre,Greece,levadiakos,Levadiakos FC,7,CB,TBD,TBD,TBD,TBD,0,25,25,45,53,37,35,35,35,49,51,,,,,,
gre,Greece,levadiakos,Levadiakos FC,8,LB,TBD,TBD,TBD,TBD,0,25,25,46,54,51,35,44,48,46,47,,,,,,
gre,Greece,levadiakos,Levadiakos FC,9,LB,TBD,TBD,TBD,TBD,0,25,25,46,54,51,35,44,48,46,47,,,,,,
gre,Greece,levadiakos,Levadiakos FC,10,RB,TBD,TBD,TBD,TBD,0,25,25,46,54,51,35,44,48,46,47,,,,,,
gre,Greece,levadiakos,Levadiakos FC,11,RB,TBD,TBD,TBD,TBD,0,25,25,46,54,51,35,44,48,46,47,,,,,,
gre,Greece,levadiakos,Levadiakos FC,12,CDM,TBD,TBD,TBD,TBD,0,25,25,46,54,43,35,48,46,50,51,,,,,,
gre,Greece,levadiakos,Levadiakos FC,13,CM,TBD,TBD,TBD,TBD,0,25,25,47,55,46,43,51,52,45,47,,,,,,
gre,Greece,levadiakos,Levadiakos FC,14,CM,TBD,TBD,TBD,TBD,0,25,25,47,55,46,43,51,52,45,47,,,,,,
gre,Greece,levadiakos,Levadiakos FC,15,CM,TBD,TBD,TBD,TBD,0,25,25,47,55,46,43,51,52,45,47,,,,,,
gre,Greece,levadiakos,Levadiakos FC,16,CM,TBD,TBD,TBD,TBD,0,25,25,47,55,46,43,51,52,45,47,,,,,,
gre,Greece,levadiakos,Levadiakos FC,17,CM,TBD,TBD,TBD,TBD,0,25,25,47,55,46,43,51,52,45,47,,,,,,
gre,Greece,levadiakos,Levadiakos FC,18,CAM,TBD,TBD,TBD,TBD,0,25,25,47,55,50,49,55,57,35,39,,,,,,
gre,Greece,levadiakos,Levadiakos FC,19,LW,TBD,TBD,TBD,TBD,0,25,25,47,55,60,49,47,58,35,37,,,,,,
gre,Greece,levadiakos,Levadiakos FC,20,LW,TBD,TBD,TBD,TBD,0,25,25,47,55,60,49,47,58,35,37,,,,,,
gre,Greece,levadiakos,Levadiakos FC,21,RW,TBD,TBD,TBD,TBD,0,25,25,47,55,60,49,47,58,35,37,,,,,,
gre,Greece,levadiakos,Levadiakos FC,22,RW,TBD,TBD,TBD,TBD,0,25,25,47,55,60,49,47,58,35,37,,,,,,
gre,Greece,levadiakos,Levadiakos FC,23,ST,TBD,TBD,TBD,TBD,0,25,25,47,55,55,55,40,53,35,49,,,,,,
gre,Greece,levadiakos,Levadiakos FC,24,ST,TBD,TBD,TBD,TBD,0,25,25,47,55,55,55,40,53,35,49,,,,,,
gre,Greece,levadiakos,Levadiakos FC,25,ST,TBD,TBD,TBD,TBD,0,25,25,47,55,55,55,40,53,35,49,,,,,,
bgr,Bulgaria,levski-sofia,Levski Sofia,1,GK,TBD,TBD,TBD,TBD,0,25,25,45,53,,,,,,,47,45,43,48,35,46
bgr,Bulgaria,levski-sofia,Levski Sofia,2,GK,TBD,TBD,TBD,TBD,0,25,25,45,53,,,,,,,47,45,43,48,35,46
bgr,Bulgaria,levski-sofia,Levski Sofia,3,CB,TBD,TBD,TBD,TBD,0,25,25,45,53,37,35,35,35,49,51,,,,,,
bgr,Bulgaria,levski-sofia,Levski Sofia,4,CB,TBD,TBD,TBD,TBD,0,25,25,45,53,37,35,35,35,49,51,,,,,,
bgr,Bulgaria,levski-sofia,Levski Sofia,5,CB,TBD,TBD,TBD,TBD,0,25,25,45,53,37,35,35,35,49,51,,,,,,
bgr,Bulgaria,levski-sofia,Levski Sofia,6,CB,TBD,TBD,TBD,TBD,0,25,25,45,53,37,35,35,35,49,51,,,,,,
bgr,Bulgaria,levski-sofia,Levski Sofia,7,CB,TBD,TBD,TBD,TBD,0,25,25,45,53,37,35,35,35,49,51,,,,,,
bgr,Bulgaria,levski-sofia,Levski Sofia,8,LB,TBD,TBD,TBD,TBD,0,25,25,46,54,51,35,44,48,46,47,,,,,,
bgr,Bulgaria,levski-sofia,Levski Sofia,9,LB,TBD,TBD,TBD,TBD,0,25,25,46,54,51,35,44,48,46,47,,,,,,
bgr,Bulgaria,levski-sofia,Levski Sofia,10,RB,TBD,TBD,TBD,TBD,0,25,25,46,54,51,35,44,48,46,47,,,,,,
bgr,Bulgaria,levski-sofia,Levski Sofia,11,RB,TBD,TBD,TBD,TBD,0,25,25,46,54,51,35,44,48,46,47,,,,,,
bgr,Bulgaria,levski-sofia,Levski Sofia,12,CDM,TBD,TBD,TBD,TBD,0,25,25,46,54,43,35,48,46,50,51,,,,,,
bgr,Bulgaria,levski-sofia,Levski Sofia,13,CM,TBD,TBD,TBD,TBD,0,25,25,47,55,46,43,51,52,45,47,,,,,,
bgr,Bulgaria,levski-sofia,Levski Sofia,14,CM,TBD,TBD,TBD,TBD,0,25,25,47,55,46,43,51,52,45,47,,,,,,
bgr,Bulgaria,levski-sofia,Levski Sofia,15,CM,TBD,TBD,TBD,TBD,0,25,25,47,55,46,43,51,52,45,47,,,,,,
bgr,Bulgaria,levski-sofia,Levski Sofia,16,CM,TBD,TBD,TBD,TBD,0,25,25,47,55,46,43,51,52,45,47,,,,,,
bgr,Bulgaria,levski-sofia,Levski Sofia,17,CM,TBD,TBD,TBD,TBD,0,25,25,47,55,46,43,51,52,45,47,,,,,,
bgr,Bulgaria,levski-sofia,Levski Sofia,18,CAM,TBD,TBD,TBD,TBD,0,25,25,47,55,50,49,55,57,35,39,,,,,,
bgr,Bulgaria,levski-sofia,Levski Sofia,19,LW,TBD,TBD,TBD,TBD,0,25,25,47,55,60,49,47,58,35,37,,,,,,
bgr,Bulgaria,levski-sofia,Levski Sofia,20,LW,TBD,TBD,TBD,TBD,0,25,25,47,55,60,49,47,58,35,37,,,,,,
bgr,Bulgaria,levski-sofia,Levski Sofia,21,RW,TBD,TBD,TBD,TBD,0,25,25,47,55,60,49,47,58,35,37,,,,,,
bgr,Bulgaria,levski-sofia,Levski Sofia,22,RW,TBD,TBD,TBD,TBD,0,25,25,47,55,60,49,47,58,35,37,,,,,,
bgr,Bulgaria,levski-sofia,Levski Sofia,23,ST,TBD,TBD,TBD,TBD,0,25,25,47,55,55,55,40,53,35,49,,,,,,
bgr,Bulgaria,levski-sofia,Levski Sofia,24,ST,TBD,TBD,TBD,TBD,0,25,25,47,55,55,55,40,53,35,49,,,,,,
bgr,Bulgaria,levski-sofia,Levski Sofia,25,ST,TBD,TBD,TBD,TBD,0,25,25,47,55,55,55,40,53,35,49,,,,,,
rou,Romania,rou,Liga 1,1,GK,TBD,TBD,TBD,TBD,0,25,25,50,58,,,,,,,52,50,48,53,35,51
rou,Romania,rou,Liga 1,2,GK,TBD,TBD,TBD,TBD,0,25,25,50,58,,,,,,,52,50,48,53,35,51
rou,Romania,rou,Liga 1,3,CB,TBD,TBD,TBD,TBD,0,25,25,50,58,42,35,40,38,54,56,,,,,,
rou,Romania,rou,Liga 1,4,CB,TBD,TBD,TBD,TBD,0,25,25,50,58,42,35,40,38,54,56,,,,,,
rou,Romania,rou,Liga 1,5,CB,TBD,TBD,TBD,TBD,0,25,25,50,58,42,35,40,38,54,56,,,,,,
rou,Romania,rou,Liga 1,6,CB,TBD,TBD,TBD,TBD,0,25,25,50,58,42,35,40,38,54,56,,,,,,
rou,Romania,rou,Liga 1,7,CB,TBD,TBD,TBD,TBD,0,25,25,50,58,42,35,40,38,54,56,,,,,,
rou,Romania,rou,Liga 1,8,LB,TBD,TBD,TBD,TBD,0,25,25,51,59,56,35,49,53,51,52,,,,,,
rou,Romania,rou,Liga 1,9,LB,TBD,TBD,TBD,TBD,0,25,25,51,59,56,35,49,53,51,52,,,,,,
rou,Romania,rou,Liga 1,10,RB,TBD,TBD,TBD,TBD,0,25,25,51,59,56,35,49,53,51,52,,,,,,
rou,Romania,rou,Liga 1,11,RB,TBD,TBD,TBD,TBD,0,25,25,51,59,56,35,49,53,51,52,,,,,,
rou,Romania,rou,Liga 1,12,CDM,TBD,TBD,TBD,TBD,0,25,25,51,59,48,39,53,51,55,56,,,,,,
rou,Romania,rou,Liga 1,13,CM,TBD,TBD,TBD,TBD,0,25,25,52,60,51,48,56,57,50,52,,,,,,
rou,Romania,rou,Liga 1,14,CM,TBD,TBD,TBD,TBD,0,25,25,52,60,51,48,56,57,50,52,,,,,,
rou,Romania,rou,Liga 1,15,CM,TBD,TBD,TBD,TBD,0,25,25,52,60,51,48,56,57,50,52,,,,,,
rou,Romania,rou,Liga 1,16,CM,TBD,TBD,TBD,TBD,0,25,25,52,60,51,48,56,57,50,52,,,,,,
rou,Romania,rou,Liga 1,17,CM,TBD,TBD,TBD,TBD,0,25,25,52,60,51,48,56,57,50,52,,,,,,
rou,Romania,rou,Liga 1,18,CAM,TBD,TBD,TBD,TBD,0,25,25,52,60,55,54,60,62,35,44,,,,,,
rou,Romania,rou,Liga 1,19,LW,TBD,TBD,TBD,TBD,0,25,25,52,60,65,54,52,63,35,42,,,,,,
rou,Romania,rou,Liga 1,20,LW,TBD,TBD,TBD,TBD,0,25,25,52,60,65,54,52,63,35,42,,,,,,
rou,Romania,rou,Liga 1,21,RW,TBD,TBD,TBD,TBD,0,25,25,52,60,65,54,52,63,35,42,,,,,,
rou,Romania,rou,Liga 1,22,RW,TBD,TBD,TBD,TBD,0,25,25,52,60,65,54,52,63,35,42,,,,,,
rou,Romania,rou,Liga 1,23,ST,TBD,TBD,TBD,TBD,0,25,25,52,60,60,60,45,58,35,54,,,,,,
rou,Romania,rou,Liga 1,24,ST,TBD,TBD,TBD,TBD,0,25,25,52,60,60,60,45,58,35,54,,,,,,
rou,Romania,rou,Liga 1,25,ST,TBD,TBD,TBD,TBD,0,25,25,52,60,60,60,45,58,35,54,,,,,,
fra,France,fra,Ligue 1,1,GK,TBD,TBD,TBD,TBD,0,25,25,57,65,,,,,,,59,57,55,60,35,58
fra,France,fra,Ligue 1,2,GK,TBD,TBD,TBD,TBD,0,25,25,57,65,,,,,,,59,57,55,60,35,58
fra,France,fra,Ligue 1,3,CB,TBD,TBD,TBD,TBD,0,25,25,57,65,49,35,47,45,61,63,,,,,,
fra,France,fra,Ligue 1,4,CB,TBD,TBD,TBD,TBD,0,25,25,57,65,49,35,47,45,61,63,,,,,,
fra,France,fra,Ligue 1,5,CB,TBD,TBD,TBD,TBD,0,25,25,57,65,49,35,47,45,61,63,,,,,,
fra,France,fra,Ligue 1,6,CB,TBD,TBD,TBD,TBD,0,25,25,57,65,49,35,47,45,61,63,,,,,,
fra,France,fra,Ligue 1,7,CB,TBD,TBD,TBD,TBD,0,25,25,57,65,49,35,47,45,61,63,,,,,,
fra,France,fra,Ligue 1,8,LB,TBD,TBD,TBD,TBD,0,25,25,58,66,63,40,56,60,58,59,,,,,,
fra,France,fra,Ligue 1,9,LB,TBD,TBD,TBD,TBD,0,25,25,58,66,63,40,56,60,58,59,,,,,,
fra,France,fra,Ligue 1,10,RB,TBD,TBD,TBD,TBD,0,25,25,58,66,63,40,56,60,58,59,,,,,,
fra,France,fra,Ligue 1,11,RB,TBD,TBD,TBD,TBD,0,25,25,58,66,63,40,56,60,58,59,,,,,,
fra,France,fra,Ligue 1,12,CDM,TBD,TBD,TBD,TBD,0,25,25,58,66,55,46,60,58,62,63,,,,,,
fra,France,fra,Ligue 1,13,CM,TBD,TBD,TBD,TBD,0,25,25,59,67,58,55,63,64,57,59,,,,,,
fra,France,fra,Ligue 1,14,CM,TBD,TBD,TBD,TBD,0,25,25,59,67,58,55,63,64,57,59,,,,,,
fra,France,fra,Ligue 1,15,CM,TBD,TBD,TBD,TBD,0,25,25,59,67,58,55,63,64,57,59,,,,,,
fra,France,fra,Ligue 1,16,CM,TBD,TBD,TBD,TBD,0,25,25,59,67,58,55,63,64,57,59,,,,,,
fra,France,fra,Ligue 1,17,CM,TBD,TBD,TBD,TBD,0,25,25,59,67,58,55,63,64,57,59,,,,,,
fra,France,fra,Ligue 1,18,CAM,TBD,TBD,TBD,TBD,0,25,25,59,67,62,61,67,69,41,51,,,,,,
fra,France,fra,Ligue 1,19,LW,TBD,TBD,TBD,TBD,0,25,25,59,67,72,61,59,70,35,49,,,,,,
fra,France,fra,Ligue 1,20,LW,TBD,TBD,TBD,TBD,0,25,25,59,67,72,61,59,70,35,49,,,,,,
fra,France,fra,Ligue 1,21,RW,TBD,TBD,TBD,TBD,0,25,25,59,67,72,61,59,70,35,49,,,,,,
fra,France,fra,Ligue 1,22,RW,TBD,TBD,TBD,TBD,0,25,25,59,67,72,61,59,70,35,49,,,,,,
fra,France,fra,Ligue 1,23,ST,TBD,TBD,TBD,TBD,0,25,25,59,67,67,67,52,65,35,61,,,,,,
fra,France,fra,Ligue 1,24,ST,TBD,TBD,TBD,TBD,0,25,25,59,67,67,67,52,65,35,61,,,,,,
fra,France,fra,Ligue 1,25,ST,TBD,TBD,TBD,TBD,0,25,25,59,67,67,67,52,65,35,61,,,,,,
fra,France,lille,Lille OSC,1,CB,TBD,TBD,TBD,TBD,25,25,3,73,81,65,43,63,61,77,79,,,,,,
fra,France,lille,Lille OSC,2,CM,TBD,TBD,TBD,TBD,25,25,3,75,80,74,71,79,80,73,75,,,,,,
fra,France,lille,Lille OSC,3,ST,TBD,TBD,TBD,TBD,25,25,3,75,80,83,83,68,81,45,77,,,,,,
nor,Norway,lillestrom,Lillestrøm SK,1,GK,TBD,TBD,TBD,TBD,0,25,25,51,59,,,,,,,53,51,49,54,35,52
nor,Norway,lillestrom,Lillestrøm SK,2,GK,TBD,TBD,TBD,TBD,0,25,25,51,59,,,,,,,53,51,49,54,35,52
nor,Norway,lillestrom,Lillestrøm SK,3,CB,TBD,TBD,TBD,TBD,0,25,25,51,59,43,35,41,39,55,57,,,,,,
nor,Norway,lillestrom,Lillestrøm SK,4,CB,TBD,TBD,TBD,TBD,0,25,25,51,59,43,35,41,39,55,57,,,,,,
nor,Norway,lillestrom,Lillestrøm SK,5,CB,TBD,TBD,TBD,TBD,0,25,25,51,59,43,35,41,39,55,57,,,,,,
nor,Norway,lillestrom,Lillestrøm SK,6,CB,TBD,TBD,TBD,TBD,0,25,25,51,59,43,35,41,39,55,57,,,,,,
nor,Norway,lillestrom,Lillestrøm SK,7,CB,TBD,TBD,TBD,TBD,0,25,25,51,59,43,35,41,39,55,57,,,,,,
nor,Norway,lillestrom,Lillestrøm SK,8,LB,TBD,TBD,TBD,TBD,0,25,25,52,60,57,35,50,54,52,53,,,,,,
nor,Norway,lillestrom,Lillestrøm SK,9,LB,TBD,TBD,TBD,TBD,0,25,25,52,60,57,35,50,54,52,53,,,,,,
nor,Norway,lillestrom,Lillestrøm SK,10,RB,TBD,TBD,TBD,TBD,0,25,25,52,60,57,35,50,54,52,53,,,,,,
nor,Norway,lillestrom,Lillestrøm SK,11,RB,TBD,TBD,TBD,TBD,0,25,25,52,60,57,35,50,54,52,53,,,,,,
nor,Norway,lillestrom,Lillestrøm SK,12,CDM,TBD,TBD,TBD,TBD,0,25,25,52,60,49,40,54,52,56,57,,,,,,
nor,Norway,lillestrom,Lillestrøm SK,13,CM,TBD,TBD,TBD,TBD,0,25,25,53,61,52,49,57,58,51,53,,,,,,
nor,Norway,lillestrom,Lillestrøm SK,14,CM,TBD,TBD,TBD,TBD,0,25,25,53,61,52,49,57,58,51,53,,,,,,
nor,Norway,lillestrom,Lillestrøm SK,15,CM,TBD,TBD,TBD,TBD,0,25,25,53,61,52,49,57,58,51,53,,,,,,
nor,Norway,lillestrom,Lillestrøm SK,16,CM,TBD,TBD,TBD,TBD,0,25,25,53,61,52,49,57,58,51,53,,,,,,
nor,Norway,lillestrom,Lillestrøm SK,17,CM,TBD,TBD,TBD,TBD,0,25,25,53,61,52,49,57,58,51,53,,,,,,
nor,Norway,lillestrom,Lillestrøm SK,18,CAM,TBD,TBD,TBD,TBD,0,25,25,53,61,56,55,61,63,35,45,,,,,,
nor,Norway,lillestrom,Lillestrøm SK,19,LW,TBD,TBD,TBD,TBD,0,25,25,53,61,66,55,53,64,35,43,,,,,,
nor,Norway,lillestrom,Lillestrøm SK,20,LW,TBD,TBD,TBD,TBD,0,25,25,53,61,66,55,53,64,35,43,,,,,,
nor,Norway,lillestrom,Lillestrøm SK,21,RW,TBD,TBD,TBD,TBD,0,25,25,53,61,66,55,53,64,35,43,,,,,,
nor,Norway,lillestrom,Lillestrøm SK,22,RW,TBD,TBD,TBD,TBD,0,25,25,53,61,66,55,53,64,35,43,,,,,,
nor,Norway,lillestrom,Lillestrøm SK,23,ST,TBD,TBD,TBD,TBD,0,25,25,53,61,61,61,46,59,35,55,,,,,,
nor,Norway,lillestrom,Lillestrøm SK,24,ST,TBD,TBD,TBD,TBD,0,25,25,53,61,61,61,46,59,35,55,,,,,,
nor,Norway,lillestrom,Lillestrøm SK,25,ST,TBD,TBD,TBD,TBD,0,25,25,53,61,61,61,46,59,35,55,,,,,,
bgr,Bulgaria,lokomotiv-plovdiv,Lokomotiv Plovdiv,1,GK,TBD,TBD,TBD,TBD,0,25,25,45,53,,,,,,,47,45,43,48,35,46
bgr,Bulgaria,lokomotiv-plovdiv,Lokomotiv Plovdiv,2,GK,TBD,TBD,TBD,TBD,0,25,25,45,53,,,,,,,47,45,43,48,35,46
bgr,Bulgaria,lokomotiv-plovdiv,Lokomotiv Plovdiv,3,CB,TBD,TBD,TBD,TBD,0,25,25,45,53,37,35,35,35,49,51,,,,,,
bgr,Bulgaria,lokomotiv-plovdiv,Lokomotiv Plovdiv,4,CB,TBD,TBD,TBD,TBD,0,25,25,45,53,37,35,35,35,49,51,,,,,,
bgr,Bulgaria,lokomotiv-plovdiv,Lokomotiv Plovdiv,5,CB,TBD,TBD,TBD,TBD,0,25,25,45,53,37,35,35,35,49,51,,,,,,
bgr,Bulgaria,lokomotiv-plovdiv,Lokomotiv Plovdiv,6,CB,TBD,TBD,TBD,TBD,0,25,25,45,53,37,35,35,35,49,51,,,,,,
bgr,Bulgaria,lokomotiv-plovdiv,Lokomotiv Plovdiv,7,CB,TBD,TBD,TBD,TBD,0,25,25,45,53,37,35,35,35,49,51,,,,,,
bgr,Bulgaria,lokomotiv-plovdiv,Lokomotiv Plovdiv,8,LB,TBD,TBD,TBD,TBD,0,25,25,46,54,51,35,44,48,46,47,,,,,,
bgr,Bulgaria,lokomotiv-plovdiv,Lokomotiv Plovdiv,9,LB,TBD,TBD,TBD,TBD,0,25,25,46,54,51,35,44,48,46,47,,,,,,
bgr,Bulgaria,lokomotiv-plovdiv,Lokomotiv Plovdiv,10,RB,TBD,TBD,TBD,TBD,0,25,25,46,54,51,35,44,48,46,47,,,,,,
bgr,Bulgaria,lokomotiv-plovdiv,Lokomotiv Plovdiv,11,RB,TBD,TBD,TBD,TBD,0,25,25,46,54,51,35,44,48,46,47,,,,,,
bgr,Bulgaria,lokomotiv-plovdiv,Lokomotiv Plovdiv,12,CDM,TBD,TBD,TBD,TBD,0,25,25,46,54,43,35,48,46,50,51,,,,,,
bgr,Bulgaria,lokomotiv-plovdiv,Lokomotiv Plovdiv,13,CM,TBD,TBD,TBD,TBD,0,25,25,47,55,46,43,51,52,45,47,,,,,,
bgr,Bulgaria,lokomotiv-plovdiv,Lokomotiv Plovdiv,14,CM,TBD,TBD,TBD,TBD,0,25,25,47,55,46,43,51,52,45,47,,,,,,
bgr,Bulgaria,lokomotiv-plovdiv,Lokomotiv Plovdiv,15,CM,TBD,TBD,TBD,TBD,0,25,25,47,55,46,43,51,52,45,47,,,,,,
bgr,Bulgaria,lokomotiv-plovdiv,Lokomotiv Plovdiv,16,CM,TBD,TBD,TBD,TBD,0,25,25,47,55,46,43,51,52,45,47,,,,,,
bgr,Bulgaria,lokomotiv-plovdiv,Lokomotiv Plovdiv,17,CM,TBD,TBD,TBD,TBD,0,25,25,47,55,46,43,51,52,45,47,,,,,,
bgr,Bulgaria,lokomotiv-plovdiv,Lokomotiv Plovdiv,18,CAM,TBD,TBD,TBD,TBD,0,25,25,47,55,50,49,55,57,35,39,,,,,,
bgr,Bulgaria,lokomotiv-plovdiv,Lokomotiv Plovdiv,19,LW,TBD,TBD,TBD,TBD,0,25,25,47,55,60,49,47,58,35,37,,,,,,
bgr,Bulgaria,lokomotiv-plovdiv,Lokomotiv Plovdiv,20,LW,TBD,TBD,TBD,TBD,0,25,25,47,55,60,49,47,58,35,37,,,,,,
bgr,Bulgaria,lokomotiv-plovdiv,Lokomotiv Plovdiv,21,RW,TBD,TBD,TBD,TBD,0,25,25,47,55,60,49,47,58,35,37,,,,,,
bgr,Bulgaria,lokomotiv-plovdiv,Lokomotiv Plovdiv,22,RW,TBD,TBD,TBD,TBD,0,25,25,47,55,60,49,47,58,35,37,,,,,,
bgr,Bulgaria,lokomotiv-plovdiv,Lokomotiv Plovdiv,23,ST,TBD,TBD,TBD,TBD,0,25,25,47,55,55,55,40,53,35,49,,,,,,
bgr,Bulgaria,lokomotiv-plovdiv,Lokomotiv Plovdiv,24,ST,TBD,TBD,TBD,TBD,0,25,25,47,55,55,55,40,53,35,49,,,,,,
bgr,Bulgaria,lokomotiv-plovdiv,Lokomotiv Plovdiv,25,ST,TBD,TBD,TBD,TBD,0,25,25,47,55,55,55,40,53,35,49,,,,,,
bgr,Bulgaria,lokomotiv-sofia,Lokomotiv Sofia,1,GK,TBD,TBD,TBD,TBD,0,25,25,45,53,,,,,,,47,45,43,48,35,46
bgr,Bulgaria,lokomotiv-sofia,Lokomotiv Sofia,2,GK,TBD,TBD,TBD,TBD,0,25,25,45,53,,,,,,,47,45,43,48,35,46
bgr,Bulgaria,lokomotiv-sofia,Lokomotiv Sofia,3,CB,TBD,TBD,TBD,TBD,0,25,25,45,53,37,35,35,35,49,51,,,,,,
bgr,Bulgaria,lokomotiv-sofia,Lokomotiv Sofia,4,CB,TBD,TBD,TBD,TBD,0,25,25,45,53,37,35,35,35,49,51,,,,,,
bgr,Bulgaria,lokomotiv-sofia,Lokomotiv Sofia,5,CB,TBD,TBD,TBD,TBD,0,25,25,45,53,37,35,35,35,49,51,,,,,,
bgr,Bulgaria,lokomotiv-sofia,Lokomotiv Sofia,6,CB,TBD,TBD,TBD,TBD,0,25,25,45,53,37,35,35,35,49,51,,,,,,
bgr,Bulgaria,lokomotiv-sofia,Lokomotiv Sofia,7,CB,TBD,TBD,TBD,TBD,0,25,25,45,53,37,35,35,35,49,51,,,,,,
bgr,Bulgaria,lokomotiv-sofia,Lokomotiv Sofia,8,LB,TBD,TBD,TBD,TBD,0,25,25,46,54,51,35,44,48,46,47,,,,,,
bgr,Bulgaria,lokomotiv-sofia,Lokomotiv Sofia,9,LB,TBD,TBD,TBD,TBD,0,25,25,46,54,51,35,44,48,46,47,,,,,,
bgr,Bulgaria,lokomotiv-sofia,Lokomotiv Sofia,10,RB,TBD,TBD,TBD,TBD,0,25,25,46,54,51,35,44,48,46,47,,,,,,
bgr,Bulgaria,lokomotiv-sofia,Lokomotiv Sofia,11,RB,TBD,TBD,TBD,TBD,0,25,25,46,54,51,35,44,48,46,47,,,,,,
bgr,Bulgaria,lokomotiv-sofia,Lokomotiv Sofia,12,CDM,TBD,TBD,TBD,TBD,0,25,25,46,54,43,35,48,46,50,51,,,,,,
bgr,Bulgaria,lokomotiv-sofia,Lokomotiv Sofia,13,CM,TBD,TBD,TBD,TBD,0,25,25,47,55,46,43,51,52,45,47,,,,,,
bgr,Bulgaria,lokomotiv-sofia,Lokomotiv Sofia,14,CM,TBD,TBD,TBD,TBD,0,25,25,47,55,46,43,51,52,45,47,,,,,,
bgr,Bulgaria,lokomotiv-sofia,Lokomotiv Sofia,15,CM,TBD,TBD,TBD,TBD,0,25,25,47,55,46,43,51,52,45,47,,,,,,
bgr,Bulgaria,lokomotiv-sofia,Lokomotiv Sofia,16,CM,TBD,TBD,TBD,TBD,0,25,25,47,55,46,43,51,52,45,47,,,,,,
bgr,Bulgaria,lokomotiv-sofia,Lokomotiv Sofia,17,CM,TBD,TBD,TBD,TBD,0,25,25,47,55,46,43,51,52,45,47,,,,,,
bgr,Bulgaria,lokomotiv-sofia,Lokomotiv Sofia,18,CAM,TBD,TBD,TBD,TBD,0,25,25,47,55,50,49,55,57,35,39,,,,,,
bgr,Bulgaria,lokomotiv-sofia,Lokomotiv Sofia,19,LW,TBD,TBD,TBD,TBD,0,25,25,47,55,60,49,47,58,35,37,,,,,,
bgr,Bulgaria,lokomotiv-sofia,Lokomotiv Sofia,20,LW,TBD,TBD,TBD,TBD,0,25,25,47,55,60,49,47,58,35,37,,,,,,
bgr,Bulgaria,lokomotiv-sofia,Lokomotiv Sofia,21,RW,TBD,TBD,TBD,TBD,0,25,25,47,55,60,49,47,58,35,37,,,,,,
bgr,Bulgaria,lokomotiv-sofia,Lokomotiv Sofia,22,RW,TBD,TBD,TBD,TBD,0,25,25,47,55,60,49,47,58,35,37,,,,,,
bgr,Bulgaria,lokomotiv-sofia,Lokomotiv Sofia,23,ST,TBD,TBD,TBD,TBD,0,25,25,47,55,55,55,40,53,35,49,,,,,,
bgr,Bulgaria,lokomotiv-sofia,Lokomotiv Sofia,24,ST,TBD,TBD,TBD,TBD,0,25,25,47,55,55,55,40,53,35,49,,,,,,
bgr,Bulgaria,lokomotiv-sofia,Lokomotiv Sofia,25,ST,TBD,TBD,TBD,TBD,0,25,25,47,55,55,55,40,53,35,49,,,,,,
den,Denmark,lyngby,Lyngby BK,1,GK,TBD,TBD,TBD,TBD,0,25,25,45,53,,,,,,,47,45,43,48,35,46
den,Denmark,lyngby,Lyngby BK,2,GK,TBD,TBD,TBD,TBD,0,25,25,45,53,,,,,,,47,45,43,48,35,46
den,Denmark,lyngby,Lyngby BK,3,CB,TBD,TBD,TBD,TBD,0,25,25,45,53,37,35,35,35,49,51,,,,,,
den,Denmark,lyngby,Lyngby BK,4,CB,TBD,TBD,TBD,TBD,0,25,25,45,53,37,35,35,35,49,51,,,,,,
den,Denmark,lyngby,Lyngby BK,5,CB,TBD,TBD,TBD,TBD,0,25,25,45,53,37,35,35,35,49,51,,,,,,
den,Denmark,lyngby,Lyngby BK,6,CB,TBD,TBD,TBD,TBD,0,25,25,45,53,37,35,35,35,49,51,,,,,,
den,Denmark,lyngby,Lyngby BK,7,CB,TBD,TBD,TBD,TBD,0,25,25,45,53,37,35,35,35,49,51,,,,,,
den,Denmark,lyngby,Lyngby BK,8,LB,TBD,TBD,TBD,TBD,0,25,25,46,54,51,35,44,48,46,47,,,,,,
den,Denmark,lyngby,Lyngby BK,9,LB,TBD,TBD,TBD,TBD,0,25,25,46,54,51,35,44,48,46,47,,,,,,
den,Denmark,lyngby,Lyngby BK,10,RB,TBD,TBD,TBD,TBD,0,25,25,46,54,51,35,44,48,46,47,,,,,,
den,Denmark,lyngby,Lyngby BK,11,RB,TBD,TBD,TBD,TBD,0,25,25,46,54,51,35,44,48,46,47,,,,,,
den,Denmark,lyngby,Lyngby BK,12,CDM,TBD,TBD,TBD,TBD,0,25,25,46,54,43,35,48,46,50,51,,,,,,
den,Denmark,lyngby,Lyngby BK,13,CM,TBD,TBD,TBD,TBD,0,25,25,47,55,46,43,51,52,45,47,,,,,,
den,Denmark,lyngby,Lyngby BK,14,CM,TBD,TBD,TBD,TBD,0,25,25,47,55,46,43,51,52,45,47,,,,,,
den,Denmark,lyngby,Lyngby BK,15,CM,TBD,TBD,TBD,TBD,0,25,25,47,55,46,43,51,52,45,47,,,,,,
den,Denmark,lyngby,Lyngby BK,16,CM,TBD,TBD,TBD,TBD,0,25,25,47,55,46,43,51,52,45,47,,,,,,
den,Denmark,lyngby,Lyngby BK,17,CM,TBD,TBD,TBD,TBD,0,25,25,47,55,46,43,51,52,45,47,,,,,,
den,Denmark,lyngby,Lyngby BK,18,CAM,TBD,TBD,TBD,TBD,0,25,25,47,55,50,49,55,57,35,39,,,,,,
den,Denmark,lyngby,Lyngby BK,19,LW,TBD,TBD,TBD,TBD,0,25,25,47,55,60,49,47,58,35,37,,,,,,
den,Denmark,lyngby,Lyngby BK,20,LW,TBD,TBD,TBD,TBD,0,25,25,47,55,60,49,47,58,35,37,,,,,,
den,Denmark,lyngby,Lyngby BK,21,RW,TBD,TBD,TBD,TBD,0,25,25,47,55,60,49,47,58,35,37,,,,,,
den,Denmark,lyngby,Lyngby BK,22,RW,TBD,TBD,TBD,TBD,0,25,25,47,55,60,49,47,58,35,37,,,,,,
den,Denmark,lyngby,Lyngby BK,23,ST,TBD,TBD,TBD,TBD,0,25,25,47,55,55,55,40,53,35,49,,,,,,
den,Denmark,lyngby,Lyngby BK,24,ST,TBD,TBD,TBD,TBD,0,25,25,47,55,55,55,40,53,35,49,,,,,,
den,Denmark,lyngby,Lyngby BK,25,ST,TBD,TBD,TBD,TBD,0,25,25,47,55,55,55,40,53,35,49,,,,,,
cze,Czechia,karvina,MFK Karviná,1,GK,TBD,TBD,TBD,TBD,0,25,25,45,53,,,,,,,47,45,43,48,35,46
cze,Czechia,karvina,MFK Karviná,2,GK,TBD,TBD,TBD,TBD,0,25,25,45,53,,,,,,,47,45,43,48,35,46
cze,Czechia,karvina,MFK Karviná,3,CB,TBD,TBD,TBD,TBD,0,25,25,45,53,37,35,35,35,49,51,,,,,,
cze,Czechia,karvina,MFK Karviná,4,CB,TBD,TBD,TBD,TBD,0,25,25,45,53,37,35,35,35,49,51,,,,,,
cze,Czechia,karvina,MFK Karviná,5,CB,TBD,TBD,TBD,TBD,0,25,25,45,53,37,35,35,35,49,51,,,,,,
cze,Czechia,karvina,MFK Karviná,6,CB,TBD,TBD,TBD,TBD,0,25,25,45,53,37,35,35,35,49,51,,,,,,
cze,Czechia,karvina,MFK Karviná,7,CB,TBD,TBD,TBD,TBD,0,25,25,45,53,37,35,35,35,49,51,,,,,,
cze,Czechia,karvina,MFK Karviná,8,LB,TBD,TBD,TBD,TBD,0,25,25,46,54,51,35,44,48,46,47,,,,,,
cze,Czechia,karvina,MFK Karviná,9,LB,TBD,TBD,TBD,TBD,0,25,25,46,54,51,35,44,48,46,47,,,,,,
cze,Czechia,karvina,MFK Karviná,10,RB,TBD,TBD,TBD,TBD,0,25,25,46,54,51,35,44,48,46,47,,,,,,
cze,Czechia,karvina,MFK Karviná,11,RB,TBD,TBD,TBD,TBD,0,25,25,46,54,51,35,44,48,46,47,,,,,,
cze,Czechia,karvina,MFK Karviná,12,CDM,TBD,TBD,TBD,TBD,0,25,25,46,54,43,35,48,46,50,51,,,,,,
cze,Czechia,karvina,MFK Karviná,13,CM,TBD,TBD,TBD,TBD,0,25,25,47,55,46,43,51,52,45,47,,,,,,
cze,Czechia,karvina,MFK Karviná,14,CM,TBD,TBD,TBD,TBD,0,25,25,47,55,46,43,51,52,45,47,,,,,,
cze,Czechia,karvina,MFK Karviná,15,CM,TBD,TBD,TBD,TBD,0,25,25,47,55,46,43,51,52,45,47,,,,,,
cze,Czechia,karvina,MFK Karviná,16,CM,TBD,TBD,TBD,TBD,0,25,25,47,55,46,43,51,52,45,47,,,,,,
cze,Czechia,karvina,MFK Karviná,17,CM,TBD,TBD,TBD,TBD,0,25,25,47,55,46,43,51,52,45,47,,,,,,
cze,Czechia,karvina,MFK Karviná,18,CAM,TBD,TBD,TBD,TBD,0,25,25,47,55,50,49,55,57,35,39,,,,,,
cze,Czechia,karvina,MFK Karviná,19,LW,TBD,TBD,TBD,TBD,0,25,25,47,55,60,49,47,58,35,37,,,,,,
cze,Czechia,karvina,MFK Karviná,20,LW,TBD,TBD,TBD,TBD,0,25,25,47,55,60,49,47,58,35,37,,,,,,
cze,Czechia,karvina,MFK Karviná,21,RW,TBD,TBD,TBD,TBD,0,25,25,47,55,60,49,47,58,35,37,,,,,,
cze,Czechia,karvina,MFK Karviná,22,RW,TBD,TBD,TBD,TBD,0,25,25,47,55,60,49,47,58,35,37,,,,,,
cze,Czechia,karvina,MFK Karviná,23,ST,TBD,TBD,TBD,TBD,0,25,25,47,55,55,55,40,53,35,49,,,,,,
cze,Czechia,karvina,MFK Karviná,24,ST,TBD,TBD,TBD,TBD,0,25,25,47,55,55,55,40,53,35,49,,,,,,
cze,Czechia,karvina,MFK Karviná,25,ST,TBD,TBD,TBD,TBD,0,25,25,47,55,55,55,40,53,35,49,,,,,,
svk,Slovakia,ruzomberok,MFK Ružomberok,1,GK,TBD,TBD,TBD,TBD,0,25,25,45,53,,,,,,,47,45,43,48,35,46
svk,Slovakia,ruzomberok,MFK Ružomberok,2,GK,TBD,TBD,TBD,TBD,0,25,25,45,53,,,,,,,47,45,43,48,35,46
svk,Slovakia,ruzomberok,MFK Ružomberok,3,CB,TBD,TBD,TBD,TBD,0,25,25,45,53,37,35,35,35,49,51,,,,,,
svk,Slovakia,ruzomberok,MFK Ružomberok,4,CB,TBD,TBD,TBD,TBD,0,25,25,45,53,37,35,35,35,49,51,,,,,,
svk,Slovakia,ruzomberok,MFK Ružomberok,5,CB,TBD,TBD,TBD,TBD,0,25,25,45,53,37,35,35,35,49,51,,,,,,
svk,Slovakia,ruzomberok,MFK Ružomberok,6,CB,TBD,TBD,TBD,TBD,0,25,25,45,53,37,35,35,35,49,51,,,,,,
svk,Slovakia,ruzomberok,MFK Ružomberok,7,CB,TBD,TBD,TBD,TBD,0,25,25,45,53,37,35,35,35,49,51,,,,,,
svk,Slovakia,ruzomberok,MFK Ružomberok,8,LB,TBD,TBD,TBD,TBD,0,25,25,46,54,51,35,44,48,46,47,,,,,,
svk,Slovakia,ruzomberok,MFK Ružomberok,9,LB,TBD,TBD,TBD,TBD,0,25,25,46,54,51,35,44,48,46,47,,,,,,
svk,Slovakia,ruzomberok,MFK Ružomberok,10,RB,TBD,TBD,TBD,TBD,0,25,25,46,54,51,35,44,48,46,47,,,,,,
svk,Slovakia,ruzomberok,MFK Ružomberok,11,RB,TBD,TBD,TBD,TBD,0,25,25,46,54,51,35,44,48,46,47,,,,,,
svk,Slovakia,ruzomberok,MFK Ružomberok,12,CDM,TBD,TBD,TBD,TBD,0,25,25,46,54,43,35,48,46,50,51,,,,,,
svk,Slovakia,ruzomberok,MFK Ružomberok,13,CM,TBD,TBD,TBD,TBD,0,25,25,47,55,46,43,51,52,45,47,,,,,,
svk,Slovakia,ruzomberok,MFK Ružomberok,14,CM,TBD,TBD,TBD,TBD,0,25,25,47,55,46,43,51,52,45,47,,,,,,
svk,Slovakia,ruzomberok,MFK Ružomberok,15,CM,TBD,TBD,TBD,TBD,0,25,25,47,55,46,43,51,52,45,47,,,,,,
svk,Slovakia,ruzomberok,MFK Ružomberok,16,CM,TBD,TBD,TBD,TBD,0,25,25,47,55,46,43,51,52,45,47,,,,,,
svk,Slovakia,ruzomberok,MFK Ružomberok,17,CM,TBD,TBD,TBD,TBD,0,25,25,47,55,46,43,51,52,45,47,,,,,,
svk,Slovakia,ruzomberok,MFK Ružomberok,18,CAM,TBD,TBD,TBD,TBD,0,25,25,47,55,50,49,55,57,35,39,,,,,,
svk,Slovakia,ruzomberok,MFK Ružomberok,19,LW,TBD,TBD,TBD,TBD,0,25,25,47,55,60,49,47,58,35,37,,,,,,
svk,Slovakia,ruzomberok,MFK Ružomberok,20,LW,TBD,TBD,TBD,TBD,0,25,25,47,55,60,49,47,58,35,37,,,,,,
svk,Slovakia,ruzomberok,MFK Ružomberok,21,RW,TBD,TBD,TBD,TBD,0,25,25,47,55,60,49,47,58,35,37,,,,,,
svk,Slovakia,ruzomberok,MFK Ružomberok,22,RW,TBD,TBD,TBD,TBD,0,25,25,47,55,60,49,47,58,35,37,,,,,,
svk,Slovakia,ruzomberok,MFK Ružomberok,23,ST,TBD,TBD,TBD,TBD,0,25,25,47,55,55,55,40,53,35,49,,,,,,
svk,Slovakia,ruzomberok,MFK Ružomberok,24,ST,TBD,TBD,TBD,TBD,0,25,25,47,55,55,55,40,53,35,49,,,,,,
svk,Slovakia,ruzomberok,MFK Ružomberok,25,ST,TBD,TBD,TBD,TBD,0,25,25,47,55,55,55,40,53,35,49,,,,,,
svk,Slovakia,skalica,MFK Skalica,1,GK,TBD,TBD,TBD,TBD,0,25,25,45,53,,,,,,,47,45,43,48,35,46
svk,Slovakia,skalica,MFK Skalica,2,GK,TBD,TBD,TBD,TBD,0,25,25,45,53,,,,,,,47,45,43,48,35,46
svk,Slovakia,skalica,MFK Skalica,3,CB,TBD,TBD,TBD,TBD,0,25,25,45,53,37,35,35,35,49,51,,,,,,
svk,Slovakia,skalica,MFK Skalica,4,CB,TBD,TBD,TBD,TBD,0,25,25,45,53,37,35,35,35,49,51,,,,,,
svk,Slovakia,skalica,MFK Skalica,5,CB,TBD,TBD,TBD,TBD,0,25,25,45,53,37,35,35,35,49,51,,,,,,
svk,Slovakia,skalica,MFK Skalica,6,CB,TBD,TBD,TBD,TBD,0,25,25,45,53,37,35,35,35,49,51,,,,,,
svk,Slovakia,skalica,MFK Skalica,7,CB,TBD,TBD,TBD,TBD,0,25,25,45,53,37,35,35,35,49,51,,,,,,
svk,Slovakia,skalica,MFK Skalica,8,LB,TBD,TBD,TBD,TBD,0,25,25,46,54,51,35,44,48,46,47,,,,,,
svk,Slovakia,skalica,MFK Skalica,9,LB,TBD,TBD,TBD,TBD,0,25,25,46,54,51,35,44,48,46,47,,,,,,
svk,Slovakia,skalica,MFK Skalica,10,RB,TBD,TBD,TBD,TBD,0,25,25,46,54,51,35,44,48,46,47,,,,,,
svk,Slovakia,skalica,MFK Skalica,11,RB,TBD,TBD,TBD,TBD,0,25,25,46,54,51,35,44,48,46,47,,,,,,
svk,Slovakia,skalica,MFK Skalica,12,CDM,TBD,TBD,TBD,TBD,0,25,25,46,54,43,35,48,46,50,51,,,,,,
svk,Slovakia,skalica,MFK Skalica,13,CM,TBD,TBD,TBD,TBD,0,25,25,47,55,46,43,51,52,45,47,,,,,,
svk,Slovakia,skalica,MFK Skalica,14,CM,TBD,TBD,TBD,TBD,0,25,25,47,55,46,43,51,52,45,47,,,,,,
svk,Slovakia,skalica,MFK Skalica,15,CM,TBD,TBD,TBD,TBD,0,25,25,47,55,46,43,51,52,45,47,,,,,,
svk,Slovakia,skalica,MFK Skalica,16,CM,TBD,TBD,TBD,TBD,0,25,25,47,55,46,43,51,52,45,47,,,,,,
svk,Slovakia,skalica,MFK Skalica,17,CM,TBD,TBD,TBD,TBD,0,25,25,47,55,46,43,51,52,45,47,,,,,,
svk,Slovakia,skalica,MFK Skalica,18,CAM,TBD,TBD,TBD,TBD,0,25,25,47,55,50,49,55,57,35,39,,,,,,
svk,Slovakia,skalica,MFK Skalica,19,LW,TBD,TBD,TBD,TBD,0,25,25,47,55,60,49,47,58,35,37,,,,,,
svk,Slovakia,skalica,MFK Skalica,20,LW,TBD,TBD,TBD,TBD,0,25,25,47,55,60,49,47,58,35,37,,,,,,
svk,Slovakia,skalica,MFK Skalica,21,RW,TBD,TBD,TBD,TBD,0,25,25,47,55,60,49,47,58,35,37,,,,,,
svk,Slovakia,skalica,MFK Skalica,22,RW,TBD,TBD,TBD,TBD,0,25,25,47,55,60,49,47,58,35,37,,,,,,
svk,Slovakia,skalica,MFK Skalica,23,ST,TBD,TBD,TBD,TBD,0,25,25,47,55,55,55,40,53,35,49,,,,,,
svk,Slovakia,skalica,MFK Skalica,24,ST,TBD,TBD,TBD,TBD,0,25,25,47,55,55,55,40,53,35,49,,,,,,
svk,Slovakia,skalica,MFK Skalica,25,ST,TBD,TBD,TBD,TBD,0,25,25,47,55,55,55,40,53,35,49,,,,,,
svk,Slovakia,michalovce,MFK Zemplín Michalovce,1,GK,TBD,TBD,TBD,TBD,0,25,25,45,53,,,,,,,47,45,43,48,35,46
svk,Slovakia,michalovce,MFK Zemplín Michalovce,2,GK,TBD,TBD,TBD,TBD,0,25,25,45,53,,,,,,,47,45,43,48,35,46
svk,Slovakia,michalovce,MFK Zemplín Michalovce,3,CB,TBD,TBD,TBD,TBD,0,25,25,45,53,37,35,35,35,49,51,,,,,,
svk,Slovakia,michalovce,MFK Zemplín Michalovce,4,CB,TBD,TBD,TBD,TBD,0,25,25,45,53,37,35,35,35,49,51,,,,,,
svk,Slovakia,michalovce,MFK Zemplín Michalovce,5,CB,TBD,TBD,TBD,TBD,0,25,25,45,53,37,35,35,35,49,51,,,,,,
svk,Slovakia,michalovce,MFK Zemplín Michalovce,6,CB,TBD,TBD,TBD,TBD,0,25,25,45,53,37,35,35,35,49,51,,,,,,
svk,Slovakia,michalovce,MFK Zemplín Michalovce,7,CB,TBD,TBD,TBD,TBD,0,25,25,45,53,37,35,35,35,49,51,,,,,,
svk,Slovakia,michalovce,MFK Zemplín Michalovce,8,LB,TBD,TBD,TBD,TBD,0,25,25,46,54,51,35,44,48,46,47,,,,,,
svk,Slovakia,michalovce,MFK Zemplín Michalovce,9,LB,TBD,TBD,TBD,TBD,0,25,25,46,54,51,35,44,48,46,47,,,,,,
svk,Slovakia,michalovce,MFK Zemplín Michalovce,10,RB,TBD,TBD,TBD,TBD,0,25,25,46,54,51,35,44,48,46,47,,,,,,
svk,Slovakia,michalovce,MFK Zemplín Michalovce,11,RB,TBD,TBD,TBD,TBD,0,25,25,46,54,51,35,44,48,46,47,,,,,,
svk,Slovakia,michalovce,MFK Zemplín Michalovce,12,CDM,TBD,TBD,TBD,TBD,0,25,25,46,54,43,35,48,46,50,51,,,,,,
svk,Slovakia,michalovce,MFK Zemplín Michalovce,13,CM,TBD,TBD,TBD,TBD,0,25,25,47,55,46,43,51,52,45,47,,,,,,
svk,Slovakia,michalovce,MFK Zemplín Michalovce,14,CM,TBD,TBD,TBD,TBD,0,25,25,47,55,46,43,51,52,45,47,,,,,,
svk,Slovakia,michalovce,MFK Zemplín Michalovce,15,CM,TBD,TBD,TBD,TBD,0,25,25,47,55,46,43,51,52,45,47,,,,,,
svk,Slovakia,michalovce,MFK Zemplín Michalovce,16,CM,TBD,TBD,TBD,TBD,0,25,25,47,55,46,43,51,52,45,47,,,,,,
svk,Slovakia,michalovce,MFK Zemplín Michalovce,17,CM,TBD,TBD,TBD,TBD,0,25,25,47,55,46,43,51,52,45,47,,,,,,
svk,Slovakia,michalovce,MFK Zemplín Michalovce,18,CAM,TBD,TBD,TBD,TBD,0,25,25,47,55,50,49,55,57,35,39,,,,,,
svk,Slovakia,michalovce,MFK Zemplín Michalovce,19,LW,TBD,TBD,TBD,TBD,0,25,25,47,55,60,49,47,58,35,37,,,,,,
svk,Slovakia,michalovce,MFK Zemplín Michalovce,20,LW,TBD,TBD,TBD,TBD,0,25,25,47,55,60,49,47,58,35,37,,,,,,
svk,Slovakia,michalovce,MFK Zemplín Michalovce,21,RW,TBD,TBD,TBD,TBD,0,25,25,47,55,60,49,47,58,35,37,,,,,,
svk,Slovakia,michalovce,MFK Zemplín Michalovce,22,RW,TBD,TBD,TBD,TBD,0,25,25,47,55,60,49,47,58,35,37,,,,,,
svk,Slovakia,michalovce,MFK Zemplín Michalovce,23,ST,TBD,TBD,TBD,TBD,0,25,25,47,55,55,55,40,53,35,49,,,,,,
svk,Slovakia,michalovce,MFK Zemplín Michalovce,24,ST,TBD,TBD,TBD,TBD,0,25,25,47,55,55,55,40,53,35,49,,,,,,
svk,Slovakia,michalovce,MFK Zemplín Michalovce,25,ST,TBD,TBD,TBD,TBD,0,25,25,47,55,55,55,40,53,35,49,,,,,,
pol,Poland,cracovia,MKS Cracovia,1,GK,TBD,TBD,TBD,TBD,0,25,25,50,58,,,,,,,52,50,48,53,35,51
pol,Poland,cracovia,MKS Cracovia,2,GK,TBD,TBD,TBD,TBD,0,25,25,50,58,,,,,,,52,50,48,53,35,51
pol,Poland,cracovia,MKS Cracovia,3,CB,TBD,TBD,TBD,TBD,0,25,25,50,58,42,35,40,38,54,56,,,,,,
pol,Poland,cracovia,MKS Cracovia,4,CB,TBD,TBD,TBD,TBD,0,25,25,50,58,42,35,40,38,54,56,,,,,,
pol,Poland,cracovia,MKS Cracovia,5,CB,TBD,TBD,TBD,TBD,0,25,25,50,58,42,35,40,38,54,56,,,,,,
pol,Poland,cracovia,MKS Cracovia,6,CB,TBD,TBD,TBD,TBD,0,25,25,50,58,42,35,40,38,54,56,,,,,,
pol,Poland,cracovia,MKS Cracovia,7,CB,TBD,TBD,TBD,TBD,0,25,25,50,58,42,35,40,38,54,56,,,,,,
pol,Poland,cracovia,MKS Cracovia,8,LB,TBD,TBD,TBD,TBD,0,25,25,51,59,56,35,49,53,51,52,,,,,,
pol,Poland,cracovia,MKS Cracovia,9,LB,TBD,TBD,TBD,TBD,0,25,25,51,59,56,35,49,53,51,52,,,,,,
pol,Poland,cracovia,MKS Cracovia,10,RB,TBD,TBD,TBD,TBD,0,25,25,51,59,56,35,49,53,51,52,,,,,,
pol,Poland,cracovia,MKS Cracovia,11,RB,TBD,TBD,TBD,TBD,0,25,25,51,59,56,35,49,53,51,52,,,,,,
pol,Poland,cracovia,MKS Cracovia,12,CDM,TBD,TBD,TBD,TBD,0,25,25,51,59,48,39,53,51,55,56,,,,,,
pol,Poland,cracovia,MKS Cracovia,13,CM,TBD,TBD,TBD,TBD,0,25,25,52,60,51,48,56,57,50,52,,,,,,
pol,Poland,cracovia,MKS Cracovia,14,CM,TBD,TBD,TBD,TBD,0,25,25,52,60,51,48,56,57,50,52,,,,,,
pol,Poland,cracovia,MKS Cracovia,15,CM,TBD,TBD,TBD,TBD,0,25,25,52,60,51,48,56,57,50,52,,,,,,
pol,Poland,cracovia,MKS Cracovia,16,CM,TBD,TBD,TBD,TBD,0,25,25,52,60,51,48,56,57,50,52,,,,,,
pol,Poland,cracovia,MKS Cracovia,17,CM,TBD,TBD,TBD,TBD,0,25,25,52,60,51,48,56,57,50,52,,,,,,
pol,Poland,cracovia,MKS Cracovia,18,CAM,TBD,TBD,TBD,TBD,0,25,25,52,60,55,54,60,62,35,44,,,,,,
pol,Poland,cracovia,MKS Cracovia,19,LW,TBD,TBD,TBD,TBD,0,25,25,52,60,65,54,52,63,35,42,,,,,,
pol,Poland,cracovia,MKS Cracovia,20,LW,TBD,TBD,TBD,TBD,0,25,25,52,60,65,54,52,63,35,42,,,,,,
pol,Poland,cracovia,MKS Cracovia,21,RW,TBD,TBD,TBD,TBD,0,25,25,52,60,65,54,52,63,35,42,,,,,,
pol,Poland,cracovia,MKS Cracovia,22,RW,TBD,TBD,TBD,TBD,0,25,25,52,60,65,54,52,63,35,42,,,,,,
pol,Poland,cracovia,MKS Cracovia,23,ST,TBD,TBD,TBD,TBD,0,25,25,52,60,60,60,45,58,35,54,,,,,,
pol,Poland,cracovia,MKS Cracovia,24,ST,TBD,TBD,TBD,TBD,0,25,25,52,60,60,60,45,58,35,54,,,,,,
pol,Poland,cracovia,MKS Cracovia,25,ST,TBD,TBD,TBD,TBD,0,25,25,52,60,60,60,45,58,35,54,,,,,,
isr,Israel,maccabi-bnei-raina,Maccabi Bnei Raina,1,GK,TBD,TBD,TBD,TBD,0,25,25,45,53,,,,,,,47,45,43,48,35,46
isr,Israel,maccabi-bnei-raina,Maccabi Bnei Raina,2,GK,TBD,TBD,TBD,TBD,0,25,25,45,53,,,,,,,47,45,43,48,35,46
isr,Israel,maccabi-bnei-raina,Maccabi Bnei Raina,3,CB,TBD,TBD,TBD,TBD,0,25,25,45,53,37,35,35,35,49,51,,,,,,
isr,Israel,maccabi-bnei-raina,Maccabi Bnei Raina,4,CB,TBD,TBD,TBD,TBD,0,25,25,45,53,37,35,35,35,49,51,,,,,,
isr,Israel,maccabi-bnei-raina,Maccabi Bnei Raina,5,CB,TBD,TBD,TBD,TBD,0,25,25,45,53,37,35,35,35,49,51,,,,,,
isr,Israel,maccabi-bnei-raina,Maccabi Bnei Raina,6,CB,TBD,TBD,TBD,TBD,0,25,25,45,53,37,35,35,35,49,51,,,,,,
isr,Israel,maccabi-bnei-raina,Maccabi Bnei Raina,7,CB,TBD,TBD,TBD,TBD,0,25,25,45,53,37,35,35,35,49,51,,,,,,
isr,Israel,maccabi-bnei-raina,Maccabi Bnei Raina,8,LB,TBD,TBD,TBD,TBD,0,25,25,46,54,51,35,44,48,46,47,,,,,,
isr,Israel,maccabi-bnei-raina,Maccabi Bnei Raina,9,LB,TBD,TBD,TBD,TBD,0,25,25,46,54,51,35,44,48,46,47,,,,,,
isr,Israel,maccabi-bnei-raina,Maccabi Bnei Raina,10,RB,TBD,TBD,TBD,TBD,0,25,25,46,54,51,35,44,48,46,47,,,,,,
isr,Israel,maccabi-bnei-raina,Maccabi Bnei Raina,11,RB,TBD,TBD,TBD,TBD,0,25,25,46,54,51,35,44,48,46,47,,,,,,
isr,Israel,maccabi-bnei-raina,Maccabi Bnei Raina,12,CDM,TBD,TBD,TBD,TBD,0,25,25,46,54,43,35,48,46,50,51,,,,,,
isr,Israel,maccabi-bnei-raina,Maccabi Bnei Raina,13,CM,TBD,TBD,TBD,TBD,0,25,25,47,55,46,43,51,52,45,47,,,,,,
isr,Israel,maccabi-bnei-raina,Maccabi Bnei Raina,14,CM,TBD,TBD,TBD,TBD,0,25,25,47,55,46,43,51,52,45,47,,,,,,
isr,Israel,maccabi-bnei-raina,Maccabi Bnei Raina,15,CM,TBD,TBD,TBD,TBD,0,25,25,47,55,46,43,51,52,45,47,,,,,,
isr,Israel,maccabi-bnei-raina,Maccabi Bnei Raina,16,CM,TBD,TBD,TBD,TBD,0,25,25,47,55,46,43,51,52,45,47,,,,,,
isr,Israel,maccabi-bnei-raina,Maccabi Bnei Raina,17,CM,TBD,TBD,TBD,TBD,0,25,25,47,55,46,43,51,52,45,47,,,,,,
isr,Israel,maccabi-bnei-raina,Maccabi Bnei Raina,18,CAM,TBD,TBD,TBD,TBD,0,25,25,47,55,50,49,55,57,35,39,,,,,,
isr,Israel,maccabi-bnei-raina,Maccabi Bnei Raina,19,LW,TBD,TBD,TBD,TBD,0,25,25,47,55,60,49,47,58,35,37,,,,,,
isr,Israel,maccabi-bnei-raina,Maccabi Bnei Raina,20,LW,TBD,TBD,TBD,TBD,0,25,25,47,55,60,49,47,58,35,37,,,,,,
isr,Israel,maccabi-bnei-raina,Maccabi Bnei Raina,21,RW,TBD,TBD,TBD,TBD,0,25,25,47,55,60,49,47,58,35,37,,,,,,
isr,Israel,maccabi-bnei-raina,Maccabi Bnei Raina,22,RW,TBD,TBD,TBD,TBD,0,25,25,47,55,60,49,47,58,35,37,,,,,,
isr,Israel,maccabi-bnei-raina,Maccabi Bnei Raina,23,ST,TBD,TBD,TBD,TBD,0,25,25,47,55,55,55,40,53,35,49,,,,,,
isr,Israel,maccabi-bnei-raina,Maccabi Bnei Raina,24,ST,TBD,TBD,TBD,TBD,0,25,25,47,55,55,55,40,53,35,49,,,,,,
isr,Israel,maccabi-bnei-raina,Maccabi Bnei Raina,25,ST,TBD,TBD,TBD,TBD,0,25,25,47,55,55,55,40,53,35,49,,,,,,
isr,Israel,maccabi-haifa,Maccabi Haifa,1,GK,TBD,TBD,TBD,TBD,0,25,25,52,60,,,,,,,54,52,50,55,35,53
isr,Israel,maccabi-haifa,Maccabi Haifa,2,GK,TBD,TBD,TBD,TBD,0,25,25,52,60,,,,,,,54,52,50,55,35,53
isr,Israel,maccabi-haifa,Maccabi Haifa,3,CB,TBD,TBD,TBD,TBD,0,25,25,52,60,44,35,42,40,56,58,,,,,,
isr,Israel,maccabi-haifa,Maccabi Haifa,4,CB,TBD,TBD,TBD,TBD,0,25,25,52,60,44,35,42,40,56,58,,,,,,
isr,Israel,maccabi-haifa,Maccabi Haifa,5,CB,TBD,TBD,TBD,TBD,0,25,25,52,60,44,35,42,40,56,58,,,,,,
isr,Israel,maccabi-haifa,Maccabi Haifa,6,CB,TBD,TBD,TBD,TBD,0,25,25,52,60,44,35,42,40,56,58,,,,,,
isr,Israel,maccabi-haifa,Maccabi Haifa,7,CB,TBD,TBD,TBD,TBD,0,25,25,52,60,44,35,42,40,56,58,,,,,,
isr,Israel,maccabi-haifa,Maccabi Haifa,8,LB,TBD,TBD,TBD,TBD,0,25,25,53,61,58,35,51,55,53,54,,,,,,
isr,Israel,maccabi-haifa,Maccabi Haifa,9,LB,TBD,TBD,TBD,TBD,0,25,25,53,61,58,35,51,55,53,54,,,,,,
isr,Israel,maccabi-haifa,Maccabi Haifa,10,RB,TBD,TBD,TBD,TBD,0,25,25,53,61,58,35,51,55,53,54,,,,,,
isr,Israel,maccabi-haifa,Maccabi Haifa,11,RB,TBD,TBD,TBD,TBD,0,25,25,53,61,58,35,51,55,53,54,,,,,,
isr,Israel,maccabi-haifa,Maccabi Haifa,12,CDM,TBD,TBD,TBD,TBD,0,25,25,53,61,50,41,55,53,57,58,,,,,,
isr,Israel,maccabi-haifa,Maccabi Haifa,13,CM,TBD,TBD,TBD,TBD,0,25,25,54,62,53,50,58,59,52,54,,,,,,
isr,Israel,maccabi-haifa,Maccabi Haifa,14,CM,TBD,TBD,TBD,TBD,0,25,25,54,62,53,50,58,59,52,54,,,,,,
isr,Israel,maccabi-haifa,Maccabi Haifa,15,CM,TBD,TBD,TBD,TBD,0,25,25,54,62,53,50,58,59,52,54,,,,,,
isr,Israel,maccabi-haifa,Maccabi Haifa,16,CM,TBD,TBD,TBD,TBD,0,25,25,54,62,53,50,58,59,52,54,,,,,,
isr,Israel,maccabi-haifa,Maccabi Haifa,17,CM,TBD,TBD,TBD,TBD,0,25,25,54,62,53,50,58,59,52,54,,,,,,
isr,Israel,maccabi-haifa,Maccabi Haifa,18,CAM,TBD,TBD,TBD,TBD,0,25,25,54,62,57,56,62,64,36,46,,,,,,
isr,Israel,maccabi-haifa,Maccabi Haifa,19,LW,TBD,TBD,TBD,TBD,0,25,25,54,62,67,56,54,65,35,44,,,,,,
isr,Israel,maccabi-haifa,Maccabi Haifa,20,LW,TBD,TBD,TBD,TBD,0,25,25,54,62,67,56,54,65,35,44,,,,,,
isr,Israel,maccabi-haifa,Maccabi Haifa,21,RW,TBD,TBD,TBD,TBD,0,25,25,54,62,67,56,54,65,35,44,,,,,,
isr,Israel,maccabi-haifa,Maccabi Haifa,22,RW,TBD,TBD,TBD,TBD,0,25,25,54,62,67,56,54,65,35,44,,,,,,
isr,Israel,maccabi-haifa,Maccabi Haifa,23,ST,TBD,TBD,TBD,TBD,0,25,25,54,62,62,62,47,60,35,56,,,,,,
isr,Israel,maccabi-haifa,Maccabi Haifa,24,ST,TBD,TBD,TBD,TBD,0,25,25,54,62,62,62,47,60,35,56,,,,,,
isr,Israel,maccabi-haifa,Maccabi Haifa,25,ST,TBD,TBD,TBD,TBD,0,25,25,54,62,62,62,47,60,35,56,,,,,,
isr,Israel,maccabi-netanya,Maccabi Netanya,1,GK,TBD,TBD,TBD,TBD,0,25,25,45,53,,,,,,,47,45,43,48,35,46
isr,Israel,maccabi-netanya,Maccabi Netanya,2,GK,TBD,TBD,TBD,TBD,0,25,25,45,53,,,,,,,47,45,43,48,35,46
isr,Israel,maccabi-netanya,Maccabi Netanya,3,CB,TBD,TBD,TBD,TBD,0,25,25,45,53,37,35,35,35,49,51,,,,,,
isr,Israel,maccabi-netanya,Maccabi Netanya,4,CB,TBD,TBD,TBD,TBD,0,25,25,45,53,37,35,35,35,49,51,,,,,,
isr,Israel,maccabi-netanya,Maccabi Netanya,5,CB,TBD,TBD,TBD,TBD,0,25,25,45,53,37,35,35,35,49,51,,,,,,
isr,Israel,maccabi-netanya,Maccabi Netanya,6,CB,TBD,TBD,TBD,TBD,0,25,25,45,53,37,35,35,35,49,51,,,,,,
isr,Israel,maccabi-netanya,Maccabi Netanya,7,CB,TBD,TBD,TBD,TBD,0,25,25,45,53,37,35,35,35,49,51,,,,,,
isr,Israel,maccabi-netanya,Maccabi Netanya,8,LB,TBD,TBD,TBD,TBD,0,25,25,46,54,51,35,44,48,46,47,,,,,,
isr,Israel,maccabi-netanya,Maccabi Netanya,9,LB,TBD,TBD,TBD,TBD,0,25,25,46,54,51,35,44,48,46,47,,,,,,
isr,Israel,maccabi-netanya,Maccabi Netanya,10,RB,TBD,TBD,TBD,TBD,0,25,25,46,54,51,35,44,48,46,47,,,,,,
isr,Israel,maccabi-netanya,Maccabi Netanya,11,RB,TBD,TBD,TBD,TBD,0,25,25,46,54,51,35,44,48,46,47,,,,,,
isr,Israel,maccabi-netanya,Maccabi Netanya,12,CDM,TBD,TBD,TBD,TBD,0,25,25,46,54,43,35,48,46,50,51,,,,,,
isr,Israel,maccabi-netanya,Maccabi Netanya,13,CM,TBD,TBD,TBD,TBD,0,25,25,47,55,46,43,51,52,45,47,,,,,,
isr,Israel,maccabi-netanya,Maccabi Netanya,14,CM,TBD,TBD,TBD,TBD,0,25,25,47,55,46,43,51,52,45,47,,,,,,
isr,Israel,maccabi-netanya,Maccabi Netanya,15,CM,TBD,TBD,TBD,TBD,0,25,25,47,55,46,43,51,52,45,47,,,,,,
isr,Israel,maccabi-netanya,Maccabi Netanya,16,CM,TBD,TBD,TBD,TBD,0,25,25,47,55,46,43,51,52,45,47,,,,,,
isr,Israel,maccabi-netanya,Maccabi Netanya,17,CM,TBD,TBD,TBD,TBD,0,25,25,47,55,46,43,51,52,45,47,,,,,,
isr,Israel,maccabi-netanya,Maccabi Netanya,18,CAM,TBD,TBD,TBD,TBD,0,25,25,47,55,50,49,55,57,35,39,,,,,,
isr,Israel,maccabi-netanya,Maccabi Netanya,19,LW,TBD,TBD,TBD,TBD,0,25,25,47,55,60,49,47,58,35,37,,,,,,
isr,Israel,maccabi-netanya,Maccabi Netanya,20,LW,TBD,TBD,TBD,TBD,0,25,25,47,55,60,49,47,58,35,37,,,,,,
isr,Israel,maccabi-netanya,Maccabi Netanya,21,RW,TBD,TBD,TBD,TBD,0,25,25,47,55,60,49,47,58,35,37,,,,,,
isr,Israel,maccabi-netanya,Maccabi Netanya,22,RW,TBD,TBD,TBD,TBD,0,25,25,47,55,60,49,47,58,35,37,,,,,,
isr,Israel,maccabi-netanya,Maccabi Netanya,23,ST,TBD,TBD,TBD,TBD,0,25,25,47,55,55,55,40,53,35,49,,,,,,
isr,Israel,maccabi-netanya,Maccabi Netanya,24,ST,TBD,TBD,TBD,TBD,0,25,25,47,55,55,55,40,53,35,49,,,,,,
isr,Israel,maccabi-netanya,Maccabi Netanya,25,ST,TBD,TBD,TBD,TBD,0,25,25,47,55,55,55,40,53,35,49,,,,,,
ukr,Ukraine,metalist-1925,Metalist 1925 Kharkiv,1,GK,TBD,TBD,TBD,TBD,0,25,25,45,53,,,,,,,47,45,43,48,35,46
ukr,Ukraine,metalist-1925,Metalist 1925 Kharkiv,2,GK,TBD,TBD,TBD,TBD,0,25,25,45,53,,,,,,,47,45,43,48,35,46
ukr,Ukraine,metalist-1925,Metalist 1925 Kharkiv,3,CB,TBD,TBD,TBD,TBD,0,25,25,45,53,37,35,35,35,49,51,,,,,,
ukr,Ukraine,metalist-1925,Metalist 1925 Kharkiv,4,CB,TBD,TBD,TBD,TBD,0,25,25,45,53,37,35,35,35,49,51,,,,,,
ukr,Ukraine,metalist-1925,Metalist 1925 Kharkiv,5,CB,TBD,TBD,TBD,TBD,0,25,25,45,53,37,35,35,35,49,51,,,,,,
ukr,Ukraine,metalist-1925,Metalist 1925 Kharkiv,6,CB,TBD,TBD,TBD,TBD,0,25,25,45,53,37,35,35,35,49,51,,,,,,
ukr,Ukraine,metalist-1925,Metalist 1925 Kharkiv,7,CB,TBD,TBD,TBD,TBD,0,25,25,45,53,37,35,35,35,49,51,,,,,,
ukr,Ukraine,metalist-1925,Metalist 1925 Kharkiv,8,LB,TBD,TBD,TBD,TBD,0,25,25,46,54,51,35,44,48,46,47,,,,,,
ukr,Ukraine,metalist-1925,Metalist 1925 Kharkiv,9,LB,TBD,TBD,TBD,TBD,0,25,25,46,54,51,35,44,48,46,47,,,,,,
ukr,Ukraine,metalist-1925,Metalist 1925 Kharkiv,10,RB,TBD,TBD,TBD,TBD,0,25,25,46,54,51,35,44,48,46,47,,,,,,
ukr,Ukraine,metalist-1925,Metalist 1925 Kharkiv,11,RB,TBD,TBD,TBD,TBD,0,25,25,46,54,51,35,44,48,46,47,,,,,,
ukr,Ukraine,metalist-1925,Metalist 1925 Kharkiv,12,CDM,TBD,TBD,TBD,TBD,0,25,25,46,54,43,35,48,46,50,51,,,,,,
ukr,Ukraine,metalist-1925,Metalist 1925 Kharkiv,13,CM,TBD,TBD,TBD,TBD,0,25,25,47,55,46,43,51,52,45,47,,,,,,
ukr,Ukraine,metalist-1925,Metalist 1925 Kharkiv,14,CM,TBD,TBD,TBD,TBD,0,25,25,47,55,46,43,51,52,45,47,,,,,,
ukr,Ukraine,metalist-1925,Metalist 1925 Kharkiv,15,CM,TBD,TBD,TBD,TBD,0,25,25,47,55,46,43,51,52,45,47,,,,,,
ukr,Ukraine,metalist-1925,Metalist 1925 Kharkiv,16,CM,TBD,TBD,TBD,TBD,0,25,25,47,55,46,43,51,52,45,47,,,,,,
ukr,Ukraine,metalist-1925,Metalist 1925 Kharkiv,17,CM,TBD,TBD,TBD,TBD,0,25,25,47,55,46,43,51,52,45,47,,,,,,
ukr,Ukraine,metalist-1925,Metalist 1925 Kharkiv,18,CAM,TBD,TBD,TBD,TBD,0,25,25,47,55,50,49,55,57,35,39,,,,,,
ukr,Ukraine,metalist-1925,Metalist 1925 Kharkiv,19,LW,TBD,TBD,TBD,TBD,0,25,25,47,55,60,49,47,58,35,37,,,,,,
ukr,Ukraine,metalist-1925,Metalist 1925 Kharkiv,20,LW,TBD,TBD,TBD,TBD,0,25,25,47,55,60,49,47,58,35,37,,,,,,
ukr,Ukraine,metalist-1925,Metalist 1925 Kharkiv,21,RW,TBD,TBD,TBD,TBD,0,25,25,47,55,60,49,47,58,35,37,,,,,,
ukr,Ukraine,metalist-1925,Metalist 1925 Kharkiv,22,RW,TBD,TBD,TBD,TBD,0,25,25,47,55,60,49,47,58,35,37,,,,,,
ukr,Ukraine,metalist-1925,Metalist 1925 Kharkiv,23,ST,TBD,TBD,TBD,TBD,0,25,25,47,55,55,55,40,53,35,49,,,,,,
ukr,Ukraine,metalist-1925,Metalist 1925 Kharkiv,24,ST,TBD,TBD,TBD,TBD,0,25,25,47,55,55,55,40,53,35,49,,,,,,
ukr,Ukraine,metalist-1925,Metalist 1925 Kharkiv,25,ST,TBD,TBD,TBD,TBD,0,25,25,47,55,55,55,40,53,35,49,,,,,,
hun,Hungary,mezokovesd,Mezőkövesdi SE,1,GK,TBD,TBD,TBD,TBD,0,25,25,45,53,,,,,,,47,45,43,48,35,46
hun,Hungary,mezokovesd,Mezőkövesdi SE,2,GK,TBD,TBD,TBD,TBD,0,25,25,45,53,,,,,,,47,45,43,48,35,46
hun,Hungary,mezokovesd,Mezőkövesdi SE,3,CB,TBD,TBD,TBD,TBD,0,25,25,45,53,37,35,35,35,49,51,,,,,,
hun,Hungary,mezokovesd,Mezőkövesdi SE,4,CB,TBD,TBD,TBD,TBD,0,25,25,45,53,37,35,35,35,49,51,,,,,,
hun,Hungary,mezokovesd,Mezőkövesdi SE,5,CB,TBD,TBD,TBD,TBD,0,25,25,45,53,37,35,35,35,49,51,,,,,,
hun,Hungary,mezokovesd,Mezőkövesdi SE,6,CB,TBD,TBD,TBD,TBD,0,25,25,45,53,37,35,35,35,49,51,,,,,,
hun,Hungary,mezokovesd,Mezőkövesdi SE,7,CB,TBD,TBD,TBD,TBD,0,25,25,45,53,37,35,35,35,49,51,,,,,,
hun,Hungary,mezokovesd,Mezőkövesdi SE,8,LB,TBD,TBD,TBD,TBD,0,25,25,46,54,51,35,44,48,46,47,,,,,,
hun,Hungary,mezokovesd,Mezőkövesdi SE,9,LB,TBD,TBD,TBD,TBD,0,25,25,46,54,51,35,44,48,46,47,,,,,,
hun,Hungary,mezokovesd,Mezőkövesdi SE,10,RB,TBD,TBD,TBD,TBD,0,25,25,46,54,51,35,44,48,46,47,,,,,,
hun,Hungary,mezokovesd,Mezőkövesdi SE,11,RB,TBD,TBD,TBD,TBD,0,25,25,46,54,51,35,44,48,46,47,,,,,,
hun,Hungary,mezokovesd,Mezőkövesdi SE,12,CDM,TBD,TBD,TBD,TBD,0,25,25,46,54,43,35,48,46,50,51,,,,,,
hun,Hungary,mezokovesd,Mezőkövesdi SE,13,CM,TBD,TBD,TBD,TBD,0,25,25,47,55,46,43,51,52,45,47,,,,,,
hun,Hungary,mezokovesd,Mezőkövesdi SE,14,CM,TBD,TBD,TBD,TBD,0,25,25,47,55,46,43,51,52,45,47,,,,,,
hun,Hungary,mezokovesd,Mezőkövesdi SE,15,CM,TBD,TBD,TBD,TBD,0,25,25,47,55,46,43,51,52,45,47,,,,,,
hun,Hungary,mezokovesd,Mezőkövesdi SE,16,CM,TBD,TBD,TBD,TBD,0,25,25,47,55,46,43,51,52,45,47,,,,,,
hun,Hungary,mezokovesd,Mezőkövesdi SE,17,CM,TBD,TBD,TBD,TBD,0,25,25,47,55,46,43,51,52,45,47,,,,,,
hun,Hungary,mezokovesd,Mezőkövesdi SE,18,CAM,TBD,TBD,TBD,TBD,0,25,25,47,55,50,49,55,57,35,39,,,,,,
hun,Hungary,mezokovesd,Mezőkövesdi SE,19,LW,TBD,TBD,TBD,TBD,0,25,25,47,55,60,49,47,58,35,37,,,,,,
hun,Hungary,mezokovesd,Mezőkövesdi SE,20,LW,TBD,TBD,TBD,TBD,0,25,25,47,55,60,49,47,58,35,37,,,,,,
hun,Hungary,mezokovesd,Mezőkövesdi SE,21,RW,TBD,TBD,TBD,TBD,0,25,25,47,55,60,49,47,58,35,37,,,,,,
hun,Hungary,mezokovesd,Mezőkövesdi SE,22,RW,TBD,TBD,TBD,TBD,0,25,25,47,55,60,49,47,58,35,37,,,,,,
hun,Hungary,mezokovesd,Mezőkövesdi SE,23,ST,TBD,TBD,TBD,TBD,0,25,25,47,55,55,55,40,53,35,49,,,,,,
hun,Hungary,mezokovesd,Mezőkövesdi SE,24,ST,TBD,TBD,TBD,TBD,0,25,25,47,55,55,55,40,53,35,49,,,,,,
hun,Hungary,mezokovesd,Mezőkövesdi SE,25,ST,TBD,TBD,TBD,TBD,0,25,25,47,55,55,55,40,53,35,49,,,,,,
swe,Sweden,mjallby,Mjällby AIF,1,GK,TBD,TBD,TBD,TBD,0,25,25,45,53,,,,,,,47,45,43,48,35,46
swe,Sweden,mjallby,Mjällby AIF,2,GK,TBD,TBD,TBD,TBD,0,25,25,45,53,,,,,,,47,45,43,48,35,46
swe,Sweden,mjallby,Mjällby AIF,3,CB,TBD,TBD,TBD,TBD,0,25,25,45,53,37,35,35,35,49,51,,,,,,
swe,Sweden,mjallby,Mjällby AIF,4,CB,TBD,TBD,TBD,TBD,0,25,25,45,53,37,35,35,35,49,51,,,,,,
swe,Sweden,mjallby,Mjällby AIF,5,CB,TBD,TBD,TBD,TBD,0,25,25,45,53,37,35,35,35,49,51,,,,,,
swe,Sweden,mjallby,Mjällby AIF,6,CB,TBD,TBD,TBD,TBD,0,25,25,45,53,37,35,35,35,49,51,,,,,,
swe,Sweden,mjallby,Mjällby AIF,7,CB,TBD,TBD,TBD,TBD,0,25,25,45,53,37,35,35,35,49,51,,,,,,
swe,Sweden,mjallby,Mjällby AIF,8,LB,TBD,TBD,TBD,TBD,0,25,25,46,54,51,35,44,48,46,47,,,,,,
swe,Sweden,mjallby,Mjällby AIF,9,LB,TBD,TBD,TBD,TBD,0,25,25,46,54,51,35,44,48,46,47,,,,,,
swe,Sweden,mjallby,Mjällby AIF,10,RB,TBD,TBD,TBD,TBD,0,25,25,46,54,51,35,44,48,46,47,,,,,,
swe,Sweden,mjallby,Mjällby AIF,11,RB,TBD,TBD,TBD,TBD,0,25,25,46,54,51,35,44,48,46,47,,,,,,
swe,Sweden,mjallby,Mjällby AIF,12,CDM,TBD,TBD,TBD,TBD,0,25,25,46,54,43,35,48,46,50,51,,,,,,
swe,Sweden,mjallby,Mjällby AIF,13,CM,TBD,TBD,TBD,TBD,0,25,25,47,55,46,43,51,52,45,47,,,,,,
swe,Sweden,mjallby,Mjällby AIF,14,CM,TBD,TBD,TBD,TBD,0,25,25,47,55,46,43,51,52,45,47,,,,,,
swe,Sweden,mjallby,Mjällby AIF,15,CM,TBD,TBD,TBD,TBD,0,25,25,47,55,46,43,51,52,45,47,,,,,,
swe,Sweden,mjallby,Mjällby AIF,16,CM,TBD,TBD,TBD,TBD,0,25,25,47,55,46,43,51,52,45,47,,,,,,
swe,Sweden,mjallby,Mjällby AIF,17,CM,TBD,TBD,TBD,TBD,0,25,25,47,55,46,43,51,52,45,47,,,,,,
swe,Sweden,mjallby,Mjällby AIF,18,CAM,TBD,TBD,TBD,TBD,0,25,25,47,55,50,49,55,57,35,39,,,,,,
swe,Sweden,mjallby,Mjällby AIF,19,LW,TBD,TBD,TBD,TBD,0,25,25,47,55,60,49,47,58,35,37,,,,,,
swe,Sweden,mjallby,Mjällby AIF,20,LW,TBD,TBD,TBD,TBD,0,25,25,47,55,60,49,47,58,35,37,,,,,,
swe,Sweden,mjallby,Mjällby AIF,21,RW,TBD,TBD,TBD,TBD,0,25,25,47,55,60,49,47,58,35,37,,,,,,
swe,Sweden,mjallby,Mjällby AIF,22,RW,TBD,TBD,TBD,TBD,0,25,25,47,55,60,49,47,58,35,37,,,,,,
swe,Sweden,mjallby,Mjällby AIF,23,ST,TBD,TBD,TBD,TBD,0,25,25,47,55,55,55,40,53,35,49,,,,,,
swe,Sweden,mjallby,Mjällby AIF,24,ST,TBD,TBD,TBD,TBD,0,25,25,47,55,55,55,40,53,35,49,,,,,,
swe,Sweden,mjallby,Mjällby AIF,25,ST,TBD,TBD,TBD,TBD,0,25,25,47,55,55,55,40,53,35,49,,,,,,
nor,Norway,molde,Molde FK,1,GK,TBD,TBD,TBD,TBD,0,25,25,57,65,,,,,,,59,57,55,60,35,58
nor,Norway,molde,Molde FK,2,GK,TBD,TBD,TBD,TBD,0,25,25,57,65,,,,,,,59,57,55,60,35,58
nor,Norway,molde,Molde FK,3,CB,TBD,TBD,TBD,TBD,0,25,25,57,65,49,35,47,45,61,63,,,,,,
nor,Norway,molde,Molde FK,4,CB,TBD,TBD,TBD,TBD,0,25,25,57,65,49,35,47,45,61,63,,,,,,
nor,Norway,molde,Molde FK,5,CB,TBD,TBD,TBD,TBD,0,25,25,57,65,49,35,47,45,61,63,,,,,,
nor,Norway,molde,Molde FK,6,CB,TBD,TBD,TBD,TBD,0,25,25,57,65,49,35,47,45,61,63,,,,,,
nor,Norway,molde,Molde FK,7,CB,TBD,TBD,TBD,TBD,0,25,25,57,65,49,35,47,45,61,63,,,,,,
nor,Norway,molde,Molde FK,8,LB,TBD,TBD,TBD,TBD,0,25,25,58,66,63,40,56,60,58,59,,,,,,
nor,Norway,molde,Molde FK,9,LB,TBD,TBD,TBD,TBD,0,25,25,58,66,63,40,56,60,58,59,,,,,,
nor,Norway,molde,Molde FK,10,RB,TBD,TBD,TBD,TBD,0,25,25,58,66,63,40,56,60,58,59,,,,,,
nor,Norway,molde,Molde FK,11,RB,TBD,TBD,TBD,TBD,0,25,25,58,66,63,40,56,60,58,59,,,,,,
nor,Norway,molde,Molde FK,12,CDM,TBD,TBD,TBD,TBD,0,25,25,58,66,55,46,60,58,62,63,,,,,,
nor,Norway,molde,Molde FK,13,CM,TBD,TBD,TBD,TBD,0,25,25,59,67,58,55,63,64,57,59,,,,,,
nor,Norway,molde,Molde FK,14,CM,TBD,TBD,TBD,TBD,0,25,25,59,67,58,55,63,64,57,59,,,,,,
nor,Norway,molde,Molde FK,15,CM,TBD,TBD,TBD,TBD,0,25,25,59,67,58,55,63,64,57,59,,,,,,
nor,Norway,molde,Molde FK,16,CM,TBD,TBD,TBD,TBD,0,25,25,59,67,58,55,63,64,57,59,,,,,,
nor,Norway,molde,Molde FK,17,CM,TBD,TBD,TBD,TBD,0,25,25,59,67,58,55,63,64,57,59,,,,,,
nor,Norway,molde,Molde FK,18,CAM,TBD,TBD,TBD,TBD,0,25,25,59,67,62,61,67,69,41,51,,,,,,
nor,Norway,molde,Molde FK,19,LW,TBD,TBD,TBD,TBD,0,25,25,59,67,72,61,59,70,35,49,,,,,,
nor,Norway,molde,Molde FK,20,LW,TBD,TBD,TBD,TBD,0,25,25,59,67,72,61,59,70,35,49,,,,,,
nor,Norway,molde,Molde FK,21,RW,TBD,TBD,TBD,TBD,0,25,25,59,67,72,61,59,70,35,49,,,,,,
nor,Norway,molde,Molde FK,22,RW,TBD,TBD,TBD,TBD,0,25,25,59,67,72,61,59,70,35,49,,,,,,
nor,Norway,molde,Molde FK,23,ST,TBD,TBD,TBD,TBD,0,25,25,59,67,67,67,52,65,35,61,,,,,,
nor,Norway,molde,Molde FK,24,ST,TBD,TBD,TBD,TBD,0,25,25,59,67,67,67,52,65,35,61,,,,,,
nor,Norway,molde,Molde FK,25,ST,TBD,TBD,TBD,TBD,0,25,25,59,67,67,67,52,65,35,61,,,,,,
fra,France,montpellier,Montpellier HSC,1,CM,TBD,TBD,TBD,TBD,25,25,2,64,72,63,60,68,69,62,64,,,,,,
fra,France,montpellier,Montpellier HSC,2,RW,TBD,TBD,TBD,TBD,25,25,2,64,72,77,66,64,75,39,54,,,,,,
por,Portugal,moreirense,Moreirense FC,1,GK,TBD,TBD,TBD,TBD,0,25,25,61,69,,,,,,,63,61,59,64,36,62
por,Portugal,moreirense,Moreirense FC,2,GK,TBD,TBD,TBD,TBD,0,25,25,61,69,,,,,,,63,61,59,64,36,62
por,Portugal,moreirense,Moreirense FC,3,CB,TBD,TBD,TBD,TBD,0,25,25,61,69,53,35,51,49,65,67,,,,,,
por,Portugal,moreirense,Moreirense FC,4,CB,TBD,TBD,TBD,TBD,0,25,25,61,69,53,35,51,49,65,67,,,,,,
por,Portugal,moreirense,Moreirense FC,5,CB,TBD,TBD,TBD,TBD,0,25,25,61,69,53,35,51,49,65,67,,,,,,
por,Portugal,moreirense,Moreirense FC,6,CB,TBD,TBD,TBD,TBD,0,25,25,61,69,53,35,51,49,65,67,,,,,,
por,Portugal,moreirense,Moreirense FC,7,CB,TBD,TBD,TBD,TBD,0,25,25,61,69,53,35,51,49,65,67,,,,,,
por,Portugal,moreirense,Moreirense FC,8,LB,TBD,TBD,TBD,TBD,0,25,25,62,70,67,44,60,64,62,63,,,,,,
por,Portugal,moreirense,Moreirense FC,9,LB,TBD,TBD,TBD,TBD,0,25,25,62,70,67,44,60,64,62,63,,,,,,
por,Portugal,moreirense,Moreirense FC,10,RB,TBD,TBD,TBD,TBD,0,25,25,62,70,67,44,60,64,62,63,,,,,,
por,Portugal,moreirense,Moreirense FC,11,RB,TBD,TBD,TBD,TBD,0,25,25,62,70,67,44,60,64,62,63,,,,,,
por,Portugal,moreirense,Moreirense FC,12,CDM,TBD,TBD,TBD,TBD,0,25,25,62,70,59,50,64,62,66,67,,,,,,
por,Portugal,moreirense,Moreirense FC,13,CM,TBD,TBD,TBD,TBD,0,25,25,63,71,62,59,67,68,61,63,,,,,,
por,Portugal,moreirense,Moreirense FC,14,CM,TBD,TBD,TBD,TBD,0,25,25,63,71,62,59,67,68,61,63,,,,,,
por,Portugal,moreirense,Moreirense FC,15,CM,TBD,TBD,TBD,TBD,0,25,25,63,71,62,59,67,68,61,63,,,,,,
por,Portugal,moreirense,Moreirense FC,16,CM,TBD,TBD,TBD,TBD,0,25,25,63,71,62,59,67,68,61,63,,,,,,
por,Portugal,moreirense,Moreirense FC,17,CM,TBD,TBD,TBD,TBD,0,25,25,63,71,62,59,67,68,61,63,,,,,,
por,Portugal,moreirense,Moreirense FC,18,CAM,TBD,TBD,TBD,TBD,0,25,25,63,71,66,65,71,73,45,55,,,,,,
por,Portugal,moreirense,Moreirense FC,19,LW,TBD,TBD,TBD,TBD,0,25,25,63,71,76,65,63,74,38,53,,,,,,
por,Portugal,moreirense,Moreirense FC,20,LW,TBD,TBD,TBD,TBD,0,25,25,63,71,76,65,63,74,38,53,,,,,,
por,Portugal,moreirense,Moreirense FC,21,RW,TBD,TBD,TBD,TBD,0,25,25,63,71,76,65,63,74,38,53,,,,,,
por,Portugal,moreirense,Moreirense FC,22,RW,TBD,TBD,TBD,TBD,0,25,25,63,71,76,65,63,74,38,53,,,,,,
por,Portugal,moreirense,Moreirense FC,23,ST,TBD,TBD,TBD,TBD,0,25,25,63,71,71,71,56,69,35,65,,,,,,
por,Portugal,moreirense,Moreirense FC,24,ST,TBD,TBD,TBD,TBD,0,25,25,63,71,71,71,56,69,35,65,,,,,,
por,Portugal,moreirense,Moreirense FC,25,ST,TBD,TBD,TBD,TBD,0,25,25,63,71,71,71,56,69,35,65,,,,,,
sco,Scotland,motherwell,Motherwell FC,1,GK,TBD,TBD,TBD,TBD,0,25,25,45,53,,,,,,,47,45,43,48,35,46
sco,Scotland,motherwell,Motherwell FC,2,GK,TBD,TBD,TBD,TBD,0,25,25,45,53,,,,,,,47,45,43,48,35,46
sco,Scotland,motherwell,Motherwell FC,3,CB,TBD,TBD,TBD,TBD,0,25,25,45,53,37,35,35,35,49,51,,,,,,
sco,Scotland,motherwell,Motherwell FC,4,CB,TBD,TBD,TBD,TBD,0,25,25,45,53,37,35,35,35,49,51,,,,,,
sco,Scotland,motherwell,Motherwell FC,5,CB,TBD,TBD,TBD,TBD,0,25,25,45,53,37,35,35,35,49,51,,,,,,
sco,Scotland,motherwell,Motherwell FC,6,CB,TBD,TBD,TBD,TBD,0,25,25,45,53,37,35,35,35,49,51,,,,,,
sco,Scotland,motherwell,Motherwell FC,7,CB,TBD,TBD,TBD,TBD,0,25,25,45,53,37,35,35,35,49,51,,,,,,
sco,Scotland,motherwell,Motherwell FC,8,LB,TBD,TBD,TBD,TBD,0,25,25,46,54,51,35,44,48,46,47,,,,,,
sco,Scotland,motherwell,Motherwell FC,9,LB,TBD,TBD,TBD,TBD,0,25,25,46,54,51,35,44,48,46,47,,,,,,
sco,Scotland,motherwell,Motherwell FC,10,RB,TBD,TBD,TBD,TBD,0,25,25,46,54,51,35,44,48,46,47,,,,,,
sco,Scotland,motherwell,Motherwell FC,11,RB,TBD,TBD,TBD,TBD,0,25,25,46,54,51,35,44,48,46,47,,,,,,
sco,Scotland,motherwell,Motherwell FC,12,CDM,TBD,TBD,TBD,TBD,0,25,25,46,54,43,35,48,46,50,51,,,,,,
sco,Scotland,motherwell,Motherwell FC,13,CM,TBD,TBD,TBD,TBD,0,25,25,47,55,46,43,51,52,45,47,,,,,,
sco,Scotland,motherwell,Motherwell FC,14,CM,TBD,TBD,TBD,TBD,0,25,25,47,55,46,43,51,52,45,47,,,,,,
sco,Scotland,motherwell,Motherwell FC,15,CM,TBD,TBD,TBD,TBD,0,25,25,47,55,46,43,51,52,45,47,,,,,,
sco,Scotland,motherwell,Motherwell FC,16,CM,TBD,TBD,TBD,TBD,0,25,25,47,55,46,43,51,52,45,47,,,,,,
sco,Scotland,motherwell,Motherwell FC,17,CM,TBD,TBD,TBD,TBD,0,25,25,47,55,46,43,51,52,45,47,,,,,,
sco,Scotland,motherwell,Motherwell FC,18,CAM,TBD,TBD,TBD,TBD,0,25,25,47,55,50,49,55,57,35,39,,,,,,
sco,Scotland,motherwell,Motherwell FC,19,LW,TBD,TBD,TBD,TBD,0,25,25,47,55,60,49,47,58,35,37,,,,,,
sco,Scotland,motherwell,Motherwell FC,20,LW,TBD,TBD,TBD,TBD,0,25,25,47,55,60,49,47,58,35,37,,,,,,
sco,Scotland,motherwell,Motherwell FC,21,RW,TBD,TBD,TBD,TBD,0,25,25,47,55,60,49,47,58,35,37,,,,,,
sco,Scotland,motherwell,Motherwell FC,22,RW,TBD,TBD,TBD,TBD,0,25,25,47,55,60,49,47,58,35,37,,,,,,
sco,Scotland,motherwell,Motherwell FC,23,ST,TBD,TBD,TBD,TBD,0,25,25,47,55,55,55,40,53,35,49,,,,,,
sco,Scotland,motherwell,Motherwell FC,24,ST,TBD,TBD,TBD,TBD,0,25,25,47,55,55,55,40,53,35,49,,,,,,
sco,Scotland,motherwell,Motherwell FC,25,ST,TBD,TBD,TBD,TBD,0,25,25,47,55,55,55,40,53,35,49,,,,,,
pol,Poland,motor-lublin,Motor Lublin,1,GK,TBD,TBD,TBD,TBD,0,25,25,45,53,,,,,,,47,45,43,48,35,46
pol,Poland,motor-lublin,Motor Lublin,2,GK,TBD,TBD,TBD,TBD,0,25,25,45,53,,,,,,,47,45,43,48,35,46
pol,Poland,motor-lublin,Motor Lublin,3,CB,TBD,TBD,TBD,TBD,0,25,25,45,53,37,35,35,35,49,51,,,,,,
pol,Poland,motor-lublin,Motor Lublin,4,CB,TBD,TBD,TBD,TBD,0,25,25,45,53,37,35,35,35,49,51,,,,,,
pol,Poland,motor-lublin,Motor Lublin,5,CB,TBD,TBD,TBD,TBD,0,25,25,45,53,37,35,35,35,49,51,,,,,,
pol,Poland,motor-lublin,Motor Lublin,6,CB,TBD,TBD,TBD,TBD,0,25,25,45,53,37,35,35,35,49,51,,,,,,
pol,Poland,motor-lublin,Motor Lublin,7,CB,TBD,TBD,TBD,TBD,0,25,25,45,53,37,35,35,35,49,51,,,,,,
pol,Poland,motor-lublin,Motor Lublin,8,LB,TBD,TBD,TBD,TBD,0,25,25,46,54,51,35,44,48,46,47,,,,,,
pol,Poland,motor-lublin,Motor Lublin,9,LB,TBD,TBD,TBD,TBD,0,25,25,46,54,51,35,44,48,46,47,,,,,,
pol,Poland,motor-lublin,Motor Lublin,10,RB,TBD,TBD,TBD,TBD,0,25,25,46,54,51,35,44,48,46,47,,,,,,
pol,Poland,motor-lublin,Motor Lublin,11,RB,TBD,TBD,TBD,TBD,0,25,25,46,54,51,35,44,48,46,47,,,,,,
pol,Poland,motor-lublin,Motor Lublin,12,CDM,TBD,TBD,TBD,TBD,0,25,25,46,54,43,35,48,46,50,51,,,,,,
pol,Poland,motor-lublin,Motor Lublin,13,CM,TBD,TBD,TBD,TBD,0,25,25,47,55,46,43,51,52,45,47,,,,,,
pol,Poland,motor-lublin,Motor Lublin,14,CM,TBD,TBD,TBD,TBD,0,25,25,47,55,46,43,51,52,45,47,,,,,,
pol,Poland,motor-lublin,Motor Lublin,15,CM,TBD,TBD,TBD,TBD,0,25,25,47,55,46,43,51,52,45,47,,,,,,
pol,Poland,motor-lublin,Motor Lublin,16,CM,TBD,TBD,TBD,TBD,0,25,25,47,55,46,43,51,52,45,47,,,,,,
pol,Poland,motor-lublin,Motor Lublin,17,CM,TBD,TBD,TBD,TBD,0,25,25,47,55,46,43,51,52,45,47,,,,,,
pol,Poland,motor-lublin,Motor Lublin,18,CAM,TBD,TBD,TBD,TBD,0,25,25,47,55,50,49,55,57,35,39,,,,,,
pol,Poland,motor-lublin,Motor Lublin,19,LW,TBD,TBD,TBD,TBD,0,25,25,47,55,60,49,47,58,35,37,,,,,,
pol,Poland,motor-lublin,Motor Lublin,20,LW,TBD,TBD,TBD,TBD,0,25,25,47,55,60,49,47,58,35,37,,,,,,
pol,Poland,motor-lublin,Motor Lublin,21,RW,TBD,TBD,TBD,TBD,0,25,25,47,55,60,49,47,58,35,37,,,,,,
pol,Poland,motor-lublin,Motor Lublin,22,RW,TBD,TBD,TBD,TBD,0,25,25,47,55,60,49,47,58,35,37,,,,,,
pol,Poland,motor-lublin,Motor Lublin,23,ST,TBD,TBD,TBD,TBD,0,25,25,47,55,55,55,40,53,35,49,,,,,,
pol,Poland,motor-lublin,Motor Lublin,24,ST,TBD,TBD,TBD,TBD,0,25,25,47,55,55,55,40,53,35,49,,,,,,
pol,Poland,motor-lublin,Motor Lublin,25,ST,TBD,TBD,TBD,TBD,0,25,25,47,55,55,55,40,53,35,49,,,,,,
ukr,Ukraine,mynai,Mynai,1,GK,TBD,TBD,TBD,TBD,0,25,25,45,53,,,,,,,47,45,43,48,35,46
ukr,Ukraine,mynai,Mynai,2,GK,TBD,TBD,TBD,TBD,0,25,25,45,53,,,,,,,47,45,43,48,35,46
ukr,Ukraine,mynai,Mynai,3,CB,TBD,TBD,TBD,TBD,0,25,25,45,53,37,35,35,35,49,51,,,,,,
ukr,Ukraine,mynai,Mynai,4,CB,TBD,TBD,TBD,TBD,0,25,25,45,53,37,35,35,35,49,51,,,,,,
ukr,Ukraine,mynai,Mynai,5,CB,TBD,TBD,TBD,TBD,0,25,25,45,53,37,35,35,35,49,51,,,,,,
ukr,Ukraine,mynai,Mynai,6,CB,TBD,TBD,TBD,TBD,0,25,25,45,53,37,35,35,35,49,51,,,,,,
ukr,Ukraine,mynai,Mynai,7,CB,TBD,TBD,TBD,TBD,0,25,25,45,53,37,35,35,35,49,51,,,,,,
ukr,Ukraine,mynai,Mynai,8,LB,TBD,TBD,TBD,TBD,0,25,25,46,54,51,35,44,48,46,47,,,,,,
ukr,Ukraine,mynai,Mynai,9,LB,TBD,TBD,TBD,TBD,0,25,25,46,54,51,35,44,48,46,47,,,,,,
ukr,Ukraine,mynai,Mynai,10,RB,TBD,TBD,TBD,TBD,0,25,25,46,54,51,35,44,48,46,47,,,,,,
ukr,Ukraine,mynai,Mynai,11,RB,TBD,TBD,TBD,TBD,0,25,25,46,54,51,35,44,48,46,47,,,,,,
ukr,Ukraine,mynai,Mynai,12,CDM,TBD,TBD,TBD,TBD,0,25,25,46,54,43,35,48,46,50,51,,,,,,
ukr,Ukraine,mynai,Mynai,13,CM,TBD,TBD,TBD,TBD,0,25,25,47,55,46,43,51,52,45,47,,,,,,
ukr,Ukraine,mynai,Mynai,14,CM,TBD,TBD,TBD,TBD,0,25,25,47,55,46,43,51,52,45,47,,,,,,
ukr,Ukraine,mynai,Mynai,15,CM,TBD,TBD,TBD,TBD,0,25,25,47,55,46,43,51,52,45,47,,,,,,
ukr,Ukraine,mynai,Mynai,16,CM,TBD,TBD,TBD,TBD,0,25,25,47,55,46,43,51,52,45,47,,,,,,
ukr,Ukraine,mynai,Mynai,17,CM,TBD,TBD,TBD,TBD,0,25,25,47,55,46,43,51,52,45,47,,,,,,
ukr,Ukraine,mynai,Mynai,18,CAM,TBD,TBD,TBD,TBD,0,25,25,47,55,50,49,55,57,35,39,,,,,,
ukr,Ukraine,mynai,Mynai,19,LW,TBD,TBD,TBD,TBD,0,25,25,47,55,60,49,47,58,35,37,,,,,,
ukr,Ukraine,mynai,Mynai,20,LW,TBD,TBD,TBD,TBD,0,25,25,47,55,60,49,47,58,35,37,,,,,,
ukr,Ukraine,mynai,Mynai,21,RW,TBD,TBD,TBD,TBD,0,25,25,47,55,60,49,47,58,35,37,,,,,,
ukr,Ukraine,mynai,Mynai,22,RW,TBD,TBD,TBD,TBD,0,25,25,47,55,60,49,47,58,35,37,,,,,,
ukr,Ukraine,mynai,Mynai,23,ST,TBD,TBD,TBD,TBD,0,25,25,47,55,55,55,40,53,35,49,,,,,,
ukr,Ukraine,mynai,Mynai,24,ST,TBD,TBD,TBD,TBD,0,25,25,47,55,55,55,40,53,35,49,,,,,,
ukr,Ukraine,mynai,Mynai,25,ST,TBD,TBD,TBD,TBD,0,25,25,47,55,55,55,40,53,35,49,,,,,,
svk,Slovakia,zilina,MŠK Žilina,1,GK,TBD,TBD,TBD,TBD,0,25,25,45,53,,,,,,,47,45,43,48,35,46
svk,Slovakia,zilina,MŠK Žilina,2,GK,TBD,TBD,TBD,TBD,0,25,25,45,53,,,,,,,47,45,43,48,35,46
svk,Slovakia,zilina,MŠK Žilina,3,CB,TBD,TBD,TBD,TBD,0,25,25,45,53,37,35,35,35,49,51,,,,,,
svk,Slovakia,zilina,MŠK Žilina,4,CB,TBD,TBD,TBD,TBD,0,25,25,45,53,37,35,35,35,49,51,,,,,,
svk,Slovakia,zilina,MŠK Žilina,5,CB,TBD,TBD,TBD,TBD,0,25,25,45,53,37,35,35,35,49,51,,,,,,
svk,Slovakia,zilina,MŠK Žilina,6,CB,TBD,TBD,TBD,TBD,0,25,25,45,53,37,35,35,35,49,51,,,,,,
svk,Slovakia,zilina,MŠK Žilina,7,CB,TBD,TBD,TBD,TBD,0,25,25,45,53,37,35,35,35,49,51,,,,,,
svk,Slovakia,zilina,MŠK Žilina,8,LB,TBD,TBD,TBD,TBD,0,25,25,46,54,51,35,44,48,46,47,,,,,,
svk,Slovakia,zilina,MŠK Žilina,9,LB,TBD,TBD,TBD,TBD,0,25,25,46,54,51,35,44,48,46,47,,,,,,
svk,Slovakia,zilina,MŠK Žilina,10,RB,TBD,TBD,TBD,TBD,0,25,25,46,54,51,35,44,48,46,47,,,,,,
svk,Slovakia,zilina,MŠK Žilina,11,RB,TBD,TBD,TBD,TBD,0,25,25,46,54,51,35,44,48,46,47,,,,,,
svk,Slovakia,zilina,MŠK Žilina,12,CDM,TBD,TBD,TBD,TBD,0,25,25,46,54,43,35,48,46,50,51,,,,,,
svk,Slovakia,zilina,MŠK Žilina,13,CM,TBD,TBD,TBD,TBD,0,25,25,47,55,46,43,51,52,45,47,,,,,,
svk,Slovakia,zilina,MŠK Žilina,14,CM,TBD,TBD,TBD,TBD,0,25,25,47,55,46,43,51,52,45,47,,,,,,
svk,Slovakia,zilina,MŠK Žilina,15,CM,TBD,TBD,TBD,TBD,0,25,25,47,55,46,43,51,52,45,47,,,,,,
svk,Slovakia,zilina,MŠK Žilina,16,CM,TBD,TBD,TBD,TBD,0,25,25,47,55,46,43,51,52,45,47,,,,,,
svk,Slovakia,zilina,MŠK Žilina,17,CM,TBD,TBD,TBD,TBD,0,25,25,47,55,46,43,51,52,45,47,,,,,,
svk,Slovakia,zilina,MŠK Žilina,18,CAM,TBD,TBD,TBD,TBD,0,25,25,47,55,50,49,55,57,35,39,,,,,,
svk,Slovakia,zilina,MŠK Žilina,19,LW,TBD,TBD,TBD,TBD,0,25,25,47,55,60,49,47,58,35,37,,,,,,
svk,Slovakia,zilina,MŠK Žilina,20,LW,TBD,TBD,TBD,TBD,0,25,25,47,55,60,49,47,58,35,37,,,,,,
svk,Slovakia,zilina,MŠK Žilina,21,RW,TBD,TBD,TBD,TBD,0,25,25,47,55,60,49,47,58,35,37,,,,,,
svk,Slovakia,zilina,MŠK Žilina,22,RW,TBD,TBD,TBD,TBD,0,25,25,47,55,60,49,47,58,35,37,,,,,,
svk,Slovakia,zilina,MŠK Žilina,23,ST,TBD,TBD,TBD,TBD,0,25,25,47,55,55,55,40,53,35,49,,,,,,
svk,Slovakia,zilina,MŠK Žilina,24,ST,TBD,TBD,TBD,TBD,0,25,25,47,55,55,55,40,53,35,49,,,,,,
svk,Slovakia,zilina,MŠK Žilina,25,ST,TBD,TBD,TBD,TBD,0,25,25,47,55,55,55,40,53,35,49,,,,,,
ned,Netherlands,nac-breda,NAC Breda,1,CB,TBD,TBD,TBD,TBD,25,25,3,55,63,47,35,45,43,59,61,,,,,,
ned,Netherlands,nac-breda,NAC Breda,2,CM,TBD,TBD,TBD,TBD,25,25,3,57,65,56,53,61,62,55,57,,,,,,
ned,Netherlands,nac-breda,NAC Breda,3,CM,TBD,TBD,TBD,TBD,25,25,3,57,65,56,53,61,62,55,57,,,,,,
ned,Netherlands,nec-nijmegen,NEC Nijmegen,1,CB,TBD,TBD,TBD,TBD,25,25,3,63,71,55,35,53,51,67,69,,,,,,
ned,Netherlands,nec-nijmegen,NEC Nijmegen,2,CM,TBD,TBD,TBD,TBD,25,25,3,65,73,64,61,69,70,63,65,,,,,,
ned,Netherlands,nec-nijmegen,NEC Nijmegen,3,CM,TBD,TBD,TBD,TBD,25,25,3,65,73,64,61,69,70,63,65,,,,,,
srb,Serbia,napredak-krusevac,Napredak Kruševac,1,GK,TBD,TBD,TBD,TBD,0,25,25,45,53,,,,,,,47,45,43,48,35,46
srb,Serbia,napredak-krusevac,Napredak Kruševac,2,GK,TBD,TBD,TBD,TBD,0,25,25,45,53,,,,,,,47,45,43,48,35,46
srb,Serbia,napredak-krusevac,Napredak Kruševac,3,CB,TBD,TBD,TBD,TBD,0,25,25,45,53,37,35,35,35,49,51,,,,,,
srb,Serbia,napredak-krusevac,Napredak Kruševac,4,CB,TBD,TBD,TBD,TBD,0,25,25,45,53,37,35,35,35,49,51,,,,,,
srb,Serbia,napredak-krusevac,Napredak Kruševac,5,CB,TBD,TBD,TBD,TBD,0,25,25,45,53,37,35,35,35,49,51,,,,,,
srb,Serbia,napredak-krusevac,Napredak Kruševac,6,CB,TBD,TBD,TBD,TBD,0,25,25,45,53,37,35,35,35,49,51,,,,,,
srb,Serbia,napredak-krusevac,Napredak Kruševac,7,CB,TBD,TBD,TBD,TBD,0,25,25,45,53,37,35,35,35,49,51,,,,,,
srb,Serbia,napredak-krusevac,Napredak Kruševac,8,LB,TBD,TBD,TBD,TBD,0,25,25,46,54,51,35,44,48,46,47,,,,,,
srb,Serbia,napredak-krusevac,Napredak Kruševac,9,LB,TBD,TBD,TBD,TBD,0,25,25,46,54,51,35,44,48,46,47,,,,,,
srb,Serbia,napredak-krusevac,Napredak Kruševac,10,RB,TBD,TBD,TBD,TBD,0,25,25,46,54,51,35,44,48,46,47,,,,,,
srb,Serbia,napredak-krusevac,Napredak Kruševac,11,RB,TBD,TBD,TBD,TBD,0,25,25,46,54,51,35,44,48,46,47,,,,,,
srb,Serbia,napredak-krusevac,Napredak Kruševac,12,CDM,TBD,TBD,TBD,TBD,0,25,25,46,54,43,35,48,46,50,51,,,,,,
srb,Serbia,napredak-krusevac,Napredak Kruševac,13,CM,TBD,TBD,TBD,TBD,0,25,25,47,55,46,43,51,52,45,47,,,,,,
srb,Serbia,napredak-krusevac,Napredak Kruševac,14,CM,TBD,TBD,TBD,TBD,0,25,25,47,55,46,43,51,52,45,47,,,,,,
srb,Serbia,napredak-krusevac,Napredak Kruševac,15,CM,TBD,TBD,TBD,TBD,0,25,25,47,55,46,43,51,52,45,47,,,,,,
srb,Serbia,napredak-krusevac,Napredak Kruševac,16,CM,TBD,TBD,TBD,TBD,0,25,25,47,55,46,43,51,52,45,47,,,,,,
srb,Serbia,napredak-krusevac,Napredak Kruševac,17,CM,TBD,TBD,TBD,TBD,0,25,25,47,55,46,43,51,52,45,47,,,,,,
srb,Serbia,napredak-krusevac,Napredak Kruševac,18,CAM,TBD,TBD,TBD,TBD,0,25,25,47,55,50,49,55,57,35,39,,,,,,
srb,Serbia,napredak-krusevac,Napredak Kruševac,19,LW,TBD,TBD,TBD,TBD,0,25,25,47,55,60,49,47,58,35,37,,,,,,
srb,Serbia,napredak-krusevac,Napredak Kruševac,20,LW,TBD,TBD,TBD,TBD,0,25,25,47,55,60,49,47,58,35,37,,,,,,
srb,Serbia,napredak-krusevac,Napredak Kruševac,21,RW,TBD,TBD,TBD,TBD,0,25,25,47,55,60,49,47,58,35,37,,,,,,
srb,Serbia,napredak-krusevac,Napredak Kruševac,22,RW,TBD,TBD,TBD,TBD,0,25,25,47,55,60,49,47,58,35,37,,,,,,
srb,Serbia,napredak-krusevac,Napredak Kruševac,23,ST,TBD,TBD,TBD,TBD,0,25,25,47,55,55,55,40,53,35,49,,,,,,
srb,Serbia,napredak-krusevac,Napredak Kruševac,24,ST,TBD,TBD,TBD,TBD,0,25,25,47,55,55,55,40,53,35,49,,,,,,
srb,Serbia,napredak-krusevac,Napredak Kruševac,25,ST,TBD,TBD,TBD,TBD,0,25,25,47,55,55,55,40,53,35,49,,,,,,
cyp,Cyprus,nea-salamis,Nea Salamis Famagusta,1,GK,TBD,TBD,TBD,TBD,0,25,25,45,53,,,,,,,47,45,43,48,35,46
cyp,Cyprus,nea-salamis,Nea Salamis Famagusta,2,GK,TBD,TBD,TBD,TBD,0,25,25,45,53,,,,,,,47,45,43,48,35,46
cyp,Cyprus,nea-salamis,Nea Salamis Famagusta,3,CB,TBD,TBD,TBD,TBD,0,25,25,45,53,37,35,35,35,49,51,,,,,,
cyp,Cyprus,nea-salamis,Nea Salamis Famagusta,4,CB,TBD,TBD,TBD,TBD,0,25,25,45,53,37,35,35,35,49,51,,,,,,
cyp,Cyprus,nea-salamis,Nea Salamis Famagusta,5,CB,TBD,TBD,TBD,TBD,0,25,25,45,53,37,35,35,35,49,51,,,,,,
cyp,Cyprus,nea-salamis,Nea Salamis Famagusta,6,CB,TBD,TBD,TBD,TBD,0,25,25,45,53,37,35,35,35,49,51,,,,,,
cyp,Cyprus,nea-salamis,Nea Salamis Famagusta,7,CB,TBD,TBD,TBD,TBD,0,25,25,45,53,37,35,35,35,49,51,,,,,,
cyp,Cyprus,nea-salamis,Nea Salamis Famagusta,8,LB,TBD,TBD,TBD,TBD,0,25,25,46,54,51,35,44,48,46,47,,,,,,
cyp,Cyprus,nea-salamis,Nea Salamis Famagusta,9,LB,TBD,TBD,TBD,TBD,0,25,25,46,54,51,35,44,48,46,47,,,,,,
cyp,Cyprus,nea-salamis,Nea Salamis Famagusta,10,RB,TBD,TBD,TBD,TBD,0,25,25,46,54,51,35,44,48,46,47,,,,,,
cyp,Cyprus,nea-salamis,Nea Salamis Famagusta,11,RB,TBD,TBD,TBD,TBD,0,25,25,46,54,51,35,44,48,46,47,,,,,,
cyp,Cyprus,nea-salamis,Nea Salamis Famagusta,12,CDM,TBD,TBD,TBD,TBD,0,25,25,46,54,43,35,48,46,50,51,,,,,,
cyp,Cyprus,nea-salamis,Nea Salamis Famagusta,13,CM,TBD,TBD,TBD,TBD,0,25,25,47,55,46,43,51,52,45,47,,,,,,
cyp,Cyprus,nea-salamis,Nea Salamis Famagusta,14,CM,TBD,TBD,TBD,TBD,0,25,25,47,55,46,43,51,52,45,47,,,,,,
cyp,Cyprus,nea-salamis,Nea Salamis Famagusta,15,CM,TBD,TBD,TBD,TBD,0,25,25,47,55,46,43,51,52,45,47,,,,,,
cyp,Cyprus,nea-salamis,Nea Salamis Famagusta,16,CM,TBD,TBD,TBD,TBD,0,25,25,47,55,46,43,51,52,45,47,,,,,,
cyp,Cyprus,nea-salamis,Nea Salamis Famagusta,17,CM,TBD,TBD,TBD,TBD,0,25,25,47,55,46,43,51,52,45,47,,,,,,
cyp,Cyprus,nea-salamis,Nea Salamis Famagusta,18,CAM,TBD,TBD,TBD,TBD,0,25,25,47,55,50,49,55,57,35,39,,,,,,
cyp,Cyprus,nea-salamis,Nea Salamis Famagusta,19,LW,TBD,TBD,TBD,TBD,0,25,25,47,55,60,49,47,58,35,37,,,,,,
cyp,Cyprus,nea-salamis,Nea Salamis Famagusta,20,LW,TBD,TBD,TBD,TBD,0,25,25,47,55,60,49,47,58,35,37,,,,,,
cyp,Cyprus,nea-salamis,Nea Salamis Famagusta,21,RW,TBD,TBD,TBD,TBD,0,25,25,47,55,60,49,47,58,35,37,,,,,,
cyp,Cyprus,nea-salamis,Nea Salamis Famagusta,22,RW,TBD,TBD,TBD,TBD,0,25,25,47,55,60,49,47,58,35,37,,,,,,
cyp,Cyprus,nea-salamis,Nea Salamis Famagusta,23,ST,TBD,TBD,TBD,TBD,0,25,25,47,55,55,55,40,53,35,49,,,,,,
cyp,Cyprus,nea-salamis,Nea Salamis Famagusta,24,ST,TBD,TBD,TBD,TBD,0,25,25,47,55,55,55,40,53,35,49,,,,,,
cyp,Cyprus,nea-salamis,Nea Salamis Famagusta,25,ST,TBD,TBD,TBD,TBD,0,25,25,47,55,55,55,40,53,35,49,,,,,,
hun,Hungary,hun,Nemzeti Bajnokság I,1,GK,TBD,TBD,TBD,TBD,0,25,25,60,68,,,,,,,62,60,58,63,35,61
hun,Hungary,hun,Nemzeti Bajnokság I,2,GK,TBD,TBD,TBD,TBD,0,25,25,60,68,,,,,,,62,60,58,63,35,61
hun,Hungary,hun,Nemzeti Bajnokság I,3,CB,TBD,TBD,TBD,TBD,0,25,25,60,68,52,35,50,48,64,66,,,,,,
hun,Hungary,hun,Nemzeti Bajnokság I,4,CB,TBD,TBD,TBD,TBD,0,25,25,60,68,52,35,50,48,64,66,,,,,,
hun,Hungary,hun,Nemzeti Bajnokság I,5,CB,TBD,TBD,TBD,TBD,0,25,25,60,68,52,35,50,48,64,66,,,,,,
hun,Hungary,hun,Nemzeti Bajnokság I,6,CB,TBD,TBD,TBD,TBD,0,25,25,60,68,52,35,50,48,64,66,,,,,,
hun,Hungary,hun,Nemzeti Bajnokság I,7,CB,TBD,TBD,TBD,TBD,0,25,25,60,68,52,35,50,48,64,66,,,,,,
hun,Hungary,hun,Nemzeti Bajnokság I,8,LB,TBD,TBD,TBD,TBD,0,25,25,61,69,66,43,59,63,61,62,,,,,,
hun,Hungary,hun,Nemzeti Bajnokság I,9,LB,TBD,TBD,TBD,TBD,0,25,25,61,69,66,43,59,63,61,62,,,,,,
hun,Hungary,hun,Nemzeti Bajnokság I,10,RB,TBD,TBD,TBD,TBD,0,25,25,61,69,66,43,59,63,61,62,,,,,,
hun,Hungary,hun,Nemzeti Bajnokság I,11,RB,TBD,TBD,TBD,TBD,0,25,25,61,69,66,43,59,63,61,62,,,,,,
hun,Hungary,hun,Nemzeti Bajnokság I,12,CDM,TBD,TBD,TBD,TBD,0,25,25,61,69,58,49,63,61,65,66,,,,,,
hun,Hungary,hun,Nemzeti Bajnokság I,13,CM,TBD,TBD,TBD,TBD,0,25,25,62,70,61,58,66,67,60,62,,,,,,
hun,Hungary,hun,Nemzeti Bajnokság I,14,CM,TBD,TBD,TBD,TBD,0,25,25,62,70,61,58,66,67,60,62,,,,,,
hun,Hungary,hun,Nemzeti Bajnokság I,15,CM,TBD,TBD,TBD,TBD,0,25,25,62,70,61,58,66,67,60,62,,,,,,
hun,Hungary,hun,Nemzeti Bajnokság I,16,CM,TBD,TBD,TBD,TBD,0,25,25,62,70,61,58,66,67,60,62,,,,,,
hun,Hungary,hun,Nemzeti Bajnokság I,17,CM,TBD,TBD,TBD,TBD,0,25,25,62,70,61,58,66,67,60,62,,,,,,
hun,Hungary,hun,Nemzeti Bajnokság I,18,CAM,TBD,TBD,TBD,TBD,0,25,25,62,70,65,64,70,72,44,54,,,,,,
hun,Hungary,hun,Nemzeti Bajnokság I,19,LW,TBD,TBD,TBD,TBD,0,25,25,62,70,75,64,62,73,37,52,,,,,,
hun,Hungary,hun,Nemzeti Bajnokság I,20,LW,TBD,TBD,TBD,TBD,0,25,25,62,70,75,64,62,73,37,52,,,,,,
hun,Hungary,hun,Nemzeti Bajnokság I,21,RW,TBD,TBD,TBD,TBD,0,25,25,62,70,75,64,62,73,37,52,,,,,,
hun,Hungary,hun,Nemzeti Bajnokság I,22,RW,TBD,TBD,TBD,TBD,0,25,25,62,70,75,64,62,73,37,52,,,,,,
hun,Hungary,hun,Nemzeti Bajnokság I,23,ST,TBD,TBD,TBD,TBD,0,25,25,62,70,70,70,55,68,35,64,,,,,,
hun,Hungary,hun,Nemzeti Bajnokság I,24,ST,TBD,TBD,TBD,TBD,0,25,25,62,70,70,70,55,68,35,64,,,,,,
hun,Hungary,hun,Nemzeti Bajnokság I,25,ST,TBD,TBD,TBD,TBD,0,25,25,62,70,70,70,55,68,35,64,,,,,,
hun,Hungary,nyiregyhaza,Nyíregyháza Spartacus FC,1,GK,TBD,TBD,TBD,TBD,0,25,25,45,53,,,,,,,47,45,43,48,35,46
hun,Hungary,nyiregyhaza,Nyíregyháza Spartacus FC,2,GK,TBD,TBD,TBD,TBD,0,25,25,45,53,,,,,,,47,45,43,48,35,46
hun,Hungary,nyiregyhaza,Nyíregyháza Spartacus FC,3,CB,TBD,TBD,TBD,TBD,0,25,25,45,53,37,35,35,35,49,51,,,,,,
hun,Hungary,nyiregyhaza,Nyíregyháza Spartacus FC,4,CB,TBD,TBD,TBD,TBD,0,25,25,45,53,37,35,35,35,49,51,,,,,,
hun,Hungary,nyiregyhaza,Nyíregyháza Spartacus FC,5,CB,TBD,TBD,TBD,TBD,0,25,25,45,53,37,35,35,35,49,51,,,,,,
hun,Hungary,nyiregyhaza,Nyíregyháza Spartacus FC,6,CB,TBD,TBD,TBD,TBD,0,25,25,45,53,37,35,35,35,49,51,,,,,,
hun,Hungary,nyiregyhaza,Nyíregyháza Spartacus FC,7,CB,TBD,TBD,TBD,TBD,0,25,25,45,53,37,35,35,35,49,51,,,,,,
hun,Hungary,nyiregyhaza,Nyíregyháza Spartacus FC,8,LB,TBD,TBD,TBD,TBD,0,25,25,46,54,51,35,44,48,46,47,,,,,,
hun,Hungary,nyiregyhaza,Nyíregyháza Spartacus FC,9,LB,TBD,TBD,TBD,TBD,0,25,25,46,54,51,35,44,48,46,47,,,,,,
hun,Hungary,nyiregyhaza,Nyíregyháza Spartacus FC,10,RB,TBD,TBD,TBD,TBD,0,25,25,46,54,51,35,44,48,46,47,,,,,,
hun,Hungary,nyiregyhaza,Nyíregyháza Spartacus FC,11,RB,TBD,TBD,TBD,TBD,0,25,25,46,54,51,35,44,48,46,47,,,,,,
hun,Hungary,nyiregyhaza,Nyíregyháza Spartacus FC,12,CDM,TBD,TBD,TBD,TBD,0,25,25,46,54,43,35,48,46,50,51,,,,,,
hun,Hungary,nyiregyhaza,Nyíregyháza Spartacus FC,13,CM,TBD,TBD,TBD,TBD,0,25,25,47,55,46,43,51,52,45,47,,,,,,
hun,Hungary,nyiregyhaza,Nyíregyháza Spartacus FC,14,CM,TBD,TBD,TBD,TBD,0,25,25,47,55,46,43,51,52,45,47,,,,,,
hun,Hungary,nyiregyhaza,Nyíregyháza Spartacus FC,15,CM,TBD,TBD,TBD,TBD,0,25,25,47,55,46,43,51,52,45,47,,,,,,
hun,Hungary,nyiregyhaza,Nyíregyháza Spartacus FC,16,CM,TBD,TBD,TBD,TBD,0,25,25,47,55,46,43,51,52,45,47,,,,,,
hun,Hungary,nyiregyhaza,Nyíregyháza Spartacus FC,17,CM,TBD,TBD,TBD,TBD,0,25,25,47,55,46,43,51,52,45,47,,,,,,
hun,Hungary,nyiregyhaza,Nyíregyháza Spartacus FC,18,CAM,TBD,TBD,TBD,TBD,0,25,25,47,55,50,49,55,57,35,39,,,,,,
hun,Hungary,nyiregyhaza,Nyíregyháza Spartacus FC,19,LW,TBD,TBD,TBD,TBD,0,25,25,47,55,60,49,47,58,35,37,,,,,,
hun,Hungary,nyiregyhaza,Nyíregyháza Spartacus FC,20,LW,TBD,TBD,TBD,TBD,0,25,25,47,55,60,49,47,58,35,37,,,,,,
hun,Hungary,nyiregyhaza,Nyíregyháza Spartacus FC,21,RW,TBD,TBD,TBD,TBD,0,25,25,47,55,60,49,47,58,35,37,,,,,,
hun,Hungary,nyiregyhaza,Nyíregyháza Spartacus FC,22,RW,TBD,TBD,TBD,TBD,0,25,25,47,55,60,49,47,58,35,37,,,,,,
hun,Hungary,nyiregyhaza,Nyíregyháza Spartacus FC,23,ST,TBD,TBD,TBD,TBD,0,25,25,47,55,55,55,40,53,35,49,,,,,,
hun,Hungary,nyiregyhaza,Nyíregyháza Spartacus FC,24,ST,TBD,TBD,TBD,TBD,0,25,25,47,55,55,55,40,53,35,49,,,,,,
hun,Hungary,nyiregyhaza,Nyíregyháza Spartacus FC,25,ST,TBD,TBD,TBD,TBD,0,25,25,47,55,55,55,40,53,35,49,,,,,,
gre,Greece,ofi-crete,OFI Crete FC,1,GK,TBD,TBD,TBD,TBD,0,25,25,45,53,,,,,,,47,45,43,48,35,46
gre,Greece,ofi-crete,OFI Crete FC,2,GK,TBD,TBD,TBD,TBD,0,25,25,45,53,,,,,,,47,45,43,48,35,46
gre,Greece,ofi-crete,OFI Crete FC,3,CB,TBD,TBD,TBD,TBD,0,25,25,45,53,37,35,35,35,49,51,,,,,,
gre,Greece,ofi-crete,OFI Crete FC,4,CB,TBD,TBD,TBD,TBD,0,25,25,45,53,37,35,35,35,49,51,,,,,,
gre,Greece,ofi-crete,OFI Crete FC,5,CB,TBD,TBD,TBD,TBD,0,25,25,45,53,37,35,35,35,49,51,,,,,,
gre,Greece,ofi-crete,OFI Crete FC,6,CB,TBD,TBD,TBD,TBD,0,25,25,45,53,37,35,35,35,49,51,,,,,,
gre,Greece,ofi-crete,OFI Crete FC,7,CB,TBD,TBD,TBD,TBD,0,25,25,45,53,37,35,35,35,49,51,,,,,,
gre,Greece,ofi-crete,OFI Crete FC,8,LB,TBD,TBD,TBD,TBD,0,25,25,46,54,51,35,44,48,46,47,,,,,,
gre,Greece,ofi-crete,OFI Crete FC,9,LB,TBD,TBD,TBD,TBD,0,25,25,46,54,51,35,44,48,46,47,,,,,,
gre,Greece,ofi-crete,OFI Crete FC,10,RB,TBD,TBD,TBD,TBD,0,25,25,46,54,51,35,44,48,46,47,,,,,,
gre,Greece,ofi-crete,OFI Crete FC,11,RB,TBD,TBD,TBD,TBD,0,25,25,46,54,51,35,44,48,46,47,,,,,,
gre,Greece,ofi-crete,OFI Crete FC,12,CDM,TBD,TBD,TBD,TBD,0,25,25,46,54,43,35,48,46,50,51,,,,,,
gre,Greece,ofi-crete,OFI Crete FC,13,CM,TBD,TBD,TBD,TBD,0,25,25,47,55,46,43,51,52,45,47,,,,,,
gre,Greece,ofi-crete,OFI Crete FC,14,CM,TBD,TBD,TBD,TBD,0,25,25,47,55,46,43,51,52,45,47,,,,,,
gre,Greece,ofi-crete,OFI Crete FC,15,CM,TBD,TBD,TBD,TBD,0,25,25,47,55,46,43,51,52,45,47,,,,,,
gre,Greece,ofi-crete,OFI Crete FC,16,CM,TBD,TBD,TBD,TBD,0,25,25,47,55,46,43,51,52,45,47,,,,,,
gre,Greece,ofi-crete,OFI Crete FC,17,CM,TBD,TBD,TBD,TBD,0,25,25,47,55,46,43,51,52,45,47,,,,,,
gre,Greece,ofi-crete,OFI Crete FC,18,CAM,TBD,TBD,TBD,TBD,0,25,25,47,55,50,49,55,57,35,39,,,,,,
gre,Greece,ofi-crete,OFI Crete FC,19,LW,TBD,TBD,TBD,TBD,0,25,25,47,55,60,49,47,58,35,37,,,,,,
gre,Greece,ofi-crete,OFI Crete FC,20,LW,TBD,TBD,TBD,TBD,0,25,25,47,55,60,49,47,58,35,37,,,,,,
gre,Greece,ofi-crete,OFI Crete FC,21,RW,TBD,TBD,TBD,TBD,0,25,25,47,55,60,49,47,58,35,37,,,,,,
gre,Greece,ofi-crete,OFI Crete FC,22,RW,TBD,TBD,TBD,TBD,0,25,25,47,55,60,49,47,58,35,37,,,,,,
gre,Greece,ofi-crete,OFI Crete FC,23,ST,TBD,TBD,TBD,TBD,0,25,25,47,55,55,55,40,53,35,49,,,,,,
gre,Greece,ofi-crete,OFI Crete FC,24,ST,TBD,TBD,TBD,TBD,0,25,25,47,55,55,55,40,53,35,49,,,,,,
gre,Greece,ofi-crete,OFI Crete FC,25,ST,TBD,TBD,TBD,TBD,0,25,25,47,55,55,55,40,53,35,49,,,,,,
fra,France,nice,OGC Nice,1,CB,TBD,TBD,TBD,TBD,25,25,3,70,78,62,40,60,58,74,76,,,,,,
fra,France,nice,OGC Nice,2,CM,TBD,TBD,TBD,TBD,25,25,3,72,80,71,68,76,77,70,72,,,,,,
fra,France,nice,OGC Nice,3,CAM,TBD,TBD,TBD,TBD,25,25,3,72,80,75,74,80,82,54,64,,,,,,
bel,Belgium,oh-leuven,OH Leuven,1,GK,TBD,TBD,TBD,TBD,0,25,25,58,66,,,,,,,60,58,56,61,35,59
bel,Belgium,oh-leuven,OH Leuven,2,GK,TBD,TBD,TBD,TBD,0,25,25,58,66,,,,,,,60,58,56,61,35,59
bel,Belgium,oh-leuven,OH Leuven,3,CB,TBD,TBD,TBD,TBD,0,25,25,58,66,50,35,48,46,62,64,,,,,,
bel,Belgium,oh-leuven,OH Leuven,4,CB,TBD,TBD,TBD,TBD,0,25,25,58,66,50,35,48,46,62,64,,,,,,
bel,Belgium,oh-leuven,OH Leuven,5,CB,TBD,TBD,TBD,TBD,0,25,25,58,66,50,35,48,46,62,64,,,,,,
bel,Belgium,oh-leuven,OH Leuven,6,CB,TBD,TBD,TBD,TBD,0,25,25,58,66,50,35,48,46,62,64,,,,,,
bel,Belgium,oh-leuven,OH Leuven,7,CB,TBD,TBD,TBD,TBD,0,25,25,58,66,50,35,48,46,62,64,,,,,,
bel,Belgium,oh-leuven,OH Leuven,8,LB,TBD,TBD,TBD,TBD,0,25,25,59,67,64,41,57,61,59,60,,,,,,
bel,Belgium,oh-leuven,OH Leuven,9,LB,TBD,TBD,TBD,TBD,0,25,25,59,67,64,41,57,61,59,60,,,,,,
bel,Belgium,oh-leuven,OH Leuven,10,RB,TBD,TBD,TBD,TBD,0,25,25,59,67,64,41,57,61,59,60,,,,,,
bel,Belgium,oh-leuven,OH Leuven,11,RB,TBD,TBD,TBD,TBD,0,25,25,59,67,64,41,57,61,59,60,,,,,,
bel,Belgium,oh-leuven,OH Leuven,12,CDM,TBD,TBD,TBD,TBD,0,25,25,59,67,56,47,61,59,63,64,,,,,,
bel,Belgium,oh-leuven,OH Leuven,13,CM,TBD,TBD,TBD,TBD,0,25,25,60,68,59,56,64,65,58,60,,,,,,
bel,Belgium,oh-leuven,OH Leuven,14,CM,TBD,TBD,TBD,TBD,0,25,25,60,68,59,56,64,65,58,60,,,,,,
bel,Belgium,oh-leuven,OH Leuven,15,CM,TBD,TBD,TBD,TBD,0,25,25,60,68,59,56,64,65,58,60,,,,,,
bel,Belgium,oh-leuven,OH Leuven,16,CM,TBD,TBD,TBD,TBD,0,25,25,60,68,59,56,64,65,58,60,,,,,,
bel,Belgium,oh-leuven,OH Leuven,17,CM,TBD,TBD,TBD,TBD,0,25,25,60,68,59,56,64,65,58,60,,,,,,
bel,Belgium,oh-leuven,OH Leuven,18,CAM,TBD,TBD,TBD,TBD,0,25,25,60,68,63,62,68,70,42,52,,,,,,
bel,Belgium,oh-leuven,OH Leuven,19,LW,TBD,TBD,TBD,TBD,0,25,25,60,68,73,62,60,71,35,50,,,,,,
bel,Belgium,oh-leuven,OH Leuven,20,LW,TBD,TBD,TBD,TBD,0,25,25,60,68,73,62,60,71,35,50,,,,,,
bel,Belgium,oh-leuven,OH Leuven,21,RW,TBD,TBD,TBD,TBD,0,25,25,60,68,73,62,60,71,35,50,,,,,,
bel,Belgium,oh-leuven,OH Leuven,22,RW,TBD,TBD,TBD,TBD,0,25,25,60,68,73,62,60,71,35,50,,,,,,
bel,Belgium,oh-leuven,OH Leuven,23,ST,TBD,TBD,TBD,TBD,0,25,25,60,68,68,68,53,66,35,62,,,,,,
bel,Belgium,oh-leuven,OH Leuven,24,ST,TBD,TBD,TBD,TBD,0,25,25,60,68,68,68,53,66,35,62,,,,,,
bel,Belgium,oh-leuven,OH Leuven,25,ST,TBD,TBD,TBD,TBD,0,25,25,60,68,68,68,53,66,35,62,,,,,,
ukr,Ukraine,obolon-kyiv,Obolon Kyiv,1,GK,TBD,TBD,TBD,TBD,0,25,25,45,53,,,,,,,47,45,43,48,35,46
ukr,Ukraine,obolon-kyiv,Obolon Kyiv,2,GK,TBD,TBD,TBD,TBD,0,25,25,45,53,,,,,,,47,45,43,48,35,46
ukr,Ukraine,obolon-kyiv,Obolon Kyiv,3,CB,TBD,TBD,TBD,TBD,0,25,25,45,53,37,35,35,35,49,51,,,,,,
ukr,Ukraine,obolon-kyiv,Obolon Kyiv,4,CB,TBD,TBD,TBD,TBD,0,25,25,45,53,37,35,35,35,49,51,,,,,,
ukr,Ukraine,obolon-kyiv,Obolon Kyiv,5,CB,TBD,TBD,TBD,TBD,0,25,25,45,53,37,35,35,35,49,51,,,,,,
ukr,Ukraine,obolon-kyiv,Obolon Kyiv,6,CB,TBD,TBD,TBD,TBD,0,25,25,45,53,37,35,35,35,49,51,,,,,,
ukr,Ukraine,obolon-kyiv,Obolon Kyiv,7,CB,TBD,TBD,TBD,TBD,0,25,25,45,53,37,35,35,35,49,51,,,,,,
ukr,Ukraine,obolon-kyiv,Obolon Kyiv,8,LB,TBD,TBD,TBD,TBD,0,25,25,46,54,51,35,44,48,46,47,,,,,,
ukr,Ukraine,obolon-kyiv,Obolon Kyiv,9,LB,TBD,TBD,TBD,TBD,0,25,25,46,54,51,35,44,48,46,47,,,,,,
ukr,Ukraine,obolon-kyiv,Obolon Kyiv,10,RB,TBD,TBD,TBD,TBD,0,25,25,46,54,51,35,44,48,46,47,,,,,,
ukr,Ukraine,obolon-kyiv,Obolon Kyiv,11,RB,TBD,TBD,TBD,TBD,0,25,25,46,54,51,35,44,48,46,47,,,,,,
ukr,Ukraine,obolon-kyiv,Obolon Kyiv,12,CDM,TBD,TBD,TBD,TBD,0,25,25,46,54,43,35,48,46,50,51,,,,,,
ukr,Ukraine,obolon-kyiv,Obolon Kyiv,13,CM,TBD,TBD,TBD,TBD,0,25,25,47,55,46,43,51,52,45,47,,,,,,
ukr,Ukraine,obolon-kyiv,Obolon Kyiv,14,CM,TBD,TBD,TBD,TBD,0,25,25,47,55,46,43,51,52,45,47,,,,,,
ukr,Ukraine,obolon-kyiv,Obolon Kyiv,15,CM,TBD,TBD,TBD,TBD,0,25,25,47,55,46,43,51,52,45,47,,,,,,
ukr,Ukraine,obolon-kyiv,Obolon Kyiv,16,CM,TBD,TBD,TBD,TBD,0,25,25,47,55,46,43,51,52,45,47,,,,,,
ukr,Ukraine,obolon-kyiv,Obolon Kyiv,17,CM,TBD,TBD,TBD,TBD,0,25,25,47,55,46,43,51,52,45,47,,,,,,
ukr,Ukraine,obolon-kyiv,Obolon Kyiv,18,CAM,TBD,TBD,TBD,TBD,0,25,25,47,55,50,49,55,57,35,39,,,,,,
ukr,Ukraine,obolon-kyiv,Obolon Kyiv,19,LW,TBD,TBD,TBD,TBD,0,25,25,47,55,60,49,47,58,35,37,,,,,,
ukr,Ukraine,obolon-kyiv,Obolon Kyiv,20,LW,TBD,TBD,TBD,TBD,0,25,25,47,55,60,49,47,58,35,37,,,,,,
ukr,Ukraine,obolon-kyiv,Obolon Kyiv,21,RW,TBD,TBD,TBD,TBD,0,25,25,47,55,60,49,47,58,35,37,,,,,,
ukr,Ukraine,obolon-kyiv,Obolon Kyiv,22,RW,TBD,TBD,TBD,TBD,0,25,25,47,55,60,49,47,58,35,37,,,,,,
ukr,Ukraine,obolon-kyiv,Obolon Kyiv,23,ST,TBD,TBD,TBD,TBD,0,25,25,47,55,55,55,40,53,35,49,,,,,,
ukr,Ukraine,obolon-kyiv,Obolon Kyiv,24,ST,TBD,TBD,TBD,TBD,0,25,25,47,55,55,55,40,53,35,49,,,,,,
ukr,Ukraine,obolon-kyiv,Obolon Kyiv,25,ST,TBD,TBD,TBD,TBD,0,25,25,47,55,55,55,40,53,35,49,,,,,,
nor,Norway,odd,Odds BK,1,GK,TBD,TBD,TBD,TBD,0,25,25,45,53,,,,,,,47,45,43,48,35,46
nor,Norway,odd,Odds BK,2,GK,TBD,TBD,TBD,TBD,0,25,25,45,53,,,,,,,47,45,43,48,35,46
nor,Norway,odd,Odds BK,3,CB,TBD,TBD,TBD,TBD,0,25,25,45,53,37,35,35,35,49,51,,,,,,
nor,Norway,odd,Odds BK,4,CB,TBD,TBD,TBD,TBD,0,25,25,45,53,37,35,35,35,49,51,,,,,,
nor,Norway,odd,Odds BK,5,CB,TBD,TBD,TBD,TBD,0,25,25,45,53,37,35,35,35,49,51,,,,,,
nor,Norway,odd,Odds BK,6,CB,TBD,TBD,TBD,TBD,0,25,25,45,53,37,35,35,35,49,51,,,,,,
nor,Norway,odd,Odds BK,7,CB,TBD,TBD,TBD,TBD,0,25,25,45,53,37,35,35,35,49,51,,,,,,
nor,Norway,odd,Odds BK,8,LB,TBD,TBD,TBD,TBD,0,25,25,46,54,51,35,44,48,46,47,,,,,,
nor,Norway,odd,Odds BK,9,LB,TBD,TBD,TBD,TBD,0,25,25,46,54,51,35,44,48,46,47,,,,,,
nor,Norway,odd,Odds BK,10,RB,TBD,TBD,TBD,TBD,0,25,25,46,54,51,35,44,48,46,47,,,,,,
nor,Norway,odd,Odds BK,11,RB,TBD,TBD,TBD,TBD,0,25,25,46,54,51,35,44,48,46,47,,,,,,
nor,Norway,odd,Odds BK,12,CDM,TBD,TBD,TBD,TBD,0,25,25,46,54,43,35,48,46,50,51,,,,,,
nor,Norway,odd,Odds BK,13,CM,TBD,TBD,TBD,TBD,0,25,25,47,55,46,43,51,52,45,47,,,,,,
nor,Norway,odd,Odds BK,14,CM,TBD,TBD,TBD,TBD,0,25,25,47,55,46,43,51,52,45,47,,,,,,
nor,Norway,odd,Odds BK,15,CM,TBD,TBD,TBD,TBD,0,25,25,47,55,46,43,51,52,45,47,,,,,,
nor,Norway,odd,Odds BK,16,CM,TBD,TBD,TBD,TBD,0,25,25,47,55,46,43,51,52,45,47,,,,,,
nor,Norway,odd,Odds BK,17,CM,TBD,TBD,TBD,TBD,0,25,25,47,55,46,43,51,52,45,47,,,,,,
nor,Norway,odd,Odds BK,18,CAM,TBD,TBD,TBD,TBD,0,25,25,47,55,50,49,55,57,35,39,,,,,,
nor,Norway,odd,Odds BK,19,LW,TBD,TBD,TBD,TBD,0,25,25,47,55,60,49,47,58,35,37,,,,,,
nor,Norway,odd,Odds BK,20,LW,TBD,TBD,TBD,TBD,0,25,25,47,55,60,49,47,58,35,37,,,,,,
nor,Norway,odd,Odds BK,21,RW,TBD,TBD,TBD,TBD,0,25,25,47,55,60,49,47,58,35,37,,,,,,
nor,Norway,odd,Odds BK,22,RW,TBD,TBD,TBD,TBD,0,25,25,47,55,60,49,47,58,35,37,,,,,,
nor,Norway,odd,Odds BK,23,ST,TBD,TBD,TBD,TBD,0,25,25,47,55,55,55,40,53,35,49,,,,,,
nor,Norway,odd,Odds BK,24,ST,TBD,TBD,TBD,TBD,0,25,25,47,55,55,55,40,53,35,49,,,,,,
nor,Norway,odd,Odds BK,25,ST,TBD,TBD,TBD,TBD,0,25,25,47,55,55,55,40,53,35,49,,,,,,
cyp,Cyprus,olympiakos-nicosia,Olympiakos Nicosia,1,GK,TBD,TBD,TBD,TBD,0,25,25,45,53,,,,,,,47,45,43,48,35,46
cyp,Cyprus,olympiakos-nicosia,Olympiakos Nicosia,2,GK,TBD,TBD,TBD,TBD,0,25,25,45,53,,,,,,,47,45,43,48,35,46
cyp,Cyprus,olympiakos-nicosia,Olympiakos Nicosia,3,CB,TBD,TBD,TBD,TBD,0,25,25,45,53,37,35,35,35,49,51,,,,,,
cyp,Cyprus,olympiakos-nicosia,Olympiakos Nicosia,4,CB,TBD,TBD,TBD,TBD,0,25,25,45,53,37,35,35,35,49,51,,,,,,
cyp,Cyprus,olympiakos-nicosia,Olympiakos Nicosia,5,CB,TBD,TBD,TBD,TBD,0,25,25,45,53,37,35,35,35,49,51,,,,,,
cyp,Cyprus,olympiakos-nicosia,Olympiakos Nicosia,6,CB,TBD,TBD,TBD,TBD,0,25,25,45,53,37,35,35,35,49,51,,,,,,
cyp,Cyprus,olympiakos-nicosia,Olympiakos Nicosia,7,CB,TBD,TBD,TBD,TBD,0,25,25,45,53,37,35,35,35,49,51,,,,,,
cyp,Cyprus,olympiakos-nicosia,Olympiakos Nicosia,8,LB,TBD,TBD,TBD,TBD,0,25,25,46,54,51,35,44,48,46,47,,,,,,
cyp,Cyprus,olympiakos-nicosia,Olympiakos Nicosia,9,LB,TBD,TBD,TBD,TBD,0,25,25,46,54,51,35,44,48,46,47,,,,,,
cyp,Cyprus,olympiakos-nicosia,Olympiakos Nicosia,10,RB,TBD,TBD,TBD,TBD,0,25,25,46,54,51,35,44,48,46,47,,,,,,
cyp,Cyprus,olympiakos-nicosia,Olympiakos Nicosia,11,RB,TBD,TBD,TBD,TBD,0,25,25,46,54,51,35,44,48,46,47,,,,,,
cyp,Cyprus,olympiakos-nicosia,Olympiakos Nicosia,12,CDM,TBD,TBD,TBD,TBD,0,25,25,46,54,43,35,48,46,50,51,,,,,,
cyp,Cyprus,olympiakos-nicosia,Olympiakos Nicosia,13,CM,TBD,TBD,TBD,TBD,0,25,25,47,55,46,43,51,52,45,47,,,,,,
cyp,Cyprus,olympiakos-nicosia,Olympiakos Nicosia,14,CM,TBD,TBD,TBD,TBD,0,25,25,47,55,46,43,51,52,45,47,,,,,,
cyp,Cyprus,olympiakos-nicosia,Olympiakos Nicosia,15,CM,TBD,TBD,TBD,TBD,0,25,25,47,55,46,43,51,52,45,47,,,,,,
cyp,Cyprus,olympiakos-nicosia,Olympiakos Nicosia,16,CM,TBD,TBD,TBD,TBD,0,25,25,47,55,46,43,51,52,45,47,,,,,,
cyp,Cyprus,olympiakos-nicosia,Olympiakos Nicosia,17,CM,TBD,TBD,TBD,TBD,0,25,25,47,55,46,43,51,52,45,47,,,,,,
cyp,Cyprus,olympiakos-nicosia,Olympiakos Nicosia,18,CAM,TBD,TBD,TBD,TBD,0,25,25,47,55,50,49,55,57,35,39,,,,,,
cyp,Cyprus,olympiakos-nicosia,Olympiakos Nicosia,19,LW,TBD,TBD,TBD,TBD,0,25,25,47,55,60,49,47,58,35,37,,,,,,
cyp,Cyprus,olympiakos-nicosia,Olympiakos Nicosia,20,LW,TBD,TBD,TBD,TBD,0,25,25,47,55,60,49,47,58,35,37,,,,,,
cyp,Cyprus,olympiakos-nicosia,Olympiakos Nicosia,21,RW,TBD,TBD,TBD,TBD,0,25,25,47,55,60,49,47,58,35,37,,,,,,
cyp,Cyprus,olympiakos-nicosia,Olympiakos Nicosia,22,RW,TBD,TBD,TBD,TBD,0,25,25,47,55,60,49,47,58,35,37,,,,,,
cyp,Cyprus,olympiakos-nicosia,Olympiakos Nicosia,23,ST,TBD,TBD,TBD,TBD,0,25,25,47,55,55,55,40,53,35,49,,,,,,
cyp,Cyprus,olympiakos-nicosia,Olympiakos Nicosia,24,ST,TBD,TBD,TBD,TBD,0,25,25,47,55,55,55,40,53,35,49,,,,,,
cyp,Cyprus,olympiakos-nicosia,Olympiakos Nicosia,25,ST,TBD,TBD,TBD,TBD,0,25,25,47,55,55,55,40,53,35,49,,,,,,
fra,France,lyon,Olympique Lyonnais,1,CB,TBD,TBD,TBD,TBD,25,25,3,73,81,65,43,63,61,77,79,,,,,,
fra,France,lyon,Olympique Lyonnais,2,CB,TBD,TBD,TBD,TBD,25,25,3,73,81,65,43,63,61,77,79,,,,,,
fra,France,lyon,Olympique Lyonnais,3,CM,TBD,TBD,TBD,TBD,25,25,3,75,80,74,71,79,80,73,75,,,,,,
fra,France,marseille,Olympique de Marseille,1,CB,TBD,TBD,TBD,TBD,25,25,4,75,80,67,45,65,63,79,81,,,,,,
fra,France,marseille,Olympique de Marseille,2,CM,TBD,TBD,TBD,TBD,25,25,4,77,82,76,73,81,82,75,77,,,,,,
fra,France,marseille,Olympique de Marseille,3,CM,TBD,TBD,TBD,TBD,25,25,4,77,82,76,73,81,82,75,77,,,,,,
fra,France,marseille,Olympique de Marseille,4,RW,TBD,TBD,TBD,TBD,25,25,4,77,82,90,79,77,88,52,67,,,,,,
cyp,Cyprus,omonia-nicosia,Omonia Nicosia,1,GK,TBD,TBD,TBD,TBD,0,25,25,45,53,,,,,,,47,45,43,48,35,46
cyp,Cyprus,omonia-nicosia,Omonia Nicosia,2,GK,TBD,TBD,TBD,TBD,0,25,25,45,53,,,,,,,47,45,43,48,35,46
cyp,Cyprus,omonia-nicosia,Omonia Nicosia,3,CB,TBD,TBD,TBD,TBD,0,25,25,45,53,37,35,35,35,49,51,,,,,,
cyp,Cyprus,omonia-nicosia,Omonia Nicosia,4,CB,TBD,TBD,TBD,TBD,0,25,25,45,53,37,35,35,35,49,51,,,,,,
cyp,Cyprus,omonia-nicosia,Omonia Nicosia,5,CB,TBD,TBD,TBD,TBD,0,25,25,45,53,37,35,35,35,49,51,,,,,,
cyp,Cyprus,omonia-nicosia,Omonia Nicosia,6,CB,TBD,TBD,TBD,TBD,0,25,25,45,53,37,35,35,35,49,51,,,,,,
cyp,Cyprus,omonia-nicosia,Omonia Nicosia,7,CB,TBD,TBD,TBD,TBD,0,25,25,45,53,37,35,35,35,49,51,,,,,,
cyp,Cyprus,omonia-nicosia,Omonia Nicosia,8,LB,TBD,TBD,TBD,TBD,0,25,25,46,54,51,35,44,48,46,47,,,,,,
cyp,Cyprus,omonia-nicosia,Omonia Nicosia,9,LB,TBD,TBD,TBD,TBD,0,25,25,46,54,51,35,44,48,46,47,,,,,,
cyp,Cyprus,omonia-nicosia,Omonia Nicosia,10,RB,TBD,TBD,TBD,TBD,0,25,25,46,54,51,35,44,48,46,47,,,,,,
cyp,Cyprus,omonia-nicosia,Omonia Nicosia,11,RB,TBD,TBD,TBD,TBD,0,25,25,46,54,51,35,44,48,46,47,,,,,,
cyp,Cyprus,omonia-nicosia,Omonia Nicosia,12,CDM,TBD,TBD,TBD,TBD,0,25,25,46,54,43,35,48,46,50,51,,,,,,
cyp,Cyprus,omonia-nicosia,Omonia Nicosia,13,CM,TBD,TBD,TBD,TBD,0,25,25,47,55,46,43,51,52,45,47,,,,,,
cyp,Cyprus,omonia-nicosia,Omonia Nicosia,14,CM,TBD,TBD,TBD,TBD,0,25,25,47,55,46,43,51,52,45,47,,,,,,
cyp,Cyprus,omonia-nicosia,Omonia Nicosia,15,CM,TBD,TBD,TBD,TBD,0,25,25,47,55,46,43,51,52,45,47,,,,,,
cyp,Cyprus,omonia-nicosia,Omonia Nicosia,16,CM,TBD,TBD,TBD,TBD,0,25,25,47,55,46,43,51,52,45,47,,,,,,
cyp,Cyprus,omonia-nicosia,Omonia Nicosia,17,CM,TBD,TBD,TBD,TBD,0,25,25,47,55,46,43,51,52,45,47,,,,,,
cyp,Cyprus,omonia-nicosia,Omonia Nicosia,18,CAM,TBD,TBD,TBD,TBD,0,25,25,47,55,50,49,55,57,35,39,,,,,,
cyp,Cyprus,omonia-nicosia,Omonia Nicosia,19,LW,TBD,TBD,TBD,TBD,0,25,25,47,55,60,49,47,58,35,37,,,,,,
cyp,Cyprus,omonia-nicosia,Omonia Nicosia,20,LW,TBD,TBD,TBD,TBD,0,25,25,47,55,60,49,47,58,35,37,,,,,,
cyp,Cyprus,omonia-nicosia,Omonia Nicosia,21,RW,TBD,TBD,TBD,TBD,0,25,25,47,55,60,49,47,58,35,37,,,,,,
cyp,Cyprus,omonia-nicosia,Omonia Nicosia,22,RW,TBD,TBD,TBD,TBD,0,25,25,47,55,60,49,47,58,35,37,,,,,,
cyp,Cyprus,omonia-nicosia,Omonia Nicosia,23,ST,TBD,TBD,TBD,TBD,0,25,25,47,55,55,55,40,53,35,49,,,,,,
cyp,Cyprus,omonia-nicosia,Omonia Nicosia,24,ST,TBD,TBD,TBD,TBD,0,25,25,47,55,55,55,40,53,35,49,,,,,,
cyp,Cyprus,omonia-nicosia,Omonia Nicosia,25,ST,TBD,TBD,TBD,TBD,0,25,25,47,55,55,55,40,53,35,49,,,,,,
rou,Romania,otelul-galati,Oțelul Galați,1,GK,TBD,TBD,TBD,TBD,0,25,25,45,53,,,,,,,47,45,43,48,35,46
rou,Romania,otelul-galati,Oțelul Galați,2,GK,TBD,TBD,TBD,TBD,0,25,25,45,53,,,,,,,47,45,43,48,35,46
rou,Romania,otelul-galati,Oțelul Galați,3,CB,TBD,TBD,TBD,TBD,0,25,25,45,53,37,35,35,35,49,51,,,,,,
rou,Romania,otelul-galati,Oțelul Galați,4,CB,TBD,TBD,TBD,TBD,0,25,25,45,53,37,35,35,35,49,51,,,,,,
rou,Romania,otelul-galati,Oțelul Galați,5,CB,TBD,TBD,TBD,TBD,0,25,25,45,53,37,35,35,35,49,51,,,,,,
rou,Romania,otelul-galati,Oțelul Galați,6,CB,TBD,TBD,TBD,TBD,0,25,25,45,53,37,35,35,35,49,51,,,,,,
rou,Romania,otelul-galati,Oțelul Galați,7,CB,TBD,TBD,TBD,TBD,0,25,25,45,53,37,35,35,35,49,51,,,,,,
rou,Romania,otelul-galati,Oțelul Galați,8,LB,TBD,TBD,TBD,TBD,0,25,25,46,54,51,35,44,48,46,47,,,,,,
rou,Romania,otelul-galati,Oțelul Galați,9,LB,TBD,TBD,TBD,TBD,0,25,25,46,54,51,35,44,48,46,47,,,,,,
rou,Romania,otelul-galati,Oțelul Galați,10,RB,TBD,TBD,TBD,TBD,0,25,25,46,54,51,35,44,48,46,47,,,,,,
rou,Romania,otelul-galati,Oțelul Galați,11,RB,TBD,TBD,TBD,TBD,0,25,25,46,54,51,35,44,48,46,47,,,,,,
rou,Romania,otelul-galati,Oțelul Galați,12,CDM,TBD,TBD,TBD,TBD,0,25,25,46,54,43,35,48,46,50,51,,,,,,
rou,Romania,otelul-galati,Oțelul Galați,13,CM,TBD,TBD,TBD,TBD,0,25,25,47,55,46,43,51,52,45,47,,,,,,
rou,Romania,otelul-galati,Oțelul Galați,14,CM,TBD,TBD,TBD,TBD,0,25,25,47,55,46,43,51,52,45,47,,,,,,
rou,Romania,otelul-galati,Oțelul Galați,15,CM,TBD,TBD,TBD,TBD,0,25,25,47,55,46,43,51,52,45,47,,,,,,
rou,Romania,otelul-galati,Oțelul Galați,16,CM,TBD,TBD,TBD,TBD,0,25,25,47,55,46,43,51,52,45,47,,,,,,
rou,Romania,otelul-galati,Oțelul Galați,17,CM,TBD,TBD,TBD,TBD,0,25,25,47,55,46,43,51,52,45,47,,,,,,
rou,Romania,otelul-galati,Oțelul Galați,18,CAM,TBD,TBD,TBD,TBD,0,25,25,47,55,50,49,55,57,35,39,,,,,,
rou,Romania,otelul-galati,Oțelul Galați,19,LW,TBD,TBD,TBD,TBD,0,25,25,47,55,60,49,47,58,35,37,,,,,,
rou,Romania,otelul-galati,Oțelul Galați,20,LW,TBD,TBD,TBD,TBD,0,25,25,47,55,60,49,47,58,35,37,,,,,,
rou,Romania,otelul-galati,Oțelul Galați,21,RW,TBD,TBD,TBD,TBD,0,25,25,47,55,60,49,47,58,35,37,,,,,,
rou,Romania,otelul-galati,Oțelul Galați,22,RW,TBD,TBD,TBD,TBD,0,25,25,47,55,60,49,47,58,35,37,,,,,,
rou,Romania,otelul-galati,Oțelul Galați,23,ST,TBD,TBD,TBD,TBD,0,25,25,47,55,55,55,40,53,35,49,,,,,,
rou,Romania,otelul-galati,Oțelul Galați,24,ST,TBD,TBD,TBD,TBD,0,25,25,47,55,55,55,40,53,35,49,,,,,,
rou,Romania,otelul-galati,Oțelul Galați,25,ST,TBD,TBD,TBD,TBD,0,25,25,47,55,55,55,40,53,35,49,,,,,,
gre,Greece,paok,PAOK FC,1,GK,TBD,TBD,TBD,TBD,0,25,25,57,65,,,,,,,59,57,55,60,35,58
gre,Greece,paok,PAOK FC,2,GK,TBD,TBD,TBD,TBD,0,25,25,57,65,,,,,,,59,57,55,60,35,58
gre,Greece,paok,PAOK FC,3,CB,TBD,TBD,TBD,TBD,0,25,25,57,65,49,35,47,45,61,63,,,,,,
gre,Greece,paok,PAOK FC,4,CB,TBD,TBD,TBD,TBD,0,25,25,57,65,49,35,47,45,61,63,,,,,,
gre,Greece,paok,PAOK FC,5,CB,TBD,TBD,TBD,TBD,0,25,25,57,65,49,35,47,45,61,63,,,,,,
gre,Greece,paok,PAOK FC,6,CB,TBD,TBD,TBD,TBD,0,25,25,57,65,49,35,47,45,61,63,,,,,,
gre,Greece,paok,PAOK FC,7,CB,TBD,TBD,TBD,TBD,0,25,25,57,65,49,35,47,45,61,63,,,,,,
gre,Greece,paok,PAOK FC,8,LB,TBD,TBD,TBD,TBD,0,25,25,58,66,63,40,56,60,58,59,,,,,,
gre,Greece,paok,PAOK FC,9,LB,TBD,TBD,TBD,TBD,0,25,25,58,66,63,40,56,60,58,59,,,,,,
gre,Greece,paok,PAOK FC,10,RB,TBD,TBD,TBD,TBD,0,25,25,58,66,63,40,56,60,58,59,,,,,,
gre,Greece,paok,PAOK FC,11,RB,TBD,TBD,TBD,TBD,0,25,25,58,66,63,40,56,60,58,59,,,,,,
gre,Greece,paok,PAOK FC,12,CDM,TBD,TBD,TBD,TBD,0,25,25,58,66,55,46,60,58,62,63,,,,,,
gre,Greece,paok,PAOK FC,13,CM,TBD,TBD,TBD,TBD,0,25,25,59,67,58,55,63,64,57,59,,,,,,
gre,Greece,paok,PAOK FC,14,CM,TBD,TBD,TBD,TBD,0,25,25,59,67,58,55,63,64,57,59,,,,,,
gre,Greece,paok,PAOK FC,15,CM,TBD,TBD,TBD,TBD,0,25,25,59,67,58,55,63,64,57,59,,,,,,
gre,Greece,paok,PAOK FC,16,CM,TBD,TBD,TBD,TBD,0,25,25,59,67,58,55,63,64,57,59,,,,,,
gre,Greece,paok,PAOK FC,17,CM,TBD,TBD,TBD,TBD,0,25,25,59,67,58,55,63,64,57,59,,,,,,
gre,Greece,paok,PAOK FC,18,CAM,TBD,TBD,TBD,TBD,0,25,25,59,67,62,61,67,69,41,51,,,,,,
gre,Greece,paok,PAOK FC,19,LW,TBD,TBD,TBD,TBD,0,25,25,59,67,72,61,59,70,35,49,,,,,,
gre,Greece,paok,PAOK FC,20,LW,TBD,TBD,TBD,TBD,0,25,25,59,67,72,61,59,70,35,49,,,,,,
gre,Greece,paok,PAOK FC,21,RW,TBD,TBD,TBD,TBD,0,25,25,59,67,72,61,59,70,35,49,,,,,,
gre,Greece,paok,PAOK FC,22,RW,TBD,TBD,TBD,TBD,0,25,25,59,67,72,61,59,70,35,49,,,,,,
gre,Greece,paok,PAOK FC,23,ST,TBD,TBD,TBD,TBD,0,25,25,59,67,67,67,52,65,35,61,,,,,,
gre,Greece,paok,PAOK FC,24,ST,TBD,TBD,TBD,TBD,0,25,25,59,67,67,67,52,65,35,61,,,,,,
gre,Greece,paok,PAOK FC,25,ST,TBD,TBD,TBD,TBD,0,25,25,59,67,67,67,52,65,35,61,,,,,,
gre,Greece,pas-giannina,PAS Giannina FC,1,GK,TBD,TBD,TBD,TBD,0,25,25,45,53,,,,,,,47,45,43,48,35,46
gre,Greece,pas-giannina,PAS Giannina FC,2,GK,TBD,TBD,TBD,TBD,0,25,25,45,53,,,,,,,47,45,43,48,35,46
gre,Greece,pas-giannina,PAS Giannina FC,3,CB,TBD,TBD,TBD,TBD,0,25,25,45,53,37,35,35,35,49,51,,,,,,
gre,Greece,pas-giannina,PAS Giannina FC,4,CB,TBD,TBD,TBD,TBD,0,25,25,45,53,37,35,35,35,49,51,,,,,,
gre,Greece,pas-giannina,PAS Giannina FC,5,CB,TBD,TBD,TBD,TBD,0,25,25,45,53,37,35,35,35,49,51,,,,,,
gre,Greece,pas-giannina,PAS Giannina FC,6,CB,TBD,TBD,TBD,TBD,0,25,25,45,53,37,35,35,35,49,51,,,,,,
gre,Greece,pas-giannina,PAS Giannina FC,7,CB,TBD,TBD,TBD,TBD,0,25,25,45,53,37,35,35,35,49,51,,,,,,
gre,Greece,pas-giannina,PAS Giannina FC,8,LB,TBD,TBD,TBD,TBD,0,25,25,46,54,51,35,44,48,46,47,,,,,,
gre,Greece,pas-giannina,PAS Giannina FC,9,LB,TBD,TBD,TBD,TBD,0,25,25,46,54,51,35,44,48,46,47,,,,,,
gre,Greece,pas-giannina,PAS Giannina FC,10,RB,TBD,TBD,TBD,TBD,0,25,25,46,54,51,35,44,48,46,47,,,,,,
gre,Greece,pas-giannina,PAS Giannina FC,11,RB,TBD,TBD,TBD,TBD,0,25,25,46,54,51,35,44,48,46,47,,,,,,
gre,Greece,pas-giannina,PAS Giannina FC,12,CDM,TBD,TBD,TBD,TBD,0,25,25,46,54,43,35,48,46,50,51,,,,,,
gre,Greece,pas-giannina,PAS Giannina FC,13,CM,TBD,TBD,TBD,TBD,0,25,25,47,55,46,43,51,52,45,47,,,,,,
gre,Greece,pas-giannina,PAS Giannina FC,14,CM,TBD,TBD,TBD,TBD,0,25,25,47,55,46,43,51,52,45,47,,,,,,
gre,Greece,pas-giannina,PAS Giannina FC,15,CM,TBD,TBD,TBD,TBD,0,25,25,47,55,46,43,51,52,45,47,,,,,,
gre,Greece,pas-giannina,PAS Giannina FC,16,CM,TBD,TBD,TBD,TBD,0,25,25,47,55,46,43,51,52,45,47,,,,,,
gre,Greece,pas-giannina,PAS Giannina FC,17,CM,TBD,TBD,TBD,TBD,0,25,25,47,55,46,43,51,52,45,47,,,,,,
gre,Greece,pas-giannina,PAS Giannina FC,18,CAM,TBD,TBD,TBD,TBD,0,25,25,47,55,50,49,55,57,35,39,,,,,,
gre,Greece,pas-giannina,PAS Giannina FC,19,LW,TBD,TBD,TBD,TBD,0,25,25,47,55,60,49,47,58,35,37,,,,,,
gre,Greece,pas-giannina,PAS Giannina FC,20,LW,TBD,TBD,TBD,TBD,0,25,25,47,55,60,49,47,58,35,37,,,,,,
gre,Greece,pas-giannina,PAS Giannina FC,21,RW,TBD,TBD,TBD,TBD,0,25,25,47,55,60,49,47,58,35,37,,,,,,
gre,Greece,pas-giannina,PAS Giannina FC,22,RW,TBD,TBD,TBD,TBD,0,25,25,47,55,60,49,47,58,35,37,,,,,,
gre,Greece,pas-giannina,PAS Giannina FC,23,ST,TBD,TBD,TBD,TBD,0,25,25,47,55,55,55,40,53,35,49,,,,,,
gre,Greece,pas-giannina,PAS Giannina FC,24,ST,TBD,TBD,TBD,TBD,0,25,25,47,55,55,55,40,53,35,49,,,,,,
gre,Greece,pas-giannina,PAS Giannina FC,25,ST,TBD,TBD,TBD,TBD,0,25,25,47,55,55,55,40,53,35,49,,,,,,
gre,Greece,lamia,PAS Lamia 1964,1,GK,TBD,TBD,TBD,TBD,0,25,25,45,53,,,,,,,47,45,43,48,35,46
gre,Greece,lamia,PAS Lamia 1964,2,GK,TBD,TBD,TBD,TBD,0,25,25,45,53,,,,,,,47,45,43,48,35,46
gre,Greece,lamia,PAS Lamia 1964,3,CB,TBD,TBD,TBD,TBD,0,25,25,45,53,37,35,35,35,49,51,,,,,,
gre,Greece,lamia,PAS Lamia 1964,4,CB,TBD,TBD,TBD,TBD,0,25,25,45,53,37,35,35,35,49,51,,,,,,
gre,Greece,lamia,PAS Lamia 1964,5,CB,TBD,TBD,TBD,TBD,0,25,25,45,53,37,35,35,35,49,51,,,,,,
gre,Greece,lamia,PAS Lamia 1964,6,CB,TBD,TBD,TBD,TBD,0,25,25,45,53,37,35,35,35,49,51,,,,,,
gre,Greece,lamia,PAS Lamia 1964,7,CB,TBD,TBD,TBD,TBD,0,25,25,45,53,37,35,35,35,49,51,,,,,,
gre,Greece,lamia,PAS Lamia 1964,8,LB,TBD,TBD,TBD,TBD,0,25,25,46,54,51,35,44,48,46,47,,,,,,
gre,Greece,lamia,PAS Lamia 1964,9,LB,TBD,TBD,TBD,TBD,0,25,25,46,54,51,35,44,48,46,47,,,,,,
gre,Greece,lamia,PAS Lamia 1964,10,RB,TBD,TBD,TBD,TBD,0,25,25,46,54,51,35,44,48,46,47,,,,,,
gre,Greece,lamia,PAS Lamia 1964,11,RB,TBD,TBD,TBD,TBD,0,25,25,46,54,51,35,44,48,46,47,,,,,,
gre,Greece,lamia,PAS Lamia 1964,12,CDM,TBD,TBD,TBD,TBD,0,25,25,46,54,43,35,48,46,50,51,,,,,,
gre,Greece,lamia,PAS Lamia 1964,13,CM,TBD,TBD,TBD,TBD,0,25,25,47,55,46,43,51,52,45,47,,,,,,
gre,Greece,lamia,PAS Lamia 1964,14,CM,TBD,TBD,TBD,TBD,0,25,25,47,55,46,43,51,52,45,47,,,,,,
gre,Greece,lamia,PAS Lamia 1964,15,CM,TBD,TBD,TBD,TBD,0,25,25,47,55,46,43,51,52,45,47,,,,,,
gre,Greece,lamia,PAS Lamia 1964,16,CM,TBD,TBD,TBD,TBD,0,25,25,47,55,46,43,51,52,45,47,,,,,,
gre,Greece,lamia,PAS Lamia 1964,17,CM,TBD,TBD,TBD,TBD,0,25,25,47,55,46,43,51,52,45,47,,,,,,
gre,Greece,lamia,PAS Lamia 1964,18,CAM,TBD,TBD,TBD,TBD,0,25,25,47,55,50,49,55,57,35,39,,,,,,
gre,Greece,lamia,PAS Lamia 1964,19,LW,TBD,TBD,TBD,TBD,0,25,25,47,55,60,49,47,58,35,37,,,,,,
gre,Greece,lamia,PAS Lamia 1964,20,LW,TBD,TBD,TBD,TBD,0,25,25,47,55,60,49,47,58,35,37,,,,,,
gre,Greece,lamia,PAS Lamia 1964,21,RW,TBD,TBD,TBD,TBD,0,25,25,47,55,60,49,47,58,35,37,,,,,,
gre,Greece,lamia,PAS Lamia 1964,22,RW,TBD,TBD,TBD,TBD,0,25,25,47,55,60,49,47,58,35,37,,,,,,
gre,Greece,lamia,PAS Lamia 1964,23,ST,TBD,TBD,TBD,TBD,0,25,25,47,55,55,55,40,53,35,49,,,,,,
gre,Greece,lamia,PAS Lamia 1964,24,ST,TBD,TBD,TBD,TBD,0,25,25,47,55,55,55,40,53,35,49,,,,,,
gre,Greece,lamia,PAS Lamia 1964,25,ST,TBD,TBD,TBD,TBD,0,25,25,47,55,55,55,40,53,35,49,,,,,,
ned,Netherlands,pec-zwolle,PEC Zwolle,1,CB,TBD,TBD,TBD,TBD,25,25,3,59,67,51,35,49,47,63,65,,,,,,
ned,Netherlands,pec-zwolle,PEC Zwolle,2,CM,TBD,TBD,TBD,TBD,25,25,3,61,69,60,57,65,66,59,61,,,,,,
ned,Netherlands,pec-zwolle,PEC Zwolle,3,CM,TBD,TBD,TBD,TBD,25,25,3,61,69,60,57,65,66,59,61,,,,,,
ned,Netherlands,psv-eindhoven,PSV Eindhoven,1,CB,TBD,TBD,TBD,TBD,24,25,6,74,82,66,44,64,62,78,80,,,,,,
ned,Netherlands,psv-eindhoven,PSV Eindhoven,2,CB,TBD,TBD,TBD,TBD,24,25,6,74,82,66,44,64,62,78,80,,,,,,
ned,Netherlands,psv-eindhoven,PSV Eindhoven,3,CM,TBD,TBD,TBD,TBD,24,25,6,76,81,75,72,80,81,74,76,,,,,,
ned,Netherlands,psv-eindhoven,PSV Eindhoven,4,CM,TBD,TBD,TBD,TBD,24,25,6,76,81,75,72,80,81,74,76,,,,,,
ned,Netherlands,psv-eindhoven,PSV Eindhoven,5,RW,TBD,TBD,TBD,TBD,24,25,6,76,81,89,78,76,87,51,66,,,,,,
ned,Netherlands,psv-eindhoven,PSV Eindhoven,6,ST,TBD,TBD,TBD,TBD,24,25,6,76,81,84,84,69,82,46,78,,,,,,
cyp,Cyprus,pafos-fc,Pafos FC,1,GK,TBD,TBD,TBD,TBD,0,25,25,45,53,,,,,,,47,45,43,48,35,46
cyp,Cyprus,pafos-fc,Pafos FC,2,GK,TBD,TBD,TBD,TBD,0,25,25,45,53,,,,,,,47,45,43,48,35,46
cyp,Cyprus,pafos-fc,Pafos FC,3,CB,TBD,TBD,TBD,TBD,0,25,25,45,53,37,35,35,35,49,51,,,,,,
cyp,Cyprus,pafos-fc,Pafos FC,4,CB,TBD,TBD,TBD,TBD,0,25,25,45,53,37,35,35,35,49,51,,,,,,
cyp,Cyprus,pafos-fc,Pafos FC,5,CB,TBD,TBD,TBD,TBD,0,25,25,45,53,37,35,35,35,49,51,,,,,,
cyp,Cyprus,pafos-fc,Pafos FC,6,CB,TBD,TBD,TBD,TBD,0,25,25,45,53,37,35,35,35,49,51,,,,,,
cyp,Cyprus,pafos-fc,Pafos FC,7,CB,TBD,TBD,TBD,TBD,0,25,25,45,53,37,35,35,35,49,51,,,,,,
cyp,Cyprus,pafos-fc,Pafos FC,8,LB,TBD,TBD,TBD,TBD,0,25,25,46,54,51,35,44,48,46,47,,,,,,
cyp,Cyprus,pafos-fc,Pafos FC,9,LB,TBD,TBD,TBD,TBD,0,25,25,46,54,51,35,44,48,46,47,,,,,,
cyp,Cyprus,pafos-fc,Pafos FC,10,RB,TBD,TBD,TBD,TBD,0,25,25,46,54,51,35,44,48,46,47,,,,,,
cyp,Cyprus,pafos-fc,Pafos FC,11,RB,TBD,TBD,TBD,TBD,0,25,25,46,54,51,35,44,48,46,47,,,,,,
cyp,Cyprus,pafos-fc,Pafos FC,12,CDM,TBD,TBD,TBD,TBD,0,25,25,46,54,43,35,48,46,50,51,,,,,,
cyp,Cyprus,pafos-fc,Pafos FC,13,CM,TBD,TBD,TBD,TBD,0,25,25,47,55,46,43,51,52,45,47,,,,,,
cyp,Cyprus,pafos-fc,Pafos FC,14,CM,TBD,TBD,TBD,TBD,0,25,25,47,55,46,43,51,52,45,47,,,,,,
cyp,Cyprus,pafos-fc,Pafos FC,15,CM,TBD,TBD,TBD,TBD,0,25,25,47,55,46,43,51,52,45,47,,,,,,
cyp,Cyprus,pafos-fc,Pafos FC,16,CM,TBD,TBD,TBD,TBD,0,25,25,47,55,46,43,51,52,45,47,,,,,,
cyp,Cyprus,pafos-fc,Pafos FC,17,CM,TBD,TBD,TBD,TBD,0,25,25,47,55,46,43,51,52,45,47,,,,,,
cyp,Cyprus,pafos-fc,Pafos FC,18,CAM,TBD,TBD,TBD,TBD,0,25,25,47,55,50,49,55,57,35,39,,,,,,
cyp,Cyprus,pafos-fc,Pafos FC,19,LW,TBD,TBD,TBD,TBD,0,25,25,47,55,60,49,47,58,35,37,,,,,,
cyp,Cyprus,pafos-fc,Pafos FC,20,LW,TBD,TBD,TBD,TBD,0,25,25,47,55,60,49,47,58,35,37,,,,,,
cyp,Cyprus,pafos-fc,Pafos FC,21,RW,TBD,TBD,TBD,TBD,0,25,25,47,55,60,49,47,58,35,37,,,,,,
cyp,Cyprus,pafos-fc,Pafos FC,22,RW,TBD,TBD,TBD,TBD,0,25,25,47,55,60,49,47,58,35,37,,,,,,
cyp,Cyprus,pafos-fc,Pafos FC,23,ST,TBD,TBD,TBD,TBD,0,25,25,47,55,55,55,40,53,35,49,,,,,,
cyp,Cyprus,pafos-fc,Pafos FC,24,ST,TBD,TBD,TBD,TBD,0,25,25,47,55,55,55,40,53,35,49,,,,,,
cyp,Cyprus,pafos-fc,Pafos FC,25,ST,TBD,TBD,TBD,TBD,0,25,25,47,55,55,55,40,53,35,49,,,,,,
hun,Hungary,paksi-fc,Paksi FC,1,GK,TBD,TBD,TBD,TBD,0,25,25,49,57,,,,,,,51,49,47,52,35,50
hun,Hungary,paksi-fc,Paksi FC,2,GK,TBD,TBD,TBD,TBD,0,25,25,49,57,,,,,,,51,49,47,52,35,50
hun,Hungary,paksi-fc,Paksi FC,3,CB,TBD,TBD,TBD,TBD,0,25,25,49,57,41,35,39,37,53,55,,,,,,
hun,Hungary,paksi-fc,Paksi FC,4,CB,TBD,TBD,TBD,TBD,0,25,25,49,57,41,35,39,37,53,55,,,,,,
hun,Hungary,paksi-fc,Paksi FC,5,CB,TBD,TBD,TBD,TBD,0,25,25,49,57,41,35,39,37,53,55,,,,,,
hun,Hungary,paksi-fc,Paksi FC,6,CB,TBD,TBD,TBD,TBD,0,25,25,49,57,41,35,39,37,53,55,,,,,,
hun,Hungary,paksi-fc,Paksi FC,7,CB,TBD,TBD,TBD,TBD,0,25,25,49,57,41,35,39,37,53,55,,,,,,
hun,Hungary,paksi-fc,Paksi FC,8,LB,TBD,TBD,TBD,TBD,0,25,25,50,58,55,35,48,52,50,51,,,,,,
hun,Hungary,paksi-fc,Paksi FC,9,LB,TBD,TBD,TBD,TBD,0,25,25,50,58,55,35,48,52,50,51,,,,,,
hun,Hungary,paksi-fc,Paksi FC,10,RB,TBD,TBD,TBD,TBD,0,25,25,50,58,55,35,48,52,50,51,,,,,,
hun,Hungary,paksi-fc,Paksi FC,11,RB,TBD,TBD,TBD,TBD,0,25,25,50,58,55,35,48,52,50,51,,,,,,
hun,Hungary,paksi-fc,Paksi FC,12,CDM,TBD,TBD,TBD,TBD,0,25,25,50,58,47,38,52,50,54,55,,,,,,
hun,Hungary,paksi-fc,Paksi FC,13,CM,TBD,TBD,TBD,TBD,0,25,25,51,59,50,47,55,56,49,51,,,,,,
hun,Hungary,paksi-fc,Paksi FC,14,CM,TBD,TBD,TBD,TBD,0,25,25,51,59,50,47,55,56,49,51,,,,,,
hun,Hungary,paksi-fc,Paksi FC,15,CM,TBD,TBD,TBD,TBD,0,25,25,51,59,50,47,55,56,49,51,,,,,,
hun,Hungary,paksi-fc,Paksi FC,16,CM,TBD,TBD,TBD,TBD,0,25,25,51,59,50,47,55,56,49,51,,,,,,
hun,Hungary,paksi-fc,Paksi FC,17,CM,TBD,TBD,TBD,TBD,0,25,25,51,59,50,47,55,56,49,51,,,,,,
hun,Hungary,paksi-fc,Paksi FC,18,CAM,TBD,TBD,TBD,TBD,0,25,25,51,59,54,53,59,61,35,43,,,,,,
hun,Hungary,paksi-fc,Paksi FC,19,LW,TBD,TBD,TBD,TBD,0,25,25,51,59,64,53,51,62,35,41,,,,,,
hun,Hungary,paksi-fc,Paksi FC,20,LW,TBD,TBD,TBD,TBD,0,25,25,51,59,64,53,51,62,35,41,,,,,,
hun,Hungary,paksi-fc,Paksi FC,21,RW,TBD,TBD,TBD,TBD,0,25,25,51,59,64,53,51,62,35,41,,,,,,
hun,Hungary,paksi-fc,Paksi FC,22,RW,TBD,TBD,TBD,TBD,0,25,25,51,59,64,53,51,62,35,41,,,,,,
hun,Hungary,paksi-fc,Paksi FC,23,ST,TBD,TBD,TBD,TBD,0,25,25,51,59,59,59,44,57,35,53,,,,,,
hun,Hungary,paksi-fc,Paksi FC,24,ST,TBD,TBD,TBD,TBD,0,25,25,51,59,59,59,44,57,35,53,,,,,,
hun,Hungary,paksi-fc,Paksi FC,25,ST,TBD,TBD,TBD,TBD,0,25,25,51,59,59,59,44,57,35,53,,,,,,
gre,Greece,panathinaikos,Panathinaikos FC,1,GK,TBD,TBD,TBD,TBD,0,25,25,55,63,,,,,,,57,55,53,58,35,56
gre,Greece,panathinaikos,Panathinaikos FC,2,GK,TBD,TBD,TBD,TBD,0,25,25,55,63,,,,,,,57,55,53,58,35,56
gre,Greece,panathinaikos,Panathinaikos FC,3,CB,TBD,TBD,TBD,TBD,0,25,25,55,63,47,35,45,43,59,61,,,,,,
gre,Greece,panathinaikos,Panathinaikos FC,4,CB,TBD,TBD,TBD,TBD,0,25,25,55,63,47,35,45,43,59,61,,,,,,
gre,Greece,panathinaikos,Panathinaikos FC,5,CB,TBD,TBD,TBD,TBD,0,25,25,55,63,47,35,45,43,59,61,,,,,,
gre,Greece,panathinaikos,Panathinaikos FC,6,CB,TBD,TBD,TBD,TBD,0,25,25,55,63,47,35,45,43,59,61,,,,,,
gre,Greece,panathinaikos,Panathinaikos FC,7,CB,TBD,TBD,TBD,TBD,0,25,25,55,63,47,35,45,43,59,61,,,,,,
gre,Greece,panathinaikos,Panathinaikos FC,8,LB,TBD,TBD,TBD,TBD,0,25,25,56,64,61,38,54,58,56,57,,,,,,
gre,Greece,panathinaikos,Panathinaikos FC,9,LB,TBD,TBD,TBD,TBD,0,25,25,56,64,61,38,54,58,56,57,,,,,,
gre,Greece,panathinaikos,Panathinaikos FC,10,RB,TBD,TBD,TBD,TBD,0,25,25,56,64,61,38,54,58,56,57,,,,,,
gre,Greece,panathinaikos,Panathinaikos FC,11,RB,TBD,TBD,TBD,TBD,0,25,25,56,64,61,38,54,58,56,57,,,,,,
gre,Greece,panathinaikos,Panathinaikos FC,12,CDM,TBD,TBD,TBD,TBD,0,25,25,56,64,53,44,58,56,60,61,,,,,,
gre,Greece,panathinaikos,Panathinaikos FC,13,CM,TBD,TBD,TBD,TBD,0,25,25,57,65,56,53,61,62,55,57,,,,,,
gre,Greece,panathinaikos,Panathinaikos FC,14,CM,TBD,TBD,TBD,TBD,0,25,25,57,65,56,53,61,62,55,57,,,,,,
gre,Greece,panathinaikos,Panathinaikos FC,15,CM,TBD,TBD,TBD,TBD,0,25,25,57,65,56,53,61,62,55,57,,,,,,
gre,Greece,panathinaikos,Panathinaikos FC,16,CM,TBD,TBD,TBD,TBD,0,25,25,57,65,56,53,61,62,55,57,,,,,,
gre,Greece,panathinaikos,Panathinaikos FC,17,CM,TBD,TBD,TBD,TBD,0,25,25,57,65,56,53,61,62,55,57,,,,,,
gre,Greece,panathinaikos,Panathinaikos FC,18,CAM,TBD,TBD,TBD,TBD,0,25,25,57,65,60,59,65,67,39,49,,,,,,
gre,Greece,panathinaikos,Panathinaikos FC,19,LW,TBD,TBD,TBD,TBD,0,25,25,57,65,70,59,57,68,35,47,,,,,,
gre,Greece,panathinaikos,Panathinaikos FC,20,LW,TBD,TBD,TBD,TBD,0,25,25,57,65,70,59,57,68,35,47,,,,,,
gre,Greece,panathinaikos,Panathinaikos FC,21,RW,TBD,TBD,TBD,TBD,0,25,25,57,65,70,59,57,68,35,47,,,,,,
gre,Greece,panathinaikos,Panathinaikos FC,22,RW,TBD,TBD,TBD,TBD,0,25,25,57,65,70,59,57,68,35,47,,,,,,
gre,Greece,panathinaikos,Panathinaikos FC,23,ST,TBD,TBD,TBD,TBD,0,25,25,57,65,65,65,50,63,35,59,,,,,,
gre,Greece,panathinaikos,Panathinaikos FC,24,ST,TBD,TBD,TBD,TBD,0,25,25,57,65,65,65,50,63,35,59,,,,,,
gre,Greece,panathinaikos,Panathinaikos FC,25,ST,TBD,TBD,TBD,TBD,0,25,25,57,65,65,65,50,63,35,59,,,,,,
gre,Greece,panserraikos,Panserraikos FC,1,GK,TBD,TBD,TBD,TBD,0,25,25,45,53,,,,,,,47,45,43,48,35,46
gre,Greece,panserraikos,Panserraikos FC,2,GK,TBD,TBD,TBD,TBD,0,25,25,45,53,,,,,,,47,45,43,48,35,46
gre,Greece,panserraikos,Panserraikos FC,3,CB,TBD,TBD,TBD,TBD,0,25,25,45,53,37,35,35,35,49,51,,,,,,
gre,Greece,panserraikos,Panserraikos FC,4,CB,TBD,TBD,TBD,TBD,0,25,25,45,53,37,35,35,35,49,51,,,,,,
gre,Greece,panserraikos,Panserraikos FC,5,CB,TBD,TBD,TBD,TBD,0,25,25,45,53,37,35,35,35,49,51,,,,,,
gre,Greece,panserraikos,Panserraikos FC,6,CB,TBD,TBD,TBD,TBD,0,25,25,45,53,37,35,35,35,49,51,,,,,,
gre,Greece,panserraikos,Panserraikos FC,7,CB,TBD,TBD,TBD,TBD,0,25,25,45,53,37,35,35,35,49,51,,,,,,
gre,Greece,panserraikos,Panserraikos FC,8,LB,TBD,TBD,TBD,TBD,0,25,25,46,54,51,35,44,48,46,47,,,,,,
gre,Greece,panserraikos,Panserraikos FC,9,LB,TBD,TBD,TBD,TBD,0,25,25,46,54,51,35,44,48,46,47,,,,,,
gre,Greece,panserraikos,Panserraikos FC,10,RB,TBD,TBD,TBD,TBD,0,25,25,46,54,51,35,44,48,46,47,,,,,,
gre,Greece,panserraikos,Panserraikos FC,11,RB,TBD,TBD,TBD,TBD,0,25,25,46,54,51,35,44,48,46,47,,,,,,
gre,Greece,panserraikos,Panserraikos FC,12,CDM,TBD,TBD,TBD,TBD,0,25,25,46,54,43,35,48,46,50,51,,,,,,
gre,Greece,panserraikos,Panserraikos FC,13,CM,TBD,TBD,TBD,TBD,0,25,25,47,55,46,43,51,52,45,47,,,,,,
gre,Greece,panserraikos,Panserraikos FC,14,CM,TBD,TBD,TBD,TBD,0,25,25,47,55,46,43,51,52,45,47,,,,,,
gre,Greece,panserraikos,Panserraikos FC,15,CM,TBD,TBD,TBD,TBD,0,25,25,47,55,46,43,51,52,45,47,,,,,,
gre,Greece,panserraikos,Panserraikos FC,16,CM,TBD,TBD,TBD,TBD,0,25,25,47,55,46,43,51,52,45,47,,,,,,
gre,Greece,panserraikos,Panserraikos FC,17,CM,TBD,TBD,TBD,TBD,0,25,25,47,55,46,43,51,52,45,47,,,,,,
gre,Greece,panserraikos,Panserraikos FC,18,CAM,TBD,TBD,TBD,TBD,0,25,25,47,55,50,49,55,57,35,39,,,,,,
gre,Greece,panserraikos,Panserraikos FC,19,LW,TBD,TBD,TBD,TBD,0,25,25,47,55,60,49,47,58,35,37,,,,,,
gre,Greece,panserraikos,Panserraikos FC,20,LW,TBD,TBD,TBD,TBD,0,25,25,47,55,60,49,47,58,35,37,,,,,,
gre,Greece,panserraikos,Panserraikos FC,21,RW,TBD,TBD,TBD,TBD,0,25,25,47,55,60,49,47,58,35,37,,,,,,
gre,Greece,panserraikos,Panserraikos FC,22,RW,TBD,TBD,TBD,TBD,0,25,25,47,55,60,49,47,58,35,37,,,,,,
gre,Greece,panserraikos,Panserraikos FC,23,ST,TBD,TBD,TBD,TBD,0,25,25,47,55,55,55,40,53,35,49,,,,,,
gre,Greece,panserraikos,Panserraikos FC,24,ST,TBD,TBD,TBD,TBD,0,25,25,47,55,55,55,40,53,35,49,,,,,,
gre,Greece,panserraikos,Panserraikos FC,25,ST,TBD,TBD,TBD,TBD,0,25,25,47,55,55,55,40,53,35,49,,,,,,
fra,France,paris-saint-germain,Paris Saint-Germain,1,CM,TBD,TBD,TBD,TBD,25,25,2,89,94,88,85,93,94,87,89,,,,,,
fra,France,paris-saint-germain,Paris Saint-Germain,2,CM,TBD,TBD,TBD,TBD,25,25,2,89,94,88,85,93,94,87,89,,,,,,
ita,Italy,parma,Parma Calcio,1,LB,TBD,TBD,TBD,TBD,25,25,3,62,70,67,44,60,64,62,63,,,,,,
ita,Italy,parma,Parma Calcio,2,CM,TBD,TBD,TBD,TBD,25,25,3,63,71,62,59,67,68,61,63,,,,,,
ita,Italy,parma,Parma Calcio,3,ST,TBD,TBD,TBD,TBD,25,25,3,63,71,71,71,56,69,35,65,,,,,,
srb,Serbia,partizan-belgrade,Partizan Belgrade,1,GK,TBD,TBD,TBD,TBD,0,25,25,48,56,,,,,,,50,48,46,51,35,49
srb,Serbia,partizan-belgrade,Partizan Belgrade,2,GK,TBD,TBD,TBD,TBD,0,25,25,48,56,,,,,,,50,48,46,51,35,49
srb,Serbia,partizan-belgrade,Partizan Belgrade,3,CB,TBD,TBD,TBD,TBD,0,25,25,48,56,40,35,38,36,52,54,,,,,,
srb,Serbia,partizan-belgrade,Partizan Belgrade,4,CB,TBD,TBD,TBD,TBD,0,25,25,48,56,40,35,38,36,52,54,,,,,,
srb,Serbia,partizan-belgrade,Partizan Belgrade,5,CB,TBD,TBD,TBD,TBD,0,25,25,48,56,40,35,38,36,52,54,,,,,,
srb,Serbia,partizan-belgrade,Partizan Belgrade,6,CB,TBD,TBD,TBD,TBD,0,25,25,48,56,40,35,38,36,52,54,,,,,,
srb,Serbia,partizan-belgrade,Partizan Belgrade,7,CB,TBD,TBD,TBD,TBD,0,25,25,48,56,40,35,38,36,52,54,,,,,,
srb,Serbia,partizan-belgrade,Partizan Belgrade,8,LB,TBD,TBD,TBD,TBD,0,25,25,49,57,54,35,47,51,49,50,,,,,,
srb,Serbia,partizan-belgrade,Partizan Belgrade,9,LB,TBD,TBD,TBD,TBD,0,25,25,49,57,54,35,47,51,49,50,,,,,,
srb,Serbia,partizan-belgrade,Partizan Belgrade,10,RB,TBD,TBD,TBD,TBD,0,25,25,49,57,54,35,47,51,49,50,,,,,,
srb,Serbia,partizan-belgrade,Partizan Belgrade,11,RB,TBD,TBD,TBD,TBD,0,25,25,49,57,54,35,47,51,49,50,,,,,,
srb,Serbia,partizan-belgrade,Partizan Belgrade,12,CDM,TBD,TBD,TBD,TBD,0,25,25,49,57,46,37,51,49,53,54,,,,,,
srb,Serbia,partizan-belgrade,Partizan Belgrade,13,CM,TBD,TBD,TBD,TBD,0,25,25,50,58,49,46,54,55,48,50,,,,,,
srb,Serbia,partizan-belgrade,Partizan Belgrade,14,CM,TBD,TBD,TBD,TBD,0,25,25,50,58,49,46,54,55,48,50,,,,,,
srb,Serbia,partizan-belgrade,Partizan Belgrade,15,CM,TBD,TBD,TBD,TBD,0,25,25,50,58,49,46,54,55,48,50,,,,,,
srb,Serbia,partizan-belgrade,Partizan Belgrade,16,CM,TBD,TBD,TBD,TBD,0,25,25,50,58,49,46,54,55,48,50,,,,,,
srb,Serbia,partizan-belgrade,Partizan Belgrade,17,CM,TBD,TBD,TBD,TBD,0,25,25,50,58,49,46,54,55,48,50,,,,,,
srb,Serbia,partizan-belgrade,Partizan Belgrade,18,CAM,TBD,TBD,TBD,TBD,0,25,25,50,58,53,52,58,60,35,42,,,,,,
srb,Serbia,partizan-belgrade,Partizan Belgrade,19,LW,TBD,TBD,TBD,TBD,0,25,25,50,58,63,52,50,61,35,40,,,,,,
srb,Serbia,partizan-belgrade,Partizan Belgrade,20,LW,TBD,TBD,TBD,TBD,0,25,25,50,58,63,52,50,61,35,40,,,,,,
srb,Serbia,partizan-belgrade,Partizan Belgrade,21,RW,TBD,TBD,TBD,TBD,0,25,25,50,58,63,52,50,61,35,40,,,,,,
srb,Serbia,partizan-belgrade,Partizan Belgrade,22,RW,TBD,TBD,TBD,TBD,0,25,25,50,58,63,52,50,61,35,40,,,,,,
srb,Serbia,partizan-belgrade,Partizan Belgrade,23,ST,TBD,TBD,TBD,TBD,0,25,25,50,58,58,58,43,56,35,52,,,,,,
srb,Serbia,partizan-belgrade,Partizan Belgrade,24,ST,TBD,TBD,TBD,TBD,0,25,25,50,58,58,58,43,56,35,52,,,,,,
srb,Serbia,partizan-belgrade,Partizan Belgrade,25,ST,TBD,TBD,TBD,TBD,0,25,25,50,58,58,58,43,56,35,52,,,,,,
rou,Romania,petrolul-ploiesti,Petrolul Ploiești,1,GK,TBD,TBD,TBD,TBD,0,25,25,45,53,,,,,,,47,45,43,48,35,46
rou,Romania,petrolul-ploiesti,Petrolul Ploiești,2,GK,TBD,TBD,TBD,TBD,0,25,25,45,53,,,,,,,47,45,43,48,35,46
rou,Romania,petrolul-ploiesti,Petrolul Ploiești,3,CB,TBD,TBD,TBD,TBD,0,25,25,45,53,37,35,35,35,49,51,,,,,,
rou,Romania,petrolul-ploiesti,Petrolul Ploiești,4,CB,TBD,TBD,TBD,TBD,0,25,25,45,53,37,35,35,35,49,51,,,,,,
rou,Romania,petrolul-ploiesti,Petrolul Ploiești,5,CB,TBD,TBD,TBD,TBD,0,25,25,45,53,37,35,35,35,49,51,,,,,,
rou,Romania,petrolul-ploiesti,Petrolul Ploiești,6,CB,TBD,TBD,TBD,TBD,0,25,25,45,53,37,35,35,35,49,51,,,,,,
rou,Romania,petrolul-ploiesti,Petrolul Ploiești,7,CB,TBD,TBD,TBD,TBD,0,25,25,45,53,37,35,35,35,49,51,,,,,,
rou,Romania,petrolul-ploiesti,Petrolul Ploiești,8,LB,TBD,TBD,TBD,TBD,0,25,25,46,54,51,35,44,48,46,47,,,,,,
rou,Romania,petrolul-ploiesti,Petrolul Ploiești,9,LB,TBD,TBD,TBD,TBD,0,25,25,46,54,51,35,44,48,46,47,,,,,,
rou,Romania,petrolul-ploiesti,Petrolul Ploiești,10,RB,TBD,TBD,TBD,TBD,0,25,25,46,54,51,35,44,48,46,47,,,,,,
rou,Romania,petrolul-ploiesti,Petrolul Ploiești,11,RB,TBD,TBD,TBD,TBD,0,25,25,46,54,51,35,44,48,46,47,,,,,,
rou,Romania,petrolul-ploiesti,Petrolul Ploiești,12,CDM,TBD,TBD,TBD,TBD,0,25,25,46,54,43,35,48,46,50,51,,,,,,
rou,Romania,petrolul-ploiesti,Petrolul Ploiești,13,CM,TBD,TBD,TBD,TBD,0,25,25,47,55,46,43,51,52,45,47,,,,,,
rou,Romania,petrolul-ploiesti,Petrolul Ploiești,14,CM,TBD,TBD,TBD,TBD,0,25,25,47,55,46,43,51,52,45,47,,,,,,
rou,Romania,petrolul-ploiesti,Petrolul Ploiești,15,CM,TBD,TBD,TBD,TBD,0,25,25,47,55,46,43,51,52,45,47,,,,,,
rou,Romania,petrolul-ploiesti,Petrolul Ploiești,16,CM,TBD,TBD,TBD,TBD,0,25,25,47,55,46,43,51,52,45,47,,,,,,
rou,Romania,petrolul-ploiesti,Petrolul Ploiești,17,CM,TBD,TBD,TBD,TBD,0,25,25,47,55,46,43,51,52,45,47,,,,,,
rou,Romania,petrolul-ploiesti,Petrolul Ploiești,18,CAM,TBD,TBD,TBD,TBD,0,25,25,47,55,50,49,55,57,35,39,,,,,,
rou,Romania,petrolul-ploiesti,Petrolul Ploiești,19,LW,TBD,TBD,TBD,TBD,0,25,25,47,55,60,49,47,58,35,37,,,,,,
rou,Romania,petrolul-ploiesti,Petrolul Ploiești,20,LW,TBD,TBD,TBD,TBD,0,25,25,47,55,60,49,47,58,35,37,,,,,,
rou,Romania,petrolul-ploiesti,Petrolul Ploiești,21,RW,TBD,TBD,TBD,TBD,0,25,25,47,55,60,49,47,58,35,37,,,,,,
rou,Romania,petrolul-ploiesti,Petrolul Ploiești,22,RW,TBD,TBD,TBD,TBD,0,25,25,47,55,60,49,47,58,35,37,,,,,,
rou,Romania,petrolul-ploiesti,Petrolul Ploiești,23,ST,TBD,TBD,TBD,TBD,0,25,25,47,55,55,55,40,53,35,49,,,,,,
rou,Romania,petrolul-ploiesti,Petrolul Ploiești,24,ST,TBD,TBD,TBD,TBD,0,25,25,47,55,55,55,40,53,35,49,,,,,,
rou,Romania,petrolul-ploiesti,Petrolul Ploiești,25,ST,TBD,TBD,TBD,TBD,0,25,25,47,55,55,55,40,53,35,49,,,,,,
pol,Poland,piast-gliwice,Piast Gliwice,1,GK,TBD,TBD,TBD,TBD,0,25,25,50,58,,,,,,,52,50,48,53,35,51
pol,Poland,piast-gliwice,Piast Gliwice,2,GK,TBD,TBD,TBD,TBD,0,25,25,50,58,,,,,,,52,50,48,53,35,51
pol,Poland,piast-gliwice,Piast Gliwice,3,CB,TBD,TBD,TBD,TBD,0,25,25,50,58,42,35,40,38,54,56,,,,,,
pol,Poland,piast-gliwice,Piast Gliwice,4,CB,TBD,TBD,TBD,TBD,0,25,25,50,58,42,35,40,38,54,56,,,,,,
pol,Poland,piast-gliwice,Piast Gliwice,5,CB,TBD,TBD,TBD,TBD,0,25,25,50,58,42,35,40,38,54,56,,,,,,
pol,Poland,piast-gliwice,Piast Gliwice,6,CB,TBD,TBD,TBD,TBD,0,25,25,50,58,42,35,40,38,54,56,,,,,,
pol,Poland,piast-gliwice,Piast Gliwice,7,CB,TBD,TBD,TBD,TBD,0,25,25,50,58,42,35,40,38,54,56,,,,,,
pol,Poland,piast-gliwice,Piast Gliwice,8,LB,TBD,TBD,TBD,TBD,0,25,25,51,59,56,35,49,53,51,52,,,,,,
pol,Poland,piast-gliwice,Piast Gliwice,9,LB,TBD,TBD,TBD,TBD,0,25,25,51,59,56,35,49,53,51,52,,,,,,
pol,Poland,piast-gliwice,Piast Gliwice,10,RB,TBD,TBD,TBD,TBD,0,25,25,51,59,56,35,49,53,51,52,,,,,,
pol,Poland,piast-gliwice,Piast Gliwice,11,RB,TBD,TBD,TBD,TBD,0,25,25,51,59,56,35,49,53,51,52,,,,,,
pol,Poland,piast-gliwice,Piast Gliwice,12,CDM,TBD,TBD,TBD,TBD,0,25,25,51,59,48,39,53,51,55,56,,,,,,
pol,Poland,piast-gliwice,Piast Gliwice,13,CM,TBD,TBD,TBD,TBD,0,25,25,52,60,51,48,56,57,50,52,,,,,,
pol,Poland,piast-gliwice,Piast Gliwice,14,CM,TBD,TBD,TBD,TBD,0,25,25,52,60,51,48,56,57,50,52,,,,,,
pol,Poland,piast-gliwice,Piast Gliwice,15,CM,TBD,TBD,TBD,TBD,0,25,25,52,60,51,48,56,57,50,52,,,,,,
pol,Poland,piast-gliwice,Piast Gliwice,16,CM,TBD,TBD,TBD,TBD,0,25,25,52,60,51,48,56,57,50,52,,,,,,
pol,Poland,piast-gliwice,Piast Gliwice,17,CM,TBD,TBD,TBD,TBD,0,25,25,52,60,51,48,56,57,50,52,,,,,,
pol,Poland,piast-gliwice,Piast Gliwice,18,CAM,TBD,TBD,TBD,TBD,0,25,25,52,60,55,54,60,62,35,44,,,,,,
pol,Poland,piast-gliwice,Piast Gliwice,19,LW,TBD,TBD,TBD,TBD,0,25,25,52,60,65,54,52,63,35,42,,,,,,
pol,Poland,piast-gliwice,Piast Gliwice,20,LW,TBD,TBD,TBD,TBD,0,25,25,52,60,65,54,52,63,35,42,,,,,,
pol,Poland,piast-gliwice,Piast Gliwice,21,RW,TBD,TBD,TBD,TBD,0,25,25,52,60,65,54,52,63,35,42,,,,,,
pol,Poland,piast-gliwice,Piast Gliwice,22,RW,TBD,TBD,TBD,TBD,0,25,25,52,60,65,54,52,63,35,42,,,,,,
pol,Poland,piast-gliwice,Piast Gliwice,23,ST,TBD,TBD,TBD,TBD,0,25,25,52,60,60,60,45,58,35,54,,,,,,
pol,Poland,piast-gliwice,Piast Gliwice,24,ST,TBD,TBD,TBD,TBD,0,25,25,52,60,60,60,45,58,35,54,,,,,,
pol,Poland,piast-gliwice,Piast Gliwice,25,ST,TBD,TBD,TBD,TBD,0,25,25,52,60,60,60,45,58,35,54,,,,,,
bgr,Bulgaria,pirin-blagoevgrad,Pirin Blagoevgrad,1,GK,TBD,TBD,TBD,TBD,0,25,25,45,53,,,,,,,47,45,43,48,35,46
bgr,Bulgaria,pirin-blagoevgrad,Pirin Blagoevgrad,2,GK,TBD,TBD,TBD,TBD,0,25,25,45,53,,,,,,,47,45,43,48,35,46
bgr,Bulgaria,pirin-blagoevgrad,Pirin Blagoevgrad,3,CB,TBD,TBD,TBD,TBD,0,25,25,45,53,37,35,35,35,49,51,,,,,,
bgr,Bulgaria,pirin-blagoevgrad,Pirin Blagoevgrad,4,CB,TBD,TBD,TBD,TBD,0,25,25,45,53,37,35,35,35,49,51,,,,,,
bgr,Bulgaria,pirin-blagoevgrad,Pirin Blagoevgrad,5,CB,TBD,TBD,TBD,TBD,0,25,25,45,53,37,35,35,35,49,51,,,,,,
bgr,Bulgaria,pirin-blagoevgrad,Pirin Blagoevgrad,6,CB,TBD,TBD,TBD,TBD,0,25,25,45,53,37,35,35,35,49,51,,,,,,
bgr,Bulgaria,pirin-blagoevgrad,Pirin Blagoevgrad,7,CB,TBD,TBD,TBD,TBD,0,25,25,45,53,37,35,35,35,49,51,,,,,,
bgr,Bulgaria,pirin-blagoevgrad,Pirin Blagoevgrad,8,LB,TBD,TBD,TBD,TBD,0,25,25,46,54,51,35,44,48,46,47,,,,,,
bgr,Bulgaria,pirin-blagoevgrad,Pirin Blagoevgrad,9,LB,TBD,TBD,TBD,TBD,0,25,25,46,54,51,35,44,48,46,47,,,,,,
bgr,Bulgaria,pirin-blagoevgrad,Pirin Blagoevgrad,10,RB,TBD,TBD,TBD,TBD,0,25,25,46,54,51,35,44,48,46,47,,,,,,
bgr,Bulgaria,pirin-blagoevgrad,Pirin Blagoevgrad,11,RB,TBD,TBD,TBD,TBD,0,25,25,46,54,51,35,44,48,46,47,,,,,,
bgr,Bulgaria,pirin-blagoevgrad,Pirin Blagoevgrad,12,CDM,TBD,TBD,TBD,TBD,0,25,25,46,54,43,35,48,46,50,51,,,,,,
bgr,Bulgaria,pirin-blagoevgrad,Pirin Blagoevgrad,13,CM,TBD,TBD,TBD,TBD,0,25,25,47,55,46,43,51,52,45,47,,,,,,
bgr,Bulgaria,pirin-blagoevgrad,Pirin Blagoevgrad,14,CM,TBD,TBD,TBD,TBD,0,25,25,47,55,46,43,51,52,45,47,,,,,,
bgr,Bulgaria,pirin-blagoevgrad,Pirin Blagoevgrad,15,CM,TBD,TBD,TBD,TBD,0,25,25,47,55,46,43,51,52,45,47,,,,,,
bgr,Bulgaria,pirin-blagoevgrad,Pirin Blagoevgrad,16,CM,TBD,TBD,TBD,TBD,0,25,25,47,55,46,43,51,52,45,47,,,,,,
bgr,Bulgaria,pirin-blagoevgrad,Pirin Blagoevgrad,17,CM,TBD,TBD,TBD,TBD,0,25,25,47,55,46,43,51,52,45,47,,,,,,
bgr,Bulgaria,pirin-blagoevgrad,Pirin Blagoevgrad,18,CAM,TBD,TBD,TBD,TBD,0,25,25,47,55,50,49,55,57,35,39,,,,,,
bgr,Bulgaria,pirin-blagoevgrad,Pirin Blagoevgrad,19,LW,TBD,TBD,TBD,TBD,0,25,25,47,55,60,49,47,58,35,37,,,,,,
bgr,Bulgaria,pirin-blagoevgrad,Pirin Blagoevgrad,20,LW,TBD,TBD,TBD,TBD,0,25,25,47,55,60,49,47,58,35,37,,,,,,
bgr,Bulgaria,pirin-blagoevgrad,Pirin Blagoevgrad,21,RW,TBD,TBD,TBD,TBD,0,25,25,47,55,60,49,47,58,35,37,,,,,,
bgr,Bulgaria,pirin-blagoevgrad,Pirin Blagoevgrad,22,RW,TBD,TBD,TBD,TBD,0,25,25,47,55,60,49,47,58,35,37,,,,,,
bgr,Bulgaria,pirin-blagoevgrad,Pirin Blagoevgrad,23,ST,TBD,TBD,TBD,TBD,0,25,25,47,55,55,55,40,53,35,49,,,,,,
bgr,Bulgaria,pirin-blagoevgrad,Pirin Blagoevgrad,24,ST,TBD,TBD,TBD,TBD,0,25,25,47,55,55,55,40,53,35,49,,,,,,
bgr,Bulgaria,pirin-blagoevgrad,Pirin Blagoevgrad,25,ST,TBD,TBD,TBD,TBD,0,25,25,47,55,55,55,40,53,35,49,,,,,,
pol,Poland,pogon-szczecin,Pogoń Szczecin,1,GK,TBD,TBD,TBD,TBD,0,25,25,53,61,,,,,,,55,53,51,56,35,54
pol,Poland,pogon-szczecin,Pogoń Szczecin,2,GK,TBD,TBD,TBD,TBD,0,25,25,53,61,,,,,,,55,53,51,56,35,54
pol,Poland,pogon-szczecin,Pogoń Szczecin,3,CB,TBD,TBD,TBD,TBD,0,25,25,53,61,45,35,43,41,57,59,,,,,,
pol,Poland,pogon-szczecin,Pogoń Szczecin,4,CB,TBD,TBD,TBD,TBD,0,25,25,53,61,45,35,43,41,57,59,,,,,,
pol,Poland,pogon-szczecin,Pogoń Szczecin,5,CB,TBD,TBD,TBD,TBD,0,25,25,53,61,45,35,43,41,57,59,,,,,,
pol,Poland,pogon-szczecin,Pogoń Szczecin,6,CB,TBD,TBD,TBD,TBD,0,25,25,53,61,45,35,43,41,57,59,,,,,,
pol,Poland,pogon-szczecin,Pogoń Szczecin,7,CB,TBD,TBD,TBD,TBD,0,25,25,53,61,45,35,43,41,57,59,,,,,,
pol,Poland,pogon-szczecin,Pogoń Szczecin,8,LB,TBD,TBD,TBD,TBD,0,25,25,54,62,59,36,52,56,54,55,,,,,,
pol,Poland,pogon-szczecin,Pogoń Szczecin,9,LB,TBD,TBD,TBD,TBD,0,25,25,54,62,59,36,52,56,54,55,,,,,,
pol,Poland,pogon-szczecin,Pogoń Szczecin,10,RB,TBD,TBD,TBD,TBD,0,25,25,54,62,59,36,52,56,54,55,,,,,,
pol,Poland,pogon-szczecin,Pogoń Szczecin,11,RB,TBD,TBD,TBD,TBD,0,25,25,54,62,59,36,52,56,54,55,,,,,,
pol,Poland,pogon-szczecin,Pogoń Szczecin,12,CDM,TBD,TBD,TBD,TBD,0,25,25,54,62,51,42,56,54,58,59,,,,,,
pol,Poland,pogon-szczecin,Pogoń Szczecin,13,CM,TBD,TBD,TBD,TBD,0,25,25,55,63,54,51,59,60,53,55,,,,,,
pol,Poland,pogon-szczecin,Pogoń Szczecin,14,CM,TBD,TBD,TBD,TBD,0,25,25,55,63,54,51,59,60,53,55,,,,,,
pol,Poland,pogon-szczecin,Pogoń Szczecin,15,CM,TBD,TBD,TBD,TBD,0,25,25,55,63,54,51,59,60,53,55,,,,,,
pol,Poland,pogon-szczecin,Pogoń Szczecin,16,CM,TBD,TBD,TBD,TBD,0,25,25,55,63,54,51,59,60,53,55,,,,,,
pol,Poland,pogon-szczecin,Pogoń Szczecin,17,CM,TBD,TBD,TBD,TBD,0,25,25,55,63,54,51,59,60,53,55,,,,,,
pol,Poland,pogon-szczecin,Pogoń Szczecin,18,CAM,TBD,TBD,TBD,TBD,0,25,25,55,63,58,57,63,65,37,47,,,,,,
pol,Poland,pogon-szczecin,Pogoń Szczecin,19,LW,TBD,TBD,TBD,TBD,0,25,25,55,63,68,57,55,66,35,45,,,,,,
pol,Poland,pogon-szczecin,Pogoń Szczecin,20,LW,TBD,TBD,TBD,TBD,0,25,25,55,63,68,57,55,66,35,45,,,,,,
pol,Poland,pogon-szczecin,Pogoń Szczecin,21,RW,TBD,TBD,TBD,TBD,0,25,25,55,63,68,57,55,66,35,45,,,,,,
pol,Poland,pogon-szczecin,Pogoń Szczecin,22,RW,TBD,TBD,TBD,TBD,0,25,25,55,63,68,57,55,66,35,45,,,,,,
pol,Poland,pogon-szczecin,Pogoń Szczecin,23,ST,TBD,TBD,TBD,TBD,0,25,25,55,63,63,63,48,61,35,57,,,,,,
pol,Poland,pogon-szczecin,Pogoń Szczecin,24,ST,TBD,TBD,TBD,TBD,0,25,25,55,63,63,63,48,61,35,57,,,,,,
pol,Poland,pogon-szczecin,Pogoń Szczecin,25,ST,TBD,TBD,TBD,TBD,0,25,25,55,63,63,63,48,61,35,57,,,,,,
ukr,Ukraine,polissya-zhytomyr,Polissya Zhytomyr,1,GK,TBD,TBD,TBD,TBD,0,25,25,45,53,,,,,,,47,45,43,48,35,46
ukr,Ukraine,polissya-zhytomyr,Polissya Zhytomyr,2,GK,TBD,TBD,TBD,TBD,0,25,25,45,53,,,,,,,47,45,43,48,35,46
ukr,Ukraine,polissya-zhytomyr,Polissya Zhytomyr,3,CB,TBD,TBD,TBD,TBD,0,25,25,45,53,37,35,35,35,49,51,,,,,,
ukr,Ukraine,polissya-zhytomyr,Polissya Zhytomyr,4,CB,TBD,TBD,TBD,TBD,0,25,25,45,53,37,35,35,35,49,51,,,,,,
ukr,Ukraine,polissya-zhytomyr,Polissya Zhytomyr,5,CB,TBD,TBD,TBD,TBD,0,25,25,45,53,37,35,35,35,49,51,,,,,,
ukr,Ukraine,polissya-zhytomyr,Polissya Zhytomyr,6,CB,TBD,TBD,TBD,TBD,0,25,25,45,53,37,35,35,35,49,51,,,,,,
ukr,Ukraine,polissya-zhytomyr,Polissya Zhytomyr,7,CB,TBD,TBD,TBD,TBD,0,25,25,45,53,37,35,35,35,49,51,,,,,,
ukr,Ukraine,polissya-zhytomyr,Polissya Zhytomyr,8,LB,TBD,TBD,TBD,TBD,0,25,25,46,54,51,35,44,48,46,47,,,,,,
ukr,Ukraine,polissya-zhytomyr,Polissya Zhytomyr,9,LB,TBD,TBD,TBD,TBD,0,25,25,46,54,51,35,44,48,46,47,,,,,,
ukr,Ukraine,polissya-zhytomyr,Polissya Zhytomyr,10,RB,TBD,TBD,TBD,TBD,0,25,25,46,54,51,35,44,48,46,47,,,,,,
ukr,Ukraine,polissya-zhytomyr,Polissya Zhytomyr,11,RB,TBD,TBD,TBD,TBD,0,25,25,46,54,51,35,44,48,46,47,,,,,,
ukr,Ukraine,polissya-zhytomyr,Polissya Zhytomyr,12,CDM,TBD,TBD,TBD,TBD,0,25,25,46,54,43,35,48,46,50,51,,,,,,
ukr,Ukraine,polissya-zhytomyr,Polissya Zhytomyr,13,CM,TBD,TBD,TBD,TBD,0,25,25,47,55,46,43,51,52,45,47,,,,,,
ukr,Ukraine,polissya-zhytomyr,Polissya Zhytomyr,14,CM,TBD,TBD,TBD,TBD,0,25,25,47,55,46,43,51,52,45,47,,,,,,
ukr,Ukraine,polissya-zhytomyr,Polissya Zhytomyr,15,CM,TBD,TBD,TBD,TBD,0,25,25,47,55,46,43,51,52,45,47,,,,,,
ukr,Ukraine,polissya-zhytomyr,Polissya Zhytomyr,16,CM,TBD,TBD,TBD,TBD,0,25,25,47,55,46,43,51,52,45,47,,,,,,
ukr,Ukraine,polissya-zhytomyr,Polissya Zhytomyr,17,CM,TBD,TBD,TBD,TBD,0,25,25,47,55,46,43,51,52,45,47,,,,,,
ukr,Ukraine,polissya-zhytomyr,Polissya Zhytomyr,18,CAM,TBD,TBD,TBD,TBD,0,25,25,47,55,50,49,55,57,35,39,,,,,,
ukr,Ukraine,polissya-zhytomyr,Polissya Zhytomyr,19,LW,TBD,TBD,TBD,TBD,0,25,25,47,55,60,49,47,58,35,37,,,,,,
ukr,Ukraine,polissya-zhytomyr,Polissya Zhytomyr,20,LW,TBD,TBD,TBD,TBD,0,25,25,47,55,60,49,47,58,35,37,,,,,,
ukr,Ukraine,polissya-zhytomyr,Polissya Zhytomyr,21,RW,TBD,TBD,TBD,TBD,0,25,25,47,55,60,49,47,58,35,37,,,,,,
ukr,Ukraine,polissya-zhytomyr,Polissya Zhytomyr,22,RW,TBD,TBD,TBD,TBD,0,25,25,47,55,60,49,47,58,35,37,,,,,,
ukr,Ukraine,polissya-zhytomyr,Polissya Zhytomyr,23,ST,TBD,TBD,TBD,TBD,0,25,25,47,55,55,55,40,53,35,49,,,,,,
ukr,Ukraine,polissya-zhytomyr,Polissya Zhytomyr,24,ST,TBD,TBD,TBD,TBD,0,25,25,47,55,55,55,40,53,35,49,,,,,,
ukr,Ukraine,polissya-zhytomyr,Polissya Zhytomyr,25,ST,TBD,TBD,TBD,TBD,0,25,25,47,55,55,55,40,53,35,49,,,,,,
rou,Romania,politehnica-iasi,Politehnica Iași,1,GK,TBD,TBD,TBD,TBD,0,25,25,45,53,,,,,,,47,45,43,48,35,46
rou,Romania,politehnica-iasi,Politehnica Iași,2,GK,TBD,TBD,TBD,TBD,0,25,25,45,53,,,,,,,47,45,43,48,35,46
rou,Romania,politehnica-iasi,Politehnica Iași,3,CB,TBD,TBD,TBD,TBD,0,25,25,45,53,37,35,35,35,49,51,,,,,,
rou,Romania,politehnica-iasi,Politehnica Iași,4,CB,TBD,TBD,TBD,TBD,0,25,25,45,53,37,35,35,35,49,51,,,,,,
rou,Romania,politehnica-iasi,Politehnica Iași,5,CB,TBD,TBD,TBD,TBD,0,25,25,45,53,37,35,35,35,49,51,,,,,,
rou,Romania,politehnica-iasi,Politehnica Iași,6,CB,TBD,TBD,TBD,TBD,0,25,25,45,53,37,35,35,35,49,51,,,,,,
rou,Romania,politehnica-iasi,Politehnica Iași,7,CB,TBD,TBD,TBD,TBD,0,25,25,45,53,37,35,35,35,49,51,,,,,,
rou,Romania,politehnica-iasi,Politehnica Iași,8,LB,TBD,TBD,TBD,TBD,0,25,25,46,54,51,35,44,48,46,47,,,,,,
rou,Romania,politehnica-iasi,Politehnica Iași,9,LB,TBD,TBD,TBD,TBD,0,25,25,46,54,51,35,44,48,46,47,,,,,,
rou,Romania,politehnica-iasi,Politehnica Iași,10,RB,TBD,TBD,TBD,TBD,0,25,25,46,54,51,35,44,48,46,47,,,,,,
rou,Romania,politehnica-iasi,Politehnica Iași,11,RB,TBD,TBD,TBD,TBD,0,25,25,46,54,51,35,44,48,46,47,,,,,,
rou,Romania,politehnica-iasi,Politehnica Iași,12,CDM,TBD,TBD,TBD,TBD,0,25,25,46,54,43,35,48,46,50,51,,,,,,
rou,Romania,politehnica-iasi,Politehnica Iași,13,CM,TBD,TBD,TBD,TBD,0,25,25,47,55,46,43,51,52,45,47,,,,,,
rou,Romania,politehnica-iasi,Politehnica Iași,14,CM,TBD,TBD,TBD,TBD,0,25,25,47,55,46,43,51,52,45,47,,,,,,
rou,Romania,politehnica-iasi,Politehnica Iași,15,CM,TBD,TBD,TBD,TBD,0,25,25,47,55,46,43,51,52,45,47,,,,,,
rou,Romania,politehnica-iasi,Politehnica Iași,16,CM,TBD,TBD,TBD,TBD,0,25,25,47,55,46,43,51,52,45,47,,,,,,
rou,Romania,politehnica-iasi,Politehnica Iași,17,CM,TBD,TBD,TBD,TBD,0,25,25,47,55,46,43,51,52,45,47,,,,,,
rou,Romania,politehnica-iasi,Politehnica Iași,18,CAM,TBD,TBD,TBD,TBD,0,25,25,47,55,50,49,55,57,35,39,,,,,,
rou,Romania,politehnica-iasi,Politehnica Iași,19,LW,TBD,TBD,TBD,TBD,0,25,25,47,55,60,49,47,58,35,37,,,,,,
rou,Romania,politehnica-iasi,Politehnica Iași,20,LW,TBD,TBD,TBD,TBD,0,25,25,47,55,60,49,47,58,35,37,,,,,,
rou,Romania,politehnica-iasi,Politehnica Iași,21,RW,TBD,TBD,TBD,TBD,0,25,25,47,55,60,49,47,58,35,37,,,,,,
rou,Romania,politehnica-iasi,Politehnica Iași,22,RW,TBD,TBD,TBD,TBD,0,25,25,47,55,60,49,47,58,35,37,,,,,,
rou,Romania,politehnica-iasi,Politehnica Iași,23,ST,TBD,TBD,TBD,TBD,0,25,25,47,55,55,55,40,53,35,49,,,,,,
rou,Romania,politehnica-iasi,Politehnica Iași,24,ST,TBD,TBD,TBD,TBD,0,25,25,47,55,55,55,40,53,35,49,,,,,,
rou,Romania,politehnica-iasi,Politehnica Iași,25,ST,TBD,TBD,TBD,TBD,0,25,25,47,55,55,55,40,53,35,49,,,,,,
eng,England,eng,Premier League,1,GK,TBD,TBD,TBD,TBD,0,25,25,84,89,,,,,,,86,84,82,87,59,85
eng,England,eng,Premier League,2,GK,TBD,TBD,TBD,TBD,0,25,25,84,89,,,,,,,86,84,82,87,59,85
eng,England,eng,Premier League,3,CB,TBD,TBD,TBD,TBD,0,25,25,84,89,76,54,74,72,88,90,,,,,,
eng,England,eng,Premier League,4,CB,TBD,TBD,TBD,TBD,0,25,25,84,89,76,54,74,72,88,90,,,,,,
eng,England,eng,Premier League,5,CB,TBD,TBD,TBD,TBD,0,25,25,84,89,76,54,74,72,88,90,,,,,,
eng,England,eng,Premier League,6,CB,TBD,TBD,TBD,TBD,0,25,25,84,89,76,54,74,72,88,90,,,,,,
eng,England,eng,Premier League,7,CB,TBD,TBD,TBD,TBD,0,25,25,84,89,76,54,74,72,88,90,,,,,,
eng,England,eng,Premier League,8,LB,TBD,TBD,TBD,TBD,0,25,25,85,90,90,67,83,87,85,86,,,,,,
eng,England,eng,Premier League,9,LB,TBD,TBD,TBD,TBD,0,25,25,85,90,90,67,83,87,85,86,,,,,,
eng,England,eng,Premier League,10,RB,TBD,TBD,TBD,TBD,0,25,25,85,90,90,67,83,87,85,86,,,,,,
eng,England,eng,Premier League,11,RB,TBD,TBD,TBD,TBD,0,25,25,85,90,90,67,83,87,85,86,,,,,,
eng,England,eng,Premier League,12,CDM,TBD,TBD,TBD,TBD,0,25,25,85,90,82,73,87,85,89,90,,,,,,
eng,England,eng,Premier League,13,CM,TBD,TBD,TBD,TBD,0,25,25,86,91,85,82,90,91,84,86,,,,,,
eng,England,eng,Premier League,14,CM,TBD,TBD,TBD,TBD,0,25,25,86,91,85,82,90,91,84,86,,,,,,
eng,England,eng,Premier League,15,CM,TBD,TBD,TBD,TBD,0,25,25,86,91,85,82,90,91,84,86,,,,,,
eng,England,eng,Premier League,16,CM,TBD,TBD,TBD,TBD,0,25,25,86,91,85,82,90,91,84,86,,,,,,
eng,England,eng,Premier League,17,CM,TBD,TBD,TBD,TBD,0,25,25,86,91,85,82,90,91,84,86,,,,,,
eng,England,eng,Premier League,18,CAM,TBD,TBD,TBD,TBD,0,25,25,86,91,89,88,94,95,68,78,,,,,,
eng,England,eng,Premier League,19,LW,TBD,TBD,TBD,TBD,0,25,25,86,91,95,88,86,95,61,76,,,,,,
eng,England,eng,Premier League,20,LW,TBD,TBD,TBD,TBD,0,25,25,86,91,95,88,86,95,61,76,,,,,,
eng,England,eng,Premier League,21,RW,TBD,TBD,TBD,TBD,0,25,25,86,91,95,88,86,95,61,76,,,,,,
eng,England,eng,Premier League,22,RW,TBD,TBD,TBD,TBD,0,25,25,86,91,95,88,86,95,61,76,,,,,,
eng,England,eng,Premier League,23,ST,TBD,TBD,TBD,TBD,0,25,25,86,91,94,94,79,92,56,88,,,,,,
eng,England,eng,Premier League,24,ST,TBD,TBD,TBD,TBD,0,25,25,86,91,94,94,79,92,56,88,,,,,,
eng,England,eng,Premier League,25,ST,TBD,TBD,TBD,TBD,0,25,25,86,91,94,94,79,92,56,88,,,,,,
por,Portugal,por,Primeira Liga,1,GK,TBD,TBD,TBD,TBD,0,25,25,79,84,,,,,,,81,79,77,82,54,80
por,Portugal,por,Primeira Liga,2,GK,TBD,TBD,TBD,TBD,0,25,25,79,84,,,,,,,81,79,77,82,54,80
por,Portugal,por,Primeira Liga,3,CB,TBD,TBD,TBD,TBD,0,25,25,79,84,71,49,69,67,83,85,,,,,,
por,Portugal,por,Primeira Liga,4,CB,TBD,TBD,TBD,TBD,0,25,25,79,84,71,49,69,67,83,85,,,,,,
por,Portugal,por,Primeira Liga,5,CB,TBD,TBD,TBD,TBD,0,25,25,79,84,71,49,69,67,83,85,,,,,,
por,Portugal,por,Primeira Liga,6,CB,TBD,TBD,TBD,TBD,0,25,25,79,84,71,49,69,67,83,85,,,,,,
por,Portugal,por,Primeira Liga,7,CB,TBD,TBD,TBD,TBD,0,25,25,79,84,71,49,69,67,83,85,,,,,,
por,Portugal,por,Primeira Liga,8,LB,TBD,TBD,TBD,TBD,0,25,25,80,85,85,62,78,82,80,81,,,,,,
por,Portugal,por,Primeira Liga,9,LB,TBD,TBD,TBD,TBD,0,25,25,80,85,85,62,78,82,80,81,,,,,,
por,Portugal,por,Primeira Liga,10,RB,TBD,TBD,TBD,TBD,0,25,25,80,85,85,62,78,82,80,81,,,,,,
por,Portugal,por,Primeira Liga,11,RB,TBD,TBD,TBD,TBD,0,25,25,80,85,85,62,78,82,80,81,,,,,,
por,Portugal,por,Primeira Liga,12,CDM,TBD,TBD,TBD,TBD,0,25,25,80,85,77,68,82,80,84,85,,,,,,
por,Portugal,por,Primeira Liga,13,CM,TBD,TBD,TBD,TBD,0,25,25,81,86,80,77,85,86,79,81,,,,,,
por,Portugal,por,Primeira Liga,14,CM,TBD,TBD,TBD,TBD,0,25,25,81,86,80,77,85,86,79,81,,,,,,
por,Portugal,por,Primeira Liga,15,CM,TBD,TBD,TBD,TBD,0,25,25,81,86,80,77,85,86,79,81,,,,,,
por,Portugal,por,Primeira Liga,16,CM,TBD,TBD,TBD,TBD,0,25,25,81,86,80,77,85,86,79,81,,,,,,
por,Portugal,por,Primeira Liga,17,CM,TBD,TBD,TBD,TBD,0,25,25,81,86,80,77,85,86,79,81,,,,,,
por,Portugal,por,Primeira Liga,18,CAM,TBD,TBD,TBD,TBD,0,25,25,81,86,84,83,89,91,63,73,,,,,,
por,Portugal,por,Primeira Liga,19,LW,TBD,TBD,TBD,TBD,0,25,25,81,86,94,83,81,92,56,71,,,,,,
por,Portugal,por,Primeira Liga,20,LW,TBD,TBD,TBD,TBD,0,25,25,81,86,94,83,81,92,56,71,,,,,,
por,Portugal,por,Primeira Liga,21,RW,TBD,TBD,TBD,TBD,0,25,25,81,86,94,83,81,92,56,71,,,,,,
por,Portugal,por,Primeira Liga,22,RW,TBD,TBD,TBD,TBD,0,25,25,81,86,94,83,81,92,56,71,,,,,,
por,Portugal,por,Primeira Liga,23,ST,TBD,TBD,TBD,TBD,0,25,25,81,86,89,89,74,87,51,83,,,,,,
por,Portugal,por,Primeira Liga,24,ST,TBD,TBD,TBD,TBD,0,25,25,81,86,89,89,74,87,51,83,,,,,,
por,Portugal,por,Primeira Liga,25,ST,TBD,TBD,TBD,TBD,0,25,25,81,86,89,89,74,87,51,83,,,,,,
bel,Belgium,bel,Pro League,1,GK,TBD,TBD,TBD,TBD,0,25,25,77,82,,,,,,,79,77,75,80,52,78
bel,Belgium,bel,Pro League,2,GK,TBD,TBD,TBD,TBD,0,25,25,77,82,,,,,,,79,77,75,80,52,78
bel,Belgium,bel,Pro League,3,CB,TBD,TBD,TBD,TBD,0,25,25,77,82,69,47,67,65,81,83,,,,,,
bel,Belgium,bel,Pro League,4,CB,TBD,TBD,TBD,TBD,0,25,25,77,82,69,47,67,65,81,83,,,,,,
bel,Belgium,bel,Pro League,5,CB,TBD,TBD,TBD,TBD,0,25,25,77,82,69,47,67,65,81,83,,,,,,
bel,Belgium,bel,Pro League,6,CB,TBD,TBD,TBD,TBD,0,25,25,77,82,69,47,67,65,81,83,,,,,,
bel,Belgium,bel,Pro League,7,CB,TBD,TBD,TBD,TBD,0,25,25,77,82,69,47,67,65,81,83,,,,,,
bel,Belgium,bel,Pro League,8,LB,TBD,TBD,TBD,TBD,0,25,25,78,83,83,60,76,80,78,79,,,,,,
bel,Belgium,bel,Pro League,9,LB,TBD,TBD,TBD,TBD,0,25,25,78,83,83,60,76,80,78,79,,,,,,
bel,Belgium,bel,Pro League,10,RB,TBD,TBD,TBD,TBD,0,25,25,78,83,83,60,76,80,78,79,,,,,,
bel,Belgium,bel,Pro League,11,RB,TBD,TBD,TBD,TBD,0,25,25,78,83,83,60,76,80,78,79,,,,,,
bel,Belgium,bel,Pro League,12,CDM,TBD,TBD,TBD,TBD,0,25,25,78,83,75,66,80,78,82,83,,,,,,
bel,Belgium,bel,Pro League,13,CM,TBD,TBD,TBD,TBD,0,25,25,79,84,78,75,83,84,77,79,,,,,,
bel,Belgium,bel,Pro League,14,CM,TBD,TBD,TBD,TBD,0,25,25,79,84,78,75,83,84,77,79,,,,,,
bel,Belgium,bel,Pro League,15,CM,TBD,TBD,TBD,TBD,0,25,25,79,84,78,75,83,84,77,79,,,,,,
bel,Belgium,bel,Pro League,16,CM,TBD,TBD,TBD,TBD,0,25,25,79,84,78,75,83,84,77,79,,,,,,
bel,Belgium,bel,Pro League,17,CM,TBD,TBD,TBD,TBD,0,25,25,79,84,78,75,83,84,77,79,,,,,,
bel,Belgium,bel,Pro League,18,CAM,TBD,TBD,TBD,TBD,0,25,25,79,84,82,81,87,89,61,71,,,,,,
bel,Belgium,bel,Pro League,19,LW,TBD,TBD,TBD,TBD,0,25,25,79,84,92,81,79,90,54,69,,,,,,
bel,Belgium,bel,Pro League,20,LW,TBD,TBD,TBD,TBD,0,25,25,79,84,92,81,79,90,54,69,,,,,,
bel,Belgium,bel,Pro League,21,RW,TBD,TBD,TBD,TBD,0,25,25,79,84,92,81,79,90,54,69,,,,,,
bel,Belgium,bel,Pro League,22,RW,TBD,TBD,TBD,TBD,0,25,25,79,84,92,81,79,90,54,69,,,,,,
bel,Belgium,bel,Pro League,23,ST,TBD,TBD,TBD,TBD,0,25,25,79,84,87,87,72,85,49,81,,,,,,
bel,Belgium,bel,Pro League,24,ST,TBD,TBD,TBD,TBD,0,25,25,79,84,87,87,72,85,49,81,,,,,,
bel,Belgium,bel,Pro League,25,ST,TBD,TBD,TBD,TBD,0,25,25,79,84,87,87,72,85,49,81,,,,,,
hun,Hungary,puskas-akademia,Puskás Akadémia FC,1,GK,TBD,TBD,TBD,TBD,0,25,25,53,61,,,,,,,55,53,51,56,35,54
hun,Hungary,puskas-akademia,Puskás Akadémia FC,2,GK,TBD,TBD,TBD,TBD,0,25,25,53,61,,,,,,,55,53,51,56,35,54
hun,Hungary,puskas-akademia,Puskás Akadémia FC,3,CB,TBD,TBD,TBD,TBD,0,25,25,53,61,45,35,43,41,57,59,,,,,,
hun,Hungary,puskas-akademia,Puskás Akadémia FC,4,CB,TBD,TBD,TBD,TBD,0,25,25,53,61,45,35,43,41,57,59,,,,,,
hun,Hungary,puskas-akademia,Puskás Akadémia FC,5,CB,TBD,TBD,TBD,TBD,0,25,25,53,61,45,35,43,41,57,59,,,,,,
hun,Hungary,puskas-akademia,Puskás Akadémia FC,6,CB,TBD,TBD,TBD,TBD,0,25,25,53,61,45,35,43,41,57,59,,,,,,
hun,Hungary,puskas-akademia,Puskás Akadémia FC,7,CB,TBD,TBD,TBD,TBD,0,25,25,53,61,45,35,43,41,57,59,,,,,,
hun,Hungary,puskas-akademia,Puskás Akadémia FC,8,LB,TBD,TBD,TBD,TBD,0,25,25,54,62,59,36,52,56,54,55,,,,,,
hun,Hungary,puskas-akademia,Puskás Akadémia FC,9,LB,TBD,TBD,TBD,TBD,0,25,25,54,62,59,36,52,56,54,55,,,,,,
hun,Hungary,puskas-akademia,Puskás Akadémia FC,10,RB,TBD,TBD,TBD,TBD,0,25,25,54,62,59,36,52,56,54,55,,,,,,
hun,Hungary,puskas-akademia,Puskás Akadémia FC,11,RB,TBD,TBD,TBD,TBD,0,25,25,54,62,59,36,52,56,54,55,,,,,,
hun,Hungary,puskas-akademia,Puskás Akadémia FC,12,CDM,TBD,TBD,TBD,TBD,0,25,25,54,62,51,42,56,54,58,59,,,,,,
hun,Hungary,puskas-akademia,Puskás Akadémia FC,13,CM,TBD,TBD,TBD,TBD,0,25,25,55,63,54,51,59,60,53,55,,,,,,
hun,Hungary,puskas-akademia,Puskás Akadémia FC,14,CM,TBD,TBD,TBD,TBD,0,25,25,55,63,54,51,59,60,53,55,,,,,,
hun,Hungary,puskas-akademia,Puskás Akadémia FC,15,CM,TBD,TBD,TBD,TBD,0,25,25,55,63,54,51,59,60,53,55,,,,,,
hun,Hungary,puskas-akademia,Puskás Akadémia FC,16,CM,TBD,TBD,TBD,TBD,0,25,25,55,63,54,51,59,60,53,55,,,,,,
hun,Hungary,puskas-akademia,Puskás Akadémia FC,17,CM,TBD,TBD,TBD,TBD,0,25,25,55,63,54,51,59,60,53,55,,,,,,
hun,Hungary,puskas-akademia,Puskás Akadémia FC,18,CAM,TBD,TBD,TBD,TBD,0,25,25,55,63,58,57,63,65,37,47,,,,,,
hun,Hungary,puskas-akademia,Puskás Akadémia FC,19,LW,TBD,TBD,TBD,TBD,0,25,25,55,63,68,57,55,66,35,45,,,,,,
hun,Hungary,puskas-akademia,Puskás Akadémia FC,20,LW,TBD,TBD,TBD,TBD,0,25,25,55,63,68,57,55,66,35,45,,,,,,
hun,Hungary,puskas-akademia,Puskás Akadémia FC,21,RW,TBD,TBD,TBD,TBD,0,25,25,55,63,68,57,55,66,35,45,,,,,,
hun,Hungary,puskas-akademia,Puskás Akadémia FC,22,RW,TBD,TBD,TBD,TBD,0,25,25,55,63,68,57,55,66,35,45,,,,,,
hun,Hungary,puskas-akademia,Puskás Akadémia FC,23,ST,TBD,TBD,TBD,TBD,0,25,25,55,63,63,63,48,61,35,57,,,,,,
hun,Hungary,puskas-akademia,Puskás Akadémia FC,24,ST,TBD,TBD,TBD,TBD,0,25,25,55,63,63,63,48,61,35,57,,,,,,
hun,Hungary,puskas-akademia,Puskás Akadémia FC,25,ST,TBD,TBD,TBD,TBD,0,25,25,55,63,63,63,48,61,35,57,,,,,,
pol,Poland,puszcza-niepolomice,Puszcza Niepołomice,1,GK,TBD,TBD,TBD,TBD,0,25,25,45,53,,,,,,,47,45,43,48,35,46
pol,Poland,puszcza-niepolomice,Puszcza Niepołomice,2,GK,TBD,TBD,TBD,TBD,0,25,25,45,53,,,,,,,47,45,43,48,35,46
pol,Poland,puszcza-niepolomice,Puszcza Niepołomice,3,CB,TBD,TBD,TBD,TBD,0,25,25,45,53,37,35,35,35,49,51,,,,,,
pol,Poland,puszcza-niepolomice,Puszcza Niepołomice,4,CB,TBD,TBD,TBD,TBD,0,25,25,45,53,37,35,35,35,49,51,,,,,,
pol,Poland,puszcza-niepolomice,Puszcza Niepołomice,5,CB,TBD,TBD,TBD,TBD,0,25,25,45,53,37,35,35,35,49,51,,,,,,
pol,Poland,puszcza-niepolomice,Puszcza Niepołomice,6,CB,TBD,TBD,TBD,TBD,0,25,25,45,53,37,35,35,35,49,51,,,,,,
pol,Poland,puszcza-niepolomice,Puszcza Niepołomice,7,CB,TBD,TBD,TBD,TBD,0,25,25,45,53,37,35,35,35,49,51,,,,,,
pol,Poland,puszcza-niepolomice,Puszcza Niepołomice,8,LB,TBD,TBD,TBD,TBD,0,25,25,46,54,51,35,44,48,46,47,,,,,,
pol,Poland,puszcza-niepolomice,Puszcza Niepołomice,9,LB,TBD,TBD,TBD,TBD,0,25,25,46,54,51,35,44,48,46,47,,,,,,
pol,Poland,puszcza-niepolomice,Puszcza Niepołomice,10,RB,TBD,TBD,TBD,TBD,0,25,25,46,54,51,35,44,48,46,47,,,,,,
pol,Poland,puszcza-niepolomice,Puszcza Niepołomice,11,RB,TBD,TBD,TBD,TBD,0,25,25,46,54,51,35,44,48,46,47,,,,,,
pol,Poland,puszcza-niepolomice,Puszcza Niepołomice,12,CDM,TBD,TBD,TBD,TBD,0,25,25,46,54,43,35,48,46,50,51,,,,,,
pol,Poland,puszcza-niepolomice,Puszcza Niepołomice,13,CM,TBD,TBD,TBD,TBD,0,25,25,47,55,46,43,51,52,45,47,,,,,,
pol,Poland,puszcza-niepolomice,Puszcza Niepołomice,14,CM,TBD,TBD,TBD,TBD,0,25,25,47,55,46,43,51,52,45,47,,,,,,
pol,Poland,puszcza-niepolomice,Puszcza Niepołomice,15,CM,TBD,TBD,TBD,TBD,0,25,25,47,55,46,43,51,52,45,47,,,,,,
pol,Poland,puszcza-niepolomice,Puszcza Niepołomice,16,CM,TBD,TBD,TBD,TBD,0,25,25,47,55,46,43,51,52,45,47,,,,,,
pol,Poland,puszcza-niepolomice,Puszcza Niepołomice,17,CM,TBD,TBD,TBD,TBD,0,25,25,47,55,46,43,51,52,45,47,,,,,,
pol,Poland,puszcza-niepolomice,Puszcza Niepołomice,18,CAM,TBD,TBD,TBD,TBD,0,25,25,47,55,50,49,55,57,35,39,,,,,,
pol,Poland,puszcza-niepolomice,Puszcza Niepołomice,19,LW,TBD,TBD,TBD,TBD,0,25,25,47,55,60,49,47,58,35,37,,,,,,
pol,Poland,puszcza-niepolomice,Puszcza Niepołomice,20,LW,TBD,TBD,TBD,TBD,0,25,25,47,55,60,49,47,58,35,37,,,,,,
pol,Poland,puszcza-niepolomice,Puszcza Niepołomice,21,RW,TBD,TBD,TBD,TBD,0,25,25,47,55,60,49,47,58,35,37,,,,,,
pol,Poland,puszcza-niepolomice,Puszcza Niepołomice,22,RW,TBD,TBD,TBD,TBD,0,25,25,47,55,60,49,47,58,35,37,,,,,,
pol,Poland,puszcza-niepolomice,Puszcza Niepołomice,23,ST,TBD,TBD,TBD,TBD,0,25,25,47,55,55,55,40,53,35,49,,,,,,
pol,Poland,puszcza-niepolomice,Puszcza Niepołomice,24,ST,TBD,TBD,TBD,TBD,0,25,25,47,55,55,55,40,53,35,49,,,,,,
pol,Poland,puszcza-niepolomice,Puszcza Niepołomice,25,ST,TBD,TBD,TBD,TBD,0,25,25,47,55,55,55,40,53,35,49,,,,,,
ger,Germany,rb-leipzig,RB Leipzig,1,LB,TBD,TBD,TBD,TBD,25,25,5,78,83,83,60,76,80,78,79,,,,,,
ger,Germany,rb-leipzig,RB Leipzig,2,CM,TBD,TBD,TBD,TBD,25,25,5,79,84,78,75,83,84,77,79,,,,,,
ger,Germany,rb-leipzig,RB Leipzig,3,CM,TBD,TBD,TBD,TBD,25,25,5,79,84,78,75,83,84,77,79,,,,,,
ger,Germany,rb-leipzig,RB Leipzig,4,LW,TBD,TBD,TBD,TBD,25,25,5,79,84,92,81,79,90,54,69,,,,,,
ger,Germany,rb-leipzig,RB Leipzig,5,RW,TBD,TBD,TBD,TBD,25,25,5,79,84,92,81,79,90,54,69,,,,,,
fra,France,lens,RC Lens,1,CB,TBD,TBD,TBD,TBD,25,25,5,69,77,61,39,59,57,73,75,,,,,,
fra,France,lens,RC Lens,2,CB,TBD,TBD,TBD,TBD,25,25,5,69,77,61,39,59,57,73,75,,,,,,
fra,France,lens,RC Lens,3,CM,TBD,TBD,TBD,TBD,25,25,5,71,79,70,67,75,76,69,71,,,,,,
fra,France,lens,RC Lens,4,CM,TBD,TBD,TBD,TBD,25,25,5,71,79,70,67,75,76,69,71,,,,,,
fra,France,lens,RC Lens,5,RW,TBD,TBD,TBD,TBD,25,25,5,71,79,84,73,71,82,46,61,,,,,,
fra,France,strasbourg,RC Strasbourg Alsace,1,CAM,TBD,TBD,TBD,TBD,25,25,1,65,73,68,67,73,75,47,57,,,,,,
ned,Netherlands,rkc-waalwijk,RKC Waalwijk,1,CB,TBD,TBD,TBD,TBD,25,25,3,57,65,49,35,47,45,61,63,,,,,,
ned,Netherlands,rkc-waalwijk,RKC Waalwijk,2,CM,TBD,TBD,TBD,TBD,25,25,3,59,67,58,55,63,64,57,59,,,,,,
ned,Netherlands,rkc-waalwijk,RKC Waalwijk,3,CM,TBD,TBD,TBD,TBD,25,25,3,59,67,58,55,63,64,57,59,,,,,,
bel,Belgium,anderlecht,RSC Anderlecht,1,GK,TBD,TBD,TBD,TBD,0,25,25,75,80,,,,,,,77,75,73,78,50,76
bel,Belgium,anderlecht,RSC Anderlecht,2,GK,TBD,TBD,TBD,TBD,0,25,25,75,80,,,,,,,77,75,73,78,50,76
bel,Belgium,anderlecht,RSC Anderlecht,3,CB,TBD,TBD,TBD,TBD,0,25,25,75,80,67,45,65,63,79,81,,,,,,
bel,Belgium,anderlecht,RSC Anderlecht,4,CB,TBD,TBD,TBD,TBD,0,25,25,75,80,67,45,65,63,79,81,,,,,,
bel,Belgium,anderlecht,RSC Anderlecht,5,CB,TBD,TBD,TBD,TBD,0,25,25,75,80,67,45,65,63,79,81,,,,,,
bel,Belgium,anderlecht,RSC Anderlecht,6,CB,TBD,TBD,TBD,TBD,0,25,25,75,80,67,45,65,63,79,81,,,,,,
bel,Belgium,anderlecht,RSC Anderlecht,7,CB,TBD,TBD,TBD,TBD,0,25,25,75,80,67,45,65,63,79,81,,,,,,
bel,Belgium,anderlecht,RSC Anderlecht,8,LB,TBD,TBD,TBD,TBD,0,25,25,76,81,81,58,74,78,76,77,,,,,,
bel,Belgium,anderlecht,RSC Anderlecht,9,LB,TBD,TBD,TBD,TBD,0,25,25,76,81,81,58,74,78,76,77,,,,,,
bel,Belgium,anderlecht,RSC Anderlecht,10,RB,TBD,TBD,TBD,TBD,0,25,25,76,81,81,58,74,78,76,77,,,,,,
bel,Belgium,anderlecht,RSC Anderlecht,11,RB,TBD,TBD,TBD,TBD,0,25,25,76,81,81,58,74,78,76,77,,,,,,
bel,Belgium,anderlecht,RSC Anderlecht,12,CDM,TBD,TBD,TBD,TBD,0,25,25,76,81,73,64,78,76,80,81,,,,,,
bel,Belgium,anderlecht,RSC Anderlecht,13,CM,TBD,TBD,TBD,TBD,0,25,25,77,82,76,73,81,82,75,77,,,,,,
bel,Belgium,anderlecht,RSC Anderlecht,14,CM,TBD,TBD,TBD,TBD,0,25,25,77,82,76,73,81,82,75,77,,,,,,
bel,Belgium,anderlecht,RSC Anderlecht,15,CM,TBD,TBD,TBD,TBD,0,25,25,77,82,76,73,81,82,75,77,,,,,,
bel,Belgium,anderlecht,RSC Anderlecht,16,CM,TBD,TBD,TBD,TBD,0,25,25,77,82,76,73,81,82,75,77,,,,,,
bel,Belgium,anderlecht,RSC Anderlecht,17,CM,TBD,TBD,TBD,TBD,0,25,25,77,82,76,73,81,82,75,77,,,,,,
bel,Belgium,anderlecht,RSC Anderlecht,18,CAM,TBD,TBD,TBD,TBD,0,25,25,77,82,80,79,85,87,59,69,,,,,,
bel,Belgium,anderlecht,RSC Anderlecht,19,LW,TBD,TBD,TBD,TBD,0,25,25,77,82,90,79,77,88,52,67,,,,,,
bel,Belgium,anderlecht,RSC Anderlecht,20,LW,TBD,TBD,TBD,TBD,0,25,25,77,82,90,79,77,88,52,67,,,,,,
bel,Belgium,anderlecht,RSC Anderlecht,21,RW,TBD,TBD,TBD,TBD,0,25,25,77,82,90,79,77,88,52,67,,,,,,
bel,Belgium,anderlecht,RSC Anderlecht,22,RW,TBD,TBD,TBD,TBD,0,25,25,77,82,90,79,77,88,52,67,,,,,,
bel,Belgium,anderlecht,RSC Anderlecht,23,ST,TBD,TBD,TBD,TBD,0,25,25,77,82,85,85,70,83,47,79,,,,,,
bel,Belgium,anderlecht,RSC Anderlecht,24,ST,TBD,TBD,TBD,TBD,0,25,25,77,82,85,85,70,83,47,79,,,,,,
bel,Belgium,anderlecht,RSC Anderlecht,25,ST,TBD,TBD,TBD,TBD,0,25,25,77,82,85,85,70,83,47,79,,,,,,
srb,Serbia,radnicki-nis,Radnički Niš,1,GK,TBD,TBD,TBD,TBD,0,25,25,45,53,,,,,,,47,45,43,48,35,46
srb,Serbia,radnicki-nis,Radnički Niš,2,GK,TBD,TBD,TBD,TBD,0,25,25,45,53,,,,,,,47,45,43,48,35,46
srb,Serbia,radnicki-nis,Radnički Niš,3,CB,TBD,TBD,TBD,TBD,0,25,25,45,53,37,35,35,35,49,51,,,,,,
srb,Serbia,radnicki-nis,Radnički Niš,4,CB,TBD,TBD,TBD,TBD,0,25,25,45,53,37,35,35,35,49,51,,,,,,
srb,Serbia,radnicki-nis,Radnički Niš,5,CB,TBD,TBD,TBD,TBD,0,25,25,45,53,37,35,35,35,49,51,,,,,,
srb,Serbia,radnicki-nis,Radnički Niš,6,CB,TBD,TBD,TBD,TBD,0,25,25,45,53,37,35,35,35,49,51,,,,,,
srb,Serbia,radnicki-nis,Radnički Niš,7,CB,TBD,TBD,TBD,TBD,0,25,25,45,53,37,35,35,35,49,51,,,,,,
srb,Serbia,radnicki-nis,Radnički Niš,8,LB,TBD,TBD,TBD,TBD,0,25,25,46,54,51,35,44,48,46,47,,,,,,
srb,Serbia,radnicki-nis,Radnički Niš,9,LB,TBD,TBD,TBD,TBD,0,25,25,46,54,51,35,44,48,46,47,,,,,,
srb,Serbia,radnicki-nis,Radnički Niš,10,RB,TBD,TBD,TBD,TBD,0,25,25,46,54,51,35,44,48,46,47,,,,,,
srb,Serbia,radnicki-nis,Radnički Niš,11,RB,TBD,TBD,TBD,TBD,0,25,25,46,54,51,35,44,48,46,47,,,,,,
srb,Serbia,radnicki-nis,Radnički Niš,12,CDM,TBD,TBD,TBD,TBD,0,25,25,46,54,43,35,48,46,50,51,,,,,,
srb,Serbia,radnicki-nis,Radnički Niš,13,CM,TBD,TBD,TBD,TBD,0,25,25,47,55,46,43,51,52,45,47,,,,,,
srb,Serbia,radnicki-nis,Radnički Niš,14,CM,TBD,TBD,TBD,TBD,0,25,25,47,55,46,43,51,52,45,47,,,,,,
srb,Serbia,radnicki-nis,Radnički Niš,15,CM,TBD,TBD,TBD,TBD,0,25,25,47,55,46,43,51,52,45,47,,,,,,
srb,Serbia,radnicki-nis,Radnički Niš,16,CM,TBD,TBD,TBD,TBD,0,25,25,47,55,46,43,51,52,45,47,,,,,,
srb,Serbia,radnicki-nis,Radnički Niš,17,CM,TBD,TBD,TBD,TBD,0,25,25,47,55,46,43,51,52,45,47,,,,,,
srb,Serbia,radnicki-nis,Radnički Niš,18,CAM,TBD,TBD,TBD,TBD,0,25,25,47,55,50,49,55,57,35,39,,,,,,
srb,Serbia,radnicki-nis,Radnički Niš,19,LW,TBD,TBD,TBD,TBD,0,25,25,47,55,60,49,47,58,35,37,,,,,,
srb,Serbia,radnicki-nis,Radnički Niš,20,LW,TBD,TBD,TBD,TBD,0,25,25,47,55,60,49,47,58,35,37,,,,,,
srb,Serbia,radnicki-nis,Radnički Niš,21,RW,TBD,TBD,TBD,TBD,0,25,25,47,55,60,49,47,58,35,37,,,,,,
srb,Serbia,radnicki-nis,Radnički Niš,22,RW,TBD,TBD,TBD,TBD,0,25,25,47,55,60,49,47,58,35,37,,,,,,
srb,Serbia,radnicki-nis,Radnički Niš,23,ST,TBD,TBD,TBD,TBD,0,25,25,47,55,55,55,40,53,35,49,,,,,,
srb,Serbia,radnicki-nis,Radnički Niš,24,ST,TBD,TBD,TBD,TBD,0,25,25,47,55,55,55,40,53,35,49,,,,,,
srb,Serbia,radnicki-nis,Radnički Niš,25,ST,TBD,TBD,TBD,TBD,0,25,25,47,55,55,55,40,53,35,49,,,,,,
pol,Poland,radomiak-radom,Radomiak Radom,1,GK,TBD,TBD,TBD,TBD,0,25,25,46,54,,,,,,,48,46,44,49,35,47
pol,Poland,radomiak-radom,Radomiak Radom,2,GK,TBD,TBD,TBD,TBD,0,25,25,46,54,,,,,,,48,46,44,49,35,47
pol,Poland,radomiak-radom,Radomiak Radom,3,CB,TBD,TBD,TBD,TBD,0,25,25,46,54,38,35,36,35,50,52,,,,,,
pol,Poland,radomiak-radom,Radomiak Radom,4,CB,TBD,TBD,TBD,TBD,0,25,25,46,54,38,35,36,35,50,52,,,,,,
pol,Poland,radomiak-radom,Radomiak Radom,5,CB,TBD,TBD,TBD,TBD,0,25,25,46,54,38,35,36,35,50,52,,,,,,
pol,Poland,radomiak-radom,Radomiak Radom,6,CB,TBD,TBD,TBD,TBD,0,25,25,46,54,38,35,36,35,50,52,,,,,,
pol,Poland,radomiak-radom,Radomiak Radom,7,CB,TBD,TBD,TBD,TBD,0,25,25,46,54,38,35,36,35,50,52,,,,,,
pol,Poland,radomiak-radom,Radomiak Radom,8,LB,TBD,TBD,TBD,TBD,0,25,25,47,55,52,35,45,49,47,48,,,,,,
pol,Poland,radomiak-radom,Radomiak Radom,9,LB,TBD,TBD,TBD,TBD,0,25,25,47,55,52,35,45,49,47,48,,,,,,
pol,Poland,radomiak-radom,Radomiak Radom,10,RB,TBD,TBD,TBD,TBD,0,25,25,47,55,52,35,45,49,47,48,,,,,,
pol,Poland,radomiak-radom,Radomiak Radom,11,RB,TBD,TBD,TBD,TBD,0,25,25,47,55,52,35,45,49,47,48,,,,,,
pol,Poland,radomiak-radom,Radomiak Radom,12,CDM,TBD,TBD,TBD,TBD,0,25,25,47,55,44,35,49,47,51,52,,,,,,
pol,Poland,radomiak-radom,Radomiak Radom,13,CM,TBD,TBD,TBD,TBD,0,25,25,48,56,47,44,52,53,46,48,,,,,,
pol,Poland,radomiak-radom,Radomiak Radom,14,CM,TBD,TBD,TBD,TBD,0,25,25,48,56,47,44,52,53,46,48,,,,,,
pol,Poland,radomiak-radom,Radomiak Radom,15,CM,TBD,TBD,TBD,TBD,0,25,25,48,56,47,44,52,53,46,48,,,,,,
pol,Poland,radomiak-radom,Radomiak Radom,16,CM,TBD,TBD,TBD,TBD,0,25,25,48,56,47,44,52,53,46,48,,,,,,
pol,Poland,radomiak-radom,Radomiak Radom,17,CM,TBD,TBD,TBD,TBD,0,25,25,48,56,47,44,52,53,46,48,,,,,,
pol,Poland,radomiak-radom,Radomiak Radom,18,CAM,TBD,TBD,TBD,TBD,0,25,25,48,56,51,50,56,58,35,40,,,,,,
pol,Poland,radomiak-radom,Radomiak Radom,19,LW,TBD,TBD,TBD,TBD,0,25,25,48,56,61,50,48,59,35,38,,,,,,
pol,Poland,radomiak-radom,Radomiak Radom,20,LW,TBD,TBD,TBD,TBD,0,25,25,48,56,61,50,48,59,35,38,,,,,,
pol,Poland,radomiak-radom,Radomiak Radom,21,RW,TBD,TBD,TBD,TBD,0,25,25,48,56,61,50,48,59,35,38,,,,,,
pol,Poland,radomiak-radom,Radomiak Radom,22,RW,TBD,TBD,TBD,TBD,0,25,25,48,56,61,50,48,59,35,38,,,,,,
pol,Poland,radomiak-radom,Radomiak Radom,23,ST,TBD,TBD,TBD,TBD,0,25,25,48,56,56,56,41,54,35,50,,,,,,
pol,Poland,radomiak-radom,Radomiak Radom,24,ST,TBD,TBD,TBD,TBD,0,25,25,48,56,56,56,41,54,35,50,,,,,,
pol,Poland,radomiak-radom,Radomiak Radom,25,ST,TBD,TBD,TBD,TBD,0,25,25,48,56,56,56,41,54,35,50,,,,,,
pol,Poland,rakow-czestochowa,Raków Częstochowa,1,GK,TBD,TBD,TBD,TBD,0,25,25,55,63,,,,,,,57,55,53,58,35,56
pol,Poland,rakow-czestochowa,Raków Częstochowa,2,GK,TBD,TBD,TBD,TBD,0,25,25,55,63,,,,,,,57,55,53,58,35,56
pol,Poland,rakow-czestochowa,Raków Częstochowa,3,CB,TBD,TBD,TBD,TBD,0,25,25,55,63,47,35,45,43,59,61,,,,,,
pol,Poland,rakow-czestochowa,Raków Częstochowa,4,CB,TBD,TBD,TBD,TBD,0,25,25,55,63,47,35,45,43,59,61,,,,,,
pol,Poland,rakow-czestochowa,Raków Częstochowa,5,CB,TBD,TBD,TBD,TBD,0,25,25,55,63,47,35,45,43,59,61,,,,,,
pol,Poland,rakow-czestochowa,Raków Częstochowa,6,CB,TBD,TBD,TBD,TBD,0,25,25,55,63,47,35,45,43,59,61,,,,,,
pol,Poland,rakow-czestochowa,Raków Częstochowa,7,CB,TBD,TBD,TBD,TBD,0,25,25,55,63,47,35,45,43,59,61,,,,,,
pol,Poland,rakow-czestochowa,Raków Częstochowa,8,LB,TBD,TBD,TBD,TBD,0,25,25,56,64,61,38,54,58,56,57,,,,,,
pol,Poland,rakow-czestochowa,Raków Częstochowa,9,LB,TBD,TBD,TBD,TBD,0,25,25,56,64,61,38,54,58,56,57,,,,,,
pol,Poland,rakow-czestochowa,Raków Częstochowa,10,RB,TBD,TBD,TBD,TBD,0,25,25,56,64,61,38,54,58,56,57,,,,,,
pol,Poland,rakow-czestochowa,Raków Częstochowa,11,RB,TBD,TBD,TBD,TBD,0,25,25,56,64,61,38,54,58,56,57,,,,,,
pol,Poland,rakow-czestochowa,Raków Częstochowa,12,CDM,TBD,TBD,TBD,TBD,0,25,25,56,64,53,44,58,56,60,61,,,,,,
pol,Poland,rakow-czestochowa,Raków Częstochowa,13,CM,TBD,TBD,TBD,TBD,0,25,25,57,65,56,53,61,62,55,57,,,,,,
pol,Poland,rakow-czestochowa,Raków Częstochowa,14,CM,TBD,TBD,TBD,TBD,0,25,25,57,65,56,53,61,62,55,57,,,,,,
pol,Poland,rakow-czestochowa,Raków Częstochowa,15,CM,TBD,TBD,TBD,TBD,0,25,25,57,65,56,53,61,62,55,57,,,,,,
pol,Poland,rakow-czestochowa,Raków Częstochowa,16,CM,TBD,TBD,TBD,TBD,0,25,25,57,65,56,53,61,62,55,57,,,,,,
pol,Poland,rakow-czestochowa,Raków Częstochowa,17,CM,TBD,TBD,TBD,TBD,0,25,25,57,65,56,53,61,62,55,57,,,,,,
pol,Poland,rakow-czestochowa,Raków Częstochowa,18,CAM,TBD,TBD,TBD,TBD,0,25,25,57,65,60,59,65,67,39,49,,,,,,
pol,Poland,rakow-czestochowa,Raków Częstochowa,19,LW,TBD,TBD,TBD,TBD,0,25,25,57,65,70,59,57,68,35,47,,,,,,
pol,Poland,rakow-czestochowa,Raków Częstochowa,20,LW,TBD,TBD,TBD,TBD,0,25,25,57,65,70,59,57,68,35,47,,,,,,
pol,Poland,rakow-czestochowa,Raków Częstochowa,21,RW,TBD,TBD,TBD,TBD,0,25,25,57,65,70,59,57,68,35,47,,,,,,
pol,Poland,rakow-czestochowa,Raków Częstochowa,22,RW,TBD,TBD,TBD,TBD,0,25,25,57,65,70,59,57,68,35,47,,,,,,
pol,Poland,rakow-czestochowa,Raków Częstochowa,23,ST,TBD,TBD,TBD,TBD,0,25,25,57,65,65,65,50,63,35,59,,,,,,
pol,Poland,rakow-czestochowa,Raków Częstochowa,24,ST,TBD,TBD,TBD,TBD,0,25,25,57,65,65,65,50,63,35,59,,,,,,
pol,Poland,rakow-czestochowa,Raków Częstochowa,25,ST,TBD,TBD,TBD,TBD,0,25,25,57,65,65,65,50,63,35,59,,,,,,
den,Denmark,randers-fc,Randers FC,1,GK,TBD,TBD,TBD,TBD,0,25,25,49,57,,,,,,,51,49,47,52,35,50
den,Denmark,randers-fc,Randers FC,2,GK,TBD,TBD,TBD,TBD,0,25,25,49,57,,,,,,,51,49,47,52,35,50
den,Denmark,randers-fc,Randers FC,3,CB,TBD,TBD,TBD,TBD,0,25,25,49,57,41,35,39,37,53,55,,,,,,
den,Denmark,randers-fc,Randers FC,4,CB,TBD,TBD,TBD,TBD,0,25,25,49,57,41,35,39,37,53,55,,,,,,
den,Denmark,randers-fc,Randers FC,5,CB,TBD,TBD,TBD,TBD,0,25,25,49,57,41,35,39,37,53,55,,,,,,
den,Denmark,randers-fc,Randers FC,6,CB,TBD,TBD,TBD,TBD,0,25,25,49,57,41,35,39,37,53,55,,,,,,
den,Denmark,randers-fc,Randers FC,7,CB,TBD,TBD,TBD,TBD,0,25,25,49,57,41,35,39,37,53,55,,,,,,
den,Denmark,randers-fc,Randers FC,8,LB,TBD,TBD,TBD,TBD,0,25,25,50,58,55,35,48,52,50,51,,,,,,
den,Denmark,randers-fc,Randers FC,9,LB,TBD,TBD,TBD,TBD,0,25,25,50,58,55,35,48,52,50,51,,,,,,
den,Denmark,randers-fc,Randers FC,10,RB,TBD,TBD,TBD,TBD,0,25,25,50,58,55,35,48,52,50,51,,,,,,
den,Denmark,randers-fc,Randers FC,11,RB,TBD,TBD,TBD,TBD,0,25,25,50,58,55,35,48,52,50,51,,,,,,
den,Denmark,randers-fc,Randers FC,12,CDM,TBD,TBD,TBD,TBD,0,25,25,50,58,47,38,52,50,54,55,,,,,,
den,Denmark,randers-fc,Randers FC,13,CM,TBD,TBD,TBD,TBD,0,25,25,51,59,50,47,55,56,49,51,,,,,,
den,Denmark,randers-fc,Randers FC,14,CM,TBD,TBD,TBD,TBD,0,25,25,51,59,50,47,55,56,49,51,,,,,,
den,Denmark,randers-fc,Randers FC,15,CM,TBD,TBD,TBD,TBD,0,25,25,51,59,50,47,55,56,49,51,,,,,,
den,Denmark,randers-fc,Randers FC,16,CM,TBD,TBD,TBD,TBD,0,25,25,51,59,50,47,55,56,49,51,,,,,,
den,Denmark,randers-fc,Randers FC,17,CM,TBD,TBD,TBD,TBD,0,25,25,51,59,50,47,55,56,49,51,,,,,,
den,Denmark,randers-fc,Randers FC,18,CAM,TBD,TBD,TBD,TBD,0,25,25,51,59,54,53,59,61,35,43,,,,,,
den,Denmark,randers-fc,Randers FC,19,LW,TBD,TBD,TBD,TBD,0,25,25,51,59,64,53,51,62,35,41,,,,,,
den,Denmark,randers-fc,Randers FC,20,LW,TBD,TBD,TBD,TBD,0,25,25,51,59,64,53,51,62,35,41,,,,,,
den,Denmark,randers-fc,Randers FC,21,RW,TBD,TBD,TBD,TBD,0,25,25,51,59,64,53,51,62,35,41,,,,,,
den,Denmark,randers-fc,Randers FC,22,RW,TBD,TBD,TBD,TBD,0,25,25,51,59,64,53,51,62,35,41,,,,,,
den,Denmark,randers-fc,Randers FC,23,ST,TBD,TBD,TBD,TBD,0,25,25,51,59,59,59,44,57,35,53,,,,,,
den,Denmark,randers-fc,Randers FC,24,ST,TBD,TBD,TBD,TBD,0,25,25,51,59,59,59,44,57,35,53,,,,,,
den,Denmark,randers-fc,Randers FC,25,ST,TBD,TBD,TBD,TBD,0,25,25,51,59,59,59,44,57,35,53,,,,,,
sco,Scotland,rangers,Rangers FC,1,GK,TBD,TBD,TBD,TBD,0,25,25,60,68,,,,,,,62,60,58,63,35,61
sco,Scotland,rangers,Rangers FC,2,GK,TBD,TBD,TBD,TBD,0,25,25,60,68,,,,,,,62,60,58,63,35,61
sco,Scotland,rangers,Rangers FC,3,CB,TBD,TBD,TBD,TBD,0,25,25,60,68,52,35,50,48,64,66,,,,,,
sco,Scotland,rangers,Rangers FC,4,CB,TBD,TBD,TBD,TBD,0,25,25,60,68,52,35,50,48,64,66,,,,,,
sco,Scotland,rangers,Rangers FC,5,CB,TBD,TBD,TBD,TBD,0,25,25,60,68,52,35,50,48,64,66,,,,,,
sco,Scotland,rangers,Rangers FC,6,CB,TBD,TBD,TBD,TBD,0,25,25,60,68,52,35,50,48,64,66,,,,,,
sco,Scotland,rangers,Rangers FC,7,CB,TBD,TBD,TBD,TBD,0,25,25,60,68,52,35,50,48,64,66,,,,,,
sco,Scotland,rangers,Rangers FC,8,LB,TBD,TBD,TBD,TBD,0,25,25,61,69,66,43,59,63,61,62,,,,,,
sco,Scotland,rangers,Rangers FC,9,LB,TBD,TBD,TBD,TBD,0,25,25,61,69,66,43,59,63,61,62,,,,,,
sco,Scotland,rangers,Rangers FC,10,RB,TBD,TBD,TBD,TBD,0,25,25,61,69,66,43,59,63,61,62,,,,,,
sco,Scotland,rangers,Rangers FC,11,RB,TBD,TBD,TBD,TBD,0,25,25,61,69,66,43,59,63,61,62,,,,,,
sco,Scotland,rangers,Rangers FC,12,CDM,TBD,TBD,TBD,TBD,0,25,25,61,69,58,49,63,61,65,66,,,,,,
sco,Scotland,rangers,Rangers FC,13,CM,TBD,TBD,TBD,TBD,0,25,25,62,70,61,58,66,67,60,62,,,,,,
sco,Scotland,rangers,Rangers FC,14,CM,TBD,TBD,TBD,TBD,0,25,25,62,70,61,58,66,67,60,62,,,,,,
sco,Scotland,rangers,Rangers FC,15,CM,TBD,TBD,TBD,TBD,0,25,25,62,70,61,58,66,67,60,62,,,,,,
sco,Scotland,rangers,Rangers FC,16,CM,TBD,TBD,TBD,TBD,0,25,25,62,70,61,58,66,67,60,62,,,,,,
sco,Scotland,rangers,Rangers FC,17,CM,TBD,TBD,TBD,TBD,0,25,25,62,70,61,58,66,67,60,62,,,,,,
sco,Scotland,rangers,Rangers FC,18,CAM,TBD,TBD,TBD,TBD,0,25,25,62,70,65,64,70,72,44,54,,,,,,
sco,Scotland,rangers,Rangers FC,19,LW,TBD,TBD,TBD,TBD,0,25,25,62,70,75,64,62,73,37,52,,,,,,
sco,Scotland,rangers,Rangers FC,20,LW,TBD,TBD,TBD,TBD,0,25,25,62,70,75,64,62,73,37,52,,,,,,
sco,Scotland,rangers,Rangers FC,21,RW,TBD,TBD,TBD,TBD,0,25,25,62,70,75,64,62,73,37,52,,,,,,
sco,Scotland,rangers,Rangers FC,22,RW,TBD,TBD,TBD,TBD,0,25,25,62,70,75,64,62,73,37,52,,,,,,
sco,Scotland,rangers,Rangers FC,23,ST,TBD,TBD,TBD,TBD,0,25,25,62,70,70,70,55,68,35,64,,,,,,
sco,Scotland,rangers,Rangers FC,24,ST,TBD,TBD,TBD,TBD,0,25,25,62,70,70,70,55,68,35,64,,,,,,
sco,Scotland,rangers,Rangers FC,25,ST,TBD,TBD,TBD,TBD,0,25,25,62,70,70,70,55,68,35,64,,,,,,
rou,Romania,rapid-bucuresti,Rapid București,1,GK,TBD,TBD,TBD,TBD,0,25,25,45,53,,,,,,,47,45,43,48,35,46
rou,Romania,rapid-bucuresti,Rapid București,2,GK,TBD,TBD,TBD,TBD,0,25,25,45,53,,,,,,,47,45,43,48,35,46
rou,Romania,rapid-bucuresti,Rapid București,3,CB,TBD,TBD,TBD,TBD,0,25,25,45,53,37,35,35,35,49,51,,,,,,
rou,Romania,rapid-bucuresti,Rapid București,4,CB,TBD,TBD,TBD,TBD,0,25,25,45,53,37,35,35,35,49,51,,,,,,
rou,Romania,rapid-bucuresti,Rapid București,5,CB,TBD,TBD,TBD,TBD,0,25,25,45,53,37,35,35,35,49,51,,,,,,
rou,Romania,rapid-bucuresti,Rapid București,6,CB,TBD,TBD,TBD,TBD,0,25,25,45,53,37,35,35,35,49,51,,,,,,
rou,Romania,rapid-bucuresti,Rapid București,7,CB,TBD,TBD,TBD,TBD,0,25,25,45,53,37,35,35,35,49,51,,,,,,
rou,Romania,rapid-bucuresti,Rapid București,8,LB,TBD,TBD,TBD,TBD,0,25,25,46,54,51,35,44,48,46,47,,,,,,
rou,Romania,rapid-bucuresti,Rapid București,9,LB,TBD,TBD,TBD,TBD,0,25,25,46,54,51,35,44,48,46,47,,,,,,
rou,Romania,rapid-bucuresti,Rapid București,10,RB,TBD,TBD,TBD,TBD,0,25,25,46,54,51,35,44,48,46,47,,,,,,
rou,Romania,rapid-bucuresti,Rapid București,11,RB,TBD,TBD,TBD,TBD,0,25,25,46,54,51,35,44,48,46,47,,,,,,
rou,Romania,rapid-bucuresti,Rapid București,12,CDM,TBD,TBD,TBD,TBD,0,25,25,46,54,43,35,48,46,50,51,,,,,,
rou,Romania,rapid-bucuresti,Rapid București,13,CM,TBD,TBD,TBD,TBD,0,25,25,47,55,46,43,51,52,45,47,,,,,,
rou,Romania,rapid-bucuresti,Rapid București,14,CM,TBD,TBD,TBD,TBD,0,25,25,47,55,46,43,51,52,45,47,,,,,,
rou,Romania,rapid-bucuresti,Rapid București,15,CM,TBD,TBD,TBD,TBD,0,25,25,47,55,46,43,51,52,45,47,,,,,,
rou,Romania,rapid-bucuresti,Rapid București,16,CM,TBD,TBD,TBD,TBD,0,25,25,47,55,46,43,51,52,45,47,,,,,,
rou,Romania,rapid-bucuresti,Rapid București,17,CM,TBD,TBD,TBD,TBD,0,25,25,47,55,46,43,51,52,45,47,,,,,,
rou,Romania,rapid-bucuresti,Rapid București,18,CAM,TBD,TBD,TBD,TBD,0,25,25,47,55,50,49,55,57,35,39,,,,,,
rou,Romania,rapid-bucuresti,Rapid București,19,LW,TBD,TBD,TBD,TBD,0,25,25,47,55,60,49,47,58,35,37,,,,,,
rou,Romania,rapid-bucuresti,Rapid București,20,LW,TBD,TBD,TBD,TBD,0,25,25,47,55,60,49,47,58,35,37,,,,,,
rou,Romania,rapid-bucuresti,Rapid București,21,RW,TBD,TBD,TBD,TBD,0,25,25,47,55,60,49,47,58,35,37,,,,,,
rou,Romania,rapid-bucuresti,Rapid București,22,RW,TBD,TBD,TBD,TBD,0,25,25,47,55,60,49,47,58,35,37,,,,,,
rou,Romania,rapid-bucuresti,Rapid București,23,ST,TBD,TBD,TBD,TBD,0,25,25,47,55,55,55,40,53,35,49,,,,,,
rou,Romania,rapid-bucuresti,Rapid București,24,ST,TBD,TBD,TBD,TBD,0,25,25,47,55,55,55,40,53,35,49,,,,,,
rou,Romania,rapid-bucuresti,Rapid București,25,ST,TBD,TBD,TBD,TBD,0,25,25,47,55,55,55,40,53,35,49,,,,,,
por,Portugal,rio-ave,Rio Ave FC,1,GK,TBD,TBD,TBD,TBD,0,25,25,62,70,,,,,,,64,62,60,65,37,63
por,Portugal,rio-ave,Rio Ave FC,2,GK,TBD,TBD,TBD,TBD,0,25,25,62,70,,,,,,,64,62,60,65,37,63
por,Portugal,rio-ave,Rio Ave FC,3,CB,TBD,TBD,TBD,TBD,0,25,25,62,70,54,35,52,50,66,68,,,,,,
por,Portugal,rio-ave,Rio Ave FC,4,CB,TBD,TBD,TBD,TBD,0,25,25,62,70,54,35,52,50,66,68,,,,,,
por,Portugal,rio-ave,Rio Ave FC,5,CB,TBD,TBD,TBD,TBD,0,25,25,62,70,54,35,52,50,66,68,,,,,,
por,Portugal,rio-ave,Rio Ave FC,6,CB,TBD,TBD,TBD,TBD,0,25,25,62,70,54,35,52,50,66,68,,,,,,
por,Portugal,rio-ave,Rio Ave FC,7,CB,TBD,TBD,TBD,TBD,0,25,25,62,70,54,35,52,50,66,68,,,,,,
por,Portugal,rio-ave,Rio Ave FC,8,LB,TBD,TBD,TBD,TBD,0,25,25,63,71,68,45,61,65,63,64,,,,,,
por,Portugal,rio-ave,Rio Ave FC,9,LB,TBD,TBD,TBD,TBD,0,25,25,63,71,68,45,61,65,63,64,,,,,,
por,Portugal,rio-ave,Rio Ave FC,10,RB,TBD,TBD,TBD,TBD,0,25,25,63,71,68,45,61,65,63,64,,,,,,
por,Portugal,rio-ave,Rio Ave FC,11,RB,TBD,TBD,TBD,TBD,0,25,25,63,71,68,45,61,65,63,64,,,,,,
por,Portugal,rio-ave,Rio Ave FC,12,CDM,TBD,TBD,TBD,TBD,0,25,25,63,71,60,51,65,63,67,68,,,,,,
por,Portugal,rio-ave,Rio Ave FC,13,CM,TBD,TBD,TBD,TBD,0,25,25,64,72,63,60,68,69,62,64,,,,,,
por,Portugal,rio-ave,Rio Ave FC,14,CM,TBD,TBD,TBD,TBD,0,25,25,64,72,63,60,68,69,62,64,,,,,,
por,Portugal,rio-ave,Rio Ave FC,15,CM,TBD,TBD,TBD,TBD,0,25,25,64,72,63,60,68,69,62,64,,,,,,
por,Portugal,rio-ave,Rio Ave FC,16,CM,TBD,TBD,TBD,TBD,0,25,25,64,72,63,60,68,69,62,64,,,,,,
por,Portugal,rio-ave,Rio Ave FC,17,CM,TBD,TBD,TBD,TBD,0,25,25,64,72,63,60,68,69,62,64,,,,,,
por,Portugal,rio-ave,Rio Ave FC,18,CAM,TBD,TBD,TBD,TBD,0,25,25,64,72,67,66,72,74,46,56,,,,,,
por,Portugal,rio-ave,Rio Ave FC,19,LW,TBD,TBD,TBD,TBD,0,25,25,64,72,77,66,64,75,39,54,,,,,,
por,Portugal,rio-ave,Rio Ave FC,20,LW,TBD,TBD,TBD,TBD,0,25,25,64,72,77,66,64,75,39,54,,,,,,
por,Portugal,rio-ave,Rio Ave FC,21,RW,TBD,TBD,TBD,TBD,0,25,25,64,72,77,66,64,75,39,54,,,,,,
por,Portugal,rio-ave,Rio Ave FC,22,RW,TBD,TBD,TBD,TBD,0,25,25,64,72,77,66,64,75,39,54,,,,,,
por,Portugal,rio-ave,Rio Ave FC,23,ST,TBD,TBD,TBD,TBD,0,25,25,64,72,72,72,57,70,35,66,,,,,,
por,Portugal,rio-ave,Rio Ave FC,24,ST,TBD,TBD,TBD,TBD,0,25,25,64,72,72,72,57,70,35,66,,,,,,
por,Portugal,rio-ave,Rio Ave FC,25,ST,TBD,TBD,TBD,TBD,0,25,25,64,72,72,72,57,70,35,66,,,,,,
nor,Norway,rosenborg,Rosenborg BK,1,GK,TBD,TBD,TBD,TBD,0,25,25,56,64,,,,,,,58,56,54,59,35,57
nor,Norway,rosenborg,Rosenborg BK,2,GK,TBD,TBD,TBD,TBD,0,25,25,56,64,,,,,,,58,56,54,59,35,57
nor,Norway,rosenborg,Rosenborg BK,3,CB,TBD,TBD,TBD,TBD,0,25,25,56,64,48,35,46,44,60,62,,,,,,
nor,Norway,rosenborg,Rosenborg BK,4,CB,TBD,TBD,TBD,TBD,0,25,25,56,64,48,35,46,44,60,62,,,,,,
nor,Norway,rosenborg,Rosenborg BK,5,CB,TBD,TBD,TBD,TBD,0,25,25,56,64,48,35,46,44,60,62,,,,,,
nor,Norway,rosenborg,Rosenborg BK,6,CB,TBD,TBD,TBD,TBD,0,25,25,56,64,48,35,46,44,60,62,,,,,,
nor,Norway,rosenborg,Rosenborg BK,7,CB,TBD,TBD,TBD,TBD,0,25,25,56,64,48,35,46,44,60,62,,,,,,
nor,Norway,rosenborg,Rosenborg BK,8,LB,TBD,TBD,TBD,TBD,0,25,25,57,65,62,39,55,59,57,58,,,,,,
nor,Norway,rosenborg,Rosenborg BK,9,LB,TBD,TBD,TBD,TBD,0,25,25,57,65,62,39,55,59,57,58,,,,,,
nor,Norway,rosenborg,Rosenborg BK,10,RB,TBD,TBD,TBD,TBD,0,25,25,57,65,62,39,55,59,57,58,,,,,,
nor,Norway,rosenborg,Rosenborg BK,11,RB,TBD,TBD,TBD,TBD,0,25,25,57,65,62,39,55,59,57,58,,,,,,
nor,Norway,rosenborg,Rosenborg BK,12,CDM,TBD,TBD,TBD,TBD,0,25,25,57,65,54,45,59,57,61,62,,,,,,
nor,Norway,rosenborg,Rosenborg BK,13,CM,TBD,TBD,TBD,TBD,0,25,25,58,66,57,54,62,63,56,58,,,,,,
nor,Norway,rosenborg,Rosenborg BK,14,CM,TBD,TBD,TBD,TBD,0,25,25,58,66,57,54,62,63,56,58,,,,,,
nor,Norway,rosenborg,Rosenborg BK,15,CM,TBD,TBD,TBD,TBD,0,25,25,58,66,57,54,62,63,56,58,,,,,,
nor,Norway,rosenborg,Rosenborg BK,16,CM,TBD,TBD,TBD,TBD,0,25,25,58,66,57,54,62,63,56,58,,,,,,
nor,Norway,rosenborg,Rosenborg BK,17,CM,TBD,TBD,TBD,TBD,0,25,25,58,66,57,54,62,63,56,58,,,,,,
nor,Norway,rosenborg,Rosenborg BK,18,CAM,TBD,TBD,TBD,TBD,0,25,25,58,66,61,60,66,68,40,50,,,,,,
nor,Norway,rosenborg,Rosenborg BK,19,LW,TBD,TBD,TBD,TBD,0,25,25,58,66,71,60,58,69,35,48,,,,,,
nor,Norway,rosenborg,Rosenborg BK,20,LW,TBD,TBD,TBD,TBD,0,25,25,58,66,71,60,58,69,35,48,,,,,,
nor,Norway,rosenborg,Rosenborg BK,21,RW,TBD,TBD,TBD,TBD,0,25,25,58,66,71,60,58,69,35,48,,,,,,
nor,Norway,rosenborg,Rosenborg BK,22,RW,TBD,TBD,TBD,TBD,0,25,25,58,66,71,60,58,69,35,48,,,,,,
nor,Norway,rosenborg,Rosenborg BK,23,ST,TBD,TBD,TBD,TBD,0,25,25,58,66,66,66,51,64,35,60,,,,,,
nor,Norway,rosenborg,Rosenborg BK,24,ST,TBD,TBD,TBD,TBD,0,25,25,58,66,66,66,51,64,35,60,,,,,,
nor,Norway,rosenborg,Rosenborg BK,25,ST,TBD,TBD,TBD,TBD,0,25,25,58,66,66,66,51,64,35,60,,,,,,
sco,Scotland,ross-county,Ross County FC,1,GK,TBD,TBD,TBD,TBD,0,25,25,45,53,,,,,,,47,45,43,48,35,46
sco,Scotland,ross-county,Ross County FC,2,GK,TBD,TBD,TBD,TBD,0,25,25,45,53,,,,,,,47,45,43,48,35,46
sco,Scotland,ross-county,Ross County FC,3,CB,TBD,TBD,TBD,TBD,0,25,25,45,53,37,35,35,35,49,51,,,,,,
sco,Scotland,ross-county,Ross County FC,4,CB,TBD,TBD,TBD,TBD,0,25,25,45,53,37,35,35,35,49,51,,,,,,
sco,Scotland,ross-county,Ross County FC,5,CB,TBD,TBD,TBD,TBD,0,25,25,45,53,37,35,35,35,49,51,,,,,,
sco,Scotland,ross-county,Ross County FC,6,CB,TBD,TBD,TBD,TBD,0,25,25,45,53,37,35,35,35,49,51,,,,,,
sco,Scotland,ross-county,Ross County FC,7,CB,TBD,TBD,TBD,TBD,0,25,25,45,53,37,35,35,35,49,51,,,,,,
sco,Scotland,ross-county,Ross County FC,8,LB,TBD,TBD,TBD,TBD,0,25,25,46,54,51,35,44,48,46,47,,,,,,
sco,Scotland,ross-county,Ross County FC,9,LB,TBD,TBD,TBD,TBD,0,25,25,46,54,51,35,44,48,46,47,,,,,,
sco,Scotland,ross-county,Ross County FC,10,RB,TBD,TBD,TBD,TBD,0,25,25,46,54,51,35,44,48,46,47,,,,,,
sco,Scotland,ross-county,Ross County FC,11,RB,TBD,TBD,TBD,TBD,0,25,25,46,54,51,35,44,48,46,47,,,,,,
sco,Scotland,ross-county,Ross County FC,12,CDM,TBD,TBD,TBD,TBD,0,25,25,46,54,43,35,48,46,50,51,,,,,,
sco,Scotland,ross-county,Ross County FC,13,CM,TBD,TBD,TBD,TBD,0,25,25,47,55,46,43,51,52,45,47,,,,,,
sco,Scotland,ross-county,Ross County FC,14,CM,TBD,TBD,TBD,TBD,0,25,25,47,55,46,43,51,52,45,47,,,,,,
sco,Scotland,ross-county,Ross County FC,15,CM,TBD,TBD,TBD,TBD,0,25,25,47,55,46,43,51,52,45,47,,,,,,
sco,Scotland,ross-county,Ross County FC,16,CM,TBD,TBD,TBD,TBD,0,25,25,47,55,46,43,51,52,45,47,,,,,,
sco,Scotland,ross-county,Ross County FC,17,CM,TBD,TBD,TBD,TBD,0,25,25,47,55,46,43,51,52,45,47,,,,,,
sco,Scotland,ross-county,Ross County FC,18,CAM,TBD,TBD,TBD,TBD,0,25,25,47,55,50,49,55,57,35,39,,,,,,
sco,Scotland,ross-county,Ross County FC,19,LW,TBD,TBD,TBD,TBD,0,25,25,47,55,60,49,47,58,35,37,,,,,,
sco,Scotland,ross-county,Ross County FC,20,LW,TBD,TBD,TBD,TBD,0,25,25,47,55,60,49,47,58,35,37,,,,,,
sco,Scotland,ross-county,Ross County FC,21,RW,TBD,TBD,TBD,TBD,0,25,25,47,55,60,49,47,58,35,37,,,,,,
sco,Scotland,ross-county,Ross County FC,22,RW,TBD,TBD,TBD,TBD,0,25,25,47,55,60,49,47,58,35,37,,,,,,
sco,Scotland,ross-county,Ross County FC,23,ST,TBD,TBD,TBD,TBD,0,25,25,47,55,55,55,40,53,35,49,,,,,,
sco,Scotland,ross-county,Ross County FC,24,ST,TBD,TBD,TBD,TBD,0,25,25,47,55,55,55,40,53,35,49,,,,,,
sco,Scotland,ross-county,Ross County FC,25,ST,TBD,TBD,TBD,TBD,0,25,25,47,55,55,55,40,53,35,49,,,,,,
bel,Belgium,antwerp,Royal Antwerp FC,1,GK,TBD,TBD,TBD,TBD,0,25,25,71,79,,,,,,,73,71,69,74,46,72
bel,Belgium,antwerp,Royal Antwerp FC,2,GK,TBD,TBD,TBD,TBD,0,25,25,71,79,,,,,,,73,71,69,74,46,72
bel,Belgium,antwerp,Royal Antwerp FC,3,CB,TBD,TBD,TBD,TBD,0,25,25,71,79,63,41,61,59,75,77,,,,,,
bel,Belgium,antwerp,Royal Antwerp FC,4,CB,TBD,TBD,TBD,TBD,0,25,25,71,79,63,41,61,59,75,77,,,,,,
bel,Belgium,antwerp,Royal Antwerp FC,5,CB,TBD,TBD,TBD,TBD,0,25,25,71,79,63,41,61,59,75,77,,,,,,
bel,Belgium,antwerp,Royal Antwerp FC,6,CB,TBD,TBD,TBD,TBD,0,25,25,71,79,63,41,61,59,75,77,,,,,,
bel,Belgium,antwerp,Royal Antwerp FC,7,CB,TBD,TBD,TBD,TBD,0,25,25,71,79,63,41,61,59,75,77,,,,,,
bel,Belgium,antwerp,Royal Antwerp FC,8,LB,TBD,TBD,TBD,TBD,0,25,25,72,80,77,54,70,74,72,73,,,,,,
bel,Belgium,antwerp,Royal Antwerp FC,9,LB,TBD,TBD,TBD,TBD,0,25,25,72,80,77,54,70,74,72,73,,,,,,
bel,Belgium,antwerp,Royal Antwerp FC,10,RB,TBD,TBD,TBD,TBD,0,25,25,72,80,77,54,70,74,72,73,,,,,,
bel,Belgium,antwerp,Royal Antwerp FC,11,RB,TBD,TBD,TBD,TBD,0,25,25,72,80,77,54,70,74,72,73,,,,,,
bel,Belgium,antwerp,Royal Antwerp FC,12,CDM,TBD,TBD,TBD,TBD,0,25,25,72,80,69,60,74,72,76,77,,,,,,
bel,Belgium,antwerp,Royal Antwerp FC,13,CM,TBD,TBD,TBD,TBD,0,25,25,73,81,72,69,77,78,71,73,,,,,,
bel,Belgium,antwerp,Royal Antwerp FC,14,CM,TBD,TBD,TBD,TBD,0,25,25,73,81,72,69,77,78,71,73,,,,,,
bel,Belgium,antwerp,Royal Antwerp FC,15,CM,TBD,TBD,TBD,TBD,0,25,25,73,81,72,69,77,78,71,73,,,,,,
bel,Belgium,antwerp,Royal Antwerp FC,16,CM,TBD,TBD,TBD,TBD,0,25,25,73,81,72,69,77,78,71,73,,,,,,
bel,Belgium,antwerp,Royal Antwerp FC,17,CM,TBD,TBD,TBD,TBD,0,25,25,73,81,72,69,77,78,71,73,,,,,,
bel,Belgium,antwerp,Royal Antwerp FC,18,CAM,TBD,TBD,TBD,TBD,0,25,25,73,81,76,75,81,83,55,65,,,,,,
bel,Belgium,antwerp,Royal Antwerp FC,19,LW,TBD,TBD,TBD,TBD,0,25,25,73,81,86,75,73,84,48,63,,,,,,
bel,Belgium,antwerp,Royal Antwerp FC,20,LW,TBD,TBD,TBD,TBD,0,25,25,73,81,86,75,73,84,48,63,,,,,,
bel,Belgium,antwerp,Royal Antwerp FC,21,RW,TBD,TBD,TBD,TBD,0,25,25,73,81,86,75,73,84,48,63,,,,,,
bel,Belgium,antwerp,Royal Antwerp FC,22,RW,TBD,TBD,TBD,TBD,0,25,25,73,81,86,75,73,84,48,63,,,,,,
bel,Belgium,antwerp,Royal Antwerp FC,23,ST,TBD,TBD,TBD,TBD,0,25,25,73,81,81,81,66,79,43,75,,,,,,
bel,Belgium,antwerp,Royal Antwerp FC,24,ST,TBD,TBD,TBD,TBD,0,25,25,73,81,81,81,66,79,43,75,,,,,,
bel,Belgium,antwerp,Royal Antwerp FC,25,ST,TBD,TBD,TBD,TBD,0,25,25,73,81,81,81,66,79,43,75,,,,,,
bel,Belgium,union-sg,Royale Union Saint-Gilloise,1,GK,TBD,TBD,TBD,TBD,0,25,25,73,81,,,,,,,75,73,71,76,48,74
bel,Belgium,union-sg,Royale Union Saint-Gilloise,2,GK,TBD,TBD,TBD,TBD,0,25,25,73,81,,,,,,,75,73,71,76,48,74
bel,Belgium,union-sg,Royale Union Saint-Gilloise,3,CB,TBD,TBD,TBD,TBD,0,25,25,73,81,65,43,63,61,77,79,,,,,,
bel,Belgium,union-sg,Royale Union Saint-Gilloise,4,CB,TBD,TBD,TBD,TBD,0,25,25,73,81,65,43,63,61,77,79,,,,,,
bel,Belgium,union-sg,Royale Union Saint-Gilloise,5,CB,TBD,TBD,TBD,TBD,0,25,25,73,81,65,43,63,61,77,79,,,,,,
bel,Belgium,union-sg,Royale Union Saint-Gilloise,6,CB,TBD,TBD,TBD,TBD,0,25,25,73,81,65,43,63,61,77,79,,,,,,
bel,Belgium,union-sg,Royale Union Saint-Gilloise,7,CB,TBD,TBD,TBD,TBD,0,25,25,73,81,65,43,63,61,77,79,,,,,,
bel,Belgium,union-sg,Royale Union Saint-Gilloise,8,LB,TBD,TBD,TBD,TBD,0,25,25,74,82,79,56,72,76,74,75,,,,,,
bel,Belgium,union-sg,Royale Union Saint-Gilloise,9,LB,TBD,TBD,TBD,TBD,0,25,25,74,82,79,56,72,76,74,75,,,,,,
bel,Belgium,union-sg,Royale Union Saint-Gilloise,10,RB,TBD,TBD,TBD,TBD,0,25,25,74,82,79,56,72,76,74,75,,,,,,
bel,Belgium,union-sg,Royale Union Saint-Gilloise,11,RB,TBD,TBD,TBD,TBD,0,25,25,74,82,79,56,72,76,74,75,,,,,,
bel,Belgium,union-sg,Royale Union Saint-Gilloise,12,CDM,TBD,TBD,TBD,TBD,0,25,25,74,82,71,62,76,74,78,79,,,,,,
bel,Belgium,union-sg,Royale Union Saint-Gilloise,13,CM,TBD,TBD,TBD,TBD,0,25,25,75,80,74,71,79,80,73,75,,,,,,
bel,Belgium,union-sg,Royale Union Saint-Gilloise,14,CM,TBD,TBD,TBD,TBD,0,25,25,75,80,74,71,79,80,73,75,,,,,,
bel,Belgium,union-sg,Royale Union Saint-Gilloise,15,CM,TBD,TBD,TBD,TBD,0,25,25,75,80,74,71,79,80,73,75,,,,,,
bel,Belgium,union-sg,Royale Union Saint-Gilloise,16,CM,TBD,TBD,TBD,TBD,0,25,25,75,80,74,71,79,80,73,75,,,,,,
bel,Belgium,union-sg,Royale Union Saint-Gilloise,17,CM,TBD,TBD,TBD,TBD,0,25,25,75,80,74,71,79,80,73,75,,,,,,
bel,Belgium,union-sg,Royale Union Saint-Gilloise,18,CAM,TBD,TBD,TBD,TBD,0,25,25,75,80,78,77,83,85,57,67,,,,,,
bel,Belgium,union-sg,Royale Union Saint-Gilloise,19,LW,TBD,TBD,TBD,TBD,0,25,25,75,80,88,77,75,86,50,65,,,,,,
bel,Belgium,union-sg,Royale Union Saint-Gilloise,20,LW,TBD,TBD,TBD,TBD,0,25,25,75,80,88,77,75,86,50,65,,,,,,
bel,Belgium,union-sg,Royale Union Saint-Gilloise,21,RW,TBD,TBD,TBD,TBD,0,25,25,75,80,88,77,75,86,50,65,,,,,,
bel,Belgium,union-sg,Royale Union Saint-Gilloise,22,RW,TBD,TBD,TBD,TBD,0,25,25,75,80,88,77,75,86,50,65,,,,,,
bel,Belgium,union-sg,Royale Union Saint-Gilloise,23,ST,TBD,TBD,TBD,TBD,0,25,25,75,80,83,83,68,81,45,77,,,,,,
bel,Belgium,union-sg,Royale Union Saint-Gilloise,24,ST,TBD,TBD,TBD,TBD,0,25,25,75,80,83,83,68,81,45,77,,,,,,
bel,Belgium,union-sg,Royale Union Saint-Gilloise,25,ST,TBD,TBD,TBD,TBD,0,25,25,75,80,83,83,68,81,45,77,,,,,,
ukr,Ukraine,rukh-lviv,Rukh Lviv,1,GK,TBD,TBD,TBD,TBD,0,25,25,45,53,,,,,,,47,45,43,48,35,46
ukr,Ukraine,rukh-lviv,Rukh Lviv,2,GK,TBD,TBD,TBD,TBD,0,25,25,45,53,,,,,,,47,45,43,48,35,46
ukr,Ukraine,rukh-lviv,Rukh Lviv,3,CB,TBD,TBD,TBD,TBD,0,25,25,45,53,37,35,35,35,49,51,,,,,,
ukr,Ukraine,rukh-lviv,Rukh Lviv,4,CB,TBD,TBD,TBD,TBD,0,25,25,45,53,37,35,35,35,49,51,,,,,,
ukr,Ukraine,rukh-lviv,Rukh Lviv,5,CB,TBD,TBD,TBD,TBD,0,25,25,45,53,37,35,35,35,49,51,,,,,,
ukr,Ukraine,rukh-lviv,Rukh Lviv,6,CB,TBD,TBD,TBD,TBD,0,25,25,45,53,37,35,35,35,49,51,,,,,,
ukr,Ukraine,rukh-lviv,Rukh Lviv,7,CB,TBD,TBD,TBD,TBD,0,25,25,45,53,37,35,35,35,49,51,,,,,,
ukr,Ukraine,rukh-lviv,Rukh Lviv,8,LB,TBD,TBD,TBD,TBD,0,25,25,46,54,51,35,44,48,46,47,,,,,,
ukr,Ukraine,rukh-lviv,Rukh Lviv,9,LB,TBD,TBD,TBD,TBD,0,25,25,46,54,51,35,44,48,46,47,,,,,,
ukr,Ukraine,rukh-lviv,Rukh Lviv,10,RB,TBD,TBD,TBD,TBD,0,25,25,46,54,51,35,44,48,46,47,,,,,,
ukr,Ukraine,rukh-lviv,Rukh Lviv,11,RB,TBD,TBD,TBD,TBD,0,25,25,46,54,51,35,44,48,46,47,,,,,,
ukr,Ukraine,rukh-lviv,Rukh Lviv,12,CDM,TBD,TBD,TBD,TBD,0,25,25,46,54,43,35,48,46,50,51,,,,,,
ukr,Ukraine,rukh-lviv,Rukh Lviv,13,CM,TBD,TBD,TBD,TBD,0,25,25,47,55,46,43,51,52,45,47,,,,,,
ukr,Ukraine,rukh-lviv,Rukh Lviv,14,CM,TBD,TBD,TBD,TBD,0,25,25,47,55,46,43,51,52,45,47,,,,,,
ukr,Ukraine,rukh-lviv,Rukh Lviv,15,CM,TBD,TBD,TBD,TBD,0,25,25,47,55,46,43,51,52,45,47,,,,,,
ukr,Ukraine,rukh-lviv,Rukh Lviv,16,CM,TBD,TBD,TBD,TBD,0,25,25,47,55,46,43,51,52,45,47,,,,,,
ukr,Ukraine,rukh-lviv,Rukh Lviv,17,CM,TBD,TBD,TBD,TBD,0,25,25,47,55,46,43,51,52,45,47,,,,,,
ukr,Ukraine,rukh-lviv,Rukh Lviv,18,CAM,TBD,TBD,TBD,TBD,0,25,25,47,55,50,49,55,57,35,39,,,,,,
ukr,Ukraine,rukh-lviv,Rukh Lviv,19,LW,TBD,TBD,TBD,TBD,0,25,25,47,55,60,49,47,58,35,37,,,,,,
ukr,Ukraine,rukh-lviv,Rukh Lviv,20,LW,TBD,TBD,TBD,TBD,0,25,25,47,55,60,49,47,58,35,37,,,,,,
ukr,Ukraine,rukh-lviv,Rukh Lviv,21,RW,TBD,TBD,TBD,TBD,0,25,25,47,55,60,49,47,58,35,37,,,,,,
ukr,Ukraine,rukh-lviv,Rukh Lviv,22,RW,TBD,TBD,TBD,TBD,0,25,25,47,55,60,49,47,58,35,37,,,,,,
ukr,Ukraine,rukh-lviv,Rukh Lviv,23,ST,TBD,TBD,TBD,TBD,0,25,25,47,55,55,55,40,53,35,49,,,,,,
ukr,Ukraine,rukh-lviv,Rukh Lviv,24,ST,TBD,TBD,TBD,TBD,0,25,25,47,55,55,55,40,53,35,49,,,,,,
ukr,Ukraine,rukh-lviv,Rukh Lviv,25,ST,TBD,TBD,TBD,TBD,0,25,25,47,55,55,55,40,53,35,49,,,,,,
aut,Austria,austria-lustenau,SC Austria Lustenau,1,GK,TBD,TBD,TBD,TBD,0,25,25,45,53,,,,,,,47,45,43,48,35,46
aut,Austria,austria-lustenau,SC Austria Lustenau,2,GK,TBD,TBD,TBD,TBD,0,25,25,45,53,,,,,,,47,45,43,48,35,46
aut,Austria,austria-lustenau,SC Austria Lustenau,3,CB,TBD,TBD,TBD,TBD,0,25,25,45,53,37,35,35,35,49,51,,,,,,
aut,Austria,austria-lustenau,SC Austria Lustenau,4,CB,TBD,TBD,TBD,TBD,0,25,25,45,53,37,35,35,35,49,51,,,,,,
aut,Austria,austria-lustenau,SC Austria Lustenau,5,CB,TBD,TBD,TBD,TBD,0,25,25,45,53,37,35,35,35,49,51,,,,,,
aut,Austria,austria-lustenau,SC Austria Lustenau,6,CB,TBD,TBD,TBD,TBD,0,25,25,45,53,37,35,35,35,49,51,,,,,,
aut,Austria,austria-lustenau,SC Austria Lustenau,7,CB,TBD,TBD,TBD,TBD,0,25,25,45,53,37,35,35,35,49,51,,,,,,
aut,Austria,austria-lustenau,SC Austria Lustenau,8,LB,TBD,TBD,TBD,TBD,0,25,25,46,54,51,35,44,48,46,47,,,,,,
aut,Austria,austria-lustenau,SC Austria Lustenau,9,LB,TBD,TBD,TBD,TBD,0,25,25,46,54,51,35,44,48,46,47,,,,,,
aut,Austria,austria-lustenau,SC Austria Lustenau,10,RB,TBD,TBD,TBD,TBD,0,25,25,46,54,51,35,44,48,46,47,,,,,,
aut,Austria,austria-lustenau,SC Austria Lustenau,11,RB,TBD,TBD,TBD,TBD,0,25,25,46,54,51,35,44,48,46,47,,,,,,
aut,Austria,austria-lustenau,SC Austria Lustenau,12,CDM,TBD,TBD,TBD,TBD,0,25,25,46,54,43,35,48,46,50,51,,,,,,
aut,Austria,austria-lustenau,SC Austria Lustenau,13,CM,TBD,TBD,TBD,TBD,0,25,25,47,55,46,43,51,52,45,47,,,,,,
aut,Austria,austria-lustenau,SC Austria Lustenau,14,CM,TBD,TBD,TBD,TBD,0,25,25,47,55,46,43,51,52,45,47,,,,,,
aut,Austria,austria-lustenau,SC Austria Lustenau,15,CM,TBD,TBD,TBD,TBD,0,25,25,47,55,46,43,51,52,45,47,,,,,,
aut,Austria,austria-lustenau,SC Austria Lustenau,16,CM,TBD,TBD,TBD,TBD,0,25,25,47,55,46,43,51,52,45,47,,,,,,
aut,Austria,austria-lustenau,SC Austria Lustenau,17,CM,TBD,TBD,TBD,TBD,0,25,25,47,55,46,43,51,52,45,47,,,,,,
aut,Austria,austria-lustenau,SC Austria Lustenau,18,CAM,TBD,TBD,TBD,TBD,0,25,25,47,55,50,49,55,57,35,39,,,,,,
aut,Austria,austria-lustenau,SC Austria Lustenau,19,LW,TBD,TBD,TBD,TBD,0,25,25,47,55,60,49,47,58,35,37,,,,,,
aut,Austria,austria-lustenau,SC Austria Lustenau,20,LW,TBD,TBD,TBD,TBD,0,25,25,47,55,60,49,47,58,35,37,,,,,,
aut,Austria,austria-lustenau,SC Austria Lustenau,21,RW,TBD,TBD,TBD,TBD,0,25,25,47,55,60,49,47,58,35,37,,,,,,
aut,Austria,austria-lustenau,SC Austria Lustenau,22,RW,TBD,TBD,TBD,TBD,0,25,25,47,55,60,49,47,58,35,37,,,,,,
aut,Austria,austria-lustenau,SC Austria Lustenau,23,ST,TBD,TBD,TBD,TBD,0,25,25,47,55,55,55,40,53,35,49,,,,,,
aut,Austria,austria-lustenau,SC Austria Lustenau,24,ST,TBD,TBD,TBD,TBD,0,25,25,47,55,55,55,40,53,35,49,,,,,,
aut,Austria,austria-lustenau,SC Austria Lustenau,25,ST,TBD,TBD,TBD,TBD,0,25,25,47,55,55,55,40,53,35,49,,,,,,
por,Portugal,braga,SC Braga,1,GK,TBD,TBD,TBD,TBD,0,25,25,72,80,,,,,,,74,72,70,75,47,73
por,Portugal,braga,SC Braga,2,GK,TBD,TBD,TBD,TBD,0,25,25,72,80,,,,,,,74,72,70,75,47,73
por,Portugal,braga,SC Braga,3,CB,TBD,TBD,TBD,TBD,0,25,25,72,80,64,42,62,60,76,78,,,,,,
por,Portugal,braga,SC Braga,4,CB,TBD,TBD,TBD,TBD,0,25,25,72,80,64,42,62,60,76,78,,,,,,
por,Portugal,braga,SC Braga,5,CB,TBD,TBD,TBD,TBD,0,25,25,72,80,64,42,62,60,76,78,,,,,,
por,Portugal,braga,SC Braga,6,CB,TBD,TBD,TBD,TBD,0,25,25,72,80,64,42,62,60,76,78,,,,,,
por,Portugal,braga,SC Braga,7,CB,TBD,TBD,TBD,TBD,0,25,25,72,80,64,42,62,60,76,78,,,,,,
por,Portugal,braga,SC Braga,8,LB,TBD,TBD,TBD,TBD,0,25,25,73,81,78,55,71,75,73,74,,,,,,
por,Portugal,braga,SC Braga,9,LB,TBD,TBD,TBD,TBD,0,25,25,73,81,78,55,71,75,73,74,,,,,,
por,Portugal,braga,SC Braga,10,RB,TBD,TBD,TBD,TBD,0,25,25,73,81,78,55,71,75,73,74,,,,,,
por,Portugal,braga,SC Braga,11,RB,TBD,TBD,TBD,TBD,0,25,25,73,81,78,55,71,75,73,74,,,,,,
por,Portugal,braga,SC Braga,12,CDM,TBD,TBD,TBD,TBD,0,25,25,73,81,70,61,75,73,77,78,,,,,,
por,Portugal,braga,SC Braga,13,CM,TBD,TBD,TBD,TBD,0,25,25,74,82,73,70,78,79,72,74,,,,,,
por,Portugal,braga,SC Braga,14,CM,TBD,TBD,TBD,TBD,0,25,25,74,82,73,70,78,79,72,74,,,,,,
por,Portugal,braga,SC Braga,15,CM,TBD,TBD,TBD,TBD,0,25,25,74,82,73,70,78,79,72,74,,,,,,
por,Portugal,braga,SC Braga,16,CM,TBD,TBD,TBD,TBD,0,25,25,74,82,73,70,78,79,72,74,,,,,,
por,Portugal,braga,SC Braga,17,CM,TBD,TBD,TBD,TBD,0,25,25,74,82,73,70,78,79,72,74,,,,,,
por,Portugal,braga,SC Braga,18,CAM,TBD,TBD,TBD,TBD,0,25,25,74,82,77,76,82,84,56,66,,,,,,
por,Portugal,braga,SC Braga,19,LW,TBD,TBD,TBD,TBD,0,25,25,74,82,87,76,74,85,49,64,,,,,,
por,Portugal,braga,SC Braga,20,LW,TBD,TBD,TBD,TBD,0,25,25,74,82,87,76,74,85,49,64,,,,,,
por,Portugal,braga,SC Braga,21,RW,TBD,TBD,TBD,TBD,0,25,25,74,82,87,76,74,85,49,64,,,,,,
por,Portugal,braga,SC Braga,22,RW,TBD,TBD,TBD,TBD,0,25,25,74,82,87,76,74,85,49,64,,,,,,
por,Portugal,braga,SC Braga,23,ST,TBD,TBD,TBD,TBD,0,25,25,74,82,82,82,67,80,44,76,,,,,,
por,Portugal,braga,SC Braga,24,ST,TBD,TBD,TBD,TBD,0,25,25,74,82,82,82,67,80,44,76,,,,,,
por,Portugal,braga,SC Braga,25,ST,TBD,TBD,TBD,TBD,0,25,25,74,82,82,82,67,80,44,76,,,,,,
ukr,Ukraine,dnipro-1,SC Dnipro-1,1,GK,TBD,TBD,TBD,TBD,0,25,25,47,55,,,,,,,49,47,45,50,35,48
ukr,Ukraine,dnipro-1,SC Dnipro-1,2,GK,TBD,TBD,TBD,TBD,0,25,25,47,55,,,,,,,49,47,45,50,35,48
ukr,Ukraine,dnipro-1,SC Dnipro-1,3,CB,TBD,TBD,TBD,TBD,0,25,25,47,55,39,35,37,35,51,53,,,,,,
ukr,Ukraine,dnipro-1,SC Dnipro-1,4,CB,TBD,TBD,TBD,TBD,0,25,25,47,55,39,35,37,35,51,53,,,,,,
ukr,Ukraine,dnipro-1,SC Dnipro-1,5,CB,TBD,TBD,TBD,TBD,0,25,25,47,55,39,35,37,35,51,53,,,,,,
ukr,Ukraine,dnipro-1,SC Dnipro-1,6,CB,TBD,TBD,TBD,TBD,0,25,25,47,55,39,35,37,35,51,53,,,,,,
ukr,Ukraine,dnipro-1,SC Dnipro-1,7,CB,TBD,TBD,TBD,TBD,0,25,25,47,55,39,35,37,35,51,53,,,,,,
ukr,Ukraine,dnipro-1,SC Dnipro-1,8,LB,TBD,TBD,TBD,TBD,0,25,25,48,56,53,35,46,50,48,49,,,,,,
ukr,Ukraine,dnipro-1,SC Dnipro-1,9,LB,TBD,TBD,TBD,TBD,0,25,25,48,56,53,35,46,50,48,49,,,,,,
ukr,Ukraine,dnipro-1,SC Dnipro-1,10,RB,TBD,TBD,TBD,TBD,0,25,25,48,56,53,35,46,50,48,49,,,,,,
ukr,Ukraine,dnipro-1,SC Dnipro-1,11,RB,TBD,TBD,TBD,TBD,0,25,25,48,56,53,35,46,50,48,49,,,,,,
ukr,Ukraine,dnipro-1,SC Dnipro-1,12,CDM,TBD,TBD,TBD,TBD,0,25,25,48,56,45,36,50,48,52,53,,,,,,
ukr,Ukraine,dnipro-1,SC Dnipro-1,13,CM,TBD,TBD,TBD,TBD,0,25,25,49,57,48,45,53,54,47,49,,,,,,
ukr,Ukraine,dnipro-1,SC Dnipro-1,14,CM,TBD,TBD,TBD,TBD,0,25,25,49,57,48,45,53,54,47,49,,,,,,
ukr,Ukraine,dnipro-1,SC Dnipro-1,15,CM,TBD,TBD,TBD,TBD,0,25,25,49,57,48,45,53,54,47,49,,,,,,
ukr,Ukraine,dnipro-1,SC Dnipro-1,16,CM,TBD,TBD,TBD,TBD,0,25,25,49,57,48,45,53,54,47,49,,,,,,
ukr,Ukraine,dnipro-1,SC Dnipro-1,17,CM,TBD,TBD,TBD,TBD,0,25,25,49,57,48,45,53,54,47,49,,,,,,
ukr,Ukraine,dnipro-1,SC Dnipro-1,18,CAM,TBD,TBD,TBD,TBD,0,25,25,49,57,52,51,57,59,35,41,,,,,,
ukr,Ukraine,dnipro-1,SC Dnipro-1,19,LW,TBD,TBD,TBD,TBD,0,25,25,49,57,62,51,49,60,35,39,,,,,,
ukr,Ukraine,dnipro-1,SC Dnipro-1,20,LW,TBD,TBD,TBD,TBD,0,25,25,49,57,62,51,49,60,35,39,,,,,,
ukr,Ukraine,dnipro-1,SC Dnipro-1,21,RW,TBD,TBD,TBD,TBD,0,25,25,49,57,62,51,49,60,35,39,,,,,,
ukr,Ukraine,dnipro-1,SC Dnipro-1,22,RW,TBD,TBD,TBD,TBD,0,25,25,49,57,62,51,49,60,35,39,,,,,,
ukr,Ukraine,dnipro-1,SC Dnipro-1,23,ST,TBD,TBD,TBD,TBD,0,25,25,49,57,57,57,42,55,35,51,,,,,,
ukr,Ukraine,dnipro-1,SC Dnipro-1,24,ST,TBD,TBD,TBD,TBD,0,25,25,49,57,57,57,42,55,35,51,,,,,,
ukr,Ukraine,dnipro-1,SC Dnipro-1,25,ST,TBD,TBD,TBD,TBD,0,25,25,49,57,57,57,42,55,35,51,,,,,,
por,Portugal,farense,SC Farense,1,GK,TBD,TBD,TBD,TBD,0,25,25,57,65,,,,,,,59,57,55,60,35,58
por,Portugal,farense,SC Farense,2,GK,TBD,TBD,TBD,TBD,0,25,25,57,65,,,,,,,59,57,55,60,35,58
por,Portugal,farense,SC Farense,3,CB,TBD,TBD,TBD,TBD,0,25,25,57,65,49,35,47,45,61,63,,,,,,
por,Portugal,farense,SC Farense,4,CB,TBD,TBD,TBD,TBD,0,25,25,57,65,49,35,47,45,61,63,,,,,,
por,Portugal,farense,SC Farense,5,CB,TBD,TBD,TBD,TBD,0,25,25,57,65,49,35,47,45,61,63,,,,,,
por,Portugal,farense,SC Farense,6,CB,TBD,TBD,TBD,TBD,0,25,25,57,65,49,35,47,45,61,63,,,,,,
por,Portugal,farense,SC Farense,7,CB,TBD,TBD,TBD,TBD,0,25,25,57,65,49,35,47,45,61,63,,,,,,
por,Portugal,farense,SC Farense,8,LB,TBD,TBD,TBD,TBD,0,25,25,58,66,63,40,56,60,58,59,,,,,,
por,Portugal,farense,SC Farense,9,LB,TBD,TBD,TBD,TBD,0,25,25,58,66,63,40,56,60,58,59,,,,,,
por,Portugal,farense,SC Farense,10,RB,TBD,TBD,TBD,TBD,0,25,25,58,66,63,40,56,60,58,59,,,,,,
por,Portugal,farense,SC Farense,11,RB,TBD,TBD,TBD,TBD,0,25,25,58,66,63,40,56,60,58,59,,,,,,
por,Portugal,farense,SC Farense,12,CDM,TBD,TBD,TBD,TBD,0,25,25,58,66,55,46,60,58,62,63,,,,,,
por,Portugal,farense,SC Farense,13,CM,TBD,TBD,TBD,TBD,0,25,25,59,67,58,55,63,64,57,59,,,,,,
por,Portugal,farense,SC Farense,14,CM,TBD,TBD,TBD,TBD,0,25,25,59,67,58,55,63,64,57,59,,,,,,
por,Portugal,farense,SC Farense,15,CM,TBD,TBD,TBD,TBD,0,25,25,59,67,58,55,63,64,57,59,,,,,,
por,Portugal,farense,SC Farense,16,CM,TBD,TBD,TBD,TBD,0,25,25,59,67,58,55,63,64,57,59,,,,,,
por,Portugal,farense,SC Farense,17,CM,TBD,TBD,TBD,TBD,0,25,25,59,67,58,55,63,64,57,59,,,,,,
por,Portugal,farense,SC Farense,18,CAM,TBD,TBD,TBD,TBD,0,25,25,59,67,62,61,67,69,41,51,,,,,,
por,Portugal,farense,SC Farense,19,LW,TBD,TBD,TBD,TBD,0,25,25,59,67,72,61,59,70,35,49,,,,,,
por,Portugal,farense,SC Farense,20,LW,TBD,TBD,TBD,TBD,0,25,25,59,67,72,61,59,70,35,49,,,,,,
por,Portugal,farense,SC Farense,21,RW,TBD,TBD,TBD,TBD,0,25,25,59,67,72,61,59,70,35,49,,,,,,
por,Portugal,farense,SC Farense,22,RW,TBD,TBD,TBD,TBD,0,25,25,59,67,72,61,59,70,35,49,,,,,,
por,Portugal,farense,SC Farense,23,ST,TBD,TBD,TBD,TBD,0,25,25,59,67,67,67,52,65,35,61,,,,,,
por,Portugal,farense,SC Farense,24,ST,TBD,TBD,TBD,TBD,0,25,25,59,67,67,67,52,65,35,61,,,,,,
por,Portugal,farense,SC Farense,25,ST,TBD,TBD,TBD,TBD,0,25,25,59,67,67,67,52,65,35,61,,,,,,
ger,Germany,freiburg,SC Freiburg,1,CB,TBD,TBD,TBD,TBD,25,25,4,71,79,63,41,61,59,75,77,,,,,,
ger,Germany,freiburg,SC Freiburg,2,LB,TBD,TBD,TBD,TBD,25,25,4,72,80,77,54,70,74,72,73,,,,,,
ger,Germany,freiburg,SC Freiburg,3,CM,TBD,TBD,TBD,TBD,25,25,4,73,81,72,69,77,78,71,73,,,,,,
ger,Germany,freiburg,SC Freiburg,4,CAM,TBD,TBD,TBD,TBD,25,25,4,73,81,76,75,81,83,55,65,,,,,,
ned,Netherlands,heerenveen,SC Heerenveen,1,CB,TBD,TBD,TBD,TBD,25,25,3,64,72,56,35,54,52,68,70,,,,,,
ned,Netherlands,heerenveen,SC Heerenveen,2,CM,TBD,TBD,TBD,TBD,25,25,3,66,74,65,62,70,71,64,66,,,,,,
ned,Netherlands,heerenveen,SC Heerenveen,3,CM,TBD,TBD,TBD,TBD,25,25,3,66,74,65,62,70,71,64,66,,,,,,
aut,Austria,altach,SCR Altach,1,GK,TBD,TBD,TBD,TBD,0,25,25,45,53,,,,,,,47,45,43,48,35,46
aut,Austria,altach,SCR Altach,2,GK,TBD,TBD,TBD,TBD,0,25,25,45,53,,,,,,,47,45,43,48,35,46
aut,Austria,altach,SCR Altach,3,CB,TBD,TBD,TBD,TBD,0,25,25,45,53,37,35,35,35,49,51,,,,,,
aut,Austria,altach,SCR Altach,4,CB,TBD,TBD,TBD,TBD,0,25,25,45,53,37,35,35,35,49,51,,,,,,
aut,Austria,altach,SCR Altach,5,CB,TBD,TBD,TBD,TBD,0,25,25,45,53,37,35,35,35,49,51,,,,,,
aut,Austria,altach,SCR Altach,6,CB,TBD,TBD,TBD,TBD,0,25,25,45,53,37,35,35,35,49,51,,,,,,
aut,Austria,altach,SCR Altach,7,CB,TBD,TBD,TBD,TBD,0,25,25,45,53,37,35,35,35,49,51,,,,,,
aut,Austria,altach,SCR Altach,8,LB,TBD,TBD,TBD,TBD,0,25,25,46,54,51,35,44,48,46,47,,,,,,
aut,Austria,altach,SCR Altach,9,LB,TBD,TBD,TBD,TBD,0,25,25,46,54,51,35,44,48,46,47,,,,,,
aut,Austria,altach,SCR Altach,10,RB,TBD,TBD,TBD,TBD,0,25,25,46,54,51,35,44,48,46,47,,,,,,
aut,Austria,altach,SCR Altach,11,RB,TBD,TBD,TBD,TBD,0,25,25,46,54,51,35,44,48,46,47,,,,,,
aut,Austria,altach,SCR Altach,12,CDM,TBD,TBD,TBD,TBD,0,25,25,46,54,43,35,48,46,50,51,,,,,,
aut,Austria,altach,SCR Altach,13,CM,TBD,TBD,TBD,TBD,0,25,25,47,55,46,43,51,52,45,47,,,,,,
aut,Austria,altach,SCR Altach,14,CM,TBD,TBD,TBD,TBD,0,25,25,47,55,46,43,51,52,45,47,,,,,,
aut,Austria,altach,SCR Altach,15,CM,TBD,TBD,TBD,TBD,0,25,25,47,55,46,43,51,52,45,47,,,,,,
aut,Austria,altach,SCR Altach,16,CM,TBD,TBD,TBD,TBD,0,25,25,47,55,46,43,51,52,45,47,,,,,,
aut,Austria,altach,SCR Altach,17,CM,TBD,TBD,TBD,TBD,0,25,25,47,55,46,43,51,52,45,47,,,,,,
aut,Austria,altach,SCR Altach,18,CAM,TBD,TBD,TBD,TBD,0,25,25,47,55,50,49,55,57,35,39,,,,,,
aut,Austria,altach,SCR Altach,19,LW,TBD,TBD,TBD,TBD,0,25,25,47,55,60,49,47,58,35,37,,,,,,
aut,Austria,altach,SCR Altach,20,LW,TBD,TBD,TBD,TBD,0,25,25,47,55,60,49,47,58,35,37,,,,,,
aut,Austria,altach,SCR Altach,21,RW,TBD,TBD,TBD,TBD,0,25,25,47,55,60,49,47,58,35,37,,,,,,
aut,Austria,altach,SCR Altach,22,RW,TBD,TBD,TBD,TBD,0,25,25,47,55,60,49,47,58,35,37,,,,,,
aut,Austria,altach,SCR Altach,23,ST,TBD,TBD,TBD,TBD,0,25,25,47,55,55,55,40,53,35,49,,,,,,
aut,Austria,altach,SCR Altach,24,ST,TBD,TBD,TBD,TBD,0,25,25,47,55,55,55,40,53,35,49,,,,,,
aut,Austria,altach,SCR Altach,25,ST,TBD,TBD,TBD,TBD,0,25,25,47,55,55,55,40,53,35,49,,,,,,
fin,Finland,sjk,SJK Seinäjoki,1,GK,TBD,TBD,TBD,TBD,0,25,25,45,53,,,,,,,47,45,43,48,35,46
fin,Finland,sjk,SJK Seinäjoki,2,GK,TBD,TBD,TBD,TBD,0,25,25,45,53,,,,,,,47,45,43,48,35,46
fin,Finland,sjk,SJK Seinäjoki,3,CB,TBD,TBD,TBD,TBD,0,25,25,45,53,37,35,35,35,49,51,,,,,,
fin,Finland,sjk,SJK Seinäjoki,4,CB,TBD,TBD,TBD,TBD,0,25,25,45,53,37,35,35,35,49,51,,,,,,
fin,Finland,sjk,SJK Seinäjoki,5,CB,TBD,TBD,TBD,TBD,0,25,25,45,53,37,35,35,35,49,51,,,,,,
fin,Finland,sjk,SJK Seinäjoki,6,CB,TBD,TBD,TBD,TBD,0,25,25,45,53,37,35,35,35,49,51,,,,,,
fin,Finland,sjk,SJK Seinäjoki,7,CB,TBD,TBD,TBD,TBD,0,25,25,45,53,37,35,35,35,49,51,,,,,,
fin,Finland,sjk,SJK Seinäjoki,8,LB,TBD,TBD,TBD,TBD,0,25,25,46,54,51,35,44,48,46,47,,,,,,
fin,Finland,sjk,SJK Seinäjoki,9,LB,TBD,TBD,TBD,TBD,0,25,25,46,54,51,35,44,48,46,47,,,,,,
fin,Finland,sjk,SJK Seinäjoki,10,RB,TBD,TBD,TBD,TBD,0,25,25,46,54,51,35,44,48,46,47,,,,,,
fin,Finland,sjk,SJK Seinäjoki,11,RB,TBD,TBD,TBD,TBD,0,25,25,46,54,51,35,44,48,46,47,,,,,,
fin,Finland,sjk,SJK Seinäjoki,12,CDM,TBD,TBD,TBD,TBD,0,25,25,46,54,43,35,48,46,50,51,,,,,,
fin,Finland,sjk,SJK Seinäjoki,13,CM,TBD,TBD,TBD,TBD,0,25,25,47,55,46,43,51,52,45,47,,,,,,
fin,Finland,sjk,SJK Seinäjoki,14,CM,TBD,TBD,TBD,TBD,0,25,25,47,55,46,43,51,52,45,47,,,,,,
fin,Finland,sjk,SJK Seinäjoki,15,CM,TBD,TBD,TBD,TBD,0,25,25,47,55,46,43,51,52,45,47,,,,,,
fin,Finland,sjk,SJK Seinäjoki,16,CM,TBD,TBD,TBD,TBD,0,25,25,47,55,46,43,51,52,45,47,,,,,,
fin,Finland,sjk,SJK Seinäjoki,17,CM,TBD,TBD,TBD,TBD,0,25,25,47,55,46,43,51,52,45,47,,,,,,
fin,Finland,sjk,SJK Seinäjoki,18,CAM,TBD,TBD,TBD,TBD,0,25,25,47,55,50,49,55,57,35,39,,,,,,
fin,Finland,sjk,SJK Seinäjoki,19,LW,TBD,TBD,TBD,TBD,0,25,25,47,55,60,49,47,58,35,37,,,,,,
fin,Finland,sjk,SJK Seinäjoki,20,LW,TBD,TBD,TBD,TBD,0,25,25,47,55,60,49,47,58,35,37,,,,,,
fin,Finland,sjk,SJK Seinäjoki,21,RW,TBD,TBD,TBD,TBD,0,25,25,47,55,60,49,47,58,35,37,,,,,,
fin,Finland,sjk,SJK Seinäjoki,22,RW,TBD,TBD,TBD,TBD,0,25,25,47,55,60,49,47,58,35,37,,,,,,
fin,Finland,sjk,SJK Seinäjoki,23,ST,TBD,TBD,TBD,TBD,0,25,25,47,55,55,55,40,53,35,49,,,,,,
fin,Finland,sjk,SJK Seinäjoki,24,ST,TBD,TBD,TBD,TBD,0,25,25,47,55,55,55,40,53,35,49,,,,,,
fin,Finland,sjk,SJK Seinäjoki,25,ST,TBD,TBD,TBD,TBD,0,25,25,47,55,55,55,40,53,35,49,,,,,,
aut,Austria,austria-klagenfurt,SK Austria Klagenfurt,1,GK,TBD,TBD,TBD,TBD,0,25,25,45,53,,,,,,,47,45,43,48,35,46
aut,Austria,austria-klagenfurt,SK Austria Klagenfurt,2,GK,TBD,TBD,TBD,TBD,0,25,25,45,53,,,,,,,47,45,43,48,35,46
aut,Austria,austria-klagenfurt,SK Austria Klagenfurt,3,CB,TBD,TBD,TBD,TBD,0,25,25,45,53,37,35,35,35,49,51,,,,,,
aut,Austria,austria-klagenfurt,SK Austria Klagenfurt,4,CB,TBD,TBD,TBD,TBD,0,25,25,45,53,37,35,35,35,49,51,,,,,,
aut,Austria,austria-klagenfurt,SK Austria Klagenfurt,5,CB,TBD,TBD,TBD,TBD,0,25,25,45,53,37,35,35,35,49,51,,,,,,
aut,Austria,austria-klagenfurt,SK Austria Klagenfurt,6,CB,TBD,TBD,TBD,TBD,0,25,25,45,53,37,35,35,35,49,51,,,,,,
aut,Austria,austria-klagenfurt,SK Austria Klagenfurt,7,CB,TBD,TBD,TBD,TBD,0,25,25,45,53,37,35,35,35,49,51,,,,,,
aut,Austria,austria-klagenfurt,SK Austria Klagenfurt,8,LB,TBD,TBD,TBD,TBD,0,25,25,46,54,51,35,44,48,46,47,,,,,,
aut,Austria,austria-klagenfurt,SK Austria Klagenfurt,9,LB,TBD,TBD,TBD,TBD,0,25,25,46,54,51,35,44,48,46,47,,,,,,
aut,Austria,austria-klagenfurt,SK Austria Klagenfurt,10,RB,TBD,TBD,TBD,TBD,0,25,25,46,54,51,35,44,48,46,47,,,,,,
aut,Austria,austria-klagenfurt,SK Austria Klagenfurt,11,RB,TBD,TBD,TBD,TBD,0,25,25,46,54,51,35,44,48,46,47,,,,,,
aut,Austria,austria-klagenfurt,SK Austria Klagenfurt,12,CDM,TBD,TBD,TBD,TBD,0,25,25,46,54,43,35,48,46,50,51,,,,,,
aut,Austria,austria-klagenfurt,SK Austria Klagenfurt,13,CM,TBD,TBD,TBD,TBD,0,25,25,47,55,46,43,51,52,45,47,,,,,,
aut,Austria,austria-klagenfurt,SK Austria Klagenfurt,14,CM,TBD,TBD,TBD,TBD,0,25,25,47,55,46,43,51,52,45,47,,,,,,
aut,Austria,austria-klagenfurt,SK Austria Klagenfurt,15,CM,TBD,TBD,TBD,TBD,0,25,25,47,55,46,43,51,52,45,47,,,,,,
aut,Austria,austria-klagenfurt,SK Austria Klagenfurt,16,CM,TBD,TBD,TBD,TBD,0,25,25,47,55,46,43,51,52,45,47,,,,,,
aut,Austria,austria-klagenfurt,SK Austria Klagenfurt,17,CM,TBD,TBD,TBD,TBD,0,25,25,47,55,46,43,51,52,45,47,,,,,,
aut,Austria,austria-klagenfurt,SK Austria Klagenfurt,18,CAM,TBD,TBD,TBD,TBD,0,25,25,47,55,50,49,55,57,35,39,,,,,,
aut,Austria,austria-klagenfurt,SK Austria Klagenfurt,19,LW,TBD,TBD,TBD,TBD,0,25,25,47,55,60,49,47,58,35,37,,,,,,
aut,Austria,austria-klagenfurt,SK Austria Klagenfurt,20,LW,TBD,TBD,TBD,TBD,0,25,25,47,55,60,49,47,58,35,37,,,,,,
aut,Austria,austria-klagenfurt,SK Austria Klagenfurt,21,RW,TBD,TBD,TBD,TBD,0,25,25,47,55,60,49,47,58,35,37,,,,,,
aut,Austria,austria-klagenfurt,SK Austria Klagenfurt,22,RW,TBD,TBD,TBD,TBD,0,25,25,47,55,60,49,47,58,35,37,,,,,,
aut,Austria,austria-klagenfurt,SK Austria Klagenfurt,23,ST,TBD,TBD,TBD,TBD,0,25,25,47,55,55,55,40,53,35,49,,,,,,
aut,Austria,austria-klagenfurt,SK Austria Klagenfurt,24,ST,TBD,TBD,TBD,TBD,0,25,25,47,55,55,55,40,53,35,49,,,,,,
aut,Austria,austria-klagenfurt,SK Austria Klagenfurt,25,ST,TBD,TBD,TBD,TBD,0,25,25,47,55,55,55,40,53,35,49,,,,,,
nor,Norway,brann,SK Brann,1,GK,TBD,TBD,TBD,TBD,0,25,25,53,61,,,,,,,55,53,51,56,35,54
nor,Norway,brann,SK Brann,2,GK,TBD,TBD,TBD,TBD,0,25,25,53,61,,,,,,,55,53,51,56,35,54
nor,Norway,brann,SK Brann,3,CB,TBD,TBD,TBD,TBD,0,25,25,53,61,45,35,43,41,57,59,,,,,,
nor,Norway,brann,SK Brann,4,CB,TBD,TBD,TBD,TBD,0,25,25,53,61,45,35,43,41,57,59,,,,,,
nor,Norway,brann,SK Brann,5,CB,TBD,TBD,TBD,TBD,0,25,25,53,61,45,35,43,41,57,59,,,,,,
nor,Norway,brann,SK Brann,6,CB,TBD,TBD,TBD,TBD,0,25,25,53,61,45,35,43,41,57,59,,,,,,
nor,Norway,brann,SK Brann,7,CB,TBD,TBD,TBD,TBD,0,25,25,53,61,45,35,43,41,57,59,,,,,,
nor,Norway,brann,SK Brann,8,LB,TBD,TBD,TBD,TBD,0,25,25,54,62,59,36,52,56,54,55,,,,,,
nor,Norway,brann,SK Brann,9,LB,TBD,TBD,TBD,TBD,0,25,25,54,62,59,36,52,56,54,55,,,,,,
nor,Norway,brann,SK Brann,10,RB,TBD,TBD,TBD,TBD,0,25,25,54,62,59,36,52,56,54,55,,,,,,
nor,Norway,brann,SK Brann,11,RB,TBD,TBD,TBD,TBD,0,25,25,54,62,59,36,52,56,54,55,,,,,,
nor,Norway,brann,SK Brann,12,CDM,TBD,TBD,TBD,TBD,0,25,25,54,62,51,42,56,54,58,59,,,,,,
nor,Norway,brann,SK Brann,13,CM,TBD,TBD,TBD,TBD,0,25,25,55,63,54,51,59,60,53,55,,,,,,
nor,Norway,brann,SK Brann,14,CM,TBD,TBD,TBD,TBD,0,25,25,55,63,54,51,59,60,53,55,,,,,,
nor,Norway,brann,SK Brann,15,CM,TBD,TBD,TBD,TBD,0,25,25,55,63,54,51,59,60,53,55,,,,,,
nor,Norway,brann,SK Brann,16,CM,TBD,TBD,TBD,TBD,0,25,25,55,63,54,51,59,60,53,55,,,,,,
nor,Norway,brann,SK Brann,17,CM,TBD,TBD,TBD,TBD,0,25,25,55,63,54,51,59,60,53,55,,,,,,
nor,Norway,brann,SK Brann,18,CAM,TBD,TBD,TBD,TBD,0,25,25,55,63,58,57,63,65,37,47,,,,,,
nor,Norway,brann,SK Brann,19,LW,TBD,TBD,TBD,TBD,0,25,25,55,63,68,57,55,66,35,45,,,,,,
nor,Norway,brann,SK Brann,20,LW,TBD,TBD,TBD,TBD,0,25,25,55,63,68,57,55,66,35,45,,,,,,
nor,Norway,brann,SK Brann,21,RW,TBD,TBD,TBD,TBD,0,25,25,55,63,68,57,55,66,35,45,,,,,,
nor,Norway,brann,SK Brann,22,RW,TBD,TBD,TBD,TBD,0,25,25,55,63,68,57,55,66,35,45,,,,,,
nor,Norway,brann,SK Brann,23,ST,TBD,TBD,TBD,TBD,0,25,25,55,63,63,63,48,61,35,57,,,,,,
nor,Norway,brann,SK Brann,24,ST,TBD,TBD,TBD,TBD,0,25,25,55,63,63,63,48,61,35,57,,,,,,
nor,Norway,brann,SK Brann,25,ST,TBD,TBD,TBD,TBD,0,25,25,55,63,63,63,48,61,35,57,,,,,,
cze,Czechia,ceske-budejovice,SK Dynamo České Budějovice,1,GK,TBD,TBD,TBD,TBD,0,25,25,45,53,,,,,,,47,45,43,48,35,46
cze,Czechia,ceske-budejovice,SK Dynamo České Budějovice,2,GK,TBD,TBD,TBD,TBD,0,25,25,45,53,,,,,,,47,45,43,48,35,46
cze,Czechia,ceske-budejovice,SK Dynamo České Budějovice,3,CB,TBD,TBD,TBD,TBD,0,25,25,45,53,37,35,35,35,49,51,,,,,,
cze,Czechia,ceske-budejovice,SK Dynamo České Budějovice,4,CB,TBD,TBD,TBD,TBD,0,25,25,45,53,37,35,35,35,49,51,,,,,,
cze,Czechia,ceske-budejovice,SK Dynamo České Budějovice,5,CB,TBD,TBD,TBD,TBD,0,25,25,45,53,37,35,35,35,49,51,,,,,,
cze,Czechia,ceske-budejovice,SK Dynamo České Budějovice,6,CB,TBD,TBD,TBD,TBD,0,25,25,45,53,37,35,35,35,49,51,,,,,,
cze,Czechia,ceske-budejovice,SK Dynamo České Budějovice,7,CB,TBD,TBD,TBD,TBD,0,25,25,45,53,37,35,35,35,49,51,,,,,,
cze,Czechia,ceske-budejovice,SK Dynamo České Budějovice,8,LB,TBD,TBD,TBD,TBD,0,25,25,46,54,51,35,44,48,46,47,,,,,,
cze,Czechia,ceske-budejovice,SK Dynamo České Budějovice,9,LB,TBD,TBD,TBD,TBD,0,25,25,46,54,51,35,44,48,46,47,,,,,,
cze,Czechia,ceske-budejovice,SK Dynamo České Budějovice,10,RB,TBD,TBD,TBD,TBD,0,25,25,46,54,51,35,44,48,46,47,,,,,,
cze,Czechia,ceske-budejovice,SK Dynamo České Budějovice,11,RB,TBD,TBD,TBD,TBD,0,25,25,46,54,51,35,44,48,46,47,,,,,,
cze,Czechia,ceske-budejovice,SK Dynamo České Budějovice,12,CDM,TBD,TBD,TBD,TBD,0,25,25,46,54,43,35,48,46,50,51,,,,,,
cze,Czechia,ceske-budejovice,SK Dynamo České Budějovice,13,CM,TBD,TBD,TBD,TBD,0,25,25,47,55,46,43,51,52,45,47,,,,,,
cze,Czechia,ceske-budejovice,SK Dynamo České Budějovice,14,CM,TBD,TBD,TBD,TBD,0,25,25,47,55,46,43,51,52,45,47,,,,,,
cze,Czechia,ceske-budejovice,SK Dynamo České Budějovice,15,CM,TBD,TBD,TBD,TBD,0,25,25,47,55,46,43,51,52,45,47,,,,,,
cze,Czechia,ceske-budejovice,SK Dynamo České Budějovice,16,CM,TBD,TBD,TBD,TBD,0,25,25,47,55,46,43,51,52,45,47,,,,,,
cze,Czechia,ceske-budejovice,SK Dynamo České Budějovice,17,CM,TBD,TBD,TBD,TBD,0,25,25,47,55,46,43,51,52,45,47,,,,,,
cze,Czechia,ceske-budejovice,SK Dynamo České Budějovice,18,CAM,TBD,TBD,TBD,TBD,0,25,25,47,55,50,49,55,57,35,39,,,,,,
cze,Czechia,ceske-budejovice,SK Dynamo České Budějovice,19,LW,TBD,TBD,TBD,TBD,0,25,25,47,55,60,49,47,58,35,37,,,,,,
cze,Czechia,ceske-budejovice,SK Dynamo České Budějovice,20,LW,TBD,TBD,TBD,TBD,0,25,25,47,55,60,49,47,58,35,37,,,,,,
cze,Czechia,ceske-budejovice,SK Dynamo České Budějovice,21,RW,TBD,TBD,TBD,TBD,0,25,25,47,55,60,49,47,58,35,37,,,,,,
cze,Czechia,ceske-budejovice,SK Dynamo České Budějovice,22,RW,TBD,TBD,TBD,TBD,0,25,25,47,55,60,49,47,58,35,37,,,,,,
cze,Czechia,ceske-budejovice,SK Dynamo České Budějovice,23,ST,TBD,TBD,TBD,TBD,0,25,25,47,55,55,55,40,53,35,49,,,,,,
cze,Czechia,ceske-budejovice,SK Dynamo České Budějovice,24,ST,TBD,TBD,TBD,TBD,0,25,25,47,55,55,55,40,53,35,49,,,,,,
cze,Czechia,ceske-budejovice,SK Dynamo České Budějovice,25,ST,TBD,TBD,TBD,TBD,0,25,25,47,55,55,55,40,53,35,49,,,,,,
aut,Austria,rapid-wien,SK Rapid Wien,1,GK,TBD,TBD,TBD,TBD,0,25,25,55,63,,,,,,,57,55,53,58,35,56
aut,Austria,rapid-wien,SK Rapid Wien,2,GK,TBD,TBD,TBD,TBD,0,25,25,55,63,,,,,,,57,55,53,58,35,56
aut,Austria,rapid-wien,SK Rapid Wien,3,CB,TBD,TBD,TBD,TBD,0,25,25,55,63,47,35,45,43,59,61,,,,,,
aut,Austria,rapid-wien,SK Rapid Wien,4,CB,TBD,TBD,TBD,TBD,0,25,25,55,63,47,35,45,43,59,61,,,,,,
aut,Austria,rapid-wien,SK Rapid Wien,5,CB,TBD,TBD,TBD,TBD,0,25,25,55,63,47,35,45,43,59,61,,,,,,
aut,Austria,rapid-wien,SK Rapid Wien,6,CB,TBD,TBD,TBD,TBD,0,25,25,55,63,47,35,45,43,59,61,,,,,,
aut,Austria,rapid-wien,SK Rapid Wien,7,CB,TBD,TBD,TBD,TBD,0,25,25,55,63,47,35,45,43,59,61,,,,,,
aut,Austria,rapid-wien,SK Rapid Wien,8,LB,TBD,TBD,TBD,TBD,0,25,25,56,64,61,38,54,58,56,57,,,,,,
aut,Austria,rapid-wien,SK Rapid Wien,9,LB,TBD,TBD,TBD,TBD,0,25,25,56,64,61,38,54,58,56,57,,,,,,
aut,Austria,rapid-wien,SK Rapid Wien,10,RB,TBD,TBD,TBD,TBD,0,25,25,56,64,61,38,54,58,56,57,,,,,,
aut,Austria,rapid-wien,SK Rapid Wien,11,RB,TBD,TBD,TBD,TBD,0,25,25,56,64,61,38,54,58,56,57,,,,,,
aut,Austria,rapid-wien,SK Rapid Wien,12,CDM,TBD,TBD,TBD,TBD,0,25,25,56,64,53,44,58,56,60,61,,,,,,
aut,Austria,rapid-wien,SK Rapid Wien,13,CM,TBD,TBD,TBD,TBD,0,25,25,57,65,56,53,61,62,55,57,,,,,,
aut,Austria,rapid-wien,SK Rapid Wien,14,CM,TBD,TBD,TBD,TBD,0,25,25,57,65,56,53,61,62,55,57,,,,,,
aut,Austria,rapid-wien,SK Rapid Wien,15,CM,TBD,TBD,TBD,TBD,0,25,25,57,65,56,53,61,62,55,57,,,,,,
aut,Austria,rapid-wien,SK Rapid Wien,16,CM,TBD,TBD,TBD,TBD,0,25,25,57,65,56,53,61,62,55,57,,,,,,
aut,Austria,rapid-wien,SK Rapid Wien,17,CM,TBD,TBD,TBD,TBD,0,25,25,57,65,56,53,61,62,55,57,,,,,,
aut,Austria,rapid-wien,SK Rapid Wien,18,CAM,TBD,TBD,TBD,TBD,0,25,25,57,65,60,59,65,67,39,49,,,,,,
aut,Austria,rapid-wien,SK Rapid Wien,19,LW,TBD,TBD,TBD,TBD,0,25,25,57,65,70,59,57,68,35,47,,,,,,
aut,Austria,rapid-wien,SK Rapid Wien,20,LW,TBD,TBD,TBD,TBD,0,25,25,57,65,70,59,57,68,35,47,,,,,,
aut,Austria,rapid-wien,SK Rapid Wien,21,RW,TBD,TBD,TBD,TBD,0,25,25,57,65,70,59,57,68,35,47,,,,,,
aut,Austria,rapid-wien,SK Rapid Wien,22,RW,TBD,TBD,TBD,TBD,0,25,25,57,65,70,59,57,68,35,47,,,,,,
aut,Austria,rapid-wien,SK Rapid Wien,23,ST,TBD,TBD,TBD,TBD,0,25,25,57,65,65,65,50,63,35,59,,,,,,
aut,Austria,rapid-wien,SK Rapid Wien,24,ST,TBD,TBD,TBD,TBD,0,25,25,57,65,65,65,50,63,35,59,,,,,,
aut,Austria,rapid-wien,SK Rapid Wien,25,ST,TBD,TBD,TBD,TBD,0,25,25,57,65,65,65,50,63,35,59,,,,,,
cze,Czechia,sigma-olomouc,SK Sigma Olomouc,1,GK,TBD,TBD,TBD,TBD,0,25,25,48,56,,,,,,,50,48,46,51,35,49
cze,Czechia,sigma-olomouc,SK Sigma Olomouc,2,GK,TBD,TBD,TBD,TBD,0,25,25,48,56,,,,,,,50,48,46,51,35,49
cze,Czechia,sigma-olomouc,SK Sigma Olomouc,3,CB,TBD,TBD,TBD,TBD,0,25,25,48,56,40,35,38,36,52,54,,,,,,
cze,Czechia,sigma-olomouc,SK Sigma Olomouc,4,CB,TBD,TBD,TBD,TBD,0,25,25,48,56,40,35,38,36,52,54,,,,,,
cze,Czechia,sigma-olomouc,SK Sigma Olomouc,5,CB,TBD,TBD,TBD,TBD,0,25,25,48,56,40,35,38,36,52,54,,,,,,
cze,Czechia,sigma-olomouc,SK Sigma Olomouc,6,CB,TBD,TBD,TBD,TBD,0,25,25,48,56,40,35,38,36,52,54,,,,,,
cze,Czechia,sigma-olomouc,SK Sigma Olomouc,7,CB,TBD,TBD,TBD,TBD,0,25,25,48,56,40,35,38,36,52,54,,,,,,
cze,Czechia,sigma-olomouc,SK Sigma Olomouc,8,LB,TBD,TBD,TBD,TBD,0,25,25,49,57,54,35,47,51,49,50,,,,,,
cze,Czechia,sigma-olomouc,SK Sigma Olomouc,9,LB,TBD,TBD,TBD,TBD,0,25,25,49,57,54,35,47,51,49,50,,,,,,
cze,Czechia,sigma-olomouc,SK Sigma Olomouc,10,RB,TBD,TBD,TBD,TBD,0,25,25,49,57,54,35,47,51,49,50,,,,,,
cze,Czechia,sigma-olomouc,SK Sigma Olomouc,11,RB,TBD,TBD,TBD,TBD,0,25,25,49,57,54,35,47,51,49,50,,,,,,
cze,Czechia,sigma-olomouc,SK Sigma Olomouc,12,CDM,TBD,TBD,TBD,TBD,0,25,25,49,57,46,37,51,49,53,54,,,,,,
cze,Czechia,sigma-olomouc,SK Sigma Olomouc,13,CM,TBD,TBD,TBD,TBD,0,25,25,50,58,49,46,54,55,48,50,,,,,,
cze,Czechia,sigma-olomouc,SK Sigma Olomouc,14,CM,TBD,TBD,TBD,TBD,0,25,25,50,58,49,46,54,55,48,50,,,,,,
cze,Czechia,sigma-olomouc,SK Sigma Olomouc,15,CM,TBD,TBD,TBD,TBD,0,25,25,50,58,49,46,54,55,48,50,,,,,,
cze,Czechia,sigma-olomouc,SK Sigma Olomouc,16,CM,TBD,TBD,TBD,TBD,0,25,25,50,58,49,46,54,55,48,50,,,,,,
cze,Czechia,sigma-olomouc,SK Sigma Olomouc,17,CM,TBD,TBD,TBD,TBD,0,25,25,50,58,49,46,54,55,48,50,,,,,,
cze,Czechia,sigma-olomouc,SK Sigma Olomouc,18,CAM,TBD,TBD,TBD,TBD,0,25,25,50,58,53,52,58,60,35,42,,,,,,
cze,Czechia,sigma-olomouc,SK Sigma Olomouc,19,LW,TBD,TBD,TBD,TBD,0,25,25,50,58,63,52,50,61,35,40,,,,,,
cze,Czechia,sigma-olomouc,SK Sigma Olomouc,20,LW,TBD,TBD,TBD,TBD,0,25,25,50,58,63,52,50,61,35,40,,,,,,
cze,Czechia,sigma-olomouc,SK Sigma Olomouc,21,RW,TBD,TBD,TBD,TBD,0,25,25,50,58,63,52,50,61,35,40,,,,,,
cze,Czechia,sigma-olomouc,SK Sigma Olomouc,22,RW,TBD,TBD,TBD,TBD,0,25,25,50,58,63,52,50,61,35,40,,,,,,
cze,Czechia,sigma-olomouc,SK Sigma Olomouc,23,ST,TBD,TBD,TBD,TBD,0,25,25,50,58,58,58,43,56,35,52,,,,,,
cze,Czechia,sigma-olomouc,SK Sigma Olomouc,24,ST,TBD,TBD,TBD,TBD,0,25,25,50,58,58,58,43,56,35,52,,,,,,
cze,Czechia,sigma-olomouc,SK Sigma Olomouc,25,ST,TBD,TBD,TBD,TBD,0,25,25,50,58,58,58,43,56,35,52,,,,,,
cze,Czechia,slavia-prague,SK Slavia Prague,1,GK,TBD,TBD,TBD,TBD,0,25,25,58,66,,,,,,,60,58,56,61,35,59
cze,Czechia,slavia-prague,SK Slavia Prague,2,GK,TBD,TBD,TBD,TBD,0,25,25,58,66,,,,,,,60,58,56,61,35,59
cze,Czechia,slavia-prague,SK Slavia Prague,3,CB,TBD,TBD,TBD,TBD,0,25,25,58,66,50,35,48,46,62,64,,,,,,
cze,Czechia,slavia-prague,SK Slavia Prague,4,CB,TBD,TBD,TBD,TBD,0,25,25,58,66,50,35,48,46,62,64,,,,,,
cze,Czechia,slavia-prague,SK Slavia Prague,5,CB,TBD,TBD,TBD,TBD,0,25,25,58,66,50,35,48,46,62,64,,,,,,
cze,Czechia,slavia-prague,SK Slavia Prague,6,CB,TBD,TBD,TBD,TBD,0,25,25,58,66,50,35,48,46,62,64,,,,,,
cze,Czechia,slavia-prague,SK Slavia Prague,7,CB,TBD,TBD,TBD,TBD,0,25,25,58,66,50,35,48,46,62,64,,,,,,
cze,Czechia,slavia-prague,SK Slavia Prague,8,LB,TBD,TBD,TBD,TBD,0,25,25,59,67,64,41,57,61,59,60,,,,,,
cze,Czechia,slavia-prague,SK Slavia Prague,9,LB,TBD,TBD,TBD,TBD,0,25,25,59,67,64,41,57,61,59,60,,,,,,
cze,Czechia,slavia-prague,SK Slavia Prague,10,RB,TBD,TBD,TBD,TBD,0,25,25,59,67,64,41,57,61,59,60,,,,,,
cze,Czechia,slavia-prague,SK Slavia Prague,11,RB,TBD,TBD,TBD,TBD,0,25,25,59,67,64,41,57,61,59,60,,,,,,
cze,Czechia,slavia-prague,SK Slavia Prague,12,CDM,TBD,TBD,TBD,TBD,0,25,25,59,67,56,47,61,59,63,64,,,,,,
cze,Czechia,slavia-prague,SK Slavia Prague,13,CM,TBD,TBD,TBD,TBD,0,25,25,60,68,59,56,64,65,58,60,,,,,,
cze,Czechia,slavia-prague,SK Slavia Prague,14,CM,TBD,TBD,TBD,TBD,0,25,25,60,68,59,56,64,65,58,60,,,,,,
cze,Czechia,slavia-prague,SK Slavia Prague,15,CM,TBD,TBD,TBD,TBD,0,25,25,60,68,59,56,64,65,58,60,,,,,,
cze,Czechia,slavia-prague,SK Slavia Prague,16,CM,TBD,TBD,TBD,TBD,0,25,25,60,68,59,56,64,65,58,60,,,,,,
cze,Czechia,slavia-prague,SK Slavia Prague,17,CM,TBD,TBD,TBD,TBD,0,25,25,60,68,59,56,64,65,58,60,,,,,,
cze,Czechia,slavia-prague,SK Slavia Prague,18,CAM,TBD,TBD,TBD,TBD,0,25,25,60,68,63,62,68,70,42,52,,,,,,
cze,Czechia,slavia-prague,SK Slavia Prague,19,LW,TBD,TBD,TBD,TBD,0,25,25,60,68,73,62,60,71,35,50,,,,,,
cze,Czechia,slavia-prague,SK Slavia Prague,20,LW,TBD,TBD,TBD,TBD,0,25,25,60,68,73,62,60,71,35,50,,,,,,
cze,Czechia,slavia-prague,SK Slavia Prague,21,RW,TBD,TBD,TBD,TBD,0,25,25,60,68,73,62,60,71,35,50,,,,,,
cze,Czechia,slavia-prague,SK Slavia Prague,22,RW,TBD,TBD,TBD,TBD,0,25,25,60,68,73,62,60,71,35,50,,,,,,
cze,Czechia,slavia-prague,SK Slavia Prague,23,ST,TBD,TBD,TBD,TBD,0,25,25,60,68,68,68,53,66,35,62,,,,,,
cze,Czechia,slavia-prague,SK Slavia Prague,24,ST,TBD,TBD,TBD,TBD,0,25,25,60,68,68,68,53,66,35,62,,,,,,
cze,Czechia,slavia-prague,SK Slavia Prague,25,ST,TBD,TBD,TBD,TBD,0,25,25,60,68,68,68,53,66,35,62,,,,,,
aut,Austria,sturm-graz,SK Sturm Graz,1,GK,TBD,TBD,TBD,TBD,0,25,25,57,65,,,,,,,59,57,55,60,35,58
aut,Austria,sturm-graz,SK Sturm Graz,2,GK,TBD,TBD,TBD,TBD,0,25,25,57,65,,,,,,,59,57,55,60,35,58
aut,Austria,sturm-graz,SK Sturm Graz,3,CB,TBD,TBD,TBD,TBD,0,25,25,57,65,49,35,47,45,61,63,,,,,,
aut,Austria,sturm-graz,SK Sturm Graz,4,CB,TBD,TBD,TBD,TBD,0,25,25,57,65,49,35,47,45,61,63,,,,,,
aut,Austria,sturm-graz,SK Sturm Graz,5,CB,TBD,TBD,TBD,TBD,0,25,25,57,65,49,35,47,45,61,63,,,,,,
aut,Austria,sturm-graz,SK Sturm Graz,6,CB,TBD,TBD,TBD,TBD,0,25,25,57,65,49,35,47,45,61,63,,,,,,
aut,Austria,sturm-graz,SK Sturm Graz,7,CB,TBD,TBD,TBD,TBD,0,25,25,57,65,49,35,47,45,61,63,,,,,,
aut,Austria,sturm-graz,SK Sturm Graz,8,LB,TBD,TBD,TBD,TBD,0,25,25,58,66,63,40,56,60,58,59,,,,,,
aut,Austria,sturm-graz,SK Sturm Graz,9,LB,TBD,TBD,TBD,TBD,0,25,25,58,66,63,40,56,60,58,59,,,,,,
aut,Austria,sturm-graz,SK Sturm Graz,10,RB,TBD,TBD,TBD,TBD,0,25,25,58,66,63,40,56,60,58,59,,,,,,
aut,Austria,sturm-graz,SK Sturm Graz,11,RB,TBD,TBD,TBD,TBD,0,25,25,58,66,63,40,56,60,58,59,,,,,,
aut,Austria,sturm-graz,SK Sturm Graz,12,CDM,TBD,TBD,TBD,TBD,0,25,25,58,66,55,46,60,58,62,63,,,,,,
aut,Austria,sturm-graz,SK Sturm Graz,13,CM,TBD,TBD,TBD,TBD,0,25,25,59,67,58,55,63,64,57,59,,,,,,
aut,Austria,sturm-graz,SK Sturm Graz,14,CM,TBD,TBD,TBD,TBD,0,25,25,59,67,58,55,63,64,57,59,,,,,,
aut,Austria,sturm-graz,SK Sturm Graz,15,CM,TBD,TBD,TBD,TBD,0,25,25,59,67,58,55,63,64,57,59,,,,,,
aut,Austria,sturm-graz,SK Sturm Graz,16,CM,TBD,TBD,TBD,TBD,0,25,25,59,67,58,55,63,64,57,59,,,,,,
aut,Austria,sturm-graz,SK Sturm Graz,17,CM,TBD,TBD,TBD,TBD,0,25,25,59,67,58,55,63,64,57,59,,,,,,
aut,Austria,sturm-graz,SK Sturm Graz,18,CAM,TBD,TBD,TBD,TBD,0,25,25,59,67,62,61,67,69,41,51,,,,,,
aut,Austria,sturm-graz,SK Sturm Graz,19,LW,TBD,TBD,TBD,TBD,0,25,25,59,67,72,61,59,70,35,49,,,,,,
aut,Austria,sturm-graz,SK Sturm Graz,20,LW,TBD,TBD,TBD,TBD,0,25,25,59,67,72,61,59,70,35,49,,,,,,
aut,Austria,sturm-graz,SK Sturm Graz,21,RW,TBD,TBD,TBD,TBD,0,25,25,59,67,72,61,59,70,35,49,,,,,,
aut,Austria,sturm-graz,SK Sturm Graz,22,RW,TBD,TBD,TBD,TBD,0,25,25,59,67,72,61,59,70,35,49,,,,,,
aut,Austria,sturm-graz,SK Sturm Graz,23,ST,TBD,TBD,TBD,TBD,0,25,25,59,67,67,67,52,65,35,61,,,,,,
aut,Austria,sturm-graz,SK Sturm Graz,24,ST,TBD,TBD,TBD,TBD,0,25,25,59,67,67,67,52,65,35,61,,,,,,
aut,Austria,sturm-graz,SK Sturm Graz,25,ST,TBD,TBD,TBD,TBD,0,25,25,59,67,67,67,52,65,35,61,,,,,,
ita,Italy,lazio,SS Lazio,1,CB,TBD,TBD,TBD,TBD,25,25,3,73,81,65,43,63,61,77,79,,,,,,
ita,Italy,lazio,SS Lazio,2,CB,TBD,TBD,TBD,TBD,25,25,3,73,81,65,43,63,61,77,79,,,,,,
ita,Italy,lazio,SS Lazio,3,ST,TBD,TBD,TBD,TBD,25,25,3,75,80,83,83,68,81,45,77,,,,,,
ita,Italy,napoli,SSC Napoli,1,CM,TBD,TBD,TBD,TBD,23,25,2,83,88,82,79,87,88,81,83,,,,,,
ita,Italy,napoli,SSC Napoli,2,CAM,TBD,TBD,TBD,TBD,23,25,2,83,88,86,85,91,93,65,75,,,,,,
tur,Turkey,samsunspor,Samsunspor,1,GK,TBD,TBD,TBD,TBD,0,25,25,57,65,,,,,,,59,57,55,60,35,58
tur,Turkey,samsunspor,Samsunspor,2,GK,TBD,TBD,TBD,TBD,0,25,25,57,65,,,,,,,59,57,55,60,35,58
tur,Turkey,samsunspor,Samsunspor,3,CB,TBD,TBD,TBD,TBD,0,25,25,57,65,49,35,47,45,61,63,,,,,,
tur,Turkey,samsunspor,Samsunspor,4,CB,TBD,TBD,TBD,TBD,0,25,25,57,65,49,35,47,45,61,63,,,,,,
tur,Turkey,samsunspor,Samsunspor,5,CB,TBD,TBD,TBD,TBD,0,25,25,57,65,49,35,47,45,61,63,,,,,,
tur,Turkey,samsunspor,Samsunspor,6,CB,TBD,TBD,TBD,TBD,0,25,25,57,65,49,35,47,45,61,63,,,,,,
tur,Turkey,samsunspor,Samsunspor,7,CB,TBD,TBD,TBD,TBD,0,25,25,57,65,49,35,47,45,61,63,,,,,,
tur,Turkey,samsunspor,Samsunspor,8,LB,TBD,TBD,TBD,TBD,0,25,25,58,66,63,40,56,60,58,59,,,,,,
tur,Turkey,samsunspor,Samsunspor,9,LB,TBD,TBD,TBD,TBD,0,25,25,58,66,63,40,56,60,58,59,,,,,,
tur,Turkey,samsunspor,Samsunspor,10,RB,TBD,TBD,TBD,TBD,0,25,25,58,66,63,40,56,60,58,59,,,,,,
tur,Turkey,samsunspor,Samsunspor,11,RB,TBD,TBD,TBD,TBD,0,25,25,58,66,63,40,56,60,58,59,,,,,,
tur,Turkey,samsunspor,Samsunspor,12,CDM,TBD,TBD,TBD,TBD,0,25,25,58,66,55,46,60,58,62,63,,,,,,
tur,Turkey,samsunspor,Samsunspor,13,CM,TBD,TBD,TBD,TBD,0,25,25,59,67,58,55,63,64,57,59,,,,,,
tur,Turkey,samsunspor,Samsunspor,14,CM,TBD,TBD,TBD,TBD,0,25,25,59,67,58,55,63,64,57,59,,,,,,
tur,Turkey,samsunspor,Samsunspor,15,CM,TBD,TBD,TBD,TBD,0,25,25,59,67,58,55,63,64,57,59,,,,,,
tur,Turkey,samsunspor,Samsunspor,16,CM,TBD,TBD,TBD,TBD,0,25,25,59,67,58,55,63,64,57,59,,,,,,
tur,Turkey,samsunspor,Samsunspor,17,CM,TBD,TBD,TBD,TBD,0,25,25,59,67,58,55,63,64,57,59,,,,,,
tur,Turkey,samsunspor,Samsunspor,18,CAM,TBD,TBD,TBD,TBD,0,25,25,59,67,62,61,67,69,41,51,,,,,,
tur,Turkey,samsunspor,Samsunspor,19,LW,TBD,TBD,TBD,TBD,0,25,25,59,67,72,61,59,70,35,49,,,,,,
tur,Turkey,samsunspor,Samsunspor,20,LW,TBD,TBD,TBD,TBD,0,25,25,59,67,72,61,59,70,35,49,,,,,,
tur,Turkey,samsunspor,Samsunspor,21,RW,TBD,TBD,TBD,TBD,0,25,25,59,67,72,61,59,70,35,49,,,,,,
tur,Turkey,samsunspor,Samsunspor,22,RW,TBD,TBD,TBD,TBD,0,25,25,59,67,72,61,59,70,35,49,,,,,,
tur,Turkey,samsunspor,Samsunspor,23,ST,TBD,TBD,TBD,TBD,0,25,25,59,67,67,67,52,65,35,61,,,,,,
tur,Turkey,samsunspor,Samsunspor,24,ST,TBD,TBD,TBD,TBD,0,25,25,59,67,67,67,52,65,35,61,,,,,,
tur,Turkey,samsunspor,Samsunspor,25,ST,TBD,TBD,TBD,TBD,0,25,25,59,67,67,67,52,65,35,61,,,,,,
nor,Norway,sandefjord,Sandefjord Fotball,1,GK,TBD,TBD,TBD,TBD,0,25,25,45,53,,,,,,,47,45,43,48,35,46
nor,Norway,sandefjord,Sandefjord Fotball,2,GK,TBD,TBD,TBD,TBD,0,25,25,45,53,,,,,,,47,45,43,48,35,46
nor,Norway,sandefjord,Sandefjord Fotball,3,CB,TBD,TBD,TBD,TBD,0,25,25,45,53,37,35,35,35,49,51,,,,,,
nor,Norway,sandefjord,Sandefjord Fotball,4,CB,TBD,TBD,TBD,TBD,0,25,25,45,53,37,35,35,35,49,51,,,,,,
nor,Norway,sandefjord,Sandefjord Fotball,5,CB,TBD,TBD,TBD,TBD,0,25,25,45,53,37,35,35,35,49,51,,,,,,
nor,Norway,sandefjord,Sandefjord Fotball,6,CB,TBD,TBD,TBD,TBD,0,25,25,45,53,37,35,35,35,49,51,,,,,,
nor,Norway,sandefjord,Sandefjord Fotball,7,CB,TBD,TBD,TBD,TBD,0,25,25,45,53,37,35,35,35,49,51,,,,,,
nor,Norway,sandefjord,Sandefjord Fotball,8,LB,TBD,TBD,TBD,TBD,0,25,25,46,54,51,35,44,48,46,47,,,,,,
nor,Norway,sandefjord,Sandefjord Fotball,9,LB,TBD,TBD,TBD,TBD,0,25,25,46,54,51,35,44,48,46,47,,,,,,
nor,Norway,sandefjord,Sandefjord Fotball,10,RB,TBD,TBD,TBD,TBD,0,25,25,46,54,51,35,44,48,46,47,,,,,,
nor,Norway,sandefjord,Sandefjord Fotball,11,RB,TBD,TBD,TBD,TBD,0,25,25,46,54,51,35,44,48,46,47,,,,,,
nor,Norway,sandefjord,Sandefjord Fotball,12,CDM,TBD,TBD,TBD,TBD,0,25,25,46,54,43,35,48,46,50,51,,,,,,
nor,Norway,sandefjord,Sandefjord Fotball,13,CM,TBD,TBD,TBD,TBD,0,25,25,47,55,46,43,51,52,45,47,,,,,,
nor,Norway,sandefjord,Sandefjord Fotball,14,CM,TBD,TBD,TBD,TBD,0,25,25,47,55,46,43,51,52,45,47,,,,,,
nor,Norway,sandefjord,Sandefjord Fotball,15,CM,TBD,TBD,TBD,TBD,0,25,25,47,55,46,43,51,52,45,47,,,,,,
nor,Norway,sandefjord,Sandefjord Fotball,16,CM,TBD,TBD,TBD,TBD,0,25,25,47,55,46,43,51,52,45,47,,,,,,
nor,Norway,sandefjord,Sandefjord Fotball,17,CM,TBD,TBD,TBD,TBD,0,25,25,47,55,46,43,51,52,45,47,,,,,,
nor,Norway,sandefjord,Sandefjord Fotball,18,CAM,TBD,TBD,TBD,TBD,0,25,25,47,55,50,49,55,57,35,39,,,,,,
nor,Norway,sandefjord,Sandefjord Fotball,19,LW,TBD,TBD,TBD,TBD,0,25,25,47,55,60,49,47,58,35,37,,,,,,
nor,Norway,sandefjord,Sandefjord Fotball,20,LW,TBD,TBD,TBD,TBD,0,25,25,47,55,60,49,47,58,35,37,,,,,,
nor,Norway,sandefjord,Sandefjord Fotball,21,RW,TBD,TBD,TBD,TBD,0,25,25,47,55,60,49,47,58,35,37,,,,,,
nor,Norway,sandefjord,Sandefjord Fotball,22,RW,TBD,TBD,TBD,TBD,0,25,25,47,55,60,49,47,58,35,37,,,,,,
nor,Norway,sandefjord,Sandefjord Fotball,23,ST,TBD,TBD,TBD,TBD,0,25,25,47,55,55,55,40,53,35,49,,,,,,
nor,Norway,sandefjord,Sandefjord Fotball,24,ST,TBD,TBD,TBD,TBD,0,25,25,47,55,55,55,40,53,35,49,,,,,,
nor,Norway,sandefjord,Sandefjord Fotball,25,ST,TBD,TBD,TBD,TBD,0,25,25,47,55,55,55,40,53,35,49,,,,,,
nor,Norway,sarpsborg,Sarpsborg 08 FF,1,GK,TBD,TBD,TBD,TBD,0,25,25,47,55,,,,,,,49,47,45,50,35,48
nor,Norway,sarpsborg,Sarpsborg 08 FF,2,GK,TBD,TBD,TBD,TBD,0,25,25,47,55,,,,,,,49,47,45,50,35,48
nor,Norway,sarpsborg,Sarpsborg 08 FF,3,CB,TBD,TBD,TBD,TBD,0,25,25,47,55,39,35,37,35,51,53,,,,,,
nor,Norway,sarpsborg,Sarpsborg 08 FF,4,CB,TBD,TBD,TBD,TBD,0,25,25,47,55,39,35,37,35,51,53,,,,,,
nor,Norway,sarpsborg,Sarpsborg 08 FF,5,CB,TBD,TBD,TBD,TBD,0,25,25,47,55,39,35,37,35,51,53,,,,,,
nor,Norway,sarpsborg,Sarpsborg 08 FF,6,CB,TBD,TBD,TBD,TBD,0,25,25,47,55,39,35,37,35,51,53,,,,,,
nor,Norway,sarpsborg,Sarpsborg 08 FF,7,CB,TBD,TBD,TBD,TBD,0,25,25,47,55,39,35,37,35,51,53,,,,,,
nor,Norway,sarpsborg,Sarpsborg 08 FF,8,LB,TBD,TBD,TBD,TBD,0,25,25,48,56,53,35,46,50,48,49,,,,,,
nor,Norway,sarpsborg,Sarpsborg 08 FF,9,LB,TBD,TBD,TBD,TBD,0,25,25,48,56,53,35,46,50,48,49,,,,,,
nor,Norway,sarpsborg,Sarpsborg 08 FF,10,RB,TBD,TBD,TBD,TBD,0,25,25,48,56,53,35,46,50,48,49,,,,,,
nor,Norway,sarpsborg,Sarpsborg 08 FF,11,RB,TBD,TBD,TBD,TBD,0,25,25,48,56,53,35,46,50,48,49,,,,,,
nor,Norway,sarpsborg,Sarpsborg 08 FF,12,CDM,TBD,TBD,TBD,TBD,0,25,25,48,56,45,36,50,48,52,53,,,,,,
nor,Norway,sarpsborg,Sarpsborg 08 FF,13,CM,TBD,TBD,TBD,TBD,0,25,25,49,57,48,45,53,54,47,49,,,,,,
nor,Norway,sarpsborg,Sarpsborg 08 FF,14,CM,TBD,TBD,TBD,TBD,0,25,25,49,57,48,45,53,54,47,49,,,,,,
nor,Norway,sarpsborg,Sarpsborg 08 FF,15,CM,TBD,TBD,TBD,TBD,0,25,25,49,57,48,45,53,54,47,49,,,,,,
nor,Norway,sarpsborg,Sarpsborg 08 FF,16,CM,TBD,TBD,TBD,TBD,0,25,25,49,57,48,45,53,54,47,49,,,,,,
nor,Norway,sarpsborg,Sarpsborg 08 FF,17,CM,TBD,TBD,TBD,TBD,0,25,25,49,57,48,45,53,54,47,49,,,,,,
nor,Norway,sarpsborg,Sarpsborg 08 FF,18,CAM,TBD,TBD,TBD,TBD,0,25,25,49,57,52,51,57,59,35,41,,,,,,
nor,Norway,sarpsborg,Sarpsborg 08 FF,19,LW,TBD,TBD,TBD,TBD,0,25,25,49,57,62,51,49,60,35,39,,,,,,
nor,Norway,sarpsborg,Sarpsborg 08 FF,20,LW,TBD,TBD,TBD,TBD,0,25,25,49,57,62,51,49,60,35,39,,,,,,
nor,Norway,sarpsborg,Sarpsborg 08 FF,21,RW,TBD,TBD,TBD,TBD,0,25,25,49,57,62,51,49,60,35,39,,,,,,
nor,Norway,sarpsborg,Sarpsborg 08 FF,22,RW,TBD,TBD,TBD,TBD,0,25,25,49,57,62,51,49,60,35,39,,,,,,
nor,Norway,sarpsborg,Sarpsborg 08 FF,23,ST,TBD,TBD,TBD,TBD,0,25,25,49,57,57,57,42,55,35,51,,,,,,
nor,Norway,sarpsborg,Sarpsborg 08 FF,24,ST,TBD,TBD,TBD,TBD,0,25,25,49,57,57,57,42,55,35,51,,,,,,
nor,Norway,sarpsborg,Sarpsborg 08 FF,25,ST,TBD,TBD,TBD,TBD,0,25,25,49,57,57,57,42,55,35,51,,,,,,
sco,Scotland,sco,Scottish Premiership,1,GK,TBD,TBD,TBD,TBD,0,25,25,62,70,,,,,,,64,62,60,65,37,63
sco,Scotland,sco,Scottish Premiership,2,GK,TBD,TBD,TBD,TBD,0,25,25,62,70,,,,,,,64,62,60,65,37,63
sco,Scotland,sco,Scottish Premiership,3,CB,TBD,TBD,TBD,TBD,0,25,25,62,70,54,35,52,50,66,68,,,,,,
sco,Scotland,sco,Scottish Premiership,4,CB,TBD,TBD,TBD,TBD,0,25,25,62,70,54,35,52,50,66,68,,,,,,
sco,Scotland,sco,Scottish Premiership,5,CB,TBD,TBD,TBD,TBD,0,25,25,62,70,54,35,52,50,66,68,,,,,,
sco,Scotland,sco,Scottish Premiership,6,CB,TBD,TBD,TBD,TBD,0,25,25,62,70,54,35,52,50,66,68,,,,,,
sco,Scotland,sco,Scottish Premiership,7,CB,TBD,TBD,TBD,TBD,0,25,25,62,70,54,35,52,50,66,68,,,,,,
sco,Scotland,sco,Scottish Premiership,8,LB,TBD,TBD,TBD,TBD,0,25,25,63,71,68,45,61,65,63,64,,,,,,
sco,Scotland,sco,Scottish Premiership,9,LB,TBD,TBD,TBD,TBD,0,25,25,63,71,68,45,61,65,63,64,,,,,,
sco,Scotland,sco,Scottish Premiership,10,RB,TBD,TBD,TBD,TBD,0,25,25,63,71,68,45,61,65,63,64,,,,,,
sco,Scotland,sco,Scottish Premiership,11,RB,TBD,TBD,TBD,TBD,0,25,25,63,71,68,45,61,65,63,64,,,,,,
sco,Scotland,sco,Scottish Premiership,12,CDM,TBD,TBD,TBD,TBD,0,25,25,63,71,60,51,65,63,67,68,,,,,,
sco,Scotland,sco,Scottish Premiership,13,CM,TBD,TBD,TBD,TBD,0,25,25,64,72,63,60,68,69,62,64,,,,,,
sco,Scotland,sco,Scottish Premiership,14,CM,TBD,TBD,TBD,TBD,0,25,25,64,72,63,60,68,69,62,64,,,,,,
sco,Scotland,sco,Scottish Premiership,15,CM,TBD,TBD,TBD,TBD,0,25,25,64,72,63,60,68,69,62,64,,,,,,
sco,Scotland,sco,Scottish Premiership,16,CM,TBD,TBD,TBD,TBD,0,25,25,64,72,63,60,68,69,62,64,,,,,,
sco,Scotland,sco,Scottish Premiership,17,CM,TBD,TBD,TBD,TBD,0,25,25,64,72,63,60,68,69,62,64,,,,,,
sco,Scotland,sco,Scottish Premiership,18,CAM,TBD,TBD,TBD,TBD,0,25,25,64,72,67,66,72,74,46,56,,,,,,
sco,Scotland,sco,Scottish Premiership,19,LW,TBD,TBD,TBD,TBD,0,25,25,64,72,77,66,64,75,39,54,,,,,,
sco,Scotland,sco,Scottish Premiership,20,LW,TBD,TBD,TBD,TBD,0,25,25,64,72,77,66,64,75,39,54,,,,,,
sco,Scotland,sco,Scottish Premiership,21,RW,TBD,TBD,TBD,TBD,0,25,25,64,72,77,66,64,75,39,54,,,,,,
sco,Scotland,sco,Scottish Premiership,22,RW,TBD,TBD,TBD,TBD,0,25,25,64,72,77,66,64,75,39,54,,,,,,
sco,Scotland,sco,Scottish Premiership,23,ST,TBD,TBD,TBD,TBD,0,25,25,64,72,72,72,57,70,35,66,,,,,,
sco,Scotland,sco,Scottish Premiership,24,ST,TBD,TBD,TBD,TBD,0,25,25,64,72,72,72,57,70,35,66,,,,,,
sco,Scotland,sco,Scottish Premiership,25,ST,TBD,TBD,TBD,TBD,0,25,25,64,72,72,72,57,70,35,66,,,,,,
rou,Romania,sepsi-osk,Sepsi OSK,1,GK,TBD,TBD,TBD,TBD,0,25,25,45,53,,,,,,,47,45,43,48,35,46
rou,Romania,sepsi-osk,Sepsi OSK,2,GK,TBD,TBD,TBD,TBD,0,25,25,45,53,,,,,,,47,45,43,48,35,46
rou,Romania,sepsi-osk,Sepsi OSK,3,CB,TBD,TBD,TBD,TBD,0,25,25,45,53,37,35,35,35,49,51,,,,,,
rou,Romania,sepsi-osk,Sepsi OSK,4,CB,TBD,TBD,TBD,TBD,0,25,25,45,53,37,35,35,35,49,51,,,,,,
rou,Romania,sepsi-osk,Sepsi OSK,5,CB,TBD,TBD,TBD,TBD,0,25,25,45,53,37,35,35,35,49,51,,,,,,
rou,Romania,sepsi-osk,Sepsi OSK,6,CB,TBD,TBD,TBD,TBD,0,25,25,45,53,37,35,35,35,49,51,,,,,,
rou,Romania,sepsi-osk,Sepsi OSK,7,CB,TBD,TBD,TBD,TBD,0,25,25,45,53,37,35,35,35,49,51,,,,,,
rou,Romania,sepsi-osk,Sepsi OSK,8,LB,TBD,TBD,TBD,TBD,0,25,25,46,54,51,35,44,48,46,47,,,,,,
rou,Romania,sepsi-osk,Sepsi OSK,9,LB,TBD,TBD,TBD,TBD,0,25,25,46,54,51,35,44,48,46,47,,,,,,
rou,Romania,sepsi-osk,Sepsi OSK,10,RB,TBD,TBD,TBD,TBD,0,25,25,46,54,51,35,44,48,46,47,,,,,,
rou,Romania,sepsi-osk,Sepsi OSK,11,RB,TBD,TBD,TBD,TBD,0,25,25,46,54,51,35,44,48,46,47,,,,,,
rou,Romania,sepsi-osk,Sepsi OSK,12,CDM,TBD,TBD,TBD,TBD,0,25,25,46,54,43,35,48,46,50,51,,,,,,
rou,Romania,sepsi-osk,Sepsi OSK,13,CM,TBD,TBD,TBD,TBD,0,25,25,47,55,46,43,51,52,45,47,,,,,,
rou,Romania,sepsi-osk,Sepsi OSK,14,CM,TBD,TBD,TBD,TBD,0,25,25,47,55,46,43,51,52,45,47,,,,,,
rou,Romania,sepsi-osk,Sepsi OSK,15,CM,TBD,TBD,TBD,TBD,0,25,25,47,55,46,43,51,52,45,47,,,,,,
rou,Romania,sepsi-osk,Sepsi OSK,16,CM,TBD,TBD,TBD,TBD,0,25,25,47,55,46,43,51,52,45,47,,,,,,
rou,Romania,sepsi-osk,Sepsi OSK,17,CM,TBD,TBD,TBD,TBD,0,25,25,47,55,46,43,51,52,45,47,,,,,,
rou,Romania,sepsi-osk,Sepsi OSK,18,CAM,TBD,TBD,TBD,TBD,0,25,25,47,55,50,49,55,57,35,39,,,,,,
rou,Romania,sepsi-osk,Sepsi OSK,19,LW,TBD,TBD,TBD,TBD,0,25,25,47,55,60,49,47,58,35,37,,,,,,
rou,Romania,sepsi-osk,Sepsi OSK,20,LW,TBD,TBD,TBD,TBD,0,25,25,47,55,60,49,47,58,35,37,,,,,,
rou,Romania,sepsi-osk,Sepsi OSK,21,RW,TBD,TBD,TBD,TBD,0,25,25,47,55,60,49,47,58,35,37,,,,,,
rou,Romania,sepsi-osk,Sepsi OSK,22,RW,TBD,TBD,TBD,TBD,0,25,25,47,55,60,49,47,58,35,37,,,,,,
rou,Romania,sepsi-osk,Sepsi OSK,23,ST,TBD,TBD,TBD,TBD,0,25,25,47,55,55,55,40,53,35,49,,,,,,
rou,Romania,sepsi-osk,Sepsi OSK,24,ST,TBD,TBD,TBD,TBD,0,25,25,47,55,55,55,40,53,35,49,,,,,,
rou,Romania,sepsi-osk,Sepsi OSK,25,ST,TBD,TBD,TBD,TBD,0,25,25,47,55,55,55,40,53,35,49,,,,,,
bgr,Bulgaria,septemvri-sofia,Septemvri Sofia,1,GK,TBD,TBD,TBD,TBD,0,25,25,45,53,,,,,,,47,45,43,48,35,46
bgr,Bulgaria,septemvri-sofia,Septemvri Sofia,2,GK,TBD,TBD,TBD,TBD,0,25,25,45,53,,,,,,,47,45,43,48,35,46
bgr,Bulgaria,septemvri-sofia,Septemvri Sofia,3,CB,TBD,TBD,TBD,TBD,0,25,25,45,53,37,35,35,35,49,51,,,,,,
bgr,Bulgaria,septemvri-sofia,Septemvri Sofia,4,CB,TBD,TBD,TBD,TBD,0,25,25,45,53,37,35,35,35,49,51,,,,,,
bgr,Bulgaria,septemvri-sofia,Septemvri Sofia,5,CB,TBD,TBD,TBD,TBD,0,25,25,45,53,37,35,35,35,49,51,,,,,,
bgr,Bulgaria,septemvri-sofia,Septemvri Sofia,6,CB,TBD,TBD,TBD,TBD,0,25,25,45,53,37,35,35,35,49,51,,,,,,
bgr,Bulgaria,septemvri-sofia,Septemvri Sofia,7,CB,TBD,TBD,TBD,TBD,0,25,25,45,53,37,35,35,35,49,51,,,,,,
bgr,Bulgaria,septemvri-sofia,Septemvri Sofia,8,LB,TBD,TBD,TBD,TBD,0,25,25,46,54,51,35,44,48,46,47,,,,,,
bgr,Bulgaria,septemvri-sofia,Septemvri Sofia,9,LB,TBD,TBD,TBD,TBD,0,25,25,46,54,51,35,44,48,46,47,,,,,,
bgr,Bulgaria,septemvri-sofia,Septemvri Sofia,10,RB,TBD,TBD,TBD,TBD,0,25,25,46,54,51,35,44,48,46,47,,,,,,
bgr,Bulgaria,septemvri-sofia,Septemvri Sofia,11,RB,TBD,TBD,TBD,TBD,0,25,25,46,54,51,35,44,48,46,47,,,,,,
bgr,Bulgaria,septemvri-sofia,Septemvri Sofia,12,CDM,TBD,TBD,TBD,TBD,0,25,25,46,54,43,35,48,46,50,51,,,,,,
bgr,Bulgaria,septemvri-sofia,Septemvri Sofia,13,CM,TBD,TBD,TBD,TBD,0,25,25,47,55,46,43,51,52,45,47,,,,,,
bgr,Bulgaria,septemvri-sofia,Septemvri Sofia,14,CM,TBD,TBD,TBD,TBD,0,25,25,47,55,46,43,51,52,45,47,,,,,,
bgr,Bulgaria,septemvri-sofia,Septemvri Sofia,15,CM,TBD,TBD,TBD,TBD,0,25,25,47,55,46,43,51,52,45,47,,,,,,
bgr,Bulgaria,septemvri-sofia,Septemvri Sofia,16,CM,TBD,TBD,TBD,TBD,0,25,25,47,55,46,43,51,52,45,47,,,,,,
bgr,Bulgaria,septemvri-sofia,Septemvri Sofia,17,CM,TBD,TBD,TBD,TBD,0,25,25,47,55,46,43,51,52,45,47,,,,,,
bgr,Bulgaria,septemvri-sofia,Septemvri Sofia,18,CAM,TBD,TBD,TBD,TBD,0,25,25,47,55,50,49,55,57,35,39,,,,,,
bgr,Bulgaria,septemvri-sofia,Septemvri Sofia,19,LW,TBD,TBD,TBD,TBD,0,25,25,47,55,60,49,47,58,35,37,,,,,,
bgr,Bulgaria,septemvri-sofia,Septemvri Sofia,20,LW,TBD,TBD,TBD,TBD,0,25,25,47,55,60,49,47,58,35,37,,,,,,
bgr,Bulgaria,septemvri-sofia,Septemvri Sofia,21,RW,TBD,TBD,TBD,TBD,0,25,25,47,55,60,49,47,58,35,37,,,,,,
bgr,Bulgaria,septemvri-sofia,Septemvri Sofia,22,RW,TBD,TBD,TBD,TBD,0,25,25,47,55,60,49,47,58,35,37,,,,,,
bgr,Bulgaria,septemvri-sofia,Septemvri Sofia,23,ST,TBD,TBD,TBD,TBD,0,25,25,47,55,55,55,40,53,35,49,,,,,,
bgr,Bulgaria,septemvri-sofia,Septemvri Sofia,24,ST,TBD,TBD,TBD,TBD,0,25,25,47,55,55,55,40,53,35,49,,,,,,
bgr,Bulgaria,septemvri-sofia,Septemvri Sofia,25,ST,TBD,TBD,TBD,TBD,0,25,25,47,55,55,55,40,53,35,49,,,,,,
ita,Italy,ita,Serie A,1,GK,TBD,TBD,TBD,TBD,0,25,25,79,84,,,,,,,81,79,77,82,54,80
ita,Italy,ita,Serie A,2,GK,TBD,TBD,TBD,TBD,0,25,25,79,84,,,,,,,81,79,77,82,54,80
ita,Italy,ita,Serie A,3,CB,TBD,TBD,TBD,TBD,0,25,25,79,84,71,49,69,67,83,85,,,,,,
ita,Italy,ita,Serie A,4,CB,TBD,TBD,TBD,TBD,0,25,25,79,84,71,49,69,67,83,85,,,,,,
ita,Italy,ita,Serie A,5,CB,TBD,TBD,TBD,TBD,0,25,25,79,84,71,49,69,67,83,85,,,,,,
ita,Italy,ita,Serie A,6,CB,TBD,TBD,TBD,TBD,0,25,25,79,84,71,49,69,67,83,85,,,,,,
ita,Italy,ita,Serie A,7,CB,TBD,TBD,TBD,TBD,0,25,25,79,84,71,49,69,67,83,85,,,,,,
ita,Italy,ita,Serie A,8,LB,TBD,TBD,TBD,TBD,0,25,25,80,85,85,62,78,82,80,81,,,,,,
ita,Italy,ita,Serie A,9,LB,TBD,TBD,TBD,TBD,0,25,25,80,85,85,62,78,82,80,81,,,,,,
ita,Italy,ita,Serie A,10,RB,TBD,TBD,TBD,TBD,0,25,25,80,85,85,62,78,82,80,81,,,,,,
ita,Italy,ita,Serie A,11,RB,TBD,TBD,TBD,TBD,0,25,25,80,85,85,62,78,82,80,81,,,,,,
ita,Italy,ita,Serie A,12,CDM,TBD,TBD,TBD,TBD,0,25,25,80,85,77,68,82,80,84,85,,,,,,
ita,Italy,ita,Serie A,13,CM,TBD,TBD,TBD,TBD,0,25,25,81,86,80,77,85,86,79,81,,,,,,
ita,Italy,ita,Serie A,14,CM,TBD,TBD,TBD,TBD,0,25,25,81,86,80,77,85,86,79,81,,,,,,
ita,Italy,ita,Serie A,15,CM,TBD,TBD,TBD,TBD,0,25,25,81,86,80,77,85,86,79,81,,,,,,
ita,Italy,ita,Serie A,16,CM,TBD,TBD,TBD,TBD,0,25,25,81,86,80,77,85,86,79,81,,,,,,
ita,Italy,ita,Serie A,17,CM,TBD,TBD,TBD,TBD,0,25,25,81,86,80,77,85,86,79,81,,,,,,
ita,Italy,ita,Serie A,18,CAM,TBD,TBD,TBD,TBD,0,25,25,81,86,84,83,89,91,63,73,,,,,,
ita,Italy,ita,Serie A,19,LW,TBD,TBD,TBD,TBD,0,25,25,81,86,94,83,81,92,56,71,,,,,,
ita,Italy,ita,Serie A,20,LW,TBD,TBD,TBD,TBD,0,25,25,81,86,94,83,81,92,56,71,,,,,,
ita,Italy,ita,Serie A,21,RW,TBD,TBD,TBD,TBD,0,25,25,81,86,94,83,81,92,56,71,,,,,,
ita,Italy,ita,Serie A,22,RW,TBD,TBD,TBD,TBD,0,25,25,81,86,94,83,81,92,56,71,,,,,,
ita,Italy,ita,Serie A,23,ST,TBD,TBD,TBD,TBD,0,25,25,81,86,89,89,74,87,51,83,,,,,,
ita,Italy,ita,Serie A,24,ST,TBD,TBD,TBD,TBD,0,25,25,81,86,89,89,74,87,51,83,,,,,,
ita,Italy,ita,Serie A,25,ST,TBD,TBD,TBD,TBD,0,25,25,81,86,89,89,74,87,51,83,,,,,,
che,Switzerland,servette,Servette FC,1,GK,TBD,TBD,TBD,TBD,0,25,25,52,60,,,,,,,54,52,50,55,35,53
che,Switzerland,servette,Servette FC,2,GK,TBD,TBD,TBD,TBD,0,25,25,52,60,,,,,,,54,52,50,55,35,53
che,Switzerland,servette,Servette FC,3,CB,TBD,TBD,TBD,TBD,0,25,25,52,60,44,35,42,40,56,58,,,,,,
che,Switzerland,servette,Servette FC,4,CB,TBD,TBD,TBD,TBD,0,25,25,52,60,44,35,42,40,56,58,,,,,,
che,Switzerland,servette,Servette FC,5,CB,TBD,TBD,TBD,TBD,0,25,25,52,60,44,35,42,40,56,58,,,,,,
che,Switzerland,servette,Servette FC,6,CB,TBD,TBD,TBD,TBD,0,25,25,52,60,44,35,42,40,56,58,,,,,,
che,Switzerland,servette,Servette FC,7,CB,TBD,TBD,TBD,TBD,0,25,25,52,60,44,35,42,40,56,58,,,,,,
che,Switzerland,servette,Servette FC,8,LB,TBD,TBD,TBD,TBD,0,25,25,53,61,58,35,51,55,53,54,,,,,,
che,Switzerland,servette,Servette FC,9,LB,TBD,TBD,TBD,TBD,0,25,25,53,61,58,35,51,55,53,54,,,,,,
che,Switzerland,servette,Servette FC,10,RB,TBD,TBD,TBD,TBD,0,25,25,53,61,58,35,51,55,53,54,,,,,,
che,Switzerland,servette,Servette FC,11,RB,TBD,TBD,TBD,TBD,0,25,25,53,61,58,35,51,55,53,54,,,,,,
che,Switzerland,servette,Servette FC,12,CDM,TBD,TBD,TBD,TBD,0,25,25,53,61,50,41,55,53,57,58,,,,,,
che,Switzerland,servette,Servette FC,13,CM,TBD,TBD,TBD,TBD,0,25,25,54,62,53,50,58,59,52,54,,,,,,
che,Switzerland,servette,Servette FC,14,CM,TBD,TBD,TBD,TBD,0,25,25,54,62,53,50,58,59,52,54,,,,,,
che,Switzerland,servette,Servette FC,15,CM,TBD,TBD,TBD,TBD,0,25,25,54,62,53,50,58,59,52,54,,,,,,
che,Switzerland,servette,Servette FC,16,CM,TBD,TBD,TBD,TBD,0,25,25,54,62,53,50,58,59,52,54,,,,,,
che,Switzerland,servette,Servette FC,17,CM,TBD,TBD,TBD,TBD,0,25,25,54,62,53,50,58,59,52,54,,,,,,
che,Switzerland,servette,Servette FC,18,CAM,TBD,TBD,TBD,TBD,0,25,25,54,62,57,56,62,64,36,46,,,,,,
che,Switzerland,servette,Servette FC,19,LW,TBD,TBD,TBD,TBD,0,25,25,54,62,67,56,54,65,35,44,,,,,,
che,Switzerland,servette,Servette FC,20,LW,TBD,TBD,TBD,TBD,0,25,25,54,62,67,56,54,65,35,44,,,,,,
che,Switzerland,servette,Servette FC,21,RW,TBD,TBD,TBD,TBD,0,25,25,54,62,67,56,54,65,35,44,,,,,,
che,Switzerland,servette,Servette FC,22,RW,TBD,TBD,TBD,TBD,0,25,25,54,62,67,56,54,65,35,44,,,,,,
che,Switzerland,servette,Servette FC,23,ST,TBD,TBD,TBD,TBD,0,25,25,54,62,62,62,47,60,35,56,,,,,,
che,Switzerland,servette,Servette FC,24,ST,TBD,TBD,TBD,TBD,0,25,25,54,62,62,62,47,60,35,56,,,,,,
che,Switzerland,servette,Servette FC,25,ST,TBD,TBD,TBD,TBD,0,25,25,54,62,62,62,47,60,35,56,,,,,,
den,Denmark,silkeborg,Silkeborg IF,1,GK,TBD,TBD,TBD,TBD,0,25,25,47,55,,,,,,,49,47,45,50,35,48
den,Denmark,silkeborg,Silkeborg IF,2,GK,TBD,TBD,TBD,TBD,0,25,25,47,55,,,,,,,49,47,45,50,35,48
den,Denmark,silkeborg,Silkeborg IF,3,CB,TBD,TBD,TBD,TBD,0,25,25,47,55,39,35,37,35,51,53,,,,,,
den,Denmark,silkeborg,Silkeborg IF,4,CB,TBD,TBD,TBD,TBD,0,25,25,47,55,39,35,37,35,51,53,,,,,,
den,Denmark,silkeborg,Silkeborg IF,5,CB,TBD,TBD,TBD,TBD,0,25,25,47,55,39,35,37,35,51,53,,,,,,
den,Denmark,silkeborg,Silkeborg IF,6,CB,TBD,TBD,TBD,TBD,0,25,25,47,55,39,35,37,35,51,53,,,,,,
den,Denmark,silkeborg,Silkeborg IF,7,CB,TBD,TBD,TBD,TBD,0,25,25,47,55,39,35,37,35,51,53,,,,,,
den,Denmark,silkeborg,Silkeborg IF,8,LB,TBD,TBD,TBD,TBD,0,25,25,48,56,53,35,46,50,48,49,,,,,,
den,Denmark,silkeborg,Silkeborg IF,9,LB,TBD,TBD,TBD,TBD,0,25,25,48,56,53,35,46,50,48,49,,,,,,
den,Denmark,silkeborg,Silkeborg IF,10,RB,TBD,TBD,TBD,TBD,0,25,25,48,56,53,35,46,50,48,49,,,,,,
den,Denmark,silkeborg,Silkeborg IF,11,RB,TBD,TBD,TBD,TBD,0,25,25,48,56,53,35,46,50,48,49,,,,,,
den,Denmark,silkeborg,Silkeborg IF,12,CDM,TBD,TBD,TBD,TBD,0,25,25,48,56,45,36,50,48,52,53,,,,,,
den,Denmark,silkeborg,Silkeborg IF,13,CM,TBD,TBD,TBD,TBD,0,25,25,49,57,48,45,53,54,47,49,,,,,,
den,Denmark,silkeborg,Silkeborg IF,14,CM,TBD,TBD,TBD,TBD,0,25,25,49,57,48,45,53,54,47,49,,,,,,
den,Denmark,silkeborg,Silkeborg IF,15,CM,TBD,TBD,TBD,TBD,0,25,25,49,57,48,45,53,54,47,49,,,,,,
den,Denmark,silkeborg,Silkeborg IF,16,CM,TBD,TBD,TBD,TBD,0,25,25,49,57,48,45,53,54,47,49,,,,,,
den,Denmark,silkeborg,Silkeborg IF,17,CM,TBD,TBD,TBD,TBD,0,25,25,49,57,48,45,53,54,47,49,,,,,,
den,Denmark,silkeborg,Silkeborg IF,18,CAM,TBD,TBD,TBD,TBD,0,25,25,49,57,52,51,57,59,35,41,,,,,,
den,Denmark,silkeborg,Silkeborg IF,19,LW,TBD,TBD,TBD,TBD,0,25,25,49,57,62,51,49,60,35,39,,,,,,
den,Denmark,silkeborg,Silkeborg IF,20,LW,TBD,TBD,TBD,TBD,0,25,25,49,57,62,51,49,60,35,39,,,,,,
den,Denmark,silkeborg,Silkeborg IF,21,RW,TBD,TBD,TBD,TBD,0,25,25,49,57,62,51,49,60,35,39,,,,,,
den,Denmark,silkeborg,Silkeborg IF,22,RW,TBD,TBD,TBD,TBD,0,25,25,49,57,62,51,49,60,35,39,,,,,,
den,Denmark,silkeborg,Silkeborg IF,23,ST,TBD,TBD,TBD,TBD,0,25,25,49,57,57,57,42,55,35,51,,,,,,
den,Denmark,silkeborg,Silkeborg IF,24,ST,TBD,TBD,TBD,TBD,0,25,25,49,57,57,57,42,55,35,51,,,,,,
den,Denmark,silkeborg,Silkeborg IF,25,ST,TBD,TBD,TBD,TBD,0,25,25,49,57,57,57,42,55,35,51,,,,,,
bel,Belgium,sint-truiden,Sint-Truidense VV,1,GK,TBD,TBD,TBD,TBD,0,25,25,56,64,,,,,,,58,56,54,59,35,57
bel,Belgium,sint-truiden,Sint-Truidense VV,2,GK,TBD,TBD,TBD,TBD,0,25,25,56,64,,,,,,,58,56,54,59,35,57
bel,Belgium,sint-truiden,Sint-Truidense VV,3,CB,TBD,TBD,TBD,TBD,0,25,25,56,64,48,35,46,44,60,62,,,,,,
bel,Belgium,sint-truiden,Sint-Truidense VV,4,CB,TBD,TBD,TBD,TBD,0,25,25,56,64,48,35,46,44,60,62,,,,,,
bel,Belgium,sint-truiden,Sint-Truidense VV,5,CB,TBD,TBD,TBD,TBD,0,25,25,56,64,48,35,46,44,60,62,,,,,,
bel,Belgium,sint-truiden,Sint-Truidense VV,6,CB,TBD,TBD,TBD,TBD,0,25,25,56,64,48,35,46,44,60,62,,,,,,
bel,Belgium,sint-truiden,Sint-Truidense VV,7,CB,TBD,TBD,TBD,TBD,0,25,25,56,64,48,35,46,44,60,62,,,,,,
bel,Belgium,sint-truiden,Sint-Truidense VV,8,LB,TBD,TBD,TBD,TBD,0,25,25,57,65,62,39,55,59,57,58,,,,,,
bel,Belgium,sint-truiden,Sint-Truidense VV,9,LB,TBD,TBD,TBD,TBD,0,25,25,57,65,62,39,55,59,57,58,,,,,,
bel,Belgium,sint-truiden,Sint-Truidense VV,10,RB,TBD,TBD,TBD,TBD,0,25,25,57,65,62,39,55,59,57,58,,,,,,
bel,Belgium,sint-truiden,Sint-Truidense VV,11,RB,TBD,TBD,TBD,TBD,0,25,25,57,65,62,39,55,59,57,58,,,,,,
bel,Belgium,sint-truiden,Sint-Truidense VV,12,CDM,TBD,TBD,TBD,TBD,0,25,25,57,65,54,45,59,57,61,62,,,,,,
bel,Belgium,sint-truiden,Sint-Truidense VV,13,CM,TBD,TBD,TBD,TBD,0,25,25,58,66,57,54,62,63,56,58,,,,,,
bel,Belgium,sint-truiden,Sint-Truidense VV,14,CM,TBD,TBD,TBD,TBD,0,25,25,58,66,57,54,62,63,56,58,,,,,,
bel,Belgium,sint-truiden,Sint-Truidense VV,15,CM,TBD,TBD,TBD,TBD,0,25,25,58,66,57,54,62,63,56,58,,,,,,
bel,Belgium,sint-truiden,Sint-Truidense VV,16,CM,TBD,TBD,TBD,TBD,0,25,25,58,66,57,54,62,63,56,58,,,,,,
bel,Belgium,sint-truiden,Sint-Truidense VV,17,CM,TBD,TBD,TBD,TBD,0,25,25,58,66,57,54,62,63,56,58,,,,,,
bel,Belgium,sint-truiden,Sint-Truidense VV,18,CAM,TBD,TBD,TBD,TBD,0,25,25,58,66,61,60,66,68,40,50,,,,,,
bel,Belgium,sint-truiden,Sint-Truidense VV,19,LW,TBD,TBD,TBD,TBD,0,25,25,58,66,71,60,58,69,35,48,,,,,,
bel,Belgium,sint-truiden,Sint-Truidense VV,20,LW,TBD,TBD,TBD,TBD,0,25,25,58,66,71,60,58,69,35,48,,,,,,
bel,Belgium,sint-truiden,Sint-Truidense VV,21,RW,TBD,TBD,TBD,TBD,0,25,25,58,66,71,60,58,69,35,48,,,,,,
bel,Belgium,sint-truiden,Sint-Truidense VV,22,RW,TBD,TBD,TBD,TBD,0,25,25,58,66,71,60,58,69,35,48,,,,,,
bel,Belgium,sint-truiden,Sint-Truidense VV,23,ST,TBD,TBD,TBD,TBD,0,25,25,58,66,66,66,51,64,35,60,,,,,,
bel,Belgium,sint-truiden,Sint-Truidense VV,24,ST,TBD,TBD,TBD,TBD,0,25,25,58,66,66,66,51,64,35,60,,,,,,
bel,Belgium,sint-truiden,Sint-Truidense VV,25,ST,TBD,TBD,TBD,TBD,0,25,25,58,66,66,66,51,64,35,60,,,,,,
tur,Turkey,sivasspor,Sivasspor,1,GK,TBD,TBD,TBD,TBD,0,25,25,57,65,,,,,,,59,57,55,60,35,58
tur,Turkey,sivasspor,Sivasspor,2,GK,TBD,TBD,TBD,TBD,0,25,25,57,65,,,,,,,59,57,55,60,35,58
tur,Turkey,sivasspor,Sivasspor,3,CB,TBD,TBD,TBD,TBD,0,25,25,57,65,49,35,47,45,61,63,,,,,,
tur,Turkey,sivasspor,Sivasspor,4,CB,TBD,TBD,TBD,TBD,0,25,25,57,65,49,35,47,45,61,63,,,,,,
tur,Turkey,sivasspor,Sivasspor,5,CB,TBD,TBD,TBD,TBD,0,25,25,57,65,49,35,47,45,61,63,,,,,,
tur,Turkey,sivasspor,Sivasspor,6,CB,TBD,TBD,TBD,TBD,0,25,25,57,65,49,35,47,45,61,63,,,,,,
tur,Turkey,sivasspor,Sivasspor,7,CB,TBD,TBD,TBD,TBD,0,25,25,57,65,49,35,47,45,61,63,,,,,,
tur,Turkey,sivasspor,Sivasspor,8,LB,TBD,TBD,TBD,TBD,0,25,25,58,66,63,40,56,60,58,59,,,,,,
tur,Turkey,sivasspor,Sivasspor,9,LB,TBD,TBD,TBD,TBD,0,25,25,58,66,63,40,56,60,58,59,,,,,,
tur,Turkey,sivasspor,Sivasspor,10,RB,TBD,TBD,TBD,TBD,0,25,25,58,66,63,40,56,60,58,59,,,,,,
tur,Turkey,sivasspor,Sivasspor,11,RB,TBD,TBD,TBD,TBD,0,25,25,58,66,63,40,56,60,58,59,,,,,,
tur,Turkey,sivasspor,Sivasspor,12,CDM,TBD,TBD,TBD,TBD,0,25,25,58,66,55,46,60,58,62,63,,,,,,
tur,Turkey,sivasspor,Sivasspor,13,CM,TBD,TBD,TBD,TBD,0,25,25,59,67,58,55,63,64,57,59,,,,,,
tur,Turkey,sivasspor,Sivasspor,14,CM,TBD,TBD,TBD,TBD,0,25,25,59,67,58,55,63,64,57,59,,,,,,
tur,Turkey,sivasspor,Sivasspor,15,CM,TBD,TBD,TBD,TBD,0,25,25,59,67,58,55,63,64,57,59,,,,,,
tur,Turkey,sivasspor,Sivasspor,16,CM,TBD,TBD,TBD,TBD,0,25,25,59,67,58,55,63,64,57,59,,,,,,
tur,Turkey,sivasspor,Sivasspor,17,CM,TBD,TBD,TBD,TBD,0,25,25,59,67,58,55,63,64,57,59,,,,,,
tur,Turkey,sivasspor,Sivasspor,18,CAM,TBD,TBD,TBD,TBD,0,25,25,59,67,62,61,67,69,41,51,,,,,,
tur,Turkey,sivasspor,Sivasspor,19,LW,TBD,TBD,TBD,TBD,0,25,25,59,67,72,61,59,70,35,49,,,,,,
tur,Turkey,sivasspor,Sivasspor,20,LW,TBD,TBD,TBD,TBD,0,25,25,59,67,72,61,59,70,35,49,,,,,,
tur,Turkey,sivasspor,Sivasspor,21,RW,TBD,TBD,TBD,TBD,0,25,25,59,67,72,61,59,70,35,49,,,,,,
tur,Turkey,sivasspor,Sivasspor,22,RW,TBD,TBD,TBD,TBD,0,25,25,59,67,72,61,59,70,35,49,,,,,,
tur,Turkey,sivasspor,Sivasspor,23,ST,TBD,TBD,TBD,TBD,0,25,25,59,67,67,67,52,65,35,61,,,,,,
tur,Turkey,sivasspor,Sivasspor,24,ST,TBD,TBD,TBD,TBD,0,25,25,59,67,67,67,52,65,35,61,,,,,,
tur,Turkey,sivasspor,Sivasspor,25,ST,TBD,TBD,TBD,TBD,0,25,25,59,67,67,67,52,65,35,61,,,,,,
bgr,Bulgaria,slavia-sofia,Slavia Sofia,1,GK,TBD,TBD,TBD,TBD,0,25,25,45,53,,,,,,,47,45,43,48,35,46
bgr,Bulgaria,slavia-sofia,Slavia Sofia,2,GK,TBD,TBD,TBD,TBD,0,25,25,45,53,,,,,,,47,45,43,48,35,46
bgr,Bulgaria,slavia-sofia,Slavia Sofia,3,CB,TBD,TBD,TBD,TBD,0,25,25,45,53,37,35,35,35,49,51,,,,,,
bgr,Bulgaria,slavia-sofia,Slavia Sofia,4,CB,TBD,TBD,TBD,TBD,0,25,25,45,53,37,35,35,35,49,51,,,,,,
bgr,Bulgaria,slavia-sofia,Slavia Sofia,5,CB,TBD,TBD,TBD,TBD,0,25,25,45,53,37,35,35,35,49,51,,,,,,
bgr,Bulgaria,slavia-sofia,Slavia Sofia,6,CB,TBD,TBD,TBD,TBD,0,25,25,45,53,37,35,35,35,49,51,,,,,,
bgr,Bulgaria,slavia-sofia,Slavia Sofia,7,CB,TBD,TBD,TBD,TBD,0,25,25,45,53,37,35,35,35,49,51,,,,,,
bgr,Bulgaria,slavia-sofia,Slavia Sofia,8,LB,TBD,TBD,TBD,TBD,0,25,25,46,54,51,35,44,48,46,47,,,,,,
bgr,Bulgaria,slavia-sofia,Slavia Sofia,9,LB,TBD,TBD,TBD,TBD,0,25,25,46,54,51,35,44,48,46,47,,,,,,
bgr,Bulgaria,slavia-sofia,Slavia Sofia,10,RB,TBD,TBD,TBD,TBD,0,25,25,46,54,51,35,44,48,46,47,,,,,,
bgr,Bulgaria,slavia-sofia,Slavia Sofia,11,RB,TBD,TBD,TBD,TBD,0,25,25,46,54,51,35,44,48,46,47,,,,,,
bgr,Bulgaria,slavia-sofia,Slavia Sofia,12,CDM,TBD,TBD,TBD,TBD,0,25,25,46,54,43,35,48,46,50,51,,,,,,
bgr,Bulgaria,slavia-sofia,Slavia Sofia,13,CM,TBD,TBD,TBD,TBD,0,25,25,47,55,46,43,51,52,45,47,,,,,,
bgr,Bulgaria,slavia-sofia,Slavia Sofia,14,CM,TBD,TBD,TBD,TBD,0,25,25,47,55,46,43,51,52,45,47,,,,,,
bgr,Bulgaria,slavia-sofia,Slavia Sofia,15,CM,TBD,TBD,TBD,TBD,0,25,25,47,55,46,43,51,52,45,47,,,,,,
bgr,Bulgaria,slavia-sofia,Slavia Sofia,16,CM,TBD,TBD,TBD,TBD,0,25,25,47,55,46,43,51,52,45,47,,,,,,
bgr,Bulgaria,slavia-sofia,Slavia Sofia,17,CM,TBD,TBD,TBD,TBD,0,25,25,47,55,46,43,51,52,45,47,,,,,,
bgr,Bulgaria,slavia-sofia,Slavia Sofia,18,CAM,TBD,TBD,TBD,TBD,0,25,25,47,55,50,49,55,57,35,39,,,,,,
bgr,Bulgaria,slavia-sofia,Slavia Sofia,19,LW,TBD,TBD,TBD,TBD,0,25,25,47,55,60,49,47,58,35,37,,,,,,
bgr,Bulgaria,slavia-sofia,Slavia Sofia,20,LW,TBD,TBD,TBD,TBD,0,25,25,47,55,60,49,47,58,35,37,,,,,,
bgr,Bulgaria,slavia-sofia,Slavia Sofia,21,RW,TBD,TBD,TBD,TBD,0,25,25,47,55,60,49,47,58,35,37,,,,,,
bgr,Bulgaria,slavia-sofia,Slavia Sofia,22,RW,TBD,TBD,TBD,TBD,0,25,25,47,55,60,49,47,58,35,37,,,,,,
bgr,Bulgaria,slavia-sofia,Slavia Sofia,23,ST,TBD,TBD,TBD,TBD,0,25,25,47,55,55,55,40,53,35,49,,,,,,
bgr,Bulgaria,slavia-sofia,Slavia Sofia,24,ST,TBD,TBD,TBD,TBD,0,25,25,47,55,55,55,40,53,35,49,,,,,,
bgr,Bulgaria,slavia-sofia,Slavia Sofia,25,ST,TBD,TBD,TBD,TBD,0,25,25,47,55,55,55,40,53,35,49,,,,,,
ned,Netherlands,sparta-rotterdam,Sparta Rotterdam,1,CB,TBD,TBD,TBD,TBD,25,25,3,63,71,55,35,53,51,67,69,,,,,,
ned,Netherlands,sparta-rotterdam,Sparta Rotterdam,2,CM,TBD,TBD,TBD,TBD,25,25,3,65,73,64,61,69,70,63,65,,,,,,
ned,Netherlands,sparta-rotterdam,Sparta Rotterdam,3,CM,TBD,TBD,TBD,TBD,25,25,3,65,73,64,61,69,70,63,65,,,,,,
srb,Serbia,spartak-subotica,Spartak Subotica,1,GK,TBD,TBD,TBD,TBD,0,25,25,45,53,,,,,,,47,45,43,48,35,46
srb,Serbia,spartak-subotica,Spartak Subotica,2,GK,TBD,TBD,TBD,TBD,0,25,25,45,53,,,,,,,47,45,43,48,35,46
srb,Serbia,spartak-subotica,Spartak Subotica,3,CB,TBD,TBD,TBD,TBD,0,25,25,45,53,37,35,35,35,49,51,,,,,,
srb,Serbia,spartak-subotica,Spartak Subotica,4,CB,TBD,TBD,TBD,TBD,0,25,25,45,53,37,35,35,35,49,51,,,,,,
srb,Serbia,spartak-subotica,Spartak Subotica,5,CB,TBD,TBD,TBD,TBD,0,25,25,45,53,37,35,35,35,49,51,,,,,,
srb,Serbia,spartak-subotica,Spartak Subotica,6,CB,TBD,TBD,TBD,TBD,0,25,25,45,53,37,35,35,35,49,51,,,,,,
srb,Serbia,spartak-subotica,Spartak Subotica,7,CB,TBD,TBD,TBD,TBD,0,25,25,45,53,37,35,35,35,49,51,,,,,,
srb,Serbia,spartak-subotica,Spartak Subotica,8,LB,TBD,TBD,TBD,TBD,0,25,25,46,54,51,35,44,48,46,47,,,,,,
srb,Serbia,spartak-subotica,Spartak Subotica,9,LB,TBD,TBD,TBD,TBD,0,25,25,46,54,51,35,44,48,46,47,,,,,,
srb,Serbia,spartak-subotica,Spartak Subotica,10,RB,TBD,TBD,TBD,TBD,0,25,25,46,54,51,35,44,48,46,47,,,,,,
srb,Serbia,spartak-subotica,Spartak Subotica,11,RB,TBD,TBD,TBD,TBD,0,25,25,46,54,51,35,44,48,46,47,,,,,,
srb,Serbia,spartak-subotica,Spartak Subotica,12,CDM,TBD,TBD,TBD,TBD,0,25,25,46,54,43,35,48,46,50,51,,,,,,
srb,Serbia,spartak-subotica,Spartak Subotica,13,CM,TBD,TBD,TBD,TBD,0,25,25,47,55,46,43,51,52,45,47,,,,,,
srb,Serbia,spartak-subotica,Spartak Subotica,14,CM,TBD,TBD,TBD,TBD,0,25,25,47,55,46,43,51,52,45,47,,,,,,
srb,Serbia,spartak-subotica,Spartak Subotica,15,CM,TBD,TBD,TBD,TBD,0,25,25,47,55,46,43,51,52,45,47,,,,,,
srb,Serbia,spartak-subotica,Spartak Subotica,16,CM,TBD,TBD,TBD,TBD,0,25,25,47,55,46,43,51,52,45,47,,,,,,
srb,Serbia,spartak-subotica,Spartak Subotica,17,CM,TBD,TBD,TBD,TBD,0,25,25,47,55,46,43,51,52,45,47,,,,,,
srb,Serbia,spartak-subotica,Spartak Subotica,18,CAM,TBD,TBD,TBD,TBD,0,25,25,47,55,50,49,55,57,35,39,,,,,,
srb,Serbia,spartak-subotica,Spartak Subotica,19,LW,TBD,TBD,TBD,TBD,0,25,25,47,55,60,49,47,58,35,37,,,,,,
srb,Serbia,spartak-subotica,Spartak Subotica,20,LW,TBD,TBD,TBD,TBD,0,25,25,47,55,60,49,47,58,35,37,,,,,,
srb,Serbia,spartak-subotica,Spartak Subotica,21,RW,TBD,TBD,TBD,TBD,0,25,25,47,55,60,49,47,58,35,37,,,,,,
srb,Serbia,spartak-subotica,Spartak Subotica,22,RW,TBD,TBD,TBD,TBD,0,25,25,47,55,60,49,47,58,35,37,,,,,,
srb,Serbia,spartak-subotica,Spartak Subotica,23,ST,TBD,TBD,TBD,TBD,0,25,25,47,55,55,55,40,53,35,49,,,,,,
srb,Serbia,spartak-subotica,Spartak Subotica,24,ST,TBD,TBD,TBD,TBD,0,25,25,47,55,55,55,40,53,35,49,,,,,,
srb,Serbia,spartak-subotica,Spartak Subotica,25,ST,TBD,TBD,TBD,TBD,0,25,25,47,55,55,55,40,53,35,49,,,,,,
svk,Slovakia,spartak-trnava,Spartak Trnava,1,GK,TBD,TBD,TBD,TBD,0,25,25,45,53,,,,,,,47,45,43,48,35,46
svk,Slovakia,spartak-trnava,Spartak Trnava,2,GK,TBD,TBD,TBD,TBD,0,25,25,45,53,,,,,,,47,45,43,48,35,46
svk,Slovakia,spartak-trnava,Spartak Trnava,3,CB,TBD,TBD,TBD,TBD,0,25,25,45,53,37,35,35,35,49,51,,,,,,
svk,Slovakia,spartak-trnava,Spartak Trnava,4,CB,TBD,TBD,TBD,TBD,0,25,25,45,53,37,35,35,35,49,51,,,,,,
svk,Slovakia,spartak-trnava,Spartak Trnava,5,CB,TBD,TBD,TBD,TBD,0,25,25,45,53,37,35,35,35,49,51,,,,,,
svk,Slovakia,spartak-trnava,Spartak Trnava,6,CB,TBD,TBD,TBD,TBD,0,25,25,45,53,37,35,35,35,49,51,,,,,,
svk,Slovakia,spartak-trnava,Spartak Trnava,7,CB,TBD,TBD,TBD,TBD,0,25,25,45,53,37,35,35,35,49,51,,,,,,
svk,Slovakia,spartak-trnava,Spartak Trnava,8,LB,TBD,TBD,TBD,TBD,0,25,25,46,54,51,35,44,48,46,47,,,,,,
svk,Slovakia,spartak-trnava,Spartak Trnava,9,LB,TBD,TBD,TBD,TBD,0,25,25,46,54,51,35,44,48,46,47,,,,,,
svk,Slovakia,spartak-trnava,Spartak Trnava,10,RB,TBD,TBD,TBD,TBD,0,25,25,46,54,51,35,44,48,46,47,,,,,,
svk,Slovakia,spartak-trnava,Spartak Trnava,11,RB,TBD,TBD,TBD,TBD,0,25,25,46,54,51,35,44,48,46,47,,,,,,
svk,Slovakia,spartak-trnava,Spartak Trnava,12,CDM,TBD,TBD,TBD,TBD,0,25,25,46,54,43,35,48,46,50,51,,,,,,
svk,Slovakia,spartak-trnava,Spartak Trnava,13,CM,TBD,TBD,TBD,TBD,0,25,25,47,55,46,43,51,52,45,47,,,,,,
svk,Slovakia,spartak-trnava,Spartak Trnava,14,CM,TBD,TBD,TBD,TBD,0,25,25,47,55,46,43,51,52,45,47,,,,,,
svk,Slovakia,spartak-trnava,Spartak Trnava,15,CM,TBD,TBD,TBD,TBD,0,25,25,47,55,46,43,51,52,45,47,,,,,,
svk,Slovakia,spartak-trnava,Spartak Trnava,16,CM,TBD,TBD,TBD,TBD,0,25,25,47,55,46,43,51,52,45,47,,,,,,
svk,Slovakia,spartak-trnava,Spartak Trnava,17,CM,TBD,TBD,TBD,TBD,0,25,25,47,55,46,43,51,52,45,47,,,,,,
svk,Slovakia,spartak-trnava,Spartak Trnava,18,CAM,TBD,TBD,TBD,TBD,0,25,25,47,55,50,49,55,57,35,39,,,,,,
svk,Slovakia,spartak-trnava,Spartak Trnava,19,LW,TBD,TBD,TBD,TBD,0,25,25,47,55,60,49,47,58,35,37,,,,,,
svk,Slovakia,spartak-trnava,Spartak Trnava,20,LW,TBD,TBD,TBD,TBD,0,25,25,47,55,60,49,47,58,35,37,,,,,,
svk,Slovakia,spartak-trnava,Spartak Trnava,21,RW,TBD,TBD,TBD,TBD,0,25,25,47,55,60,49,47,58,35,37,,,,,,
svk,Slovakia,spartak-trnava,Spartak Trnava,22,RW,TBD,TBD,TBD,TBD,0,25,25,47,55,60,49,47,58,35,37,,,,,,
svk,Slovakia,spartak-trnava,Spartak Trnava,23,ST,TBD,TBD,TBD,TBD,0,25,25,47,55,55,55,40,53,35,49,,,,,,
svk,Slovakia,spartak-trnava,Spartak Trnava,24,ST,TBD,TBD,TBD,TBD,0,25,25,47,55,55,55,40,53,35,49,,,,,,
svk,Slovakia,spartak-trnava,Spartak Trnava,25,ST,TBD,TBD,TBD,TBD,0,25,25,47,55,55,55,40,53,35,49,,,,,,
bgr,Bulgaria,spartak-varna,Spartak Varna,1,GK,TBD,TBD,TBD,TBD,0,25,25,45,53,,,,,,,47,45,43,48,35,46
bgr,Bulgaria,spartak-varna,Spartak Varna,2,GK,TBD,TBD,TBD,TBD,0,25,25,45,53,,,,,,,47,45,43,48,35,46
bgr,Bulgaria,spartak-varna,Spartak Varna,3,CB,TBD,TBD,TBD,TBD,0,25,25,45,53,37,35,35,35,49,51,,,,,,
bgr,Bulgaria,spartak-varna,Spartak Varna,4,CB,TBD,TBD,TBD,TBD,0,25,25,45,53,37,35,35,35,49,51,,,,,,
bgr,Bulgaria,spartak-varna,Spartak Varna,5,CB,TBD,TBD,TBD,TBD,0,25,25,45,53,37,35,35,35,49,51,,,,,,
bgr,Bulgaria,spartak-varna,Spartak Varna,6,CB,TBD,TBD,TBD,TBD,0,25,25,45,53,37,35,35,35,49,51,,,,,,
bgr,Bulgaria,spartak-varna,Spartak Varna,7,CB,TBD,TBD,TBD,TBD,0,25,25,45,53,37,35,35,35,49,51,,,,,,
bgr,Bulgaria,spartak-varna,Spartak Varna,8,LB,TBD,TBD,TBD,TBD,0,25,25,46,54,51,35,44,48,46,47,,,,,,
bgr,Bulgaria,spartak-varna,Spartak Varna,9,LB,TBD,TBD,TBD,TBD,0,25,25,46,54,51,35,44,48,46,47,,,,,,
bgr,Bulgaria,spartak-varna,Spartak Varna,10,RB,TBD,TBD,TBD,TBD,0,25,25,46,54,51,35,44,48,46,47,,,,,,
bgr,Bulgaria,spartak-varna,Spartak Varna,11,RB,TBD,TBD,TBD,TBD,0,25,25,46,54,51,35,44,48,46,47,,,,,,
bgr,Bulgaria,spartak-varna,Spartak Varna,12,CDM,TBD,TBD,TBD,TBD,0,25,25,46,54,43,35,48,46,50,51,,,,,,
bgr,Bulgaria,spartak-varna,Spartak Varna,13,CM,TBD,TBD,TBD,TBD,0,25,25,47,55,46,43,51,52,45,47,,,,,,
bgr,Bulgaria,spartak-varna,Spartak Varna,14,CM,TBD,TBD,TBD,TBD,0,25,25,47,55,46,43,51,52,45,47,,,,,,
bgr,Bulgaria,spartak-varna,Spartak Varna,15,CM,TBD,TBD,TBD,TBD,0,25,25,47,55,46,43,51,52,45,47,,,,,,
bgr,Bulgaria,spartak-varna,Spartak Varna,16,CM,TBD,TBD,TBD,TBD,0,25,25,47,55,46,43,51,52,45,47,,,,,,
bgr,Bulgaria,spartak-varna,Spartak Varna,17,CM,TBD,TBD,TBD,TBD,0,25,25,47,55,46,43,51,52,45,47,,,,,,
bgr,Bulgaria,spartak-varna,Spartak Varna,18,CAM,TBD,TBD,TBD,TBD,0,25,25,47,55,50,49,55,57,35,39,,,,,,
bgr,Bulgaria,spartak-varna,Spartak Varna,19,LW,TBD,TBD,TBD,TBD,0,25,25,47,55,60,49,47,58,35,37,,,,,,
bgr,Bulgaria,spartak-varna,Spartak Varna,20,LW,TBD,TBD,TBD,TBD,0,25,25,47,55,60,49,47,58,35,37,,,,,,
bgr,Bulgaria,spartak-varna,Spartak Varna,21,RW,TBD,TBD,TBD,TBD,0,25,25,47,55,60,49,47,58,35,37,,,,,,
bgr,Bulgaria,spartak-varna,Spartak Varna,22,RW,TBD,TBD,TBD,TBD,0,25,25,47,55,60,49,47,58,35,37,,,,,,
bgr,Bulgaria,spartak-varna,Spartak Varna,23,ST,TBD,TBD,TBD,TBD,0,25,25,47,55,55,55,40,53,35,49,,,,,,
bgr,Bulgaria,spartak-varna,Spartak Varna,24,ST,TBD,TBD,TBD,TBD,0,25,25,47,55,55,55,40,53,35,49,,,,,,
bgr,Bulgaria,spartak-varna,Spartak Varna,25,ST,TBD,TBD,TBD,TBD,0,25,25,47,55,55,55,40,53,35,49,,,,,,
por,Portugal,sporting-cp,Sporting CP,1,GK,TBD,TBD,TBD,TBD,0,25,25,77,82,,,,,,,79,77,75,80,52,78
por,Portugal,sporting-cp,Sporting CP,2,GK,TBD,TBD,TBD,TBD,0,25,25,77,82,,,,,,,79,77,75,80,52,78
por,Portugal,sporting-cp,Sporting CP,3,CB,TBD,TBD,TBD,TBD,0,25,25,77,82,69,47,67,65,81,83,,,,,,
por,Portugal,sporting-cp,Sporting CP,4,CB,TBD,TBD,TBD,TBD,0,25,25,77,82,69,47,67,65,81,83,,,,,,
por,Portugal,sporting-cp,Sporting CP,5,CB,TBD,TBD,TBD,TBD,0,25,25,77,82,69,47,67,65,81,83,,,,,,
por,Portugal,sporting-cp,Sporting CP,6,CB,TBD,TBD,TBD,TBD,0,25,25,77,82,69,47,67,65,81,83,,,,,,
por,Portugal,sporting-cp,Sporting CP,7,CB,TBD,TBD,TBD,TBD,0,25,25,77,82,69,47,67,65,81,83,,,,,,
por,Portugal,sporting-cp,Sporting CP,8,LB,TBD,TBD,TBD,TBD,0,25,25,78,83,83,60,76,80,78,79,,,,,,
por,Portugal,sporting-cp,Sporting CP,9,LB,TBD,TBD,TBD,TBD,0,25,25,78,83,83,60,76,80,78,79,,,,,,
por,Portugal,sporting-cp,Sporting CP,10,RB,TBD,TBD,TBD,TBD,0,25,25,78,83,83,60,76,80,78,79,,,,,,
por,Portugal,sporting-cp,Sporting CP,11,RB,TBD,TBD,TBD,TBD,0,25,25,78,83,83,60,76,80,78,79,,,,,,
por,Portugal,sporting-cp,Sporting CP,12,CDM,TBD,TBD,TBD,TBD,0,25,25,78,83,75,66,80,78,82,83,,,,,,
por,Portugal,sporting-cp,Sporting CP,13,CM,TBD,TBD,TBD,TBD,0,25,25,79,84,78,75,83,84,77,79,,,,,,
por,Portugal,sporting-cp,Sporting CP,14,CM,TBD,TBD,TBD,TBD,0,25,25,79,84,78,75,83,84,77,79,,,,,,
por,Portugal,sporting-cp,Sporting CP,15,CM,TBD,TBD,TBD,TBD,0,25,25,79,84,78,75,83,84,77,79,,,,,,
por,Portugal,sporting-cp,Sporting CP,16,CM,TBD,TBD,TBD,TBD,0,25,25,79,84,78,75,83,84,77,79,,,,,,
por,Portugal,sporting-cp,Sporting CP,17,CM,TBD,TBD,TBD,TBD,0,25,25,79,84,78,75,83,84,77,79,,,,,,
por,Portugal,sporting-cp,Sporting CP,18,CAM,TBD,TBD,TBD,TBD,0,25,25,79,84,82,81,87,89,61,71,,,,,,
por,Portugal,sporting-cp,Sporting CP,19,LW,TBD,TBD,TBD,TBD,0,25,25,79,84,92,81,79,90,54,69,,,,,,
por,Portugal,sporting-cp,Sporting CP,20,LW,TBD,TBD,TBD,TBD,0,25,25,79,84,92,81,79,90,54,69,,,,,,
por,Portugal,sporting-cp,Sporting CP,21,RW,TBD,TBD,TBD,TBD,0,25,25,79,84,92,81,79,90,54,69,,,,,,
por,Portugal,sporting-cp,Sporting CP,22,RW,TBD,TBD,TBD,TBD,0,25,25,79,84,92,81,79,90,54,69,,,,,,
por,Portugal,sporting-cp,Sporting CP,23,ST,TBD,TBD,TBD,TBD,0,25,25,79,84,87,87,72,85,49,81,,,,,,
por,Portugal,sporting-cp,Sporting CP,24,ST,TBD,TBD,TBD,TBD,0,25,25,79,84,87,87,72,85,49,81,,,,,,
por,Portugal,sporting-cp,Sporting CP,25,ST,TBD,TBD,TBD,TBD,0,25,25,79,84,87,87,72,85,49,81,,,,,,
bel,Belgium,charleroi,Sporting Charleroi,1,GK,TBD,TBD,TBD,TBD,0,25,25,59,67,,,,,,,61,59,57,62,35,60
bel,Belgium,charleroi,Sporting Charleroi,2,GK,TBD,TBD,TBD,TBD,0,25,25,59,67,,,,,,,61,59,57,62,35,60
bel,Belgium,charleroi,Sporting Charleroi,3,CB,TBD,TBD,TBD,TBD,0,25,25,59,67,51,35,49,47,63,65,,,,,,
bel,Belgium,charleroi,Sporting Charleroi,4,CB,TBD,TBD,TBD,TBD,0,25,25,59,67,51,35,49,47,63,65,,,,,,
bel,Belgium,charleroi,Sporting Charleroi,5,CB,TBD,TBD,TBD,TBD,0,25,25,59,67,51,35,49,47,63,65,,,,,,
bel,Belgium,charleroi,Sporting Charleroi,6,CB,TBD,TBD,TBD,TBD,0,25,25,59,67,51,35,49,47,63,65,,,,,,
bel,Belgium,charleroi,Sporting Charleroi,7,CB,TBD,TBD,TBD,TBD,0,25,25,59,67,51,35,49,47,63,65,,,,,,
bel,Belgium,charleroi,Sporting Charleroi,8,LB,TBD,TBD,TBD,TBD,0,25,25,60,68,65,42,58,62,60,61,,,,,,
bel,Belgium,charleroi,Sporting Charleroi,9,LB,TBD,TBD,TBD,TBD,0,25,25,60,68,65,42,58,62,60,61,,,,,,
bel,Belgium,charleroi,Sporting Charleroi,10,RB,TBD,TBD,TBD,TBD,0,25,25,60,68,65,42,58,62,60,61,,,,,,
bel,Belgium,charleroi,Sporting Charleroi,11,RB,TBD,TBD,TBD,TBD,0,25,25,60,68,65,42,58,62,60,61,,,,,,
bel,Belgium,charleroi,Sporting Charleroi,12,CDM,TBD,TBD,TBD,TBD,0,25,25,60,68,57,48,62,60,64,65,,,,,,
bel,Belgium,charleroi,Sporting Charleroi,13,CM,TBD,TBD,TBD,TBD,0,25,25,61,69,60,57,65,66,59,61,,,,,,
bel,Belgium,charleroi,Sporting Charleroi,14,CM,TBD,TBD,TBD,TBD,0,25,25,61,69,60,57,65,66,59,61,,,,,,
bel,Belgium,charleroi,Sporting Charleroi,15,CM,TBD,TBD,TBD,TBD,0,25,25,61,69,60,57,65,66,59,61,,,,,,
bel,Belgium,charleroi,Sporting Charleroi,16,CM,TBD,TBD,TBD,TBD,0,25,25,61,69,60,57,65,66,59,61,,,,,,
bel,Belgium,charleroi,Sporting Charleroi,17,CM,TBD,TBD,TBD,TBD,0,25,25,61,69,60,57,65,66,59,61,,,,,,
bel,Belgium,charleroi,Sporting Charleroi,18,CAM,TBD,TBD,TBD,TBD,0,25,25,61,69,64,63,69,71,43,53,,,,,,
bel,Belgium,charleroi,Sporting Charleroi,19,LW,TBD,TBD,TBD,TBD,0,25,25,61,69,74,63,61,72,36,51,,,,,,
bel,Belgium,charleroi,Sporting Charleroi,20,LW,TBD,TBD,TBD,TBD,0,25,25,61,69,74,63,61,72,36,51,,,,,,
bel,Belgium,charleroi,Sporting Charleroi,21,RW,TBD,TBD,TBD,TBD,0,25,25,61,69,74,63,61,72,36,51,,,,,,
bel,Belgium,charleroi,Sporting Charleroi,22,RW,TBD,TBD,TBD,TBD,0,25,25,61,69,74,63,61,72,36,51,,,,,,
bel,Belgium,charleroi,Sporting Charleroi,23,ST,TBD,TBD,TBD,TBD,0,25,25,61,69,69,69,54,67,35,63,,,,,,
bel,Belgium,charleroi,Sporting Charleroi,24,ST,TBD,TBD,TBD,TBD,0,25,25,61,69,69,69,54,67,35,63,,,,,,
bel,Belgium,charleroi,Sporting Charleroi,25,ST,TBD,TBD,TBD,TBD,0,25,25,61,69,69,69,54,67,35,63,,,,,,
sco,Scotland,st-johnstone,St Johnstone FC,1,GK,TBD,TBD,TBD,TBD,0,25,25,45,53,,,,,,,47,45,43,48,35,46
sco,Scotland,st-johnstone,St Johnstone FC,2,GK,TBD,TBD,TBD,TBD,0,25,25,45,53,,,,,,,47,45,43,48,35,46
sco,Scotland,st-johnstone,St Johnstone FC,3,CB,TBD,TBD,TBD,TBD,0,25,25,45,53,37,35,35,35,49,51,,,,,,
sco,Scotland,st-johnstone,St Johnstone FC,4,CB,TBD,TBD,TBD,TBD,0,25,25,45,53,37,35,35,35,49,51,,,,,,
sco,Scotland,st-johnstone,St Johnstone FC,5,CB,TBD,TBD,TBD,TBD,0,25,25,45,53,37,35,35,35,49,51,,,,,,
sco,Scotland,st-johnstone,St Johnstone FC,6,CB,TBD,TBD,TBD,TBD,0,25,25,45,53,37,35,35,35,49,51,,,,,,
sco,Scotland,st-johnstone,St Johnstone FC,7,CB,TBD,TBD,TBD,TBD,0,25,25,45,53,37,35,35,35,49,51,,,,,,
sco,Scotland,st-johnstone,St Johnstone FC,8,LB,TBD,TBD,TBD,TBD,0,25,25,46,54,51,35,44,48,46,47,,,,,,
sco,Scotland,st-johnstone,St Johnstone FC,9,LB,TBD,TBD,TBD,TBD,0,25,25,46,54,51,35,44,48,46,47,,,,,,
sco,Scotland,st-johnstone,St Johnstone FC,10,RB,TBD,TBD,TBD,TBD,0,25,25,46,54,51,35,44,48,46,47,,,,,,
sco,Scotland,st-johnstone,St Johnstone FC,11,RB,TBD,TBD,TBD,TBD,0,25,25,46,54,51,35,44,48,46,47,,,,,,
sco,Scotland,st-johnstone,St Johnstone FC,12,CDM,TBD,TBD,TBD,TBD,0,25,25,46,54,43,35,48,46,50,51,,,,,,
sco,Scotland,st-johnstone,St Johnstone FC,13,CM,TBD,TBD,TBD,TBD,0,25,25,47,55,46,43,51,52,45,47,,,,,,
sco,Scotland,st-johnstone,St Johnstone FC,14,CM,TBD,TBD,TBD,TBD,0,25,25,47,55,46,43,51,52,45,47,,,,,,
sco,Scotland,st-johnstone,St Johnstone FC,15,CM,TBD,TBD,TBD,TBD,0,25,25,47,55,46,43,51,52,45,47,,,,,,
sco,Scotland,st-johnstone,St Johnstone FC,16,CM,TBD,TBD,TBD,TBD,0,25,25,47,55,46,43,51,52,45,47,,,,,,
sco,Scotland,st-johnstone,St Johnstone FC,17,CM,TBD,TBD,TBD,TBD,0,25,25,47,55,46,43,51,52,45,47,,,,,,
sco,Scotland,st-johnstone,St Johnstone FC,18,CAM,TBD,TBD,TBD,TBD,0,25,25,47,55,50,49,55,57,35,39,,,,,,
sco,Scotland,st-johnstone,St Johnstone FC,19,LW,TBD,TBD,TBD,TBD,0,25,25,47,55,60,49,47,58,35,37,,,,,,
sco,Scotland,st-johnstone,St Johnstone FC,20,LW,TBD,TBD,TBD,TBD,0,25,25,47,55,60,49,47,58,35,37,,,,,,
sco,Scotland,st-johnstone,St Johnstone FC,21,RW,TBD,TBD,TBD,TBD,0,25,25,47,55,60,49,47,58,35,37,,,,,,
sco,Scotland,st-johnstone,St Johnstone FC,22,RW,TBD,TBD,TBD,TBD,0,25,25,47,55,60,49,47,58,35,37,,,,,,
sco,Scotland,st-johnstone,St Johnstone FC,23,ST,TBD,TBD,TBD,TBD,0,25,25,47,55,55,55,40,53,35,49,,,,,,
sco,Scotland,st-johnstone,St Johnstone FC,24,ST,TBD,TBD,TBD,TBD,0,25,25,47,55,55,55,40,53,35,49,,,,,,
sco,Scotland,st-johnstone,St Johnstone FC,25,ST,TBD,TBD,TBD,TBD,0,25,25,47,55,55,55,40,53,35,49,,,,,,
sco,Scotland,st-mirren,St Mirren FC,1,GK,TBD,TBD,TBD,TBD,0,25,25,45,53,,,,,,,47,45,43,48,35,46
sco,Scotland,st-mirren,St Mirren FC,2,GK,TBD,TBD,TBD,TBD,0,25,25,45,53,,,,,,,47,45,43,48,35,46
sco,Scotland,st-mirren,St Mirren FC,3,CB,TBD,TBD,TBD,TBD,0,25,25,45,53,37,35,35,35,49,51,,,,,,
sco,Scotland,st-mirren,St Mirren FC,4,CB,TBD,TBD,TBD,TBD,0,25,25,45,53,37,35,35,35,49,51,,,,,,
sco,Scotland,st-mirren,St Mirren FC,5,CB,TBD,TBD,TBD,TBD,0,25,25,45,53,37,35,35,35,49,51,,,,,,
sco,Scotland,st-mirren,St Mirren FC,6,CB,TBD,TBD,TBD,TBD,0,25,25,45,53,37,35,35,35,49,51,,,,,,
sco,Scotland,st-mirren,St Mirren FC,7,CB,TBD,TBD,TBD,TBD,0,25,25,45,53,37,35,35,35,49,51,,,,,,
sco,Scotland,st-mirren,St Mirren FC,8,LB,TBD,TBD,TBD,TBD,0,25,25,46,54,51,35,44,48,46,47,,,,,,
sco,Scotland,st-mirren,St Mirren FC,9,LB,TBD,TBD,TBD,TBD,0,25,25,46,54,51,35,44,48,46,47,,,,,,
sco,Scotland,st-mirren,St Mirren FC,10,RB,TBD,TBD,TBD,TBD,0,25,25,46,54,51,35,44,48,46,47,,,,,,
sco,Scotland,st-mirren,St Mirren FC,11,RB,TBD,TBD,TBD,TBD,0,25,25,46,54,51,35,44,48,46,47,,,,,,
sco,Scotland,st-mirren,St Mirren FC,12,CDM,TBD,TBD,TBD,TBD,0,25,25,46,54,43,35,48,46,50,51,,,,,,
sco,Scotland,st-mirren,St Mirren FC,13,CM,TBD,TBD,TBD,TBD,0,25,25,47,55,46,43,51,52,45,47,,,,,,
sco,Scotland,st-mirren,St Mirren FC,14,CM,TBD,TBD,TBD,TBD,0,25,25,47,55,46,43,51,52,45,47,,,,,,
sco,Scotland,st-mirren,St Mirren FC,15,CM,TBD,TBD,TBD,TBD,0,25,25,47,55,46,43,51,52,45,47,,,,,,
sco,Scotland,st-mirren,St Mirren FC,16,CM,TBD,TBD,TBD,TBD,0,25,25,47,55,46,43,51,52,45,47,,,,,,
sco,Scotland,st-mirren,St Mirren FC,17,CM,TBD,TBD,TBD,TBD,0,25,25,47,55,46,43,51,52,45,47,,,,,,
sco,Scotland,st-mirren,St Mirren FC,18,CAM,TBD,TBD,TBD,TBD,0,25,25,47,55,50,49,55,57,35,39,,,,,,
sco,Scotland,st-mirren,St Mirren FC,19,LW,TBD,TBD,TBD,TBD,0,25,25,47,55,60,49,47,58,35,37,,,,,,
sco,Scotland,st-mirren,St Mirren FC,20,LW,TBD,TBD,TBD,TBD,0,25,25,47,55,60,49,47,58,35,37,,,,,,
sco,Scotland,st-mirren,St Mirren FC,21,RW,TBD,TBD,TBD,TBD,0,25,25,47,55,60,49,47,58,35,37,,,,,,
sco,Scotland,st-mirren,St Mirren FC,22,RW,TBD,TBD,TBD,TBD,0,25,25,47,55,60,49,47,58,35,37,,,,,,
sco,Scotland,st-mirren,St Mirren FC,23,ST,TBD,TBD,TBD,TBD,0,25,25,47,55,55,55,40,53,35,49,,,,,,
sco,Scotland,st-mirren,St Mirren FC,24,ST,TBD,TBD,TBD,TBD,0,25,25,47,55,55,55,40,53,35,49,,,,,,
sco,Scotland,st-mirren,St Mirren FC,25,ST,TBD,TBD,TBD,TBD,0,25,25,47,55,55,55,40,53,35,49,,,,,,
fra,France,brest,Stade Brestois 29,1,RB,TBD,TBD,TBD,TBD,25,25,2,68,76,73,50,66,70,68,69,,,,,,
fra,France,brest,Stade Brestois 29,2,CM,TBD,TBD,TBD,TBD,25,25,2,69,77,68,65,73,74,67,69,,,,,,
fra,France,rennes,Stade Rennais FC,1,CM,TBD,TBD,TBD,TBD,26,25,1,73,81,72,69,77,78,71,73,,,,,,
fra,France,reims,Stade de Reims,1,LB,TBD,TBD,TBD,TBD,25,25,2,62,70,67,44,60,64,62,63,,,,,,
fra,France,reims,Stade de Reims,2,CM,TBD,TBD,TBD,TBD,25,25,2,63,71,62,59,67,68,61,63,,,,,,
pol,Poland,stal-mielec,Stal Mielec,1,GK,TBD,TBD,TBD,TBD,0,25,25,45,53,,,,,,,47,45,43,48,35,46
pol,Poland,stal-mielec,Stal Mielec,2,GK,TBD,TBD,TBD,TBD,0,25,25,45,53,,,,,,,47,45,43,48,35,46
pol,Poland,stal-mielec,Stal Mielec,3,CB,TBD,TBD,TBD,TBD,0,25,25,45,53,37,35,35,35,49,51,,,,,,
pol,Poland,stal-mielec,Stal Mielec,4,CB,TBD,TBD,TBD,TBD,0,25,25,45,53,37,35,35,35,49,51,,,,,,
pol,Poland,stal-mielec,Stal Mielec,5,CB,TBD,TBD,TBD,TBD,0,25,25,45,53,37,35,35,35,49,51,,,,,,
pol,Poland,stal-mielec,Stal Mielec,6,CB,TBD,TBD,TBD,TBD,0,25,25,45,53,37,35,35,35,49,51,,,,,,
pol,Poland,stal-mielec,Stal Mielec,7,CB,TBD,TBD,TBD,TBD,0,25,25,45,53,37,35,35,35,49,51,,,,,,
pol,Poland,stal-mielec,Stal Mielec,8,LB,TBD,TBD,TBD,TBD,0,25,25,46,54,51,35,44,48,46,47,,,,,,
pol,Poland,stal-mielec,Stal Mielec,9,LB,TBD,TBD,TBD,TBD,0,25,25,46,54,51,35,44,48,46,47,,,,,,
pol,Poland,stal-mielec,Stal Mielec,10,RB,TBD,TBD,TBD,TBD,0,25,25,46,54,51,35,44,48,46,47,,,,,,
pol,Poland,stal-mielec,Stal Mielec,11,RB,TBD,TBD,TBD,TBD,0,25,25,46,54,51,35,44,48,46,47,,,,,,
pol,Poland,stal-mielec,Stal Mielec,12,CDM,TBD,TBD,TBD,TBD,0,25,25,46,54,43,35,48,46,50,51,,,,,,
pol,Poland,stal-mielec,Stal Mielec,13,CM,TBD,TBD,TBD,TBD,0,25,25,47,55,46,43,51,52,45,47,,,,,,
pol,Poland,stal-mielec,Stal Mielec,14,CM,TBD,TBD,TBD,TBD,0,25,25,47,55,46,43,51,52,45,47,,,,,,
pol,Poland,stal-mielec,Stal Mielec,15,CM,TBD,TBD,TBD,TBD,0,25,25,47,55,46,43,51,52,45,47,,,,,,
pol,Poland,stal-mielec,Stal Mielec,16,CM,TBD,TBD,TBD,TBD,0,25,25,47,55,46,43,51,52,45,47,,,,,,
pol,Poland,stal-mielec,Stal Mielec,17,CM,TBD,TBD,TBD,TBD,0,25,25,47,55,46,43,51,52,45,47,,,,,,
pol,Poland,stal-mielec,Stal Mielec,18,CAM,TBD,TBD,TBD,TBD,0,25,25,47,55,50,49,55,57,35,39,,,,,,
pol,Poland,stal-mielec,Stal Mielec,19,LW,TBD,TBD,TBD,TBD,0,25,25,47,55,60,49,47,58,35,37,,,,,,
pol,Poland,stal-mielec,Stal Mielec,20,LW,TBD,TBD,TBD,TBD,0,25,25,47,55,60,49,47,58,35,37,,,,,,
pol,Poland,stal-mielec,Stal Mielec,21,RW,TBD,TBD,TBD,TBD,0,25,25,47,55,60,49,47,58,35,37,,,,,,
pol,Poland,stal-mielec,Stal Mielec,22,RW,TBD,TBD,TBD,TBD,0,25,25,47,55,60,49,47,58,35,37,,,,,,
pol,Poland,stal-mielec,Stal Mielec,23,ST,TBD,TBD,TBD,TBD,0,25,25,47,55,55,55,40,53,35,49,,,,,,
pol,Poland,stal-mielec,Stal Mielec,24,ST,TBD,TBD,TBD,TBD,0,25,25,47,55,55,55,40,53,35,49,,,,,,
pol,Poland,stal-mielec,Stal Mielec,25,ST,TBD,TBD,TBD,TBD,0,25,25,47,55,55,55,40,53,35,49,,,,,,
bel,Belgium,standard-liege,Standard Liège,1,GK,TBD,TBD,TBD,TBD,0,25,25,69,77,,,,,,,71,69,67,72,44,70
bel,Belgium,standard-liege,Standard Liège,2,GK,TBD,TBD,TBD,TBD,0,25,25,69,77,,,,,,,71,69,67,72,44,70
bel,Belgium,standard-liege,Standard Liège,3,CB,TBD,TBD,TBD,TBD,0,25,25,69,77,61,39,59,57,73,75,,,,,,
bel,Belgium,standard-liege,Standard Liège,4,CB,TBD,TBD,TBD,TBD,0,25,25,69,77,61,39,59,57,73,75,,,,,,
bel,Belgium,standard-liege,Standard Liège,5,CB,TBD,TBD,TBD,TBD,0,25,25,69,77,61,39,59,57,73,75,,,,,,
bel,Belgium,standard-liege,Standard Liège,6,CB,TBD,TBD,TBD,TBD,0,25,25,69,77,61,39,59,57,73,75,,,,,,
bel,Belgium,standard-liege,Standard Liège,7,CB,TBD,TBD,TBD,TBD,0,25,25,69,77,61,39,59,57,73,75,,,,,,
bel,Belgium,standard-liege,Standard Liège,8,LB,TBD,TBD,TBD,TBD,0,25,25,70,78,75,52,68,72,70,71,,,,,,
bel,Belgium,standard-liege,Standard Liège,9,LB,TBD,TBD,TBD,TBD,0,25,25,70,78,75,52,68,72,70,71,,,,,,
bel,Belgium,standard-liege,Standard Liège,10,RB,TBD,TBD,TBD,TBD,0,25,25,70,78,75,52,68,72,70,71,,,,,,
bel,Belgium,standard-liege,Standard Liège,11,RB,TBD,TBD,TBD,TBD,0,25,25,70,78,75,52,68,72,70,71,,,,,,
bel,Belgium,standard-liege,Standard Liège,12,CDM,TBD,TBD,TBD,TBD,0,25,25,70,78,67,58,72,70,74,75,,,,,,
bel,Belgium,standard-liege,Standard Liège,13,CM,TBD,TBD,TBD,TBD,0,25,25,71,79,70,67,75,76,69,71,,,,,,
bel,Belgium,standard-liege,Standard Liège,14,CM,TBD,TBD,TBD,TBD,0,25,25,71,79,70,67,75,76,69,71,,,,,,
bel,Belgium,standard-liege,Standard Liège,15,CM,TBD,TBD,TBD,TBD,0,25,25,71,79,70,67,75,76,69,71,,,,,,
bel,Belgium,standard-liege,Standard Liège,16,CM,TBD,TBD,TBD,TBD,0,25,25,71,79,70,67,75,76,69,71,,,,,,
bel,Belgium,standard-liege,Standard Liège,17,CM,TBD,TBD,TBD,TBD,0,25,25,71,79,70,67,75,76,69,71,,,,,,
bel,Belgium,standard-liege,Standard Liège,18,CAM,TBD,TBD,TBD,TBD,0,25,25,71,79,74,73,79,81,53,63,,,,,,
bel,Belgium,standard-liege,Standard Liège,19,LW,TBD,TBD,TBD,TBD,0,25,25,71,79,84,73,71,82,46,61,,,,,,
bel,Belgium,standard-liege,Standard Liège,20,LW,TBD,TBD,TBD,TBD,0,25,25,71,79,84,73,71,82,46,61,,,,,,
bel,Belgium,standard-liege,Standard Liège,21,RW,TBD,TBD,TBD,TBD,0,25,25,71,79,84,73,71,82,46,61,,,,,,
bel,Belgium,standard-liege,Standard Liège,22,RW,TBD,TBD,TBD,TBD,0,25,25,71,79,84,73,71,82,46,61,,,,,,
bel,Belgium,standard-liege,Standard Liège,23,ST,TBD,TBD,TBD,TBD,0,25,25,71,79,79,79,64,77,41,73,,,,,,
bel,Belgium,standard-liege,Standard Liège,24,ST,TBD,TBD,TBD,TBD,0,25,25,71,79,79,79,64,77,41,73,,,,,,
bel,Belgium,standard-liege,Standard Liège,25,ST,TBD,TBD,TBD,TBD,0,25,25,71,79,79,79,64,77,41,73,,,,,,
isl,Iceland,stjarnan,Stjarnan,1,GK,TBD,TBD,TBD,TBD,0,25,25,45,53,,,,,,,47,45,43,48,35,46
isl,Iceland,stjarnan,Stjarnan,2,GK,TBD,TBD,TBD,TBD,0,25,25,45,53,,,,,,,47,45,43,48,35,46
isl,Iceland,stjarnan,Stjarnan,3,CB,TBD,TBD,TBD,TBD,0,25,25,45,53,37,35,35,35,49,51,,,,,,
isl,Iceland,stjarnan,Stjarnan,4,CB,TBD,TBD,TBD,TBD,0,25,25,45,53,37,35,35,35,49,51,,,,,,
isl,Iceland,stjarnan,Stjarnan,5,CB,TBD,TBD,TBD,TBD,0,25,25,45,53,37,35,35,35,49,51,,,,,,
isl,Iceland,stjarnan,Stjarnan,6,CB,TBD,TBD,TBD,TBD,0,25,25,45,53,37,35,35,35,49,51,,,,,,
isl,Iceland,stjarnan,Stjarnan,7,CB,TBD,TBD,TBD,TBD,0,25,25,45,53,37,35,35,35,49,51,,,,,,
isl,Iceland,stjarnan,Stjarnan,8,LB,TBD,TBD,TBD,TBD,0,25,25,46,54,51,35,44,48,46,47,,,,,,
isl,Iceland,stjarnan,Stjarnan,9,LB,TBD,TBD,TBD,TBD,0,25,25,46,54,51,35,44,48,46,47,,,,,,
isl,Iceland,stjarnan,Stjarnan,10,RB,TBD,TBD,TBD,TBD,0,25,25,46,54,51,35,44,48,46,47,,,,,,
isl,Iceland,stjarnan,Stjarnan,11,RB,TBD,TBD,TBD,TBD,0,25,25,46,54,51,35,44,48,46,47,,,,,,
isl,Iceland,stjarnan,Stjarnan,12,CDM,TBD,TBD,TBD,TBD,0,25,25,46,54,43,35,48,46,50,51,,,,,,
isl,Iceland,stjarnan,Stjarnan,13,CM,TBD,TBD,TBD,TBD,0,25,25,47,55,46,43,51,52,45,47,,,,,,
isl,Iceland,stjarnan,Stjarnan,14,CM,TBD,TBD,TBD,TBD,0,25,25,47,55,46,43,51,52,45,47,,,,,,
isl,Iceland,stjarnan,Stjarnan,15,CM,TBD,TBD,TBD,TBD,0,25,25,47,55,46,43,51,52,45,47,,,,,,
isl,Iceland,stjarnan,Stjarnan,16,CM,TBD,TBD,TBD,TBD,0,25,25,47,55,46,43,51,52,45,47,,,,,,
isl,Iceland,stjarnan,Stjarnan,17,CM,TBD,TBD,TBD,TBD,0,25,25,47,55,46,43,51,52,45,47,,,,,,
isl,Iceland,stjarnan,Stjarnan,18,CAM,TBD,TBD,TBD,TBD,0,25,25,47,55,50,49,55,57,35,39,,,,,,
isl,Iceland,stjarnan,Stjarnan,19,LW,TBD,TBD,TBD,TBD,0,25,25,47,55,60,49,47,58,35,37,,,,,,
isl,Iceland,stjarnan,Stjarnan,20,LW,TBD,TBD,TBD,TBD,0,25,25,47,55,60,49,47,58,35,37,,,,,,
isl,Iceland,stjarnan,Stjarnan,21,RW,TBD,TBD,TBD,TBD,0,25,25,47,55,60,49,47,58,35,37,,,,,,
isl,Iceland,stjarnan,Stjarnan,22,RW,TBD,TBD,TBD,TBD,0,25,25,47,55,60,49,47,58,35,37,,,,,,
isl,Iceland,stjarnan,Stjarnan,23,ST,TBD,TBD,TBD,TBD,0,25,25,47,55,55,55,40,53,35,49,,,,,,
isl,Iceland,stjarnan,Stjarnan,24,ST,TBD,TBD,TBD,TBD,0,25,25,47,55,55,55,40,53,35,49,,,,,,
isl,Iceland,stjarnan,Stjarnan,25,ST,TBD,TBD,TBD,TBD,0,25,25,47,55,55,55,40,53,35,49,,,,,,
nor,Norway,stromsgodset,Strømsgodset IF,1,GK,TBD,TBD,TBD,TBD,0,25,25,49,57,,,,,,,51,49,47,52,35,50
nor,Norway,stromsgodset,Strømsgodset IF,2,GK,TBD,TBD,TBD,TBD,0,25,25,49,57,,,,,,,51,49,47,52,35,50
nor,Norway,stromsgodset,Strømsgodset IF,3,CB,TBD,TBD,TBD,TBD,0,25,25,49,57,41,35,39,37,53,55,,,,,,
nor,Norway,stromsgodset,Strømsgodset IF,4,CB,TBD,TBD,TBD,TBD,0,25,25,49,57,41,35,39,37,53,55,,,,,,
nor,Norway,stromsgodset,Strømsgodset IF,5,CB,TBD,TBD,TBD,TBD,0,25,25,49,57,41,35,39,37,53,55,,,,,,
nor,Norway,stromsgodset,Strømsgodset IF,6,CB,TBD,TBD,TBD,TBD,0,25,25,49,57,41,35,39,37,53,55,,,,,,
nor,Norway,stromsgodset,Strømsgodset IF,7,CB,TBD,TBD,TBD,TBD,0,25,25,49,57,41,35,39,37,53,55,,,,,,
nor,Norway,stromsgodset,Strømsgodset IF,8,LB,TBD,TBD,TBD,TBD,0,25,25,50,58,55,35,48,52,50,51,,,,,,
nor,Norway,stromsgodset,Strømsgodset IF,9,LB,TBD,TBD,TBD,TBD,0,25,25,50,58,55,35,48,52,50,51,,,,,,
nor,Norway,stromsgodset,Strømsgodset IF,10,RB,TBD,TBD,TBD,TBD,0,25,25,50,58,55,35,48,52,50,51,,,,,,
nor,Norway,stromsgodset,Strømsgodset IF,11,RB,TBD,TBD,TBD,TBD,0,25,25,50,58,55,35,48,52,50,51,,,,,,
nor,Norway,stromsgodset,Strømsgodset IF,12,CDM,TBD,TBD,TBD,TBD,0,25,25,50,58,47,38,52,50,54,55,,,,,,
nor,Norway,stromsgodset,Strømsgodset IF,13,CM,TBD,TBD,TBD,TBD,0,25,25,51,59,50,47,55,56,49,51,,,,,,
nor,Norway,stromsgodset,Strømsgodset IF,14,CM,TBD,TBD,TBD,TBD,0,25,25,51,59,50,47,55,56,49,51,,,,,,
nor,Norway,stromsgodset,Strømsgodset IF,15,CM,TBD,TBD,TBD,TBD,0,25,25,51,59,50,47,55,56,49,51,,,,,,
nor,Norway,stromsgodset,Strømsgodset IF,16,CM,TBD,TBD,TBD,TBD,0,25,25,51,59,50,47,55,56,49,51,,,,,,
nor,Norway,stromsgodset,Strømsgodset IF,17,CM,TBD,TBD,TBD,TBD,0,25,25,51,59,50,47,55,56,49,51,,,,,,
nor,Norway,stromsgodset,Strømsgodset IF,18,CAM,TBD,TBD,TBD,TBD,0,25,25,51,59,54,53,59,61,35,43,,,,,,
nor,Norway,stromsgodset,Strømsgodset IF,19,LW,TBD,TBD,TBD,TBD,0,25,25,51,59,64,53,51,62,35,41,,,,,,
nor,Norway,stromsgodset,Strømsgodset IF,20,LW,TBD,TBD,TBD,TBD,0,25,25,51,59,64,53,51,62,35,41,,,,,,
nor,Norway,stromsgodset,Strømsgodset IF,21,RW,TBD,TBD,TBD,TBD,0,25,25,51,59,64,53,51,62,35,41,,,,,,
nor,Norway,stromsgodset,Strømsgodset IF,22,RW,TBD,TBD,TBD,TBD,0,25,25,51,59,64,53,51,62,35,41,,,,,,
nor,Norway,stromsgodset,Strømsgodset IF,23,ST,TBD,TBD,TBD,TBD,0,25,25,51,59,59,59,44,57,35,53,,,,,,
nor,Norway,stromsgodset,Strømsgodset IF,24,ST,TBD,TBD,TBD,TBD,0,25,25,51,59,59,59,44,57,35,53,,,,,,
nor,Norway,stromsgodset,Strømsgodset IF,25,ST,TBD,TBD,TBD,TBD,0,25,25,51,59,59,59,44,57,35,53,,,,,,
che,Switzerland,che,Super League,1,GK,TBD,TBD,TBD,TBD,0,25,25,61,69,,,,,,,63,61,59,64,36,62
che,Switzerland,che,Super League,2,GK,TBD,TBD,TBD,TBD,0,25,25,61,69,,,,,,,63,61,59,64,36,62
che,Switzerland,che,Super League,3,CB,TBD,TBD,TBD,TBD,0,25,25,61,69,53,35,51,49,65,67,,,,,,
che,Switzerland,che,Super League,4,CB,TBD,TBD,TBD,TBD,0,25,25,61,69,53,35,51,49,65,67,,,,,,
che,Switzerland,che,Super League,5,CB,TBD,TBD,TBD,TBD,0,25,25,61,69,53,35,51,49,65,67,,,,,,
che,Switzerland,che,Super League,6,CB,TBD,TBD,TBD,TBD,0,25,25,61,69,53,35,51,49,65,67,,,,,,
che,Switzerland,che,Super League,7,CB,TBD,TBD,TBD,TBD,0,25,25,61,69,53,35,51,49,65,67,,,,,,
che,Switzerland,che,Super League,8,LB,TBD,TBD,TBD,TBD,0,25,25,62,70,67,44,60,64,62,63,,,,,,
che,Switzerland,che,Super League,9,LB,TBD,TBD,TBD,TBD,0,25,25,62,70,67,44,60,64,62,63,,,,,,
che,Switzerland,che,Super League,10,RB,TBD,TBD,TBD,TBD,0,25,25,62,70,67,44,60,64,62,63,,,,,,
che,Switzerland,che,Super League,11,RB,TBD,TBD,TBD,TBD,0,25,25,62,70,67,44,60,64,62,63,,,,,,
che,Switzerland,che,Super League,12,CDM,TBD,TBD,TBD,TBD,0,25,25,62,70,59,50,64,62,66,67,,,,,,
che,Switzerland,che,Super League,13,CM,TBD,TBD,TBD,TBD,0,25,25,63,71,62,59,67,68,61,63,,,,,,
che,Switzerland,che,Super League,14,CM,TBD,TBD,TBD,TBD,0,25,25,63,71,62,59,67,68,61,63,,,,,,
che,Switzerland,che,Super League,15,CM,TBD,TBD,TBD,TBD,0,25,25,63,71,62,59,67,68,61,63,,,,,,
che,Switzerland,che,Super League,16,CM,TBD,TBD,TBD,TBD,0,25,25,63,71,62,59,67,68,61,63,,,,,,
che,Switzerland,che,Super League,17,CM,TBD,TBD,TBD,TBD,0,25,25,63,71,62,59,67,68,61,63,,,,,,
che,Switzerland,che,Super League,18,CAM,TBD,TBD,TBD,TBD,0,25,25,63,71,66,65,71,73,45,55,,,,,,
che,Switzerland,che,Super League,19,LW,TBD,TBD,TBD,TBD,0,25,25,63,71,76,65,63,74,38,53,,,,,,
che,Switzerland,che,Super League,20,LW,TBD,TBD,TBD,TBD,0,25,25,63,71,76,65,63,74,38,53,,,,,,
che,Switzerland,che,Super League,21,RW,TBD,TBD,TBD,TBD,0,25,25,63,71,76,65,63,74,38,53,,,,,,
che,Switzerland,che,Super League,22,RW,TBD,TBD,TBD,TBD,0,25,25,63,71,76,65,63,74,38,53,,,,,,
che,Switzerland,che,Super League,23,ST,TBD,TBD,TBD,TBD,0,25,25,63,71,71,71,56,69,35,65,,,,,,
che,Switzerland,che,Super League,24,ST,TBD,TBD,TBD,TBD,0,25,25,63,71,71,71,56,69,35,65,,,,,,
che,Switzerland,che,Super League,25,ST,TBD,TBD,TBD,TBD,0,25,25,63,71,71,71,56,69,35,65,,,,,,
gre,Greece,gre,Super League Greece,1,GK,TBD,TBD,TBD,TBD,0,25,25,59,67,,,,,,,61,59,57,62,35,60
gre,Greece,gre,Super League Greece,2,GK,TBD,TBD,TBD,TBD,0,25,25,59,67,,,,,,,61,59,57,62,35,60
gre,Greece,gre,Super League Greece,3,CB,TBD,TBD,TBD,TBD,0,25,25,59,67,51,35,49,47,63,65,,,,,,
gre,Greece,gre,Super League Greece,4,CB,TBD,TBD,TBD,TBD,0,25,25,59,67,51,35,49,47,63,65,,,,,,
gre,Greece,gre,Super League Greece,5,CB,TBD,TBD,TBD,TBD,0,25,25,59,67,51,35,49,47,63,65,,,,,,
gre,Greece,gre,Super League Greece,6,CB,TBD,TBD,TBD,TBD,0,25,25,59,67,51,35,49,47,63,65,,,,,,
gre,Greece,gre,Super League Greece,7,CB,TBD,TBD,TBD,TBD,0,25,25,59,67,51,35,49,47,63,65,,,,,,
gre,Greece,gre,Super League Greece,8,LB,TBD,TBD,TBD,TBD,0,25,25,60,68,65,42,58,62,60,61,,,,,,
gre,Greece,gre,Super League Greece,9,LB,TBD,TBD,TBD,TBD,0,25,25,60,68,65,42,58,62,60,61,,,,,,
gre,Greece,gre,Super League Greece,10,RB,TBD,TBD,TBD,TBD,0,25,25,60,68,65,42,58,62,60,61,,,,,,
gre,Greece,gre,Super League Greece,11,RB,TBD,TBD,TBD,TBD,0,25,25,60,68,65,42,58,62,60,61,,,,,,
gre,Greece,gre,Super League Greece,12,CDM,TBD,TBD,TBD,TBD,0,25,25,60,68,57,48,62,60,64,65,,,,,,
gre,Greece,gre,Super League Greece,13,CM,TBD,TBD,TBD,TBD,0,25,25,61,69,60,57,65,66,59,61,,,,,,
gre,Greece,gre,Super League Greece,14,CM,TBD,TBD,TBD,TBD,0,25,25,61,69,60,57,65,66,59,61,,,,,,
gre,Greece,gre,Super League Greece,15,CM,TBD,TBD,TBD,TBD,0,25,25,61,69,60,57,65,66,59,61,,,,,,
gre,Greece,gre,Super League Greece,16,CM,TBD,TBD,TBD,TBD,0,25,25,61,69,60,57,65,66,59,61,,,,,,
gre,Greece,gre,Super League Greece,17,CM,TBD,TBD,TBD,TBD,0,25,25,61,69,60,57,65,66,59,61,,,,,,
gre,Greece,gre,Super League Greece,18,CAM,TBD,TBD,TBD,TBD,0,25,25,61,69,64,63,69,71,43,53,,,,,,
gre,Greece,gre,Super League Greece,19,LW,TBD,TBD,TBD,TBD,0,25,25,61,69,74,63,61,72,36,51,,,,,,
gre,Greece,gre,Super League Greece,20,LW,TBD,TBD,TBD,TBD,0,25,25,61,69,74,63,61,72,36,51,,,,,,
gre,Greece,gre,Super League Greece,21,RW,TBD,TBD,TBD,TBD,0,25,25,61,69,74,63,61,72,36,51,,,,,,
gre,Greece,gre,Super League Greece,22,RW,TBD,TBD,TBD,TBD,0,25,25,61,69,74,63,61,72,36,51,,,,,,
gre,Greece,gre,Super League Greece,23,ST,TBD,TBD,TBD,TBD,0,25,25,61,69,69,69,54,67,35,63,,,,,,
gre,Greece,gre,Super League Greece,24,ST,TBD,TBD,TBD,TBD,0,25,25,61,69,69,69,54,67,35,63,,,,,,
gre,Greece,gre,Super League Greece,25,ST,TBD,TBD,TBD,TBD,0,25,25,61,69,69,69,54,67,35,63,,,,,,
srb,Serbia,srb,SuperLiga,1,GK,TBD,TBD,TBD,TBD,0,25,25,52,60,,,,,,,54,52,50,55,35,53
srb,Serbia,srb,SuperLiga,2,GK,TBD,TBD,TBD,TBD,0,25,25,52,60,,,,,,,54,52,50,55,35,53
srb,Serbia,srb,SuperLiga,3,CB,TBD,TBD,TBD,TBD,0,25,25,52,60,44,35,42,40,56,58,,,,,,
srb,Serbia,srb,SuperLiga,4,CB,TBD,TBD,TBD,TBD,0,25,25,52,60,44,35,42,40,56,58,,,,,,
srb,Serbia,srb,SuperLiga,5,CB,TBD,TBD,TBD,TBD,0,25,25,52,60,44,35,42,40,56,58,,,,,,
srb,Serbia,srb,SuperLiga,6,CB,TBD,TBD,TBD,TBD,0,25,25,52,60,44,35,42,40,56,58,,,,,,
srb,Serbia,srb,SuperLiga,7,CB,TBD,TBD,TBD,TBD,0,25,25,52,60,44,35,42,40,56,58,,,,,,
srb,Serbia,srb,SuperLiga,8,LB,TBD,TBD,TBD,TBD,0,25,25,53,61,58,35,51,55,53,54,,,,,,
srb,Serbia,srb,SuperLiga,9,LB,TBD,TBD,TBD,TBD,0,25,25,53,61,58,35,51,55,53,54,,,,,,
srb,Serbia,srb,SuperLiga,10,RB,TBD,TBD,TBD,TBD,0,25,25,53,61,58,35,51,55,53,54,,,,,,
srb,Serbia,srb,SuperLiga,11,RB,TBD,TBD,TBD,TBD,0,25,25,53,61,58,35,51,55,53,54,,,,,,
srb,Serbia,srb,SuperLiga,12,CDM,TBD,TBD,TBD,TBD,0,25,25,53,61,50,41,55,53,57,58,,,,,,
srb,Serbia,srb,SuperLiga,13,CM,TBD,TBD,TBD,TBD,0,25,25,54,62,53,50,58,59,52,54,,,,,,
srb,Serbia,srb,SuperLiga,14,CM,TBD,TBD,TBD,TBD,0,25,25,54,62,53,50,58,59,52,54,,,,,,
srb,Serbia,srb,SuperLiga,15,CM,TBD,TBD,TBD,TBD,0,25,25,54,62,53,50,58,59,52,54,,,,,,
srb,Serbia,srb,SuperLiga,16,CM,TBD,TBD,TBD,TBD,0,25,25,54,62,53,50,58,59,52,54,,,,,,
srb,Serbia,srb,SuperLiga,17,CM,TBD,TBD,TBD,TBD,0,25,25,54,62,53,50,58,59,52,54,,,,,,
srb,Serbia,srb,SuperLiga,18,CAM,TBD,TBD,TBD,TBD,0,25,25,54,62,57,56,62,64,36,46,,,,,,
srb,Serbia,srb,SuperLiga,19,LW,TBD,TBD,TBD,TBD,0,25,25,54,62,67,56,54,65,35,44,,,,,,
srb,Serbia,srb,SuperLiga,20,LW,TBD,TBD,TBD,TBD,0,25,25,54,62,67,56,54,65,35,44,,,,,,
srb,Serbia,srb,SuperLiga,21,RW,TBD,TBD,TBD,TBD,0,25,25,54,62,67,56,54,65,35,44,,,,,,
srb,Serbia,srb,SuperLiga,22,RW,TBD,TBD,TBD,TBD,0,25,25,54,62,67,56,54,65,35,44,,,,,,
srb,Serbia,srb,SuperLiga,23,ST,TBD,TBD,TBD,TBD,0,25,25,54,62,62,62,47,60,35,56,,,,,,
srb,Serbia,srb,SuperLiga,24,ST,TBD,TBD,TBD,TBD,0,25,25,54,62,62,62,47,60,35,56,,,,,,
srb,Serbia,srb,SuperLiga,25,ST,TBD,TBD,TBD,TBD,0,25,25,54,62,62,62,47,60,35,56,,,,,,
den,Denmark,den,Superliga,1,GK,TBD,TBD,TBD,TBD,0,25,25,61,69,,,,,,,63,61,59,64,36,62
den,Denmark,den,Superliga,2,GK,TBD,TBD,TBD,TBD,0,25,25,61,69,,,,,,,63,61,59,64,36,62
den,Denmark,den,Superliga,3,CB,TBD,TBD,TBD,TBD,0,25,25,61,69,53,35,51,49,65,67,,,,,,
den,Denmark,den,Superliga,4,CB,TBD,TBD,TBD,TBD,0,25,25,61,69,53,35,51,49,65,67,,,,,,
den,Denmark,den,Superliga,5,CB,TBD,TBD,TBD,TBD,0,25,25,61,69,53,35,51,49,65,67,,,,,,
den,Denmark,den,Superliga,6,CB,TBD,TBD,TBD,TBD,0,25,25,61,69,53,35,51,49,65,67,,,,,,
den,Denmark,den,Superliga,7,CB,TBD,TBD,TBD,TBD,0,25,25,61,69,53,35,51,49,65,67,,,,,,
den,Denmark,den,Superliga,8,LB,TBD,TBD,TBD,TBD,0,25,25,62,70,67,44,60,64,62,63,,,,,,
den,Denmark,den,Superliga,9,LB,TBD,TBD,TBD,TBD,0,25,25,62,70,67,44,60,64,62,63,,,,,,
den,Denmark,den,Superliga,10,RB,TBD,TBD,TBD,TBD,0,25,25,62,70,67,44,60,64,62,63,,,,,,
den,Denmark,den,Superliga,11,RB,TBD,TBD,TBD,TBD,0,25,25,62,70,67,44,60,64,62,63,,,,,,
den,Denmark,den,Superliga,12,CDM,TBD,TBD,TBD,TBD,0,25,25,62,70,59,50,64,62,66,67,,,,,,
den,Denmark,den,Superliga,13,CM,TBD,TBD,TBD,TBD,0,25,25,63,71,62,59,67,68,61,63,,,,,,
den,Denmark,den,Superliga,14,CM,TBD,TBD,TBD,TBD,0,25,25,63,71,62,59,67,68,61,63,,,,,,
den,Denmark,den,Superliga,15,CM,TBD,TBD,TBD,TBD,0,25,25,63,71,62,59,67,68,61,63,,,,,,
den,Denmark,den,Superliga,16,CM,TBD,TBD,TBD,TBD,0,25,25,63,71,62,59,67,68,61,63,,,,,,
den,Denmark,den,Superliga,17,CM,TBD,TBD,TBD,TBD,0,25,25,63,71,62,59,67,68,61,63,,,,,,
den,Denmark,den,Superliga,18,CAM,TBD,TBD,TBD,TBD,0,25,25,63,71,66,65,71,73,45,55,,,,,,
den,Denmark,den,Superliga,19,LW,TBD,TBD,TBD,TBD,0,25,25,63,71,76,65,63,74,38,53,,,,,,
den,Denmark,den,Superliga,20,LW,TBD,TBD,TBD,TBD,0,25,25,63,71,76,65,63,74,38,53,,,,,,
den,Denmark,den,Superliga,21,RW,TBD,TBD,TBD,TBD,0,25,25,63,71,76,65,63,74,38,53,,,,,,
den,Denmark,den,Superliga,22,RW,TBD,TBD,TBD,TBD,0,25,25,63,71,76,65,63,74,38,53,,,,,,
den,Denmark,den,Superliga,23,ST,TBD,TBD,TBD,TBD,0,25,25,63,71,71,71,56,69,35,65,,,,,,
den,Denmark,den,Superliga,24,ST,TBD,TBD,TBD,TBD,0,25,25,63,71,71,71,56,69,35,65,,,,,,
den,Denmark,den,Superliga,25,ST,TBD,TBD,TBD,TBD,0,25,25,63,71,71,71,56,69,35,65,,,,,,
den,Denmark,sonderjyske,Sønderjyske,1,GK,TBD,TBD,TBD,TBD,0,25,25,45,53,,,,,,,47,45,43,48,35,46
den,Denmark,sonderjyske,Sønderjyske,2,GK,TBD,TBD,TBD,TBD,0,25,25,45,53,,,,,,,47,45,43,48,35,46
den,Denmark,sonderjyske,Sønderjyske,3,CB,TBD,TBD,TBD,TBD,0,25,25,45,53,37,35,35,35,49,51,,,,,,
den,Denmark,sonderjyske,Sønderjyske,4,CB,TBD,TBD,TBD,TBD,0,25,25,45,53,37,35,35,35,49,51,,,,,,
den,Denmark,sonderjyske,Sønderjyske,5,CB,TBD,TBD,TBD,TBD,0,25,25,45,53,37,35,35,35,49,51,,,,,,
den,Denmark,sonderjyske,Sønderjyske,6,CB,TBD,TBD,TBD,TBD,0,25,25,45,53,37,35,35,35,49,51,,,,,,
den,Denmark,sonderjyske,Sønderjyske,7,CB,TBD,TBD,TBD,TBD,0,25,25,45,53,37,35,35,35,49,51,,,,,,
den,Denmark,sonderjyske,Sønderjyske,8,LB,TBD,TBD,TBD,TBD,0,25,25,46,54,51,35,44,48,46,47,,,,,,
den,Denmark,sonderjyske,Sønderjyske,9,LB,TBD,TBD,TBD,TBD,0,25,25,46,54,51,35,44,48,46,47,,,,,,
den,Denmark,sonderjyske,Sønderjyske,10,RB,TBD,TBD,TBD,TBD,0,25,25,46,54,51,35,44,48,46,47,,,,,,
den,Denmark,sonderjyske,Sønderjyske,11,RB,TBD,TBD,TBD,TBD,0,25,25,46,54,51,35,44,48,46,47,,,,,,
den,Denmark,sonderjyske,Sønderjyske,12,CDM,TBD,TBD,TBD,TBD,0,25,25,46,54,43,35,48,46,50,51,,,,,,
den,Denmark,sonderjyske,Sønderjyske,13,CM,TBD,TBD,TBD,TBD,0,25,25,47,55,46,43,51,52,45,47,,,,,,
den,Denmark,sonderjyske,Sønderjyske,14,CM,TBD,TBD,TBD,TBD,0,25,25,47,55,46,43,51,52,45,47,,,,,,
den,Denmark,sonderjyske,Sønderjyske,15,CM,TBD,TBD,TBD,TBD,0,25,25,47,55,46,43,51,52,45,47,,,,,,
den,Denmark,sonderjyske,Sønderjyske,16,CM,TBD,TBD,TBD,TBD,0,25,25,47,55,46,43,51,52,45,47,,,,,,
den,Denmark,sonderjyske,Sønderjyske,17,CM,TBD,TBD,TBD,TBD,0,25,25,47,55,46,43,51,52,45,47,,,,,,
den,Denmark,sonderjyske,Sønderjyske,18,CAM,TBD,TBD,TBD,TBD,0,25,25,47,55,50,49,55,57,35,39,,,,,,
den,Denmark,sonderjyske,Sønderjyske,19,LW,TBD,TBD,TBD,TBD,0,25,25,47,55,60,49,47,58,35,37,,,,,,
den,Denmark,sonderjyske,Sønderjyske,20,LW,TBD,TBD,TBD,TBD,0,25,25,47,55,60,49,47,58,35,37,,,,,,
den,Denmark,sonderjyske,Sønderjyske,21,RW,TBD,TBD,TBD,TBD,0,25,25,47,55,60,49,47,58,35,37,,,,,,
den,Denmark,sonderjyske,Sønderjyske,22,RW,TBD,TBD,TBD,TBD,0,25,25,47,55,60,49,47,58,35,37,,,,,,
den,Denmark,sonderjyske,Sønderjyske,23,ST,TBD,TBD,TBD,TBD,0,25,25,47,55,55,55,40,53,35,49,,,,,,
den,Denmark,sonderjyske,Sønderjyske,24,ST,TBD,TBD,TBD,TBD,0,25,25,47,55,55,55,40,53,35,49,,,,,,
den,Denmark,sonderjyske,Sønderjyske,25,ST,TBD,TBD,TBD,TBD,0,25,25,47,55,55,55,40,53,35,49,,,,,,
tur,Turkey,tur,Süper Lig,1,GK,TBD,TBD,TBD,TBD,0,25,25,74,82,,,,,,,76,74,72,77,49,75
tur,Turkey,tur,Süper Lig,2,GK,TBD,TBD,TBD,TBD,0,25,25,74,82,,,,,,,76,74,72,77,49,75
tur,Turkey,tur,Süper Lig,3,CB,TBD,TBD,TBD,TBD,0,25,25,74,82,66,44,64,62,78,80,,,,,,
tur,Turkey,tur,Süper Lig,4,CB,TBD,TBD,TBD,TBD,0,25,25,74,82,66,44,64,62,78,80,,,,,,
tur,Turkey,tur,Süper Lig,5,CB,TBD,TBD,TBD,TBD,0,25,25,74,82,66,44,64,62,78,80,,,,,,
tur,Turkey,tur,Süper Lig,6,CB,TBD,TBD,TBD,TBD,0,25,25,74,82,66,44,64,62,78,80,,,,,,
tur,Turkey,tur,Süper Lig,7,CB,TBD,TBD,TBD,TBD,0,25,25,74,82,66,44,64,62,78,80,,,,,,
tur,Turkey,tur,Süper Lig,8,LB,TBD,TBD,TBD,TBD,0,25,25,75,80,80,57,73,77,75,76,,,,,,
tur,Turkey,tur,Süper Lig,9,LB,TBD,TBD,TBD,TBD,0,25,25,75,80,80,57,73,77,75,76,,,,,,
tur,Turkey,tur,Süper Lig,10,RB,TBD,TBD,TBD,TBD,0,25,25,75,80,80,57,73,77,75,76,,,,,,
tur,Turkey,tur,Süper Lig,11,RB,TBD,TBD,TBD,TBD,0,25,25,75,80,80,57,73,77,75,76,,,,,,
tur,Turkey,tur,Süper Lig,12,CDM,TBD,TBD,TBD,TBD,0,25,25,75,80,72,63,77,75,79,80,,,,,,
tur,Turkey,tur,Süper Lig,13,CM,TBD,TBD,TBD,TBD,0,25,25,76,81,75,72,80,81,74,76,,,,,,
tur,Turkey,tur,Süper Lig,14,CM,TBD,TBD,TBD,TBD,0,25,25,76,81,75,72,80,81,74,76,,,,,,
tur,Turkey,tur,Süper Lig,15,CM,TBD,TBD,TBD,TBD,0,25,25,76,81,75,72,80,81,74,76,,,,,,
tur,Turkey,tur,Süper Lig,16,CM,TBD,TBD,TBD,TBD,0,25,25,76,81,75,72,80,81,74,76,,,,,,
tur,Turkey,tur,Süper Lig,17,CM,TBD,TBD,TBD,TBD,0,25,25,76,81,75,72,80,81,74,76,,,,,,
tur,Turkey,tur,Süper Lig,18,CAM,TBD,TBD,TBD,TBD,0,25,25,76,81,79,78,84,86,58,68,,,,,,
tur,Turkey,tur,Süper Lig,19,LW,TBD,TBD,TBD,TBD,0,25,25,76,81,89,78,76,87,51,66,,,,,,
tur,Turkey,tur,Süper Lig,20,LW,TBD,TBD,TBD,TBD,0,25,25,76,81,89,78,76,87,51,66,,,,,,
tur,Turkey,tur,Süper Lig,21,RW,TBD,TBD,TBD,TBD,0,25,25,76,81,89,78,76,87,51,66,,,,,,
tur,Turkey,tur,Süper Lig,22,RW,TBD,TBD,TBD,TBD,0,25,25,76,81,89,78,76,87,51,66,,,,,,
tur,Turkey,tur,Süper Lig,23,ST,TBD,TBD,TBD,TBD,0,25,25,76,81,84,84,69,82,46,78,,,,,,
tur,Turkey,tur,Süper Lig,24,ST,TBD,TBD,TBD,TBD,0,25,25,76,81,84,84,69,82,46,78,,,,,,
tur,Turkey,tur,Süper Lig,25,ST,TBD,TBD,TBD,TBD,0,25,25,76,81,84,84,69,82,46,78,,,,,,
srb,Serbia,tsc-backa-topola,TSC Bačka Topola,1,GK,TBD,TBD,TBD,TBD,0,25,25,45,53,,,,,,,47,45,43,48,35,46
srb,Serbia,tsc-backa-topola,TSC Bačka Topola,2,GK,TBD,TBD,TBD,TBD,0,25,25,45,53,,,,,,,47,45,43,48,35,46
srb,Serbia,tsc-backa-topola,TSC Bačka Topola,3,CB,TBD,TBD,TBD,TBD,0,25,25,45,53,37,35,35,35,49,51,,,,,,
srb,Serbia,tsc-backa-topola,TSC Bačka Topola,4,CB,TBD,TBD,TBD,TBD,0,25,25,45,53,37,35,35,35,49,51,,,,,,
srb,Serbia,tsc-backa-topola,TSC Bačka Topola,5,CB,TBD,TBD,TBD,TBD,0,25,25,45,53,37,35,35,35,49,51,,,,,,
srb,Serbia,tsc-backa-topola,TSC Bačka Topola,6,CB,TBD,TBD,TBD,TBD,0,25,25,45,53,37,35,35,35,49,51,,,,,,
srb,Serbia,tsc-backa-topola,TSC Bačka Topola,7,CB,TBD,TBD,TBD,TBD,0,25,25,45,53,37,35,35,35,49,51,,,,,,
srb,Serbia,tsc-backa-topola,TSC Bačka Topola,8,LB,TBD,TBD,TBD,TBD,0,25,25,46,54,51,35,44,48,46,47,,,,,,
srb,Serbia,tsc-backa-topola,TSC Bačka Topola,9,LB,TBD,TBD,TBD,TBD,0,25,25,46,54,51,35,44,48,46,47,,,,,,
srb,Serbia,tsc-backa-topola,TSC Bačka Topola,10,RB,TBD,TBD,TBD,TBD,0,25,25,46,54,51,35,44,48,46,47,,,,,,
srb,Serbia,tsc-backa-topola,TSC Bačka Topola,11,RB,TBD,TBD,TBD,TBD,0,25,25,46,54,51,35,44,48,46,47,,,,,,
srb,Serbia,tsc-backa-topola,TSC Bačka Topola,12,CDM,TBD,TBD,TBD,TBD,0,25,25,46,54,43,35,48,46,50,51,,,,,,
srb,Serbia,tsc-backa-topola,TSC Bačka Topola,13,CM,TBD,TBD,TBD,TBD,0,25,25,47,55,46,43,51,52,45,47,,,,,,
srb,Serbia,tsc-backa-topola,TSC Bačka Topola,14,CM,TBD,TBD,TBD,TBD,0,25,25,47,55,46,43,51,52,45,47,,,,,,
srb,Serbia,tsc-backa-topola,TSC Bačka Topola,15,CM,TBD,TBD,TBD,TBD,0,25,25,47,55,46,43,51,52,45,47,,,,,,
srb,Serbia,tsc-backa-topola,TSC Bačka Topola,16,CM,TBD,TBD,TBD,TBD,0,25,25,47,55,46,43,51,52,45,47,,,,,,
srb,Serbia,tsc-backa-topola,TSC Bačka Topola,17,CM,TBD,TBD,TBD,TBD,0,25,25,47,55,46,43,51,52,45,47,,,,,,
srb,Serbia,tsc-backa-topola,TSC Bačka Topola,18,CAM,TBD,TBD,TBD,TBD,0,25,25,47,55,50,49,55,57,35,39,,,,,,
srb,Serbia,tsc-backa-topola,TSC Bačka Topola,19,LW,TBD,TBD,TBD,TBD,0,25,25,47,55,60,49,47,58,35,37,,,,,,
srb,Serbia,tsc-backa-topola,TSC Bačka Topola,20,LW,TBD,TBD,TBD,TBD,0,25,25,47,55,60,49,47,58,35,37,,,,,,
srb,Serbia,tsc-backa-topola,TSC Bačka Topola,21,RW,TBD,TBD,TBD,TBD,0,25,25,47,55,60,49,47,58,35,37,,,,,,
srb,Serbia,tsc-backa-topola,TSC Bačka Topola,22,RW,TBD,TBD,TBD,TBD,0,25,25,47,55,60,49,47,58,35,37,,,,,,
srb,Serbia,tsc-backa-topola,TSC Bačka Topola,23,ST,TBD,TBD,TBD,TBD,0,25,25,47,55,55,55,40,53,35,49,,,,,,
srb,Serbia,tsc-backa-topola,TSC Bačka Topola,24,ST,TBD,TBD,TBD,TBD,0,25,25,47,55,55,55,40,53,35,49,,,,,,
srb,Serbia,tsc-backa-topola,TSC Bačka Topola,25,ST,TBD,TBD,TBD,TBD,0,25,25,47,55,55,55,40,53,35,49,,,,,,
ger,Germany,hoffenheim,TSG 1899 Hoffenheim,1,CB,TBD,TBD,TBD,TBD,25,25,3,69,77,61,39,59,57,73,75,,,,,,
ger,Germany,hoffenheim,TSG 1899 Hoffenheim,2,RB,TBD,TBD,TBD,TBD,25,25,3,70,78,75,52,68,72,70,71,,,,,,
ger,Germany,hoffenheim,TSG 1899 Hoffenheim,3,CM,TBD,TBD,TBD,TBD,25,25,3,71,79,70,67,75,76,69,71,,,,,,
aut,Austria,hartberg,TSV Hartberg,1,GK,TBD,TBD,TBD,TBD,0,25,25,45,53,,,,,,,47,45,43,48,35,46
aut,Austria,hartberg,TSV Hartberg,2,GK,TBD,TBD,TBD,TBD,0,25,25,45,53,,,,,,,47,45,43,48,35,46
aut,Austria,hartberg,TSV Hartberg,3,CB,TBD,TBD,TBD,TBD,0,25,25,45,53,37,35,35,35,49,51,,,,,,
aut,Austria,hartberg,TSV Hartberg,4,CB,TBD,TBD,TBD,TBD,0,25,25,45,53,37,35,35,35,49,51,,,,,,
aut,Austria,hartberg,TSV Hartberg,5,CB,TBD,TBD,TBD,TBD,0,25,25,45,53,37,35,35,35,49,51,,,,,,
aut,Austria,hartberg,TSV Hartberg,6,CB,TBD,TBD,TBD,TBD,0,25,25,45,53,37,35,35,35,49,51,,,,,,
aut,Austria,hartberg,TSV Hartberg,7,CB,TBD,TBD,TBD,TBD,0,25,25,45,53,37,35,35,35,49,51,,,,,,
aut,Austria,hartberg,TSV Hartberg,8,LB,TBD,TBD,TBD,TBD,0,25,25,46,54,51,35,44,48,46,47,,,,,,
aut,Austria,hartberg,TSV Hartberg,9,LB,TBD,TBD,TBD,TBD,0,25,25,46,54,51,35,44,48,46,47,,,,,,
aut,Austria,hartberg,TSV Hartberg,10,RB,TBD,TBD,TBD,TBD,0,25,25,46,54,51,35,44,48,46,47,,,,,,
aut,Austria,hartberg,TSV Hartberg,11,RB,TBD,TBD,TBD,TBD,0,25,25,46,54,51,35,44,48,46,47,,,,,,
aut,Austria,hartberg,TSV Hartberg,12,CDM,TBD,TBD,TBD,TBD,0,25,25,46,54,43,35,48,46,50,51,,,,,,
aut,Austria,hartberg,TSV Hartberg,13,CM,TBD,TBD,TBD,TBD,0,25,25,47,55,46,43,51,52,45,47,,,,,,
aut,Austria,hartberg,TSV Hartberg,14,CM,TBD,TBD,TBD,TBD,0,25,25,47,55,46,43,51,52,45,47,,,,,,
aut,Austria,hartberg,TSV Hartberg,15,CM,TBD,TBD,TBD,TBD,0,25,25,47,55,46,43,51,52,45,47,,,,,,
aut,Austria,hartberg,TSV Hartberg,16,CM,TBD,TBD,TBD,TBD,0,25,25,47,55,46,43,51,52,45,47,,,,,,
aut,Austria,hartberg,TSV Hartberg,17,CM,TBD,TBD,TBD,TBD,0,25,25,47,55,46,43,51,52,45,47,,,,,,
aut,Austria,hartberg,TSV Hartberg,18,CAM,TBD,TBD,TBD,TBD,0,25,25,47,55,50,49,55,57,35,39,,,,,,
aut,Austria,hartberg,TSV Hartberg,19,LW,TBD,TBD,TBD,TBD,0,25,25,47,55,60,49,47,58,35,37,,,,,,
aut,Austria,hartberg,TSV Hartberg,20,LW,TBD,TBD,TBD,TBD,0,25,25,47,55,60,49,47,58,35,37,,,,,,
aut,Austria,hartberg,TSV Hartberg,21,RW,TBD,TBD,TBD,TBD,0,25,25,47,55,60,49,47,58,35,37,,,,,,
aut,Austria,hartberg,TSV Hartberg,22,RW,TBD,TBD,TBD,TBD,0,25,25,47,55,60,49,47,58,35,37,,,,,,
aut,Austria,hartberg,TSV Hartberg,23,ST,TBD,TBD,TBD,TBD,0,25,25,47,55,55,55,40,53,35,49,,,,,,
aut,Austria,hartberg,TSV Hartberg,24,ST,TBD,TBD,TBD,TBD,0,25,25,47,55,55,55,40,53,35,49,,,,,,
aut,Austria,hartberg,TSV Hartberg,25,ST,TBD,TBD,TBD,TBD,0,25,25,47,55,55,55,40,53,35,49,,,,,,
srb,Serbia,tekstilac-odzaci,Tekstilac Odžaci,1,GK,TBD,TBD,TBD,TBD,0,25,25,45,53,,,,,,,47,45,43,48,35,46
srb,Serbia,tekstilac-odzaci,Tekstilac Odžaci,2,GK,TBD,TBD,TBD,TBD,0,25,25,45,53,,,,,,,47,45,43,48,35,46
srb,Serbia,tekstilac-odzaci,Tekstilac Odžaci,3,CB,TBD,TBD,TBD,TBD,0,25,25,45,53,37,35,35,35,49,51,,,,,,
srb,Serbia,tekstilac-odzaci,Tekstilac Odžaci,4,CB,TBD,TBD,TBD,TBD,0,25,25,45,53,37,35,35,35,49,51,,,,,,
srb,Serbia,tekstilac-odzaci,Tekstilac Odžaci,5,CB,TBD,TBD,TBD,TBD,0,25,25,45,53,37,35,35,35,49,51,,,,,,
srb,Serbia,tekstilac-odzaci,Tekstilac Odžaci,6,CB,TBD,TBD,TBD,TBD,0,25,25,45,53,37,35,35,35,49,51,,,,,,
srb,Serbia,tekstilac-odzaci,Tekstilac Odžaci,7,CB,TBD,TBD,TBD,TBD,0,25,25,45,53,37,35,35,35,49,51,,,,,,
srb,Serbia,tekstilac-odzaci,Tekstilac Odžaci,8,LB,TBD,TBD,TBD,TBD,0,25,25,46,54,51,35,44,48,46,47,,,,,,
srb,Serbia,tekstilac-odzaci,Tekstilac Odžaci,9,LB,TBD,TBD,TBD,TBD,0,25,25,46,54,51,35,44,48,46,47,,,,,,
srb,Serbia,tekstilac-odzaci,Tekstilac Odžaci,10,RB,TBD,TBD,TBD,TBD,0,25,25,46,54,51,35,44,48,46,47,,,,,,
srb,Serbia,tekstilac-odzaci,Tekstilac Odžaci,11,RB,TBD,TBD,TBD,TBD,0,25,25,46,54,51,35,44,48,46,47,,,,,,
srb,Serbia,tekstilac-odzaci,Tekstilac Odžaci,12,CDM,TBD,TBD,TBD,TBD,0,25,25,46,54,43,35,48,46,50,51,,,,,,
srb,Serbia,tekstilac-odzaci,Tekstilac Odžaci,13,CM,TBD,TBD,TBD,TBD,0,25,25,47,55,46,43,51,52,45,47,,,,,,
srb,Serbia,tekstilac-odzaci,Tekstilac Odžaci,14,CM,TBD,TBD,TBD,TBD,0,25,25,47,55,46,43,51,52,45,47,,,,,,
srb,Serbia,tekstilac-odzaci,Tekstilac Odžaci,15,CM,TBD,TBD,TBD,TBD,0,25,25,47,55,46,43,51,52,45,47,,,,,,
srb,Serbia,tekstilac-odzaci,Tekstilac Odžaci,16,CM,TBD,TBD,TBD,TBD,0,25,25,47,55,46,43,51,52,45,47,,,,,,
srb,Serbia,tekstilac-odzaci,Tekstilac Odžaci,17,CM,TBD,TBD,TBD,TBD,0,25,25,47,55,46,43,51,52,45,47,,,,,,
srb,Serbia,tekstilac-odzaci,Tekstilac Odžaci,18,CAM,TBD,TBD,TBD,TBD,0,25,25,47,55,50,49,55,57,35,39,,,,,,
srb,Serbia,tekstilac-odzaci,Tekstilac Odžaci,19,LW,TBD,TBD,TBD,TBD,0,25,25,47,55,60,49,47,58,35,37,,,,,,
srb,Serbia,tekstilac-odzaci,Tekstilac Odžaci,20,LW,TBD,TBD,TBD,TBD,0,25,25,47,55,60,49,47,58,35,37,,,,,,
srb,Serbia,tekstilac-odzaci,Tekstilac Odžaci,21,RW,TBD,TBD,TBD,TBD,0,25,25,47,55,60,49,47,58,35,37,,,,,,
srb,Serbia,tekstilac-odzaci,Tekstilac Odžaci,22,RW,TBD,TBD,TBD,TBD,0,25,25,47,55,60,49,47,58,35,37,,,,,,
srb,Serbia,tekstilac-odzaci,Tekstilac Odžaci,23,ST,TBD,TBD,TBD,TBD,0,25,25,47,55,55,55,40,53,35,49,,,,,,
srb,Serbia,tekstilac-odzaci,Tekstilac Odžaci,24,ST,TBD,TBD,TBD,TBD,0,25,25,47,55,55,55,40,53,35,49,,,,,,
srb,Serbia,tekstilac-odzaci,Tekstilac Odžaci,25,ST,TBD,TBD,TBD,TBD,0,25,25,47,55,55,55,40,53,35,49,,,,,,
ita,Italy,torino,Torino FC,1,CB,TBD,TBD,TBD,TBD,25,25,4,65,73,57,35,55,53,69,71,,,,,,
ita,Italy,torino,Torino FC,2,CDM,TBD,TBD,TBD,TBD,25,25,4,66,74,63,54,68,66,70,71,,,,,,
ita,Italy,torino,Torino FC,3,CM,TBD,TBD,TBD,TBD,25,25,4,67,75,66,63,71,72,65,67,,,,,,
ita,Italy,torino,Torino FC,4,RW,TBD,TBD,TBD,TBD,25,25,4,67,75,80,69,67,78,42,57,,,,,,
fra,France,toulouse,Toulouse FC,1,CB,TBD,TBD,TBD,TBD,25,25,1,65,73,57,35,55,53,69,71,,,,,,
tur,Turkey,trabzonspor,Trabzonspor,1,GK,TBD,TBD,TBD,TBD,0,25,25,67,75,,,,,,,69,67,65,70,42,68
tur,Turkey,trabzonspor,Trabzonspor,2,GK,TBD,TBD,TBD,TBD,0,25,25,67,75,,,,,,,69,67,65,70,42,68
tur,Turkey,trabzonspor,Trabzonspor,3,CB,TBD,TBD,TBD,TBD,0,25,25,67,75,59,37,57,55,71,73,,,,,,
tur,Turkey,trabzonspor,Trabzonspor,4,CB,TBD,TBD,TBD,TBD,0,25,25,67,75,59,37,57,55,71,73,,,,,,
tur,Turkey,trabzonspor,Trabzonspor,5,CB,TBD,TBD,TBD,TBD,0,25,25,67,75,59,37,57,55,71,73,,,,,,
tur,Turkey,trabzonspor,Trabzonspor,6,CB,TBD,TBD,TBD,TBD,0,25,25,67,75,59,37,57,55,71,73,,,,,,
tur,Turkey,trabzonspor,Trabzonspor,7,CB,TBD,TBD,TBD,TBD,0,25,25,67,75,59,37,57,55,71,73,,,,,,
tur,Turkey,trabzonspor,Trabzonspor,8,LB,TBD,TBD,TBD,TBD,0,25,25,68,76,73,50,66,70,68,69,,,,,,
tur,Turkey,trabzonspor,Trabzonspor,9,LB,TBD,TBD,TBD,TBD,0,25,25,68,76,73,50,66,70,68,69,,,,,,
tur,Turkey,trabzonspor,Trabzonspor,10,RB,TBD,TBD,TBD,TBD,0,25,25,68,76,73,50,66,70,68,69,,,,,,
tur,Turkey,trabzonspor,Trabzonspor,11,RB,TBD,TBD,TBD,TBD,0,25,25,68,76,73,50,66,70,68,69,,,,,,
tur,Turkey,trabzonspor,Trabzonspor,12,CDM,TBD,TBD,TBD,TBD,0,25,25,68,76,65,56,70,68,72,73,,,,,,
tur,Turkey,trabzonspor,Trabzonspor,13,CM,TBD,TBD,TBD,TBD,0,25,25,69,77,68,65,73,74,67,69,,,,,,
tur,Turkey,trabzonspor,Trabzonspor,14,CM,TBD,TBD,TBD,TBD,0,25,25,69,77,68,65,73,74,67,69,,,,,,
tur,Turkey,trabzonspor,Trabzonspor,15,CM,TBD,TBD,TBD,TBD,0,25,25,69,77,68,65,73,74,67,69,,,,,,
tur,Turkey,trabzonspor,Trabzonspor,16,CM,TBD,TBD,TBD,TBD,0,25,25,69,77,68,65,73,74,67,69,,,,,,
tur,Turkey,trabzonspor,Trabzonspor,17,CM,TBD,TBD,TBD,TBD,0,25,25,69,77,68,65,73,74,67,69,,,,,,
tur,Turkey,trabzonspor,Trabzonspor,18,CAM,TBD,TBD,TBD,TBD,0,25,25,69,77,72,71,77,79,51,61,,,,,,
tur,Turkey,trabzonspor,Trabzonspor,19,LW,TBD,TBD,TBD,TBD,0,25,25,69,77,82,71,69,80,44,59,,,,,,
tur,Turkey,trabzonspor,Trabzonspor,20,LW,TBD,TBD,TBD,TBD,0,25,25,69,77,82,71,69,80,44,59,,,,,,
tur,Turkey,trabzonspor,Trabzonspor,21,RW,TBD,TBD,TBD,TBD,0,25,25,69,77,82,71,69,80,44,59,,,,,,
tur,Turkey,trabzonspor,Trabzonspor,22,RW,TBD,TBD,TBD,TBD,0,25,25,69,77,82,71,69,80,44,59,,,,,,
tur,Turkey,trabzonspor,Trabzonspor,23,ST,TBD,TBD,TBD,TBD,0,25,25,69,77,77,77,62,75,39,71,,,,,,
tur,Turkey,trabzonspor,Trabzonspor,24,ST,TBD,TBD,TBD,TBD,0,25,25,69,77,77,77,62,75,39,71,,,,,,
tur,Turkey,trabzonspor,Trabzonspor,25,ST,TBD,TBD,TBD,TBD,0,25,25,69,77,77,77,62,75,39,71,,,,,,
nor,Norway,tromso,Tromsø IL,1,GK,TBD,TBD,TBD,TBD,0,25,25,45,53,,,,,,,47,45,43,48,35,46
nor,Norway,tromso,Tromsø IL,2,GK,TBD,TBD,TBD,TBD,0,25,25,45,53,,,,,,,47,45,43,48,35,46
nor,Norway,tromso,Tromsø IL,3,CB,TBD,TBD,TBD,TBD,0,25,25,45,53,37,35,35,35,49,51,,,,,,
nor,Norway,tromso,Tromsø IL,4,CB,TBD,TBD,TBD,TBD,0,25,25,45,53,37,35,35,35,49,51,,,,,,
nor,Norway,tromso,Tromsø IL,5,CB,TBD,TBD,TBD,TBD,0,25,25,45,53,37,35,35,35,49,51,,,,,,
nor,Norway,tromso,Tromsø IL,6,CB,TBD,TBD,TBD,TBD,0,25,25,45,53,37,35,35,35,49,51,,,,,,
nor,Norway,tromso,Tromsø IL,7,CB,TBD,TBD,TBD,TBD,0,25,25,45,53,37,35,35,35,49,51,,,,,,
nor,Norway,tromso,Tromsø IL,8,LB,TBD,TBD,TBD,TBD,0,25,25,46,54,51,35,44,48,46,47,,,,,,
nor,Norway,tromso,Tromsø IL,9,LB,TBD,TBD,TBD,TBD,0,25,25,46,54,51,35,44,48,46,47,,,,,,
nor,Norway,tromso,Tromsø IL,10,RB,TBD,TBD,TBD,TBD,0,25,25,46,54,51,35,44,48,46,47,,,,,,
nor,Norway,tromso,Tromsø IL,11,RB,TBD,TBD,TBD,TBD,0,25,25,46,54,51,35,44,48,46,47,,,,,,
nor,Norway,tromso,Tromsø IL,12,CDM,TBD,TBD,TBD,TBD,0,25,25,46,54,43,35,48,46,50,51,,,,,,
nor,Norway,tromso,Tromsø IL,13,CM,TBD,TBD,TBD,TBD,0,25,25,47,55,46,43,51,52,45,47,,,,,,
nor,Norway,tromso,Tromsø IL,14,CM,TBD,TBD,TBD,TBD,0,25,25,47,55,46,43,51,52,45,47,,,,,,
nor,Norway,tromso,Tromsø IL,15,CM,TBD,TBD,TBD,TBD,0,25,25,47,55,46,43,51,52,45,47,,,,,,
nor,Norway,tromso,Tromsø IL,16,CM,TBD,TBD,TBD,TBD,0,25,25,47,55,46,43,51,52,45,47,,,,,,
nor,Norway,tromso,Tromsø IL,17,CM,TBD,TBD,TBD,TBD,0,25,25,47,55,46,43,51,52,45,47,,,,,,
nor,Norway,tromso,Tromsø IL,18,CAM,TBD,TBD,TBD,TBD,0,25,25,47,55,50,49,55,57,35,39,,,,,,
nor,Norway,tromso,Tromsø IL,19,LW,TBD,TBD,TBD,TBD,0,25,25,47,55,60,49,47,58,35,37,,,,,,
nor,Norway,tromso,Tromsø IL,20,LW,TBD,TBD,TBD,TBD,0,25,25,47,55,60,49,47,58,35,37,,,,,,
nor,Norway,tromso,Tromsø IL,21,RW,TBD,TBD,TBD,TBD,0,25,25,47,55,60,49,47,58,35,37,,,,,,
nor,Norway,tromso,Tromsø IL,22,RW,TBD,TBD,TBD,TBD,0,25,25,47,55,60,49,47,58,35,37,,,,,,
nor,Norway,tromso,Tromsø IL,23,ST,TBD,TBD,TBD,TBD,0,25,25,47,55,55,55,40,53,35,49,,,,,,
nor,Norway,tromso,Tromsø IL,24,ST,TBD,TBD,TBD,TBD,0,25,25,47,55,55,55,40,53,35,49,,,,,,
nor,Norway,tromso,Tromsø IL,25,ST,TBD,TBD,TBD,TBD,0,25,25,47,55,55,55,40,53,35,49,,,,,,
ita,Italy,lecce,US Lecce,1,CB,TBD,TBD,TBD,TBD,25,25,3,57,65,49,35,47,45,61,63,,,,,,
ita,Italy,lecce,US Lecce,2,RB,TBD,TBD,TBD,TBD,25,25,3,58,66,63,40,56,60,58,59,,,,,,
ita,Italy,lecce,US Lecce,3,CAM,TBD,TBD,TBD,TBD,25,25,3,59,67,62,61,67,69,41,51,,,,,,
rou,Romania,uta-arad,UTA Arad,1,GK,TBD,TBD,TBD,TBD,0,25,25,45,53,,,,,,,47,45,43,48,35,46
rou,Romania,uta-arad,UTA Arad,2,GK,TBD,TBD,TBD,TBD,0,25,25,45,53,,,,,,,47,45,43,48,35,46
rou,Romania,uta-arad,UTA Arad,3,CB,TBD,TBD,TBD,TBD,0,25,25,45,53,37,35,35,35,49,51,,,,,,
rou,Romania,uta-arad,UTA Arad,4,CB,TBD,TBD,TBD,TBD,0,25,25,45,53,37,35,35,35,49,51,,,,,,
rou,Romania,uta-arad,UTA Arad,5,CB,TBD,TBD,TBD,TBD,0,25,25,45,53,37,35,35,35,49,51,,,,,,
rou,Romania,uta-arad,UTA Arad,6,CB,TBD,TBD,TBD,TBD,0,25,25,45,53,37,35,35,35,49,51,,,,,,
rou,Romania,uta-arad,UTA Arad,7,CB,TBD,TBD,TBD,TBD,0,25,25,45,53,37,35,35,35,49,51,,,,,,
rou,Romania,uta-arad,UTA Arad,8,LB,TBD,TBD,TBD,TBD,0,25,25,46,54,51,35,44,48,46,47,,,,,,
rou,Romania,uta-arad,UTA Arad,9,LB,TBD,TBD,TBD,TBD,0,25,25,46,54,51,35,44,48,46,47,,,,,,
rou,Romania,uta-arad,UTA Arad,10,RB,TBD,TBD,TBD,TBD,0,25,25,46,54,51,35,44,48,46,47,,,,,,
rou,Romania,uta-arad,UTA Arad,11,RB,TBD,TBD,TBD,TBD,0,25,25,46,54,51,35,44,48,46,47,,,,,,
rou,Romania,uta-arad,UTA Arad,12,CDM,TBD,TBD,TBD,TBD,0,25,25,46,54,43,35,48,46,50,51,,,,,,
rou,Romania,uta-arad,UTA Arad,13,CM,TBD,TBD,TBD,TBD,0,25,25,47,55,46,43,51,52,45,47,,,,,,
rou,Romania,uta-arad,UTA Arad,14,CM,TBD,TBD,TBD,TBD,0,25,25,47,55,46,43,51,52,45,47,,,,,,
rou,Romania,uta-arad,UTA Arad,15,CM,TBD,TBD,TBD,TBD,0,25,25,47,55,46,43,51,52,45,47,,,,,,
rou,Romania,uta-arad,UTA Arad,16,CM,TBD,TBD,TBD,TBD,0,25,25,47,55,46,43,51,52,45,47,,,,,,
rou,Romania,uta-arad,UTA Arad,17,CM,TBD,TBD,TBD,TBD,0,25,25,47,55,46,43,51,52,45,47,,,,,,
rou,Romania,uta-arad,UTA Arad,18,CAM,TBD,TBD,TBD,TBD,0,25,25,47,55,50,49,55,57,35,39,,,,,,
rou,Romania,uta-arad,UTA Arad,19,LW,TBD,TBD,TBD,TBD,0,25,25,47,55,60,49,47,58,35,37,,,,,,
rou,Romania,uta-arad,UTA Arad,20,LW,TBD,TBD,TBD,TBD,0,25,25,47,55,60,49,47,58,35,37,,,,,,
rou,Romania,uta-arad,UTA Arad,21,RW,TBD,TBD,TBD,TBD,0,25,25,47,55,60,49,47,58,35,37,,,,,,
rou,Romania,uta-arad,UTA Arad,22,RW,TBD,TBD,TBD,TBD,0,25,25,47,55,60,49,47,58,35,37,,,,,,
rou,Romania,uta-arad,UTA Arad,23,ST,TBD,TBD,TBD,TBD,0,25,25,47,55,55,55,40,53,35,49,,,,,,
rou,Romania,uta-arad,UTA Arad,24,ST,TBD,TBD,TBD,TBD,0,25,25,47,55,55,55,40,53,35,49,,,,,,
rou,Romania,uta-arad,UTA Arad,25,ST,TBD,TBD,TBD,TBD,0,25,25,47,55,55,55,40,53,35,49,,,,,,
ita,Italy,udinese,Udinese Calcio,1,CB,TBD,TBD,TBD,TBD,25,25,5,64,72,56,35,54,52,68,70,,,,,,
ita,Italy,udinese,Udinese Calcio,2,CDM,TBD,TBD,TBD,TBD,25,25,5,65,73,62,53,67,65,69,70,,,,,,
ita,Italy,udinese,Udinese Calcio,3,CM,TBD,TBD,TBD,TBD,25,25,5,66,74,65,62,70,71,64,66,,,,,,
ita,Italy,udinese,Udinese Calcio,4,LW,TBD,TBD,TBD,TBD,25,25,5,66,74,79,68,66,77,41,56,,,,,,
ita,Italy,udinese,Udinese Calcio,5,RW,TBD,TBD,TBD,TBD,25,25,5,66,74,79,68,66,77,41,56,,,,,,
ukr,Ukraine,ukr,Ukrainian Premier League,1,GK,TBD,TBD,TBD,TBD,0,25,25,57,65,,,,,,,59,57,55,60,35,58
ukr,Ukraine,ukr,Ukrainian Premier League,2,GK,TBD,TBD,TBD,TBD,0,25,25,57,65,,,,,,,59,57,55,60,35,58
ukr,Ukraine,ukr,Ukrainian Premier League,3,CB,TBD,TBD,TBD,TBD,0,25,25,57,65,49,35,47,45,61,63,,,,,,
ukr,Ukraine,ukr,Ukrainian Premier League,4,CB,TBD,TBD,TBD,TBD,0,25,25,57,65,49,35,47,45,61,63,,,,,,
ukr,Ukraine,ukr,Ukrainian Premier League,5,CB,TBD,TBD,TBD,TBD,0,25,25,57,65,49,35,47,45,61,63,,,,,,
ukr,Ukraine,ukr,Ukrainian Premier League,6,CB,TBD,TBD,TBD,TBD,0,25,25,57,65,49,35,47,45,61,63,,,,,,
ukr,Ukraine,ukr,Ukrainian Premier League,7,CB,TBD,TBD,TBD,TBD,0,25,25,57,65,49,35,47,45,61,63,,,,,,
ukr,Ukraine,ukr,Ukrainian Premier League,8,LB,TBD,TBD,TBD,TBD,0,25,25,58,66,63,40,56,60,58,59,,,,,,
ukr,Ukraine,ukr,Ukrainian Premier League,9,LB,TBD,TBD,TBD,TBD,0,25,25,58,66,63,40,56,60,58,59,,,,,,
ukr,Ukraine,ukr,Ukrainian Premier League,10,RB,TBD,TBD,TBD,TBD,0,25,25,58,66,63,40,56,60,58,59,,,,,,
ukr,Ukraine,ukr,Ukrainian Premier League,11,RB,TBD,TBD,TBD,TBD,0,25,25,58,66,63,40,56,60,58,59,,,,,,
ukr,Ukraine,ukr,Ukrainian Premier League,12,CDM,TBD,TBD,TBD,TBD,0,25,25,58,66,55,46,60,58,62,63,,,,,,
ukr,Ukraine,ukr,Ukrainian Premier League,13,CM,TBD,TBD,TBD,TBD,0,25,25,59,67,58,55,63,64,57,59,,,,,,
ukr,Ukraine,ukr,Ukrainian Premier League,14,CM,TBD,TBD,TBD,TBD,0,25,25,59,67,58,55,63,64,57,59,,,,,,
ukr,Ukraine,ukr,Ukrainian Premier League,15,CM,TBD,TBD,TBD,TBD,0,25,25,59,67,58,55,63,64,57,59,,,,,,
ukr,Ukraine,ukr,Ukrainian Premier League,16,CM,TBD,TBD,TBD,TBD,0,25,25,59,67,58,55,63,64,57,59,,,,,,
ukr,Ukraine,ukr,Ukrainian Premier League,17,CM,TBD,TBD,TBD,TBD,0,25,25,59,67,58,55,63,64,57,59,,,,,,
ukr,Ukraine,ukr,Ukrainian Premier League,18,CAM,TBD,TBD,TBD,TBD,0,25,25,59,67,62,61,67,69,41,51,,,,,,
ukr,Ukraine,ukr,Ukrainian Premier League,19,LW,TBD,TBD,TBD,TBD,0,25,25,59,67,72,61,59,70,35,49,,,,,,
ukr,Ukraine,ukr,Ukrainian Premier League,20,LW,TBD,TBD,TBD,TBD,0,25,25,59,67,72,61,59,70,35,49,,,,,,
ukr,Ukraine,ukr,Ukrainian Premier League,21,RW,TBD,TBD,TBD,TBD,0,25,25,59,67,72,61,59,70,35,49,,,,,,
ukr,Ukraine,ukr,Ukrainian Premier League,22,RW,TBD,TBD,TBD,TBD,0,25,25,59,67,72,61,59,70,35,49,,,,,,
ukr,Ukraine,ukr,Ukrainian Premier League,23,ST,TBD,TBD,TBD,TBD,0,25,25,59,67,67,67,52,65,35,61,,,,,,
ukr,Ukraine,ukr,Ukrainian Premier League,24,ST,TBD,TBD,TBD,TBD,0,25,25,59,67,67,67,52,65,35,61,,,,,,
ukr,Ukraine,ukr,Ukrainian Premier League,25,ST,TBD,TBD,TBD,TBD,0,25,25,59,67,67,67,52,65,35,61,,,,,,
rou,Romania,universitatea-cluj,Universitatea Cluj,1,GK,TBD,TBD,TBD,TBD,0,25,25,45,53,,,,,,,47,45,43,48,35,46
rou,Romania,universitatea-cluj,Universitatea Cluj,2,GK,TBD,TBD,TBD,TBD,0,25,25,45,53,,,,,,,47,45,43,48,35,46
rou,Romania,universitatea-cluj,Universitatea Cluj,3,CB,TBD,TBD,TBD,TBD,0,25,25,45,53,37,35,35,35,49,51,,,,,,
rou,Romania,universitatea-cluj,Universitatea Cluj,4,CB,TBD,TBD,TBD,TBD,0,25,25,45,53,37,35,35,35,49,51,,,,,,
rou,Romania,universitatea-cluj,Universitatea Cluj,5,CB,TBD,TBD,TBD,TBD,0,25,25,45,53,37,35,35,35,49,51,,,,,,
rou,Romania,universitatea-cluj,Universitatea Cluj,6,CB,TBD,TBD,TBD,TBD,0,25,25,45,53,37,35,35,35,49,51,,,,,,
rou,Romania,universitatea-cluj,Universitatea Cluj,7,CB,TBD,TBD,TBD,TBD,0,25,25,45,53,37,35,35,35,49,51,,,,,,
rou,Romania,universitatea-cluj,Universitatea Cluj,8,LB,TBD,TBD,TBD,TBD,0,25,25,46,54,51,35,44,48,46,47,,,,,,
rou,Romania,universitatea-cluj,Universitatea Cluj,9,LB,TBD,TBD,TBD,TBD,0,25,25,46,54,51,35,44,48,46,47,,,,,,
rou,Romania,universitatea-cluj,Universitatea Cluj,10,RB,TBD,TBD,TBD,TBD,0,25,25,46,54,51,35,44,48,46,47,,,,,,
rou,Romania,universitatea-cluj,Universitatea Cluj,11,RB,TBD,TBD,TBD,TBD,0,25,25,46,54,51,35,44,48,46,47,,,,,,
rou,Romania,universitatea-cluj,Universitatea Cluj,12,CDM,TBD,TBD,TBD,TBD,0,25,25,46,54,43,35,48,46,50,51,,,,,,
rou,Romania,universitatea-cluj,Universitatea Cluj,13,CM,TBD,TBD,TBD,TBD,0,25,25,47,55,46,43,51,52,45,47,,,,,,
rou,Romania,universitatea-cluj,Universitatea Cluj,14,CM,TBD,TBD,TBD,TBD,0,25,25,47,55,46,43,51,52,45,47,,,,,,
rou,Romania,universitatea-cluj,Universitatea Cluj,15,CM,TBD,TBD,TBD,TBD,0,25,25,47,55,46,43,51,52,45,47,,,,,,
rou,Romania,universitatea-cluj,Universitatea Cluj,16,CM,TBD,TBD,TBD,TBD,0,25,25,47,55,46,43,51,52,45,47,,,,,,
rou,Romania,universitatea-cluj,Universitatea Cluj,17,CM,TBD,TBD,TBD,TBD,0,25,25,47,55,46,43,51,52,45,47,,,,,,
rou,Romania,universitatea-cluj,Universitatea Cluj,18,CAM,TBD,TBD,TBD,TBD,0,25,25,47,55,50,49,55,57,35,39,,,,,,
rou,Romania,universitatea-cluj,Universitatea Cluj,19,LW,TBD,TBD,TBD,TBD,0,25,25,47,55,60,49,47,58,35,37,,,,,,
rou,Romania,universitatea-cluj,Universitatea Cluj,20,LW,TBD,TBD,TBD,TBD,0,25,25,47,55,60,49,47,58,35,37,,,,,,
rou,Romania,universitatea-cluj,Universitatea Cluj,21,RW,TBD,TBD,TBD,TBD,0,25,25,47,55,60,49,47,58,35,37,,,,,,
rou,Romania,universitatea-cluj,Universitatea Cluj,22,RW,TBD,TBD,TBD,TBD,0,25,25,47,55,60,49,47,58,35,37,,,,,,
rou,Romania,universitatea-cluj,Universitatea Cluj,23,ST,TBD,TBD,TBD,TBD,0,25,25,47,55,55,55,40,53,35,49,,,,,,
rou,Romania,universitatea-cluj,Universitatea Cluj,24,ST,TBD,TBD,TBD,TBD,0,25,25,47,55,55,55,40,53,35,49,,,,,,
rou,Romania,universitatea-cluj,Universitatea Cluj,25,ST,TBD,TBD,TBD,TBD,0,25,25,47,55,55,55,40,53,35,49,,,,,,
rou,Romania,universitatea-craiova,Universitatea Craiova,1,GK,TBD,TBD,TBD,TBD,0,25,25,45,53,,,,,,,47,45,43,48,35,46
rou,Romania,universitatea-craiova,Universitatea Craiova,2,GK,TBD,TBD,TBD,TBD,0,25,25,45,53,,,,,,,47,45,43,48,35,46
rou,Romania,universitatea-craiova,Universitatea Craiova,3,CB,TBD,TBD,TBD,TBD,0,25,25,45,53,37,35,35,35,49,51,,,,,,
rou,Romania,universitatea-craiova,Universitatea Craiova,4,CB,TBD,TBD,TBD,TBD,0,25,25,45,53,37,35,35,35,49,51,,,,,,
rou,Romania,universitatea-craiova,Universitatea Craiova,5,CB,TBD,TBD,TBD,TBD,0,25,25,45,53,37,35,35,35,49,51,,,,,,
rou,Romania,universitatea-craiova,Universitatea Craiova,6,CB,TBD,TBD,TBD,TBD,0,25,25,45,53,37,35,35,35,49,51,,,,,,
rou,Romania,universitatea-craiova,Universitatea Craiova,7,CB,TBD,TBD,TBD,TBD,0,25,25,45,53,37,35,35,35,49,51,,,,,,
rou,Romania,universitatea-craiova,Universitatea Craiova,8,LB,TBD,TBD,TBD,TBD,0,25,25,46,54,51,35,44,48,46,47,,,,,,
rou,Romania,universitatea-craiova,Universitatea Craiova,9,LB,TBD,TBD,TBD,TBD,0,25,25,46,54,51,35,44,48,46,47,,,,,,
rou,Romania,universitatea-craiova,Universitatea Craiova,10,RB,TBD,TBD,TBD,TBD,0,25,25,46,54,51,35,44,48,46,47,,,,,,
rou,Romania,universitatea-craiova,Universitatea Craiova,11,RB,TBD,TBD,TBD,TBD,0,25,25,46,54,51,35,44,48,46,47,,,,,,
rou,Romania,universitatea-craiova,Universitatea Craiova,12,CDM,TBD,TBD,TBD,TBD,0,25,25,46,54,43,35,48,46,50,51,,,,,,
rou,Romania,universitatea-craiova,Universitatea Craiova,13,CM,TBD,TBD,TBD,TBD,0,25,25,47,55,46,43,51,52,45,47,,,,,,
rou,Romania,universitatea-craiova,Universitatea Craiova,14,CM,TBD,TBD,TBD,TBD,0,25,25,47,55,46,43,51,52,45,47,,,,,,
rou,Romania,universitatea-craiova,Universitatea Craiova,15,CM,TBD,TBD,TBD,TBD,0,25,25,47,55,46,43,51,52,45,47,,,,,,
rou,Romania,universitatea-craiova,Universitatea Craiova,16,CM,TBD,TBD,TBD,TBD,0,25,25,47,55,46,43,51,52,45,47,,,,,,
rou,Romania,universitatea-craiova,Universitatea Craiova,17,CM,TBD,TBD,TBD,TBD,0,25,25,47,55,46,43,51,52,45,47,,,,,,
rou,Romania,universitatea-craiova,Universitatea Craiova,18,CAM,TBD,TBD,TBD,TBD,0,25,25,47,55,50,49,55,57,35,39,,,,,,
rou,Romania,universitatea-craiova,Universitatea Craiova,19,LW,TBD,TBD,TBD,TBD,0,25,25,47,55,60,49,47,58,35,37,,,,,,
rou,Romania,universitatea-craiova,Universitatea Craiova,20,LW,TBD,TBD,TBD,TBD,0,25,25,47,55,60,49,47,58,35,37,,,,,,
rou,Romania,universitatea-craiova,Universitatea Craiova,21,RW,TBD,TBD,TBD,TBD,0,25,25,47,55,60,49,47,58,35,37,,,,,,
rou,Romania,universitatea-craiova,Universitatea Craiova,22,RW,TBD,TBD,TBD,TBD,0,25,25,47,55,60,49,47,58,35,37,,,,,,
rou,Romania,universitatea-craiova,Universitatea Craiova,23,ST,TBD,TBD,TBD,TBD,0,25,25,47,55,55,55,40,53,35,49,,,,,,
rou,Romania,universitatea-craiova,Universitatea Craiova,24,ST,TBD,TBD,TBD,TBD,0,25,25,47,55,55,55,40,53,35,49,,,,,,
rou,Romania,universitatea-craiova,Universitatea Craiova,25,ST,TBD,TBD,TBD,TBD,0,25,25,47,55,55,55,40,53,35,49,,,,,,
fin,Finland,vps,VPS Vaasa,1,GK,TBD,TBD,TBD,TBD,0,25,25,45,53,,,,,,,47,45,43,48,35,46
fin,Finland,vps,VPS Vaasa,2,GK,TBD,TBD,TBD,TBD,0,25,25,45,53,,,,,,,47,45,43,48,35,46
fin,Finland,vps,VPS Vaasa,3,CB,TBD,TBD,TBD,TBD,0,25,25,45,53,37,35,35,35,49,51,,,,,,
fin,Finland,vps,VPS Vaasa,4,CB,TBD,TBD,TBD,TBD,0,25,25,45,53,37,35,35,35,49,51,,,,,,
fin,Finland,vps,VPS Vaasa,5,CB,TBD,TBD,TBD,TBD,0,25,25,45,53,37,35,35,35,49,51,,,,,,
fin,Finland,vps,VPS Vaasa,6,CB,TBD,TBD,TBD,TBD,0,25,25,45,53,37,35,35,35,49,51,,,,,,
fin,Finland,vps,VPS Vaasa,7,CB,TBD,TBD,TBD,TBD,0,25,25,45,53,37,35,35,35,49,51,,,,,,
fin,Finland,vps,VPS Vaasa,8,LB,TBD,TBD,TBD,TBD,0,25,25,46,54,51,35,44,48,46,47,,,,,,
fin,Finland,vps,VPS Vaasa,9,LB,TBD,TBD,TBD,TBD,0,25,25,46,54,51,35,44,48,46,47,,,,,,
fin,Finland,vps,VPS Vaasa,10,RB,TBD,TBD,TBD,TBD,0,25,25,46,54,51,35,44,48,46,47,,,,,,
fin,Finland,vps,VPS Vaasa,11,RB,TBD,TBD,TBD,TBD,0,25,25,46,54,51,35,44,48,46,47,,,,,,
fin,Finland,vps,VPS Vaasa,12,CDM,TBD,TBD,TBD,TBD,0,25,25,46,54,43,35,48,46,50,51,,,,,,
fin,Finland,vps,VPS Vaasa,13,CM,TBD,TBD,TBD,TBD,0,25,25,47,55,46,43,51,52,45,47,,,,,,
fin,Finland,vps,VPS Vaasa,14,CM,TBD,TBD,TBD,TBD,0,25,25,47,55,46,43,51,52,45,47,,,,,,
fin,Finland,vps,VPS Vaasa,15,CM,TBD,TBD,TBD,TBD,0,25,25,47,55,46,43,51,52,45,47,,,,,,
fin,Finland,vps,VPS Vaasa,16,CM,TBD,TBD,TBD,TBD,0,25,25,47,55,46,43,51,52,45,47,,,,,,
fin,Finland,vps,VPS Vaasa,17,CM,TBD,TBD,TBD,TBD,0,25,25,47,55,46,43,51,52,45,47,,,,,,
fin,Finland,vps,VPS Vaasa,18,CAM,TBD,TBD,TBD,TBD,0,25,25,47,55,50,49,55,57,35,39,,,,,,
fin,Finland,vps,VPS Vaasa,19,LW,TBD,TBD,TBD,TBD,0,25,25,47,55,60,49,47,58,35,37,,,,,,
fin,Finland,vps,VPS Vaasa,20,LW,TBD,TBD,TBD,TBD,0,25,25,47,55,60,49,47,58,35,37,,,,,,
fin,Finland,vps,VPS Vaasa,21,RW,TBD,TBD,TBD,TBD,0,25,25,47,55,60,49,47,58,35,37,,,,,,
fin,Finland,vps,VPS Vaasa,22,RW,TBD,TBD,TBD,TBD,0,25,25,47,55,60,49,47,58,35,37,,,,,,
fin,Finland,vps,VPS Vaasa,23,ST,TBD,TBD,TBD,TBD,0,25,25,47,55,55,55,40,53,35,49,,,,,,
fin,Finland,vps,VPS Vaasa,24,ST,TBD,TBD,TBD,TBD,0,25,25,47,55,55,55,40,53,35,49,,,,,,
fin,Finland,vps,VPS Vaasa,25,ST,TBD,TBD,TBD,TBD,0,25,25,47,55,55,55,40,53,35,49,,,,,,
fin,Finland,fin,Veikkausliiga,1,GK,TBD,TBD,TBD,TBD,0,25,25,45,53,,,,,,,47,45,43,48,35,46
fin,Finland,fin,Veikkausliiga,2,GK,TBD,TBD,TBD,TBD,0,25,25,45,53,,,,,,,47,45,43,48,35,46
fin,Finland,fin,Veikkausliiga,3,CB,TBD,TBD,TBD,TBD,0,25,25,45,53,37,35,35,35,49,51,,,,,,
fin,Finland,fin,Veikkausliiga,4,CB,TBD,TBD,TBD,TBD,0,25,25,45,53,37,35,35,35,49,51,,,,,,
fin,Finland,fin,Veikkausliiga,5,CB,TBD,TBD,TBD,TBD,0,25,25,45,53,37,35,35,35,49,51,,,,,,
fin,Finland,fin,Veikkausliiga,6,CB,TBD,TBD,TBD,TBD,0,25,25,45,53,37,35,35,35,49,51,,,,,,
fin,Finland,fin,Veikkausliiga,7,CB,TBD,TBD,TBD,TBD,0,25,25,45,53,37,35,35,35,49,51,,,,,,
fin,Finland,fin,Veikkausliiga,8,LB,TBD,TBD,TBD,TBD,0,25,25,46,54,51,35,44,48,46,47,,,,,,
fin,Finland,fin,Veikkausliiga,9,LB,TBD,TBD,TBD,TBD,0,25,25,46,54,51,35,44,48,46,47,,,,,,
fin,Finland,fin,Veikkausliiga,10,RB,TBD,TBD,TBD,TBD,0,25,25,46,54,51,35,44,48,46,47,,,,,,
fin,Finland,fin,Veikkausliiga,11,RB,TBD,TBD,TBD,TBD,0,25,25,46,54,51,35,44,48,46,47,,,,,,
fin,Finland,fin,Veikkausliiga,12,CDM,TBD,TBD,TBD,TBD,0,25,25,46,54,43,35,48,46,50,51,,,,,,
fin,Finland,fin,Veikkausliiga,13,CM,TBD,TBD,TBD,TBD,0,25,25,47,55,46,43,51,52,45,47,,,,,,
fin,Finland,fin,Veikkausliiga,14,CM,TBD,TBD,TBD,TBD,0,25,25,47,55,46,43,51,52,45,47,,,,,,
fin,Finland,fin,Veikkausliiga,15,CM,TBD,TBD,TBD,TBD,0,25,25,47,55,46,43,51,52,45,47,,,,,,
fin,Finland,fin,Veikkausliiga,16,CM,TBD,TBD,TBD,TBD,0,25,25,47,55,46,43,51,52,45,47,,,,,,
fin,Finland,fin,Veikkausliiga,17,CM,TBD,TBD,TBD,TBD,0,25,25,47,55,46,43,51,52,45,47,,,,,,
fin,Finland,fin,Veikkausliiga,18,CAM,TBD,TBD,TBD,TBD,0,25,25,47,55,50,49,55,57,35,39,,,,,,
fin,Finland,fin,Veikkausliiga,19,LW,TBD,TBD,TBD,TBD,0,25,25,47,55,60,49,47,58,35,37,,,,,,
fin,Finland,fin,Veikkausliiga,20,LW,TBD,TBD,TBD,TBD,0,25,25,47,55,60,49,47,58,35,37,,,,,,
fin,Finland,fin,Veikkausliiga,21,RW,TBD,TBD,TBD,TBD,0,25,25,47,55,60,49,47,58,35,37,,,,,,
fin,Finland,fin,Veikkausliiga,22,RW,TBD,TBD,TBD,TBD,0,25,25,47,55,60,49,47,58,35,37,,,,,,
fin,Finland,fin,Veikkausliiga,23,ST,TBD,TBD,TBD,TBD,0,25,25,47,55,55,55,40,53,35,49,,,,,,
fin,Finland,fin,Veikkausliiga,24,ST,TBD,TBD,TBD,TBD,0,25,25,47,55,55,55,40,53,35,49,,,,,,
fin,Finland,fin,Veikkausliiga,25,ST,TBD,TBD,TBD,TBD,0,25,25,47,55,55,55,40,53,35,49,,,,,,
den,Denmark,vejle,Vejle BK,1,GK,TBD,TBD,TBD,TBD,0,25,25,45,53,,,,,,,47,45,43,48,35,46
den,Denmark,vejle,Vejle BK,2,GK,TBD,TBD,TBD,TBD,0,25,25,45,53,,,,,,,47,45,43,48,35,46
den,Denmark,vejle,Vejle BK,3,CB,TBD,TBD,TBD,TBD,0,25,25,45,53,37,35,35,35,49,51,,,,,,
den,Denmark,vejle,Vejle BK,4,CB,TBD,TBD,TBD,TBD,0,25,25,45,53,37,35,35,35,49,51,,,,,,
den,Denmark,vejle,Vejle BK,5,CB,TBD,TBD,TBD,TBD,0,25,25,45,53,37,35,35,35,49,51,,,,,,
den,Denmark,vejle,Vejle BK,6,CB,TBD,TBD,TBD,TBD,0,25,25,45,53,37,35,35,35,49,51,,,,,,
den,Denmark,vejle,Vejle BK,7,CB,TBD,TBD,TBD,TBD,0,25,25,45,53,37,35,35,35,49,51,,,,,,
den,Denmark,vejle,Vejle BK,8,LB,TBD,TBD,TBD,TBD,0,25,25,46,54,51,35,44,48,46,47,,,,,,
den,Denmark,vejle,Vejle BK,9,LB,TBD,TBD,TBD,TBD,0,25,25,46,54,51,35,44,48,46,47,,,,,,
den,Denmark,vejle,Vejle BK,10,RB,TBD,TBD,TBD,TBD,0,25,25,46,54,51,35,44,48,46,47,,,,,,
den,Denmark,vejle,Vejle BK,11,RB,TBD,TBD,TBD,TBD,0,25,25,46,54,51,35,44,48,46,47,,,,,,
den,Denmark,vejle,Vejle BK,12,CDM,TBD,TBD,TBD,TBD,0,25,25,46,54,43,35,48,46,50,51,,,,,,
den,Denmark,vejle,Vejle BK,13,CM,TBD,TBD,TBD,TBD,0,25,25,47,55,46,43,51,52,45,47,,,,,,
den,Denmark,vejle,Vejle BK,14,CM,TBD,TBD,TBD,TBD,0,25,25,47,55,46,43,51,52,45,47,,,,,,
den,Denmark,vejle,Vejle BK,15,CM,TBD,TBD,TBD,TBD,0,25,25,47,55,46,43,51,52,45,47,,,,,,
den,Denmark,vejle,Vejle BK,16,CM,TBD,TBD,TBD,TBD,0,25,25,47,55,46,43,51,52,45,47,,,,,,
den,Denmark,vejle,Vejle BK,17,CM,TBD,TBD,TBD,TBD,0,25,25,47,55,46,43,51,52,45,47,,,,,,
den,Denmark,vejle,Vejle BK,18,CAM,TBD,TBD,TBD,TBD,0,25,25,47,55,50,49,55,57,35,39,,,,,,
den,Denmark,vejle,Vejle BK,19,LW,TBD,TBD,TBD,TBD,0,25,25,47,55,60,49,47,58,35,37,,,,,,
den,Denmark,vejle,Vejle BK,20,LW,TBD,TBD,TBD,TBD,0,25,25,47,55,60,49,47,58,35,37,,,,,,
den,Denmark,vejle,Vejle BK,21,RW,TBD,TBD,TBD,TBD,0,25,25,47,55,60,49,47,58,35,37,,,,,,
den,Denmark,vejle,Vejle BK,22,RW,TBD,TBD,TBD,TBD,0,25,25,47,55,60,49,47,58,35,37,,,,,,
den,Denmark,vejle,Vejle BK,23,ST,TBD,TBD,TBD,TBD,0,25,25,47,55,55,55,40,53,35,49,,,,,,
den,Denmark,vejle,Vejle BK,24,ST,TBD,TBD,TBD,TBD,0,25,25,47,55,55,55,40,53,35,49,,,,,,
den,Denmark,vejle,Vejle BK,25,ST,TBD,TBD,TBD,TBD,0,25,25,47,55,55,55,40,53,35,49,,,,,,
ita,Italy,venezia,Venezia FC,1,CB,TBD,TBD,TBD,TBD,25,25,2,57,65,49,35,47,45,61,63,,,,,,
ita,Italy,venezia,Venezia FC,2,ST,TBD,TBD,TBD,TBD,25,25,2,59,67,67,67,52,65,35,61,,,,,,
ukr,Ukraine,veres-rivne,Veres Rivne,1,GK,TBD,TBD,TBD,TBD,0,25,25,45,53,,,,,,,47,45,43,48,35,46
ukr,Ukraine,veres-rivne,Veres Rivne,2,GK,TBD,TBD,TBD,TBD,0,25,25,45,53,,,,,,,47,45,43,48,35,46
ukr,Ukraine,veres-rivne,Veres Rivne,3,CB,TBD,TBD,TBD,TBD,0,25,25,45,53,37,35,35,35,49,51,,,,,,
ukr,Ukraine,veres-rivne,Veres Rivne,4,CB,TBD,TBD,TBD,TBD,0,25,25,45,53,37,35,35,35,49,51,,,,,,
ukr,Ukraine,veres-rivne,Veres Rivne,5,CB,TBD,TBD,TBD,TBD,0,25,25,45,53,37,35,35,35,49,51,,,,,,
ukr,Ukraine,veres-rivne,Veres Rivne,6,CB,TBD,TBD,TBD,TBD,0,25,25,45,53,37,35,35,35,49,51,,,,,,
ukr,Ukraine,veres-rivne,Veres Rivne,7,CB,TBD,TBD,TBD,TBD,0,25,25,45,53,37,35,35,35,49,51,,,,,,
ukr,Ukraine,veres-rivne,Veres Rivne,8,LB,TBD,TBD,TBD,TBD,0,25,25,46,54,51,35,44,48,46,47,,,,,,
ukr,Ukraine,veres-rivne,Veres Rivne,9,LB,TBD,TBD,TBD,TBD,0,25,25,46,54,51,35,44,48,46,47,,,,,,
ukr,Ukraine,veres-rivne,Veres Rivne,10,RB,TBD,TBD,TBD,TBD,0,25,25,46,54,51,35,44,48,46,47,,,,,,
ukr,Ukraine,veres-rivne,Veres Rivne,11,RB,TBD,TBD,TBD,TBD,0,25,25,46,54,51,35,44,48,46,47,,,,,,
ukr,Ukraine,veres-rivne,Veres Rivne,12,CDM,TBD,TBD,TBD,TBD,0,25,25,46,54,43,35,48,46,50,51,,,,,,
ukr,Ukraine,veres-rivne,Veres Rivne,13,CM,TBD,TBD,TBD,TBD,0,25,25,47,55,46,43,51,52,45,47,,,,,,
ukr,Ukraine,veres-rivne,Veres Rivne,14,CM,TBD,TBD,TBD,TBD,0,25,25,47,55,46,43,51,52,45,47,,,,,,
ukr,Ukraine,veres-rivne,Veres Rivne,15,CM,TBD,TBD,TBD,TBD,0,25,25,47,55,46,43,51,52,45,47,,,,,,
ukr,Ukraine,veres-rivne,Veres Rivne,16,CM,TBD,TBD,TBD,TBD,0,25,25,47,55,46,43,51,52,45,47,,,,,,
ukr,Ukraine,veres-rivne,Veres Rivne,17,CM,TBD,TBD,TBD,TBD,0,25,25,47,55,46,43,51,52,45,47,,,,,,
ukr,Ukraine,veres-rivne,Veres Rivne,18,CAM,TBD,TBD,TBD,TBD,0,25,25,47,55,50,49,55,57,35,39,,,,,,
ukr,Ukraine,veres-rivne,Veres Rivne,19,LW,TBD,TBD,TBD,TBD,0,25,25,47,55,60,49,47,58,35,37,,,,,,
ukr,Ukraine,veres-rivne,Veres Rivne,20,LW,TBD,TBD,TBD,TBD,0,25,25,47,55,60,49,47,58,35,37,,,,,,
ukr,Ukraine,veres-rivne,Veres Rivne,21,RW,TBD,TBD,TBD,TBD,0,25,25,47,55,60,49,47,58,35,37,,,,,,
ukr,Ukraine,veres-rivne,Veres Rivne,22,RW,TBD,TBD,TBD,TBD,0,25,25,47,55,60,49,47,58,35,37,,,,,,
ukr,Ukraine,veres-rivne,Veres Rivne,23,ST,TBD,TBD,TBD,TBD,0,25,25,47,55,55,55,40,53,35,49,,,,,,
ukr,Ukraine,veres-rivne,Veres Rivne,24,ST,TBD,TBD,TBD,TBD,0,25,25,47,55,55,55,40,53,35,49,,,,,,
ukr,Ukraine,veres-rivne,Veres Rivne,25,ST,TBD,TBD,TBD,TBD,0,25,25,47,55,55,55,40,53,35,49,,,,,,
isl,Iceland,vestri,Vestri Ísafjörður,1,GK,TBD,TBD,TBD,TBD,0,25,25,45,53,,,,,,,47,45,43,48,35,46
isl,Iceland,vestri,Vestri Ísafjörður,2,GK,TBD,TBD,TBD,TBD,0,25,25,45,53,,,,,,,47,45,43,48,35,46
isl,Iceland,vestri,Vestri Ísafjörður,3,CB,TBD,TBD,TBD,TBD,0,25,25,45,53,37,35,35,35,49,51,,,,,,
isl,Iceland,vestri,Vestri Ísafjörður,4,CB,TBD,TBD,TBD,TBD,0,25,25,45,53,37,35,35,35,49,51,,,,,,
isl,Iceland,vestri,Vestri Ísafjörður,5,CB,TBD,TBD,TBD,TBD,0,25,25,45,53,37,35,35,35,49,51,,,,,,
isl,Iceland,vestri,Vestri Ísafjörður,6,CB,TBD,TBD,TBD,TBD,0,25,25,45,53,37,35,35,35,49,51,,,,,,
isl,Iceland,vestri,Vestri Ísafjörður,7,CB,TBD,TBD,TBD,TBD,0,25,25,45,53,37,35,35,35,49,51,,,,,,
isl,Iceland,vestri,Vestri Ísafjörður,8,LB,TBD,TBD,TBD,TBD,0,25,25,46,54,51,35,44,48,46,47,,,,,,
isl,Iceland,vestri,Vestri Ísafjörður,9,LB,TBD,TBD,TBD,TBD,0,25,25,46,54,51,35,44,48,46,47,,,,,,
isl,Iceland,vestri,Vestri Ísafjörður,10,RB,TBD,TBD,TBD,TBD,0,25,25,46,54,51,35,44,48,46,47,,,,,,
isl,Iceland,vestri,Vestri Ísafjörður,11,RB,TBD,TBD,TBD,TBD,0,25,25,46,54,51,35,44,48,46,47,,,,,,
isl,Iceland,vestri,Vestri Ísafjörður,12,CDM,TBD,TBD,TBD,TBD,0,25,25,46,54,43,35,48,46,50,51,,,,,,
isl,Iceland,vestri,Vestri Ísafjörður,13,CM,TBD,TBD,TBD,TBD,0,25,25,47,55,46,43,51,52,45,47,,,,,,
isl,Iceland,vestri,Vestri Ísafjörður,14,CM,TBD,TBD,TBD,TBD,0,25,25,47,55,46,43,51,52,45,47,,,,,,
isl,Iceland,vestri,Vestri Ísafjörður,15,CM,TBD,TBD,TBD,TBD,0,25,25,47,55,46,43,51,52,45,47,,,,,,
isl,Iceland,vestri,Vestri Ísafjörður,16,CM,TBD,TBD,TBD,TBD,0,25,25,47,55,46,43,51,52,45,47,,,,,,
isl,Iceland,vestri,Vestri Ísafjörður,17,CM,TBD,TBD,TBD,TBD,0,25,25,47,55,46,43,51,52,45,47,,,,,,
isl,Iceland,vestri,Vestri Ísafjörður,18,CAM,TBD,TBD,TBD,TBD,0,25,25,47,55,50,49,55,57,35,39,,,,,,
isl,Iceland,vestri,Vestri Ísafjörður,19,LW,TBD,TBD,TBD,TBD,0,25,25,47,55,60,49,47,58,35,37,,,,,,
isl,Iceland,vestri,Vestri Ísafjörður,20,LW,TBD,TBD,TBD,TBD,0,25,25,47,55,60,49,47,58,35,37,,,,,,
isl,Iceland,vestri,Vestri Ísafjörður,21,RW,TBD,TBD,TBD,TBD,0,25,25,47,55,60,49,47,58,35,37,,,,,,
isl,Iceland,vestri,Vestri Ísafjörður,22,RW,TBD,TBD,TBD,TBD,0,25,25,47,55,60,49,47,58,35,37,,,,,,
isl,Iceland,vestri,Vestri Ísafjörður,23,ST,TBD,TBD,TBD,TBD,0,25,25,47,55,55,55,40,53,35,49,,,,,,
isl,Iceland,vestri,Vestri Ísafjörður,24,ST,TBD,TBD,TBD,TBD,0,25,25,47,55,55,55,40,53,35,49,,,,,,
isl,Iceland,vestri,Vestri Ísafjörður,25,ST,TBD,TBD,TBD,TBD,0,25,25,47,55,55,55,40,53,35,49,,,,,,
ger,Germany,stuttgart,VfB Stuttgart,1,LB,TBD,TBD,TBD,TBD,25,25,3,76,81,81,58,74,78,76,77,,,,,,
ger,Germany,stuttgart,VfB Stuttgart,2,CM,TBD,TBD,TBD,TBD,25,25,3,77,82,76,73,81,82,75,77,,,,,,
ger,Germany,stuttgart,VfB Stuttgart,3,CM,TBD,TBD,TBD,TBD,25,25,3,77,82,76,73,81,82,75,77,,,,,,
ger,Germany,bochum,VfL Bochum,1,CB,TBD,TBD,TBD,TBD,25,25,3,57,65,49,35,47,45,61,63,,,,,,
ger,Germany,bochum,VfL Bochum,2,CM,TBD,TBD,TBD,TBD,25,25,3,59,67,58,55,63,64,57,59,,,,,,
ger,Germany,bochum,VfL Bochum,3,RW,TBD,TBD,TBD,TBD,25,25,3,59,67,72,61,59,70,35,49,,,,,,
ger,Germany,wolfsburg,VfL Wolfsburg,1,CM,TBD,TBD,TBD,TBD,25,25,2,71,79,70,67,75,76,69,71,,,,,,
ger,Germany,wolfsburg,VfL Wolfsburg,2,CM,TBD,TBD,TBD,TBD,25,25,2,71,79,70,67,75,76,69,71,,,,,,
den,Denmark,viborg,Viborg FF,1,GK,TBD,TBD,TBD,TBD,0,25,25,45,53,,,,,,,47,45,43,48,35,46
den,Denmark,viborg,Viborg FF,2,GK,TBD,TBD,TBD,TBD,0,25,25,45,53,,,,,,,47,45,43,48,35,46
den,Denmark,viborg,Viborg FF,3,CB,TBD,TBD,TBD,TBD,0,25,25,45,53,37,35,35,35,49,51,,,,,,
den,Denmark,viborg,Viborg FF,4,CB,TBD,TBD,TBD,TBD,0,25,25,45,53,37,35,35,35,49,51,,,,,,
den,Denmark,viborg,Viborg FF,5,CB,TBD,TBD,TBD,TBD,0,25,25,45,53,37,35,35,35,49,51,,,,,,
den,Denmark,viborg,Viborg FF,6,CB,TBD,TBD,TBD,TBD,0,25,25,45,53,37,35,35,35,49,51,,,,,,
den,Denmark,viborg,Viborg FF,7,CB,TBD,TBD,TBD,TBD,0,25,25,45,53,37,35,35,35,49,51,,,,,,
den,Denmark,viborg,Viborg FF,8,LB,TBD,TBD,TBD,TBD,0,25,25,46,54,51,35,44,48,46,47,,,,,,
den,Denmark,viborg,Viborg FF,9,LB,TBD,TBD,TBD,TBD,0,25,25,46,54,51,35,44,48,46,47,,,,,,
den,Denmark,viborg,Viborg FF,10,RB,TBD,TBD,TBD,TBD,0,25,25,46,54,51,35,44,48,46,47,,,,,,
den,Denmark,viborg,Viborg FF,11,RB,TBD,TBD,TBD,TBD,0,25,25,46,54,51,35,44,48,46,47,,,,,,
den,Denmark,viborg,Viborg FF,12,CDM,TBD,TBD,TBD,TBD,0,25,25,46,54,43,35,48,46,50,51,,,,,,
den,Denmark,viborg,Viborg FF,13,CM,TBD,TBD,TBD,TBD,0,25,25,47,55,46,43,51,52,45,47,,,,,,
den,Denmark,viborg,Viborg FF,14,CM,TBD,TBD,TBD,TBD,0,25,25,47,55,46,43,51,52,45,47,,,,,,
den,Denmark,viborg,Viborg FF,15,CM,TBD,TBD,TBD,TBD,0,25,25,47,55,46,43,51,52,45,47,,,,,,
den,Denmark,viborg,Viborg FF,16,CM,TBD,TBD,TBD,TBD,0,25,25,47,55,46,43,51,52,45,47,,,,,,
den,Denmark,viborg,Viborg FF,17,CM,TBD,TBD,TBD,TBD,0,25,25,47,55,46,43,51,52,45,47,,,,,,
den,Denmark,viborg,Viborg FF,18,CAM,TBD,TBD,TBD,TBD,0,25,25,47,55,50,49,55,57,35,39,,,,,,
den,Denmark,viborg,Viborg FF,19,LW,TBD,TBD,TBD,TBD,0,25,25,47,55,60,49,47,58,35,37,,,,,,
den,Denmark,viborg,Viborg FF,20,LW,TBD,TBD,TBD,TBD,0,25,25,47,55,60,49,47,58,35,37,,,,,,
den,Denmark,viborg,Viborg FF,21,RW,TBD,TBD,TBD,TBD,0,25,25,47,55,60,49,47,58,35,37,,,,,,
den,Denmark,viborg,Viborg FF,22,RW,TBD,TBD,TBD,TBD,0,25,25,47,55,60,49,47,58,35,37,,,,,,
den,Denmark,viborg,Viborg FF,23,ST,TBD,TBD,TBD,TBD,0,25,25,47,55,55,55,40,53,35,49,,,,,,
den,Denmark,viborg,Viborg FF,24,ST,TBD,TBD,TBD,TBD,0,25,25,47,55,55,55,40,53,35,49,,,,,,
den,Denmark,viborg,Viborg FF,25,ST,TBD,TBD,TBD,TBD,0,25,25,47,55,55,55,40,53,35,49,,,,,,
nor,Norway,viking,Viking FK,1,GK,TBD,TBD,TBD,TBD,0,25,25,53,61,,,,,,,55,53,51,56,35,54
nor,Norway,viking,Viking FK,2,GK,TBD,TBD,TBD,TBD,0,25,25,53,61,,,,,,,55,53,51,56,35,54
nor,Norway,viking,Viking FK,3,CB,TBD,TBD,TBD,TBD,0,25,25,53,61,45,35,43,41,57,59,,,,,,
nor,Norway,viking,Viking FK,4,CB,TBD,TBD,TBD,TBD,0,25,25,53,61,45,35,43,41,57,59,,,,,,
nor,Norway,viking,Viking FK,5,CB,TBD,TBD,TBD,TBD,0,25,25,53,61,45,35,43,41,57,59,,,,,,
nor,Norway,viking,Viking FK,6,CB,TBD,TBD,TBD,TBD,0,25,25,53,61,45,35,43,41,57,59,,,,,,
nor,Norway,viking,Viking FK,7,CB,TBD,TBD,TBD,TBD,0,25,25,53,61,45,35,43,41,57,59,,,,,,
nor,Norway,viking,Viking FK,8,LB,TBD,TBD,TBD,TBD,0,25,25,54,62,59,36,52,56,54,55,,,,,,
nor,Norway,viking,Viking FK,9,LB,TBD,TBD,TBD,TBD,0,25,25,54,62,59,36,52,56,54,55,,,,,,
nor,Norway,viking,Viking FK,10,RB,TBD,TBD,TBD,TBD,0,25,25,54,62,59,36,52,56,54,55,,,,,,
nor,Norway,viking,Viking FK,11,RB,TBD,TBD,TBD,TBD,0,25,25,54,62,59,36,52,56,54,55,,,,,,
nor,Norway,viking,Viking FK,12,CDM,TBD,TBD,TBD,TBD,0,25,25,54,62,51,42,56,54,58,59,,,,,,
nor,Norway,viking,Viking FK,13,CM,TBD,TBD,TBD,TBD,0,25,25,55,63,54,51,59,60,53,55,,,,,,
nor,Norway,viking,Viking FK,14,CM,TBD,TBD,TBD,TBD,0,25,25,55,63,54,51,59,60,53,55,,,,,,
nor,Norway,viking,Viking FK,15,CM,TBD,TBD,TBD,TBD,0,25,25,55,63,54,51,59,60,53,55,,,,,,
nor,Norway,viking,Viking FK,16,CM,TBD,TBD,TBD,TBD,0,25,25,55,63,54,51,59,60,53,55,,,,,,
nor,Norway,viking,Viking FK,17,CM,TBD,TBD,TBD,TBD,0,25,25,55,63,54,51,59,60,53,55,,,,,,
nor,Norway,viking,Viking FK,18,CAM,TBD,TBD,TBD,TBD,0,25,25,55,63,58,57,63,65,37,47,,,,,,
nor,Norway,viking,Viking FK,19,LW,TBD,TBD,TBD,TBD,0,25,25,55,63,68,57,55,66,35,45,,,,,,
nor,Norway,viking,Viking FK,20,LW,TBD,TBD,TBD,TBD,0,25,25,55,63,68,57,55,66,35,45,,,,,,
nor,Norway,viking,Viking FK,21,RW,TBD,TBD,TBD,TBD,0,25,25,55,63,68,57,55,66,35,45,,,,,,
nor,Norway,viking,Viking FK,22,RW,TBD,TBD,TBD,TBD,0,25,25,55,63,68,57,55,66,35,45,,,,,,
nor,Norway,viking,Viking FK,23,ST,TBD,TBD,TBD,TBD,0,25,25,55,63,63,63,48,61,35,57,,,,,,
nor,Norway,viking,Viking FK,24,ST,TBD,TBD,TBD,TBD,0,25,25,55,63,63,63,48,61,35,57,,,,,,
nor,Norway,viking,Viking FK,25,ST,TBD,TBD,TBD,TBD,0,25,25,55,63,63,63,48,61,35,57,,,,,,
por,Portugal,vitoria-guimaraes,Vitória SC,1,GK,TBD,TBD,TBD,TBD,0,25,25,67,75,,,,,,,69,67,65,70,42,68
por,Portugal,vitoria-guimaraes,Vitória SC,2,GK,TBD,TBD,TBD,TBD,0,25,25,67,75,,,,,,,69,67,65,70,42,68
por,Portugal,vitoria-guimaraes,Vitória SC,3,CB,TBD,TBD,TBD,TBD,0,25,25,67,75,59,37,57,55,71,73,,,,,,
por,Portugal,vitoria-guimaraes,Vitória SC,4,CB,TBD,TBD,TBD,TBD,0,25,25,67,75,59,37,57,55,71,73,,,,,,
por,Portugal,vitoria-guimaraes,Vitória SC,5,CB,TBD,TBD,TBD,TBD,0,25,25,67,75,59,37,57,55,71,73,,,,,,
por,Portugal,vitoria-guimaraes,Vitória SC,6,CB,TBD,TBD,TBD,TBD,0,25,25,67,75,59,37,57,55,71,73,,,,,,
por,Portugal,vitoria-guimaraes,Vitória SC,7,CB,TBD,TBD,TBD,TBD,0,25,25,67,75,59,37,57,55,71,73,,,,,,
por,Portugal,vitoria-guimaraes,Vitória SC,8,LB,TBD,TBD,TBD,TBD,0,25,25,68,76,73,50,66,70,68,69,,,,,,
por,Portugal,vitoria-guimaraes,Vitória SC,9,LB,TBD,TBD,TBD,TBD,0,25,25,68,76,73,50,66,70,68,69,,,,,,
por,Portugal,vitoria-guimaraes,Vitória SC,10,RB,TBD,TBD,TBD,TBD,0,25,25,68,76,73,50,66,70,68,69,,,,,,
por,Portugal,vitoria-guimaraes,Vitória SC,11,RB,TBD,TBD,TBD,TBD,0,25,25,68,76,73,50,66,70,68,69,,,,,,
por,Portugal,vitoria-guimaraes,Vitória SC,12,CDM,TBD,TBD,TBD,TBD,0,25,25,68,76,65,56,70,68,72,73,,,,,,
por,Portugal,vitoria-guimaraes,Vitória SC,13,CM,TBD,TBD,TBD,TBD,0,25,25,69,77,68,65,73,74,67,69,,,,,,
por,Portugal,vitoria-guimaraes,Vitória SC,14,CM,TBD,TBD,TBD,TBD,0,25,25,69,77,68,65,73,74,67,69,,,,,,
por,Portugal,vitoria-guimaraes,Vitória SC,15,CM,TBD,TBD,TBD,TBD,0,25,25,69,77,68,65,73,74,67,69,,,,,,
por,Portugal,vitoria-guimaraes,Vitória SC,16,CM,TBD,TBD,TBD,TBD,0,25,25,69,77,68,65,73,74,67,69,,,,,,
por,Portugal,vitoria-guimaraes,Vitória SC,17,CM,TBD,TBD,TBD,TBD,0,25,25,69,77,68,65,73,74,67,69,,,,,,
por,Portugal,vitoria-guimaraes,Vitória SC,18,CAM,TBD,TBD,TBD,TBD,0,25,25,69,77,72,71,77,79,51,61,,,,,,
por,Portugal,vitoria-guimaraes,Vitória SC,19,LW,TBD,TBD,TBD,TBD,0,25,25,69,77,82,71,69,80,44,59,,,,,,
por,Portugal,vitoria-guimaraes,Vitória SC,20,LW,TBD,TBD,TBD,TBD,0,25,25,69,77,82,71,69,80,44,59,,,,,,
por,Portugal,vitoria-guimaraes,Vitória SC,21,RW,TBD,TBD,TBD,TBD,0,25,25,69,77,82,71,69,80,44,59,,,,,,
por,Portugal,vitoria-guimaraes,Vitória SC,22,RW,TBD,TBD,TBD,TBD,0,25,25,69,77,82,71,69,80,44,59,,,,,,
por,Portugal,vitoria-guimaraes,Vitória SC,23,ST,TBD,TBD,TBD,TBD,0,25,25,69,77,77,77,62,75,39,71,,,,,,
por,Portugal,vitoria-guimaraes,Vitória SC,24,ST,TBD,TBD,TBD,TBD,0,25,25,69,77,77,77,62,75,39,71,,,,,,
por,Portugal,vitoria-guimaraes,Vitória SC,25,ST,TBD,TBD,TBD,TBD,0,25,25,69,77,77,77,62,75,39,71,,,,,,
gre,Greece,volos,Volos NFC,1,GK,TBD,TBD,TBD,TBD,0,25,25,45,53,,,,,,,47,45,43,48,35,46
gre,Greece,volos,Volos NFC,2,GK,TBD,TBD,TBD,TBD,0,25,25,45,53,,,,,,,47,45,43,48,35,46
gre,Greece,volos,Volos NFC,3,CB,TBD,TBD,TBD,TBD,0,25,25,45,53,37,35,35,35,49,51,,,,,,
gre,Greece,volos,Volos NFC,4,CB,TBD,TBD,TBD,TBD,0,25,25,45,53,37,35,35,35,49,51,,,,,,
gre,Greece,volos,Volos NFC,5,CB,TBD,TBD,TBD,TBD,0,25,25,45,53,37,35,35,35,49,51,,,,,,
gre,Greece,volos,Volos NFC,6,CB,TBD,TBD,TBD,TBD,0,25,25,45,53,37,35,35,35,49,51,,,,,,
gre,Greece,volos,Volos NFC,7,CB,TBD,TBD,TBD,TBD,0,25,25,45,53,37,35,35,35,49,51,,,,,,
gre,Greece,volos,Volos NFC,8,LB,TBD,TBD,TBD,TBD,0,25,25,46,54,51,35,44,48,46,47,,,,,,
gre,Greece,volos,Volos NFC,9,LB,TBD,TBD,TBD,TBD,0,25,25,46,54,51,35,44,48,46,47,,,,,,
gre,Greece,volos,Volos NFC,10,RB,TBD,TBD,TBD,TBD,0,25,25,46,54,51,35,44,48,46,47,,,,,,
gre,Greece,volos,Volos NFC,11,RB,TBD,TBD,TBD,TBD,0,25,25,46,54,51,35,44,48,46,47,,,,,,
gre,Greece,volos,Volos NFC,12,CDM,TBD,TBD,TBD,TBD,0,25,25,46,54,43,35,48,46,50,51,,,,,,
gre,Greece,volos,Volos NFC,13,CM,TBD,TBD,TBD,TBD,0,25,25,47,55,46,43,51,52,45,47,,,,,,
gre,Greece,volos,Volos NFC,14,CM,TBD,TBD,TBD,TBD,0,25,25,47,55,46,43,51,52,45,47,,,,,,
gre,Greece,volos,Volos NFC,15,CM,TBD,TBD,TBD,TBD,0,25,25,47,55,46,43,51,52,45,47,,,,,,
gre,Greece,volos,Volos NFC,16,CM,TBD,TBD,TBD,TBD,0,25,25,47,55,46,43,51,52,45,47,,,,,,
gre,Greece,volos,Volos NFC,17,CM,TBD,TBD,TBD,TBD,0,25,25,47,55,46,43,51,52,45,47,,,,,,
gre,Greece,volos,Volos NFC,18,CAM,TBD,TBD,TBD,TBD,0,25,25,47,55,50,49,55,57,35,39,,,,,,
gre,Greece,volos,Volos NFC,19,LW,TBD,TBD,TBD,TBD,0,25,25,47,55,60,49,47,58,35,37,,,,,,
gre,Greece,volos,Volos NFC,20,LW,TBD,TBD,TBD,TBD,0,25,25,47,55,60,49,47,58,35,37,,,,,,
gre,Greece,volos,Volos NFC,21,RW,TBD,TBD,TBD,TBD,0,25,25,47,55,60,49,47,58,35,37,,,,,,
gre,Greece,volos,Volos NFC,22,RW,TBD,TBD,TBD,TBD,0,25,25,47,55,60,49,47,58,35,37,,,,,,
gre,Greece,volos,Volos NFC,23,ST,TBD,TBD,TBD,TBD,0,25,25,47,55,55,55,40,53,35,49,,,,,,
gre,Greece,volos,Volos NFC,24,ST,TBD,TBD,TBD,TBD,0,25,25,47,55,55,55,40,53,35,49,,,,,,
gre,Greece,volos,Volos NFC,25,ST,TBD,TBD,TBD,TBD,0,25,25,47,55,55,55,40,53,35,49,,,,,,
ukr,Ukraine,vorskla-poltava,Vorskla Poltava,1,GK,TBD,TBD,TBD,TBD,0,25,25,45,53,,,,,,,47,45,43,48,35,46
ukr,Ukraine,vorskla-poltava,Vorskla Poltava,2,GK,TBD,TBD,TBD,TBD,0,25,25,45,53,,,,,,,47,45,43,48,35,46
ukr,Ukraine,vorskla-poltava,Vorskla Poltava,3,CB,TBD,TBD,TBD,TBD,0,25,25,45,53,37,35,35,35,49,51,,,,,,
ukr,Ukraine,vorskla-poltava,Vorskla Poltava,4,CB,TBD,TBD,TBD,TBD,0,25,25,45,53,37,35,35,35,49,51,,,,,,
ukr,Ukraine,vorskla-poltava,Vorskla Poltava,5,CB,TBD,TBD,TBD,TBD,0,25,25,45,53,37,35,35,35,49,51,,,,,,
ukr,Ukraine,vorskla-poltava,Vorskla Poltava,6,CB,TBD,TBD,TBD,TBD,0,25,25,45,53,37,35,35,35,49,51,,,,,,
ukr,Ukraine,vorskla-poltava,Vorskla Poltava,7,CB,TBD,TBD,TBD,TBD,0,25,25,45,53,37,35,35,35,49,51,,,,,,
ukr,Ukraine,vorskla-poltava,Vorskla Poltava,8,LB,TBD,TBD,TBD,TBD,0,25,25,46,54,51,35,44,48,46,47,,,,,,
ukr,Ukraine,vorskla-poltava,Vorskla Poltava,9,LB,TBD,TBD,TBD,TBD,0,25,25,46,54,51,35,44,48,46,47,,,,,,
ukr,Ukraine,vorskla-poltava,Vorskla Poltava,10,RB,TBD,TBD,TBD,TBD,0,25,25,46,54,51,35,44,48,46,47,,,,,,
ukr,Ukraine,vorskla-poltava,Vorskla Poltava,11,RB,TBD,TBD,TBD,TBD,0,25,25,46,54,51,35,44,48,46,47,,,,,,
ukr,Ukraine,vorskla-poltava,Vorskla Poltava,12,CDM,TBD,TBD,TBD,TBD,0,25,25,46,54,43,35,48,46,50,51,,,,,,
ukr,Ukraine,vorskla-poltava,Vorskla Poltava,13,CM,TBD,TBD,TBD,TBD,0,25,25,47,55,46,43,51,52,45,47,,,,,,
ukr,Ukraine,vorskla-poltava,Vorskla Poltava,14,CM,TBD,TBD,TBD,TBD,0,25,25,47,55,46,43,51,52,45,47,,,,,,
ukr,Ukraine,vorskla-poltava,Vorskla Poltava,15,CM,TBD,TBD,TBD,TBD,0,25,25,47,55,46,43,51,52,45,47,,,,,,
ukr,Ukraine,vorskla-poltava,Vorskla Poltava,16,CM,TBD,TBD,TBD,TBD,0,25,25,47,55,46,43,51,52,45,47,,,,,,
ukr,Ukraine,vorskla-poltava,Vorskla Poltava,17,CM,TBD,TBD,TBD,TBD,0,25,25,47,55,46,43,51,52,45,47,,,,,,
ukr,Ukraine,vorskla-poltava,Vorskla Poltava,18,CAM,TBD,TBD,TBD,TBD,0,25,25,47,55,50,49,55,57,35,39,,,,,,
ukr,Ukraine,vorskla-poltava,Vorskla Poltava,19,LW,TBD,TBD,TBD,TBD,0,25,25,47,55,60,49,47,58,35,37,,,,,,
ukr,Ukraine,vorskla-poltava,Vorskla Poltava,20,LW,TBD,TBD,TBD,TBD,0,25,25,47,55,60,49,47,58,35,37,,,,,,
ukr,Ukraine,vorskla-poltava,Vorskla Poltava,21,RW,TBD,TBD,TBD,TBD,0,25,25,47,55,60,49,47,58,35,37,,,,,,
ukr,Ukraine,vorskla-poltava,Vorskla Poltava,22,RW,TBD,TBD,TBD,TBD,0,25,25,47,55,60,49,47,58,35,37,,,,,,
ukr,Ukraine,vorskla-poltava,Vorskla Poltava,23,ST,TBD,TBD,TBD,TBD,0,25,25,47,55,55,55,40,53,35,49,,,,,,
ukr,Ukraine,vorskla-poltava,Vorskla Poltava,24,ST,TBD,TBD,TBD,TBD,0,25,25,47,55,55,55,40,53,35,49,,,,,,
ukr,Ukraine,vorskla-poltava,Vorskla Poltava,25,ST,TBD,TBD,TBD,TBD,0,25,25,47,55,55,55,40,53,35,49,,,,,,
swe,Sweden,vasteras-sk,Västerås SK,1,GK,TBD,TBD,TBD,TBD,0,25,25,45,53,,,,,,,47,45,43,48,35,46
swe,Sweden,vasteras-sk,Västerås SK,2,GK,TBD,TBD,TBD,TBD,0,25,25,45,53,,,,,,,47,45,43,48,35,46
swe,Sweden,vasteras-sk,Västerås SK,3,CB,TBD,TBD,TBD,TBD,0,25,25,45,53,37,35,35,35,49,51,,,,,,
swe,Sweden,vasteras-sk,Västerås SK,4,CB,TBD,TBD,TBD,TBD,0,25,25,45,53,37,35,35,35,49,51,,,,,,
swe,Sweden,vasteras-sk,Västerås SK,5,CB,TBD,TBD,TBD,TBD,0,25,25,45,53,37,35,35,35,49,51,,,,,,
swe,Sweden,vasteras-sk,Västerås SK,6,CB,TBD,TBD,TBD,TBD,0,25,25,45,53,37,35,35,35,49,51,,,,,,
swe,Sweden,vasteras-sk,Västerås SK,7,CB,TBD,TBD,TBD,TBD,0,25,25,45,53,37,35,35,35,49,51,,,,,,
swe,Sweden,vasteras-sk,Västerås SK,8,LB,TBD,TBD,TBD,TBD,0,25,25,46,54,51,35,44,48,46,47,,,,,,
swe,Sweden,vasteras-sk,Västerås SK,9,LB,TBD,TBD,TBD,TBD,0,25,25,46,54,51,35,44,48,46,47,,,,,,
swe,Sweden,vasteras-sk,Västerås SK,10,RB,TBD,TBD,TBD,TBD,0,25,25,46,54,51,35,44,48,46,47,,,,,,
swe,Sweden,vasteras-sk,Västerås SK,11,RB,TBD,TBD,TBD,TBD,0,25,25,46,54,51,35,44,48,46,47,,,,,,
swe,Sweden,vasteras-sk,Västerås SK,12,CDM,TBD,TBD,TBD,TBD,0,25,25,46,54,43,35,48,46,50,51,,,,,,
swe,Sweden,vasteras-sk,Västerås SK,13,CM,TBD,TBD,TBD,TBD,0,25,25,47,55,46,43,51,52,45,47,,,,,,
swe,Sweden,vasteras-sk,Västerås SK,14,CM,TBD,TBD,TBD,TBD,0,25,25,47,55,46,43,51,52,45,47,,,,,,
swe,Sweden,vasteras-sk,Västerås SK,15,CM,TBD,TBD,TBD,TBD,0,25,25,47,55,46,43,51,52,45,47,,,,,,
swe,Sweden,vasteras-sk,Västerås SK,16,CM,TBD,TBD,TBD,TBD,0,25,25,47,55,46,43,51,52,45,47,,,,,,
swe,Sweden,vasteras-sk,Västerås SK,17,CM,TBD,TBD,TBD,TBD,0,25,25,47,55,46,43,51,52,45,47,,,,,,
swe,Sweden,vasteras-sk,Västerås SK,18,CAM,TBD,TBD,TBD,TBD,0,25,25,47,55,50,49,55,57,35,39,,,,,,
swe,Sweden,vasteras-sk,Västerås SK,19,LW,TBD,TBD,TBD,TBD,0,25,25,47,55,60,49,47,58,35,37,,,,,,
swe,Sweden,vasteras-sk,Västerås SK,20,LW,TBD,TBD,TBD,TBD,0,25,25,47,55,60,49,47,58,35,37,,,,,,
swe,Sweden,vasteras-sk,Västerås SK,21,RW,TBD,TBD,TBD,TBD,0,25,25,47,55,60,49,47,58,35,37,,,,,,
swe,Sweden,vasteras-sk,Västerås SK,22,RW,TBD,TBD,TBD,TBD,0,25,25,47,55,60,49,47,58,35,37,,,,,,
swe,Sweden,vasteras-sk,Västerås SK,23,ST,TBD,TBD,TBD,TBD,0,25,25,47,55,55,55,40,53,35,49,,,,,,
swe,Sweden,vasteras-sk,Västerås SK,24,ST,TBD,TBD,TBD,TBD,0,25,25,47,55,55,55,40,53,35,49,,,,,,
swe,Sweden,vasteras-sk,Västerås SK,25,ST,TBD,TBD,TBD,TBD,0,25,25,47,55,55,55,40,53,35,49,,,,,,
nor,Norway,valerenga,Vålerenga IF,1,GK,TBD,TBD,TBD,TBD,0,25,25,50,58,,,,,,,52,50,48,53,35,51
nor,Norway,valerenga,Vålerenga IF,2,GK,TBD,TBD,TBD,TBD,0,25,25,50,58,,,,,,,52,50,48,53,35,51
nor,Norway,valerenga,Vålerenga IF,3,CB,TBD,TBD,TBD,TBD,0,25,25,50,58,42,35,40,38,54,56,,,,,,
nor,Norway,valerenga,Vålerenga IF,4,CB,TBD,TBD,TBD,TBD,0,25,25,50,58,42,35,40,38,54,56,,,,,,
nor,Norway,valerenga,Vålerenga IF,5,CB,TBD,TBD,TBD,TBD,0,25,25,50,58,42,35,40,38,54,56,,,,,,
nor,Norway,valerenga,Vålerenga IF,6,CB,TBD,TBD,TBD,TBD,0,25,25,50,58,42,35,40,38,54,56,,,,,,
nor,Norway,valerenga,Vålerenga IF,7,CB,TBD,TBD,TBD,TBD,0,25,25,50,58,42,35,40,38,54,56,,,,,,
nor,Norway,valerenga,Vålerenga IF,8,LB,TBD,TBD,TBD,TBD,0,25,25,51,59,56,35,49,53,51,52,,,,,,
nor,Norway,valerenga,Vålerenga IF,9,LB,TBD,TBD,TBD,TBD,0,25,25,51,59,56,35,49,53,51,52,,,,,,
nor,Norway,valerenga,Vålerenga IF,10,RB,TBD,TBD,TBD,TBD,0,25,25,51,59,56,35,49,53,51,52,,,,,,
nor,Norway,valerenga,Vålerenga IF,11,RB,TBD,TBD,TBD,TBD,0,25,25,51,59,56,35,49,53,51,52,,,,,,
nor,Norway,valerenga,Vålerenga IF,12,CDM,TBD,TBD,TBD,TBD,0,25,25,51,59,48,39,53,51,55,56,,,,,,
nor,Norway,valerenga,Vålerenga IF,13,CM,TBD,TBD,TBD,TBD,0,25,25,52,60,51,48,56,57,50,52,,,,,,
nor,Norway,valerenga,Vålerenga IF,14,CM,TBD,TBD,TBD,TBD,0,25,25,52,60,51,48,56,57,50,52,,,,,,
nor,Norway,valerenga,Vålerenga IF,15,CM,TBD,TBD,TBD,TBD,0,25,25,52,60,51,48,56,57,50,52,,,,,,
nor,Norway,valerenga,Vålerenga IF,16,CM,TBD,TBD,TBD,TBD,0,25,25,52,60,51,48,56,57,50,52,,,,,,
nor,Norway,valerenga,Vålerenga IF,17,CM,TBD,TBD,TBD,TBD,0,25,25,52,60,51,48,56,57,50,52,,,,,,
nor,Norway,valerenga,Vålerenga IF,18,CAM,TBD,TBD,TBD,TBD,0,25,25,52,60,55,54,60,62,35,44,,,,,,
nor,Norway,valerenga,Vålerenga IF,19,LW,TBD,TBD,TBD,TBD,0,25,25,52,60,65,54,52,63,35,42,,,,,,
nor,Norway,valerenga,Vålerenga IF,20,LW,TBD,TBD,TBD,TBD,0,25,25,52,60,65,54,52,63,35,42,,,,,,
nor,Norway,valerenga,Vålerenga IF,21,RW,TBD,TBD,TBD,TBD,0,25,25,52,60,65,54,52,63,35,42,,,,,,
nor,Norway,valerenga,Vålerenga IF,22,RW,TBD,TBD,TBD,TBD,0,25,25,52,60,65,54,52,63,35,42,,,,,,
nor,Norway,valerenga,Vålerenga IF,23,ST,TBD,TBD,TBD,TBD,0,25,25,52,60,60,60,45,58,35,54,,,,,,
nor,Norway,valerenga,Vålerenga IF,24,ST,TBD,TBD,TBD,TBD,0,25,25,52,60,60,60,45,58,35,54,,,,,,
nor,Norway,valerenga,Vålerenga IF,25,ST,TBD,TBD,TBD,TBD,0,25,25,52,60,60,60,45,58,35,54,,,,,,
isl,Iceland,vikingur-reykjavik,Víkingur Reykjavík,1,GK,TBD,TBD,TBD,TBD,0,25,25,45,53,,,,,,,47,45,43,48,35,46
isl,Iceland,vikingur-reykjavik,Víkingur Reykjavík,2,GK,TBD,TBD,TBD,TBD,0,25,25,45,53,,,,,,,47,45,43,48,35,46
isl,Iceland,vikingur-reykjavik,Víkingur Reykjavík,3,CB,TBD,TBD,TBD,TBD,0,25,25,45,53,37,35,35,35,49,51,,,,,,
isl,Iceland,vikingur-reykjavik,Víkingur Reykjavík,4,CB,TBD,TBD,TBD,TBD,0,25,25,45,53,37,35,35,35,49,51,,,,,,
isl,Iceland,vikingur-reykjavik,Víkingur Reykjavík,5,CB,TBD,TBD,TBD,TBD,0,25,25,45,53,37,35,35,35,49,51,,,,,,
isl,Iceland,vikingur-reykjavik,Víkingur Reykjavík,6,CB,TBD,TBD,TBD,TBD,0,25,25,45,53,37,35,35,35,49,51,,,,,,
isl,Iceland,vikingur-reykjavik,Víkingur Reykjavík,7,CB,TBD,TBD,TBD,TBD,0,25,25,45,53,37,35,35,35,49,51,,,,,,
isl,Iceland,vikingur-reykjavik,Víkingur Reykjavík,8,LB,TBD,TBD,TBD,TBD,0,25,25,46,54,51,35,44,48,46,47,,,,,,
isl,Iceland,vikingur-reykjavik,Víkingur Reykjavík,9,LB,TBD,TBD,TBD,TBD,0,25,25,46,54,51,35,44,48,46,47,,,,,,
isl,Iceland,vikingur-reykjavik,Víkingur Reykjavík,10,RB,TBD,TBD,TBD,TBD,0,25,25,46,54,51,35,44,48,46,47,,,,,,
isl,Iceland,vikingur-reykjavik,Víkingur Reykjavík,11,RB,TBD,TBD,TBD,TBD,0,25,25,46,54,51,35,44,48,46,47,,,,,,
isl,Iceland,vikingur-reykjavik,Víkingur Reykjavík,12,CDM,TBD,TBD,TBD,TBD,0,25,25,46,54,43,35,48,46,50,51,,,,,,
isl,Iceland,vikingur-reykjavik,Víkingur Reykjavík,13,CM,TBD,TBD,TBD,TBD,0,25,25,47,55,46,43,51,52,45,47,,,,,,
isl,Iceland,vikingur-reykjavik,Víkingur Reykjavík,14,CM,TBD,TBD,TBD,TBD,0,25,25,47,55,46,43,51,52,45,47,,,,,,
isl,Iceland,vikingur-reykjavik,Víkingur Reykjavík,15,CM,TBD,TBD,TBD,TBD,0,25,25,47,55,46,43,51,52,45,47,,,,,,
isl,Iceland,vikingur-reykjavik,Víkingur Reykjavík,16,CM,TBD,TBD,TBD,TBD,0,25,25,47,55,46,43,51,52,45,47,,,,,,
isl,Iceland,vikingur-reykjavik,Víkingur Reykjavík,17,CM,TBD,TBD,TBD,TBD,0,25,25,47,55,46,43,51,52,45,47,,,,,,
isl,Iceland,vikingur-reykjavik,Víkingur Reykjavík,18,CAM,TBD,TBD,TBD,TBD,0,25,25,47,55,50,49,55,57,35,39,,,,,,
isl,Iceland,vikingur-reykjavik,Víkingur Reykjavík,19,LW,TBD,TBD,TBD,TBD,0,25,25,47,55,60,49,47,58,35,37,,,,,,
isl,Iceland,vikingur-reykjavik,Víkingur Reykjavík,20,LW,TBD,TBD,TBD,TBD,0,25,25,47,55,60,49,47,58,35,37,,,,,,
isl,Iceland,vikingur-reykjavik,Víkingur Reykjavík,21,RW,TBD,TBD,TBD,TBD,0,25,25,47,55,60,49,47,58,35,37,,,,,,
isl,Iceland,vikingur-reykjavik,Víkingur Reykjavík,22,RW,TBD,TBD,TBD,TBD,0,25,25,47,55,60,49,47,58,35,37,,,,,,
isl,Iceland,vikingur-reykjavik,Víkingur Reykjavík,23,ST,TBD,TBD,TBD,TBD,0,25,25,47,55,55,55,40,53,35,49,,,,,,
isl,Iceland,vikingur-reykjavik,Víkingur Reykjavík,24,ST,TBD,TBD,TBD,TBD,0,25,25,47,55,55,55,40,53,35,49,,,,,,
isl,Iceland,vikingur-reykjavik,Víkingur Reykjavík,25,ST,TBD,TBD,TBD,TBD,0,25,25,47,55,55,55,40,53,35,49,,,,,,
pol,Poland,warta-poznan,Warta Poznań,1,GK,TBD,TBD,TBD,TBD,0,25,25,45,53,,,,,,,47,45,43,48,35,46
pol,Poland,warta-poznan,Warta Poznań,2,GK,TBD,TBD,TBD,TBD,0,25,25,45,53,,,,,,,47,45,43,48,35,46
pol,Poland,warta-poznan,Warta Poznań,3,CB,TBD,TBD,TBD,TBD,0,25,25,45,53,37,35,35,35,49,51,,,,,,
pol,Poland,warta-poznan,Warta Poznań,4,CB,TBD,TBD,TBD,TBD,0,25,25,45,53,37,35,35,35,49,51,,,,,,
pol,Poland,warta-poznan,Warta Poznań,5,CB,TBD,TBD,TBD,TBD,0,25,25,45,53,37,35,35,35,49,51,,,,,,
pol,Poland,warta-poznan,Warta Poznań,6,CB,TBD,TBD,TBD,TBD,0,25,25,45,53,37,35,35,35,49,51,,,,,,
pol,Poland,warta-poznan,Warta Poznań,7,CB,TBD,TBD,TBD,TBD,0,25,25,45,53,37,35,35,35,49,51,,,,,,
pol,Poland,warta-poznan,Warta Poznań,8,LB,TBD,TBD,TBD,TBD,0,25,25,46,54,51,35,44,48,46,47,,,,,,
pol,Poland,warta-poznan,Warta Poznań,9,LB,TBD,TBD,TBD,TBD,0,25,25,46,54,51,35,44,48,46,47,,,,,,
pol,Poland,warta-poznan,Warta Poznań,10,RB,TBD,TBD,TBD,TBD,0,25,25,46,54,51,35,44,48,46,47,,,,,,
pol,Poland,warta-poznan,Warta Poznań,11,RB,TBD,TBD,TBD,TBD,0,25,25,46,54,51,35,44,48,46,47,,,,,,
pol,Poland,warta-poznan,Warta Poznań,12,CDM,TBD,TBD,TBD,TBD,0,25,25,46,54,43,35,48,46,50,51,,,,,,
pol,Poland,warta-poznan,Warta Poznań,13,CM,TBD,TBD,TBD,TBD,0,25,25,47,55,46,43,51,52,45,47,,,,,,
pol,Poland,warta-poznan,Warta Poznań,14,CM,TBD,TBD,TBD,TBD,0,25,25,47,55,46,43,51,52,45,47,,,,,,
pol,Poland,warta-poznan,Warta Poznań,15,CM,TBD,TBD,TBD,TBD,0,25,25,47,55,46,43,51,52,45,47,,,,,,
pol,Poland,warta-poznan,Warta Poznań,16,CM,TBD,TBD,TBD,TBD,0,25,25,47,55,46,43,51,52,45,47,,,,,,
pol,Poland,warta-poznan,Warta Poznań,17,CM,TBD,TBD,TBD,TBD,0,25,25,47,55,46,43,51,52,45,47,,,,,,
pol,Poland,warta-poznan,Warta Poznań,18,CAM,TBD,TBD,TBD,TBD,0,25,25,47,55,50,49,55,57,35,39,,,,,,
pol,Poland,warta-poznan,Warta Poznań,19,LW,TBD,TBD,TBD,TBD,0,25,25,47,55,60,49,47,58,35,37,,,,,,
pol,Poland,warta-poznan,Warta Poznań,20,LW,TBD,TBD,TBD,TBD,0,25,25,47,55,60,49,47,58,35,37,,,,,,
pol,Poland,warta-poznan,Warta Poznań,21,RW,TBD,TBD,TBD,TBD,0,25,25,47,55,60,49,47,58,35,37,,,,,,
pol,Poland,warta-poznan,Warta Poznań,22,RW,TBD,TBD,TBD,TBD,0,25,25,47,55,60,49,47,58,35,37,,,,,,
pol,Poland,warta-poznan,Warta Poznań,23,ST,TBD,TBD,TBD,TBD,0,25,25,47,55,55,55,40,53,35,49,,,,,,
pol,Poland,warta-poznan,Warta Poznań,24,ST,TBD,TBD,TBD,TBD,0,25,25,47,55,55,55,40,53,35,49,,,,,,
pol,Poland,warta-poznan,Warta Poznań,25,ST,TBD,TBD,TBD,TBD,0,25,25,47,55,55,55,40,53,35,49,,,,,,
ger,Germany,werder-bremen,Werder Bremen,1,CB,TBD,TBD,TBD,TBD,25,25,4,67,75,59,37,57,55,71,73,,,,,,
ger,Germany,werder-bremen,Werder Bremen,2,RB,TBD,TBD,TBD,TBD,25,25,4,68,76,73,50,66,70,68,69,,,,,,
ger,Germany,werder-bremen,Werder Bremen,3,CM,TBD,TBD,TBD,TBD,25,25,4,69,77,68,65,73,74,67,69,,,,,,
ger,Germany,werder-bremen,Werder Bremen,4,LW,TBD,TBD,TBD,TBD,25,25,4,69,77,82,71,69,80,44,59,,,,,,
ned,Netherlands,willem-ii,Willem II,1,CB,TBD,TBD,TBD,TBD,25,25,3,61,69,53,35,51,49,65,67,,,,,,
ned,Netherlands,willem-ii,Willem II,2,CM,TBD,TBD,TBD,TBD,25,25,3,63,71,62,59,67,68,61,63,,,,,,
ned,Netherlands,willem-ii,Willem II,3,CM,TBD,TBD,TBD,TBD,25,25,3,63,71,62,59,67,68,61,63,,,,,,
pol,Poland,wisla-krakow,Wisła Kraków,1,GK,TBD,TBD,TBD,TBD,0,25,25,49,57,,,,,,,51,49,47,52,35,50
pol,Poland,wisla-krakow,Wisła Kraków,2,GK,TBD,TBD,TBD,TBD,0,25,25,49,57,,,,,,,51,49,47,52,35,50
pol,Poland,wisla-krakow,Wisła Kraków,3,CB,TBD,TBD,TBD,TBD,0,25,25,49,57,41,35,39,37,53,55,,,,,,
pol,Poland,wisla-krakow,Wisła Kraków,4,CB,TBD,TBD,TBD,TBD,0,25,25,49,57,41,35,39,37,53,55,,,,,,
pol,Poland,wisla-krakow,Wisła Kraków,5,CB,TBD,TBD,TBD,TBD,0,25,25,49,57,41,35,39,37,53,55,,,,,,
pol,Poland,wisla-krakow,Wisła Kraków,6,CB,TBD,TBD,TBD,TBD,0,25,25,49,57,41,35,39,37,53,55,,,,,,
pol,Poland,wisla-krakow,Wisła Kraków,7,CB,TBD,TBD,TBD,TBD,0,25,25,49,57,41,35,39,37,53,55,,,,,,
pol,Poland,wisla-krakow,Wisła Kraków,8,LB,TBD,TBD,TBD,TBD,0,25,25,50,58,55,35,48,52,50,51,,,,,,
pol,Poland,wisla-krakow,Wisła Kraków,9,LB,TBD,TBD,TBD,TBD,0,25,25,50,58,55,35,48,52,50,51,,,,,,
pol,Poland,wisla-krakow,Wisła Kraków,10,RB,TBD,TBD,TBD,TBD,0,25,25,50,58,55,35,48,52,50,51,,,,,,
pol,Poland,wisla-krakow,Wisła Kraków,11,RB,TBD,TBD,TBD,TBD,0,25,25,50,58,55,35,48,52,50,51,,,,,,
pol,Poland,wisla-krakow,Wisła Kraków,12,CDM,TBD,TBD,TBD,TBD,0,25,25,50,58,47,38,52,50,54,55,,,,,,
pol,Poland,wisla-krakow,Wisła Kraków,13,CM,TBD,TBD,TBD,TBD,0,25,25,51,59,50,47,55,56,49,51,,,,,,
pol,Poland,wisla-krakow,Wisła Kraków,14,CM,TBD,TBD,TBD,TBD,0,25,25,51,59,50,47,55,56,49,51,,,,,,
pol,Poland,wisla-krakow,Wisła Kraków,15,CM,TBD,TBD,TBD,TBD,0,25,25,51,59,50,47,55,56,49,51,,,,,,
pol,Poland,wisla-krakow,Wisła Kraków,16,CM,TBD,TBD,TBD,TBD,0,25,25,51,59,50,47,55,56,49,51,,,,,,
pol,Poland,wisla-krakow,Wisła Kraków,17,CM,TBD,TBD,TBD,TBD,0,25,25,51,59,50,47,55,56,49,51,,,,,,
pol,Poland,wisla-krakow,Wisła Kraków,18,CAM,TBD,TBD,TBD,TBD,0,25,25,51,59,54,53,59,61,35,43,,,,,,
pol,Poland,wisla-krakow,Wisła Kraków,19,LW,TBD,TBD,TBD,TBD,0,25,25,51,59,64,53,51,62,35,41,,,,,,
pol,Poland,wisla-krakow,Wisła Kraków,20,LW,TBD,TBD,TBD,TBD,0,25,25,51,59,64,53,51,62,35,41,,,,,,
pol,Poland,wisla-krakow,Wisła Kraków,21,RW,TBD,TBD,TBD,TBD,0,25,25,51,59,64,53,51,62,35,41,,,,,,
pol,Poland,wisla-krakow,Wisła Kraków,22,RW,TBD,TBD,TBD,TBD,0,25,25,51,59,64,53,51,62,35,41,,,,,,
pol,Poland,wisla-krakow,Wisła Kraków,23,ST,TBD,TBD,TBD,TBD,0,25,25,51,59,59,59,44,57,35,53,,,,,,
pol,Poland,wisla-krakow,Wisła Kraków,24,ST,TBD,TBD,TBD,TBD,0,25,25,51,59,59,59,44,57,35,53,,,,,,
pol,Poland,wisla-krakow,Wisła Kraków,25,ST,TBD,TBD,TBD,TBD,0,25,25,51,59,59,59,44,57,35,53,,,,,,
aut,Austria,wolfsberger-ac,Wolfsberger AC,1,GK,TBD,TBD,TBD,TBD,0,25,25,49,57,,,,,,,51,49,47,52,35,50
aut,Austria,wolfsberger-ac,Wolfsberger AC,2,GK,TBD,TBD,TBD,TBD,0,25,25,49,57,,,,,,,51,49,47,52,35,50
aut,Austria,wolfsberger-ac,Wolfsberger AC,3,CB,TBD,TBD,TBD,TBD,0,25,25,49,57,41,35,39,37,53,55,,,,,,
aut,Austria,wolfsberger-ac,Wolfsberger AC,4,CB,TBD,TBD,TBD,TBD,0,25,25,49,57,41,35,39,37,53,55,,,,,,
aut,Austria,wolfsberger-ac,Wolfsberger AC,5,CB,TBD,TBD,TBD,TBD,0,25,25,49,57,41,35,39,37,53,55,,,,,,
aut,Austria,wolfsberger-ac,Wolfsberger AC,6,CB,TBD,TBD,TBD,TBD,0,25,25,49,57,41,35,39,37,53,55,,,,,,
aut,Austria,wolfsberger-ac,Wolfsberger AC,7,CB,TBD,TBD,TBD,TBD,0,25,25,49,57,41,35,39,37,53,55,,,,,,
aut,Austria,wolfsberger-ac,Wolfsberger AC,8,LB,TBD,TBD,TBD,TBD,0,25,25,50,58,55,35,48,52,50,51,,,,,,
aut,Austria,wolfsberger-ac,Wolfsberger AC,9,LB,TBD,TBD,TBD,TBD,0,25,25,50,58,55,35,48,52,50,51,,,,,,
aut,Austria,wolfsberger-ac,Wolfsberger AC,10,RB,TBD,TBD,TBD,TBD,0,25,25,50,58,55,35,48,52,50,51,,,,,,
aut,Austria,wolfsberger-ac,Wolfsberger AC,11,RB,TBD,TBD,TBD,TBD,0,25,25,50,58,55,35,48,52,50,51,,,,,,
aut,Austria,wolfsberger-ac,Wolfsberger AC,12,CDM,TBD,TBD,TBD,TBD,0,25,25,50,58,47,38,52,50,54,55,,,,,,
aut,Austria,wolfsberger-ac,Wolfsberger AC,13,CM,TBD,TBD,TBD,TBD,0,25,25,51,59,50,47,55,56,49,51,,,,,,
aut,Austria,wolfsberger-ac,Wolfsberger AC,14,CM,TBD,TBD,TBD,TBD,0,25,25,51,59,50,47,55,56,49,51,,,,,,
aut,Austria,wolfsberger-ac,Wolfsberger AC,15,CM,TBD,TBD,TBD,TBD,0,25,25,51,59,50,47,55,56,49,51,,,,,,
aut,Austria,wolfsberger-ac,Wolfsberger AC,16,CM,TBD,TBD,TBD,TBD,0,25,25,51,59,50,47,55,56,49,51,,,,,,
aut,Austria,wolfsberger-ac,Wolfsberger AC,17,CM,TBD,TBD,TBD,TBD,0,25,25,51,59,50,47,55,56,49,51,,,,,,
aut,Austria,wolfsberger-ac,Wolfsberger AC,18,CAM,TBD,TBD,TBD,TBD,0,25,25,51,59,54,53,59,61,35,43,,,,,,
aut,Austria,wolfsberger-ac,Wolfsberger AC,19,LW,TBD,TBD,TBD,TBD,0,25,25,51,59,64,53,51,62,35,41,,,,,,
aut,Austria,wolfsberger-ac,Wolfsberger AC,20,LW,TBD,TBD,TBD,TBD,0,25,25,51,59,64,53,51,62,35,41,,,,,,
aut,Austria,wolfsberger-ac,Wolfsberger AC,21,RW,TBD,TBD,TBD,TBD,0,25,25,51,59,64,53,51,62,35,41,,,,,,
aut,Austria,wolfsberger-ac,Wolfsberger AC,22,RW,TBD,TBD,TBD,TBD,0,25,25,51,59,64,53,51,62,35,41,,,,,,
aut,Austria,wolfsberger-ac,Wolfsberger AC,23,ST,TBD,TBD,TBD,TBD,0,25,25,51,59,59,59,44,57,35,53,,,,,,
aut,Austria,wolfsberger-ac,Wolfsberger AC,24,ST,TBD,TBD,TBD,TBD,0,25,25,51,59,59,59,44,57,35,53,,,,,,
aut,Austria,wolfsberger-ac,Wolfsberger AC,25,ST,TBD,TBD,TBD,TBD,0,25,25,51,59,59,59,44,57,35,53,,,,,,
che,Switzerland,yverdon,Yverdon Sport FC,1,GK,TBD,TBD,TBD,TBD,0,25,25,45,53,,,,,,,47,45,43,48,35,46
che,Switzerland,yverdon,Yverdon Sport FC,2,GK,TBD,TBD,TBD,TBD,0,25,25,45,53,,,,,,,47,45,43,48,35,46
che,Switzerland,yverdon,Yverdon Sport FC,3,CB,TBD,TBD,TBD,TBD,0,25,25,45,53,37,35,35,35,49,51,,,,,,
che,Switzerland,yverdon,Yverdon Sport FC,4,CB,TBD,TBD,TBD,TBD,0,25,25,45,53,37,35,35,35,49,51,,,,,,
che,Switzerland,yverdon,Yverdon Sport FC,5,CB,TBD,TBD,TBD,TBD,0,25,25,45,53,37,35,35,35,49,51,,,,,,
che,Switzerland,yverdon,Yverdon Sport FC,6,CB,TBD,TBD,TBD,TBD,0,25,25,45,53,37,35,35,35,49,51,,,,,,
che,Switzerland,yverdon,Yverdon Sport FC,7,CB,TBD,TBD,TBD,TBD,0,25,25,45,53,37,35,35,35,49,51,,,,,,
che,Switzerland,yverdon,Yverdon Sport FC,8,LB,TBD,TBD,TBD,TBD,0,25,25,46,54,51,35,44,48,46,47,,,,,,
che,Switzerland,yverdon,Yverdon Sport FC,9,LB,TBD,TBD,TBD,TBD,0,25,25,46,54,51,35,44,48,46,47,,,,,,
che,Switzerland,yverdon,Yverdon Sport FC,10,RB,TBD,TBD,TBD,TBD,0,25,25,46,54,51,35,44,48,46,47,,,,,,
che,Switzerland,yverdon,Yverdon Sport FC,11,RB,TBD,TBD,TBD,TBD,0,25,25,46,54,51,35,44,48,46,47,,,,,,
che,Switzerland,yverdon,Yverdon Sport FC,12,CDM,TBD,TBD,TBD,TBD,0,25,25,46,54,43,35,48,46,50,51,,,,,,
che,Switzerland,yverdon,Yverdon Sport FC,13,CM,TBD,TBD,TBD,TBD,0,25,25,47,55,46,43,51,52,45,47,,,,,,
che,Switzerland,yverdon,Yverdon Sport FC,14,CM,TBD,TBD,TBD,TBD,0,25,25,47,55,46,43,51,52,45,47,,,,,,
che,Switzerland,yverdon,Yverdon Sport FC,15,CM,TBD,TBD,TBD,TBD,0,25,25,47,55,46,43,51,52,45,47,,,,,,
che,Switzerland,yverdon,Yverdon Sport FC,16,CM,TBD,TBD,TBD,TBD,0,25,25,47,55,46,43,51,52,45,47,,,,,,
che,Switzerland,yverdon,Yverdon Sport FC,17,CM,TBD,TBD,TBD,TBD,0,25,25,47,55,46,43,51,52,45,47,,,,,,
che,Switzerland,yverdon,Yverdon Sport FC,18,CAM,TBD,TBD,TBD,TBD,0,25,25,47,55,50,49,55,57,35,39,,,,,,
che,Switzerland,yverdon,Yverdon Sport FC,19,LW,TBD,TBD,TBD,TBD,0,25,25,47,55,60,49,47,58,35,37,,,,,,
che,Switzerland,yverdon,Yverdon Sport FC,20,LW,TBD,TBD,TBD,TBD,0,25,25,47,55,60,49,47,58,35,37,,,,,,
che,Switzerland,yverdon,Yverdon Sport FC,21,RW,TBD,TBD,TBD,TBD,0,25,25,47,55,60,49,47,58,35,37,,,,,,
che,Switzerland,yverdon,Yverdon Sport FC,22,RW,TBD,TBD,TBD,TBD,0,25,25,47,55,60,49,47,58,35,37,,,,,,
che,Switzerland,yverdon,Yverdon Sport FC,23,ST,TBD,TBD,TBD,TBD,0,25,25,47,55,55,55,40,53,35,49,,,,,,
che,Switzerland,yverdon,Yverdon Sport FC,24,ST,TBD,TBD,TBD,TBD,0,25,25,47,55,55,55,40,53,35,49,,,,,,
che,Switzerland,yverdon,Yverdon Sport FC,25,ST,TBD,TBD,TBD,TBD,0,25,25,47,55,55,55,40,53,35,49,,,,,,
pol,Poland,zaglebie-lubin,Zagłębie Lubin,1,GK,TBD,TBD,TBD,TBD,0,25,25,48,56,,,,,,,50,48,46,51,35,49
pol,Poland,zaglebie-lubin,Zagłębie Lubin,2,GK,TBD,TBD,TBD,TBD,0,25,25,48,56,,,,,,,50,48,46,51,35,49
pol,Poland,zaglebie-lubin,Zagłębie Lubin,3,CB,TBD,TBD,TBD,TBD,0,25,25,48,56,40,35,38,36,52,54,,,,,,
pol,Poland,zaglebie-lubin,Zagłębie Lubin,4,CB,TBD,TBD,TBD,TBD,0,25,25,48,56,40,35,38,36,52,54,,,,,,
pol,Poland,zaglebie-lubin,Zagłębie Lubin,5,CB,TBD,TBD,TBD,TBD,0,25,25,48,56,40,35,38,36,52,54,,,,,,
pol,Poland,zaglebie-lubin,Zagłębie Lubin,6,CB,TBD,TBD,TBD,TBD,0,25,25,48,56,40,35,38,36,52,54,,,,,,
pol,Poland,zaglebie-lubin,Zagłębie Lubin,7,CB,TBD,TBD,TBD,TBD,0,25,25,48,56,40,35,38,36,52,54,,,,,,
pol,Poland,zaglebie-lubin,Zagłębie Lubin,8,LB,TBD,TBD,TBD,TBD,0,25,25,49,57,54,35,47,51,49,50,,,,,,
pol,Poland,zaglebie-lubin,Zagłębie Lubin,9,LB,TBD,TBD,TBD,TBD,0,25,25,49,57,54,35,47,51,49,50,,,,,,
pol,Poland,zaglebie-lubin,Zagłębie Lubin,10,RB,TBD,TBD,TBD,TBD,0,25,25,49,57,54,35,47,51,49,50,,,,,,
pol,Poland,zaglebie-lubin,Zagłębie Lubin,11,RB,TBD,TBD,TBD,TBD,0,25,25,49,57,54,35,47,51,49,50,,,,,,
pol,Poland,zaglebie-lubin,Zagłębie Lubin,12,CDM,TBD,TBD,TBD,TBD,0,25,25,49,57,46,37,51,49,53,54,,,,,,
pol,Poland,zaglebie-lubin,Zagłębie Lubin,13,CM,TBD,TBD,TBD,TBD,0,25,25,50,58,49,46,54,55,48,50,,,,,,
pol,Poland,zaglebie-lubin,Zagłębie Lubin,14,CM,TBD,TBD,TBD,TBD,0,25,25,50,58,49,46,54,55,48,50,,,,,,
pol,Poland,zaglebie-lubin,Zagłębie Lubin,15,CM,TBD,TBD,TBD,TBD,0,25,25,50,58,49,46,54,55,48,50,,,,,,
pol,Poland,zaglebie-lubin,Zagłębie Lubin,16,CM,TBD,TBD,TBD,TBD,0,25,25,50,58,49,46,54,55,48,50,,,,,,
pol,Poland,zaglebie-lubin,Zagłębie Lubin,17,CM,TBD,TBD,TBD,TBD,0,25,25,50,58,49,46,54,55,48,50,,,,,,
pol,Poland,zaglebie-lubin,Zagłębie Lubin,18,CAM,TBD,TBD,TBD,TBD,0,25,25,50,58,53,52,58,60,35,42,,,,,,
pol,Poland,zaglebie-lubin,Zagłębie Lubin,19,LW,TBD,TBD,TBD,TBD,0,25,25,50,58,63,52,50,61,35,40,,,,,,
pol,Poland,zaglebie-lubin,Zagłębie Lubin,20,LW,TBD,TBD,TBD,TBD,0,25,25,50,58,63,52,50,61,35,40,,,,,,
pol,Poland,zaglebie-lubin,Zagłębie Lubin,21,RW,TBD,TBD,TBD,TBD,0,25,25,50,58,63,52,50,61,35,40,,,,,,
pol,Poland,zaglebie-lubin,Zagłębie Lubin,22,RW,TBD,TBD,TBD,TBD,0,25,25,50,58,63,52,50,61,35,40,,,,,,
pol,Poland,zaglebie-lubin,Zagłębie Lubin,23,ST,TBD,TBD,TBD,TBD,0,25,25,50,58,58,58,43,56,35,52,,,,,,
pol,Poland,zaglebie-lubin,Zagłębie Lubin,24,ST,TBD,TBD,TBD,TBD,0,25,25,50,58,58,58,43,56,35,52,,,,,,
pol,Poland,zaglebie-lubin,Zagłębie Lubin,25,ST,TBD,TBD,TBD,TBD,0,25,25,50,58,58,58,43,56,35,52,,,,,,
hun,Hungary,zalaegerszeg,Zalaegerszegi TE,1,GK,TBD,TBD,TBD,TBD,0,25,25,45,53,,,,,,,47,45,43,48,35,46
hun,Hungary,zalaegerszeg,Zalaegerszegi TE,2,GK,TBD,TBD,TBD,TBD,0,25,25,45,53,,,,,,,47,45,43,48,35,46
hun,Hungary,zalaegerszeg,Zalaegerszegi TE,3,CB,TBD,TBD,TBD,TBD,0,25,25,45,53,37,35,35,35,49,51,,,,,,
hun,Hungary,zalaegerszeg,Zalaegerszegi TE,4,CB,TBD,TBD,TBD,TBD,0,25,25,45,53,37,35,35,35,49,51,,,,,,
hun,Hungary,zalaegerszeg,Zalaegerszegi TE,5,CB,TBD,TBD,TBD,TBD,0,25,25,45,53,37,35,35,35,49,51,,,,,,
hun,Hungary,zalaegerszeg,Zalaegerszegi TE,6,CB,TBD,TBD,TBD,TBD,0,25,25,45,53,37,35,35,35,49,51,,,,,,
hun,Hungary,zalaegerszeg,Zalaegerszegi TE,7,CB,TBD,TBD,TBD,TBD,0,25,25,45,53,37,35,35,35,49,51,,,,,,
hun,Hungary,zalaegerszeg,Zalaegerszegi TE,8,LB,TBD,TBD,TBD,TBD,0,25,25,46,54,51,35,44,48,46,47,,,,,,
hun,Hungary,zalaegerszeg,Zalaegerszegi TE,9,LB,TBD,TBD,TBD,TBD,0,25,25,46,54,51,35,44,48,46,47,,,,,,
hun,Hungary,zalaegerszeg,Zalaegerszegi TE,10,RB,TBD,TBD,TBD,TBD,0,25,25,46,54,51,35,44,48,46,47,,,,,,
hun,Hungary,zalaegerszeg,Zalaegerszegi TE,11,RB,TBD,TBD,TBD,TBD,0,25,25,46,54,51,35,44,48,46,47,,,,,,
hun,Hungary,zalaegerszeg,Zalaegerszegi TE,12,CDM,TBD,TBD,TBD,TBD,0,25,25,46,54,43,35,48,46,50,51,,,,,,
hun,Hungary,zalaegerszeg,Zalaegerszegi TE,13,CM,TBD,TBD,TBD,TBD,0,25,25,47,55,46,43,51,52,45,47,,,,,,
hun,Hungary,zalaegerszeg,Zalaegerszegi TE,14,CM,TBD,TBD,TBD,TBD,0,25,25,47,55,46,43,51,52,45,47,,,,,,
hun,Hungary,zalaegerszeg,Zalaegerszegi TE,15,CM,TBD,TBD,TBD,TBD,0,25,25,47,55,46,43,51,52,45,47,,,,,,
hun,Hungary,zalaegerszeg,Zalaegerszegi TE,16,CM,TBD,TBD,TBD,TBD,0,25,25,47,55,46,43,51,52,45,47,,,,,,
hun,Hungary,zalaegerszeg,Zalaegerszegi TE,17,CM,TBD,TBD,TBD,TBD,0,25,25,47,55,46,43,51,52,45,47,,,,,,
hun,Hungary,zalaegerszeg,Zalaegerszegi TE,18,CAM,TBD,TBD,TBD,TBD,0,25,25,47,55,50,49,55,57,35,39,,,,,,
hun,Hungary,zalaegerszeg,Zalaegerszegi TE,19,LW,TBD,TBD,TBD,TBD,0,25,25,47,55,60,49,47,58,35,37,,,,,,
hun,Hungary,zalaegerszeg,Zalaegerszegi TE,20,LW,TBD,TBD,TBD,TBD,0,25,25,47,55,60,49,47,58,35,37,,,,,,
hun,Hungary,zalaegerszeg,Zalaegerszegi TE,21,RW,TBD,TBD,TBD,TBD,0,25,25,47,55,60,49,47,58,35,37,,,,,,
hun,Hungary,zalaegerszeg,Zalaegerszegi TE,22,RW,TBD,TBD,TBD,TBD,0,25,25,47,55,60,49,47,58,35,37,,,,,,
hun,Hungary,zalaegerszeg,Zalaegerszegi TE,23,ST,TBD,TBD,TBD,TBD,0,25,25,47,55,55,55,40,53,35,49,,,,,,
hun,Hungary,zalaegerszeg,Zalaegerszegi TE,24,ST,TBD,TBD,TBD,TBD,0,25,25,47,55,55,55,40,53,35,49,,,,,,
hun,Hungary,zalaegerszeg,Zalaegerszegi TE,25,ST,TBD,TBD,TBD,TBD,0,25,25,47,55,55,55,40,53,35,49,,,,,,
ukr,Ukraine,zorya-luhansk,Zorya Luhansk,1,GK,TBD,TBD,TBD,TBD,0,25,25,45,53,,,,,,,47,45,43,48,35,46
ukr,Ukraine,zorya-luhansk,Zorya Luhansk,2,GK,TBD,TBD,TBD,TBD,0,25,25,45,53,,,,,,,47,45,43,48,35,46
ukr,Ukraine,zorya-luhansk,Zorya Luhansk,3,CB,TBD,TBD,TBD,TBD,0,25,25,45,53,37,35,35,35,49,51,,,,,,
ukr,Ukraine,zorya-luhansk,Zorya Luhansk,4,CB,TBD,TBD,TBD,TBD,0,25,25,45,53,37,35,35,35,49,51,,,,,,
ukr,Ukraine,zorya-luhansk,Zorya Luhansk,5,CB,TBD,TBD,TBD,TBD,0,25,25,45,53,37,35,35,35,49,51,,,,,,
ukr,Ukraine,zorya-luhansk,Zorya Luhansk,6,CB,TBD,TBD,TBD,TBD,0,25,25,45,53,37,35,35,35,49,51,,,,,,
ukr,Ukraine,zorya-luhansk,Zorya Luhansk,7,CB,TBD,TBD,TBD,TBD,0,25,25,45,53,37,35,35,35,49,51,,,,,,
ukr,Ukraine,zorya-luhansk,Zorya Luhansk,8,LB,TBD,TBD,TBD,TBD,0,25,25,46,54,51,35,44,48,46,47,,,,,,
ukr,Ukraine,zorya-luhansk,Zorya Luhansk,9,LB,TBD,TBD,TBD,TBD,0,25,25,46,54,51,35,44,48,46,47,,,,,,
ukr,Ukraine,zorya-luhansk,Zorya Luhansk,10,RB,TBD,TBD,TBD,TBD,0,25,25,46,54,51,35,44,48,46,47,,,,,,
ukr,Ukraine,zorya-luhansk,Zorya Luhansk,11,RB,TBD,TBD,TBD,TBD,0,25,25,46,54,51,35,44,48,46,47,,,,,,
ukr,Ukraine,zorya-luhansk,Zorya Luhansk,12,CDM,TBD,TBD,TBD,TBD,0,25,25,46,54,43,35,48,46,50,51,,,,,,
ukr,Ukraine,zorya-luhansk,Zorya Luhansk,13,CM,TBD,TBD,TBD,TBD,0,25,25,47,55,46,43,51,52,45,47,,,,,,
ukr,Ukraine,zorya-luhansk,Zorya Luhansk,14,CM,TBD,TBD,TBD,TBD,0,25,25,47,55,46,43,51,52,45,47,,,,,,
ukr,Ukraine,zorya-luhansk,Zorya Luhansk,15,CM,TBD,TBD,TBD,TBD,0,25,25,47,55,46,43,51,52,45,47,,,,,,
ukr,Ukraine,zorya-luhansk,Zorya Luhansk,16,CM,TBD,TBD,TBD,TBD,0,25,25,47,55,46,43,51,52,45,47,,,,,,
ukr,Ukraine,zorya-luhansk,Zorya Luhansk,17,CM,TBD,TBD,TBD,TBD,0,25,25,47,55,46,43,51,52,45,47,,,,,,
ukr,Ukraine,zorya-luhansk,Zorya Luhansk,18,CAM,TBD,TBD,TBD,TBD,0,25,25,47,55,50,49,55,57,35,39,,,,,,
ukr,Ukraine,zorya-luhansk,Zorya Luhansk,19,LW,TBD,TBD,TBD,TBD,0,25,25,47,55,60,49,47,58,35,37,,,,,,
ukr,Ukraine,zorya-luhansk,Zorya Luhansk,20,LW,TBD,TBD,TBD,TBD,0,25,25,47,55,60,49,47,58,35,37,,,,,,
ukr,Ukraine,zorya-luhansk,Zorya Luhansk,21,RW,TBD,TBD,TBD,TBD,0,25,25,47,55,60,49,47,58,35,37,,,,,,
ukr,Ukraine,zorya-luhansk,Zorya Luhansk,22,RW,TBD,TBD,TBD,TBD,0,25,25,47,55,60,49,47,58,35,37,,,,,,
ukr,Ukraine,zorya-luhansk,Zorya Luhansk,23,ST,TBD,TBD,TBD,TBD,0,25,25,47,55,55,55,40,53,35,49,,,,,,
ukr,Ukraine,zorya-luhansk,Zorya Luhansk,24,ST,TBD,TBD,TBD,TBD,0,25,25,47,55,55,55,40,53,35,49,,,,,,
ukr,Ukraine,zorya-luhansk,Zorya Luhansk,25,ST,TBD,TBD,TBD,TBD,0,25,25,47,55,55,55,40,53,35,49,,,,,,
tur,Turkey,caykur-rizespor,Çaykur Rizespor,1,GK,TBD,TBD,TBD,TBD,0,25,25,54,62,,,,,,,56,54,52,57,35,55
tur,Turkey,caykur-rizespor,Çaykur Rizespor,2,GK,TBD,TBD,TBD,TBD,0,25,25,54,62,,,,,,,56,54,52,57,35,55
tur,Turkey,caykur-rizespor,Çaykur Rizespor,3,CB,TBD,TBD,TBD,TBD,0,25,25,54,62,46,35,44,42,58,60,,,,,,
tur,Turkey,caykur-rizespor,Çaykur Rizespor,4,CB,TBD,TBD,TBD,TBD,0,25,25,54,62,46,35,44,42,58,60,,,,,,
tur,Turkey,caykur-rizespor,Çaykur Rizespor,5,CB,TBD,TBD,TBD,TBD,0,25,25,54,62,46,35,44,42,58,60,,,,,,
tur,Turkey,caykur-rizespor,Çaykur Rizespor,6,CB,TBD,TBD,TBD,TBD,0,25,25,54,62,46,35,44,42,58,60,,,,,,
tur,Turkey,caykur-rizespor,Çaykur Rizespor,7,CB,TBD,TBD,TBD,TBD,0,25,25,54,62,46,35,44,42,58,60,,,,,,
tur,Turkey,caykur-rizespor,Çaykur Rizespor,8,LB,TBD,TBD,TBD,TBD,0,25,25,55,63,60,37,53,57,55,56,,,,,,
tur,Turkey,caykur-rizespor,Çaykur Rizespor,9,LB,TBD,TBD,TBD,TBD,0,25,25,55,63,60,37,53,57,55,56,,,,,,
tur,Turkey,caykur-rizespor,Çaykur Rizespor,10,RB,TBD,TBD,TBD,TBD,0,25,25,55,63,60,37,53,57,55,56,,,,,,
tur,Turkey,caykur-rizespor,Çaykur Rizespor,11,RB,TBD,TBD,TBD,TBD,0,25,25,55,63,60,37,53,57,55,56,,,,,,
tur,Turkey,caykur-rizespor,Çaykur Rizespor,12,CDM,TBD,TBD,TBD,TBD,0,25,25,55,63,52,43,57,55,59,60,,,,,,
tur,Turkey,caykur-rizespor,Çaykur Rizespor,13,CM,TBD,TBD,TBD,TBD,0,25,25,56,64,55,52,60,61,54,56,,,,,,
tur,Turkey,caykur-rizespor,Çaykur Rizespor,14,CM,TBD,TBD,TBD,TBD,0,25,25,56,64,55,52,60,61,54,56,,,,,,
tur,Turkey,caykur-rizespor,Çaykur Rizespor,15,CM,TBD,TBD,TBD,TBD,0,25,25,56,64,55,52,60,61,54,56,,,,,,
tur,Turkey,caykur-rizespor,Çaykur Rizespor,16,CM,TBD,TBD,TBD,TBD,0,25,25,56,64,55,52,60,61,54,56,,,,,,
tur,Turkey,caykur-rizespor,Çaykur Rizespor,17,CM,TBD,TBD,TBD,TBD,0,25,25,56,64,55,52,60,61,54,56,,,,,,
tur,Turkey,caykur-rizespor,Çaykur Rizespor,18,CAM,TBD,TBD,TBD,TBD,0,25,25,56,64,59,58,64,66,38,48,,,,,,
tur,Turkey,caykur-rizespor,Çaykur Rizespor,19,LW,TBD,TBD,TBD,TBD,0,25,25,56,64,69,58,56,67,35,46,,,,,,
tur,Turkey,caykur-rizespor,Çaykur Rizespor,20,LW,TBD,TBD,TBD,TBD,0,25,25,56,64,69,58,56,67,35,46,,,,,,
tur,Turkey,caykur-rizespor,Çaykur Rizespor,21,RW,TBD,TBD,TBD,TBD,0,25,25,56,64,69,58,56,67,35,46,,,,,,
tur,Turkey,caykur-rizespor,Çaykur Rizespor,22,RW,TBD,TBD,TBD,TBD,0,25,25,56,64,69,58,56,67,35,46,,,,,,
tur,Turkey,caykur-rizespor,Çaykur Rizespor,23,ST,TBD,TBD,TBD,TBD,0,25,25,56,64,64,64,49,62,35,58,,,,,,
tur,Turkey,caykur-rizespor,Çaykur Rizespor,24,ST,TBD,TBD,TBD,TBD,0,25,25,56,64,64,64,49,62,35,58,,,,,,
tur,Turkey,caykur-rizespor,Çaykur Rizespor,25,ST,TBD,TBD,TBD,TBD,0,25,25,56,64,64,64,49,62,35,58,,,,,,
isl,Iceland,ia-akranes,ÍA Akranes,1,GK,TBD,TBD,TBD,TBD,0,25,25,45,53,,,,,,,47,45,43,48,35,46
isl,Iceland,ia-akranes,ÍA Akranes,2,GK,TBD,TBD,TBD,TBD,0,25,25,45,53,,,,,,,47,45,43,48,35,46
isl,Iceland,ia-akranes,ÍA Akranes,3,CB,TBD,TBD,TBD,TBD,0,25,25,45,53,37,35,35,35,49,51,,,,,,
isl,Iceland,ia-akranes,ÍA Akranes,4,CB,TBD,TBD,TBD,TBD,0,25,25,45,53,37,35,35,35,49,51,,,,,,
isl,Iceland,ia-akranes,ÍA Akranes,5,CB,TBD,TBD,TBD,TBD,0,25,25,45,53,37,35,35,35,49,51,,,,,,
isl,Iceland,ia-akranes,ÍA Akranes,6,CB,TBD,TBD,TBD,TBD,0,25,25,45,53,37,35,35,35,49,51,,,,,,
isl,Iceland,ia-akranes,ÍA Akranes,7,CB,TBD,TBD,TBD,TBD,0,25,25,45,53,37,35,35,35,49,51,,,,,,
isl,Iceland,ia-akranes,ÍA Akranes,8,LB,TBD,TBD,TBD,TBD,0,25,25,46,54,51,35,44,48,46,47,,,,,,
isl,Iceland,ia-akranes,ÍA Akranes,9,LB,TBD,TBD,TBD,TBD,0,25,25,46,54,51,35,44,48,46,47,,,,,,
isl,Iceland,ia-akranes,ÍA Akranes,10,RB,TBD,TBD,TBD,TBD,0,25,25,46,54,51,35,44,48,46,47,,,,,,
isl,Iceland,ia-akranes,ÍA Akranes,11,RB,TBD,TBD,TBD,TBD,0,25,25,46,54,51,35,44,48,46,47,,,,,,
isl,Iceland,ia-akranes,ÍA Akranes,12,CDM,TBD,TBD,TBD,TBD,0,25,25,46,54,43,35,48,46,50,51,,,,,,
isl,Iceland,ia-akranes,ÍA Akranes,13,CM,TBD,TBD,TBD,TBD,0,25,25,47,55,46,43,51,52,45,47,,,,,,
isl,Iceland,ia-akranes,ÍA Akranes,14,CM,TBD,TBD,TBD,TBD,0,25,25,47,55,46,43,51,52,45,47,,,,,,
isl,Iceland,ia-akranes,ÍA Akranes,15,CM,TBD,TBD,TBD,TBD,0,25,25,47,55,46,43,51,52,45,47,,,,,,
isl,Iceland,ia-akranes,ÍA Akranes,16,CM,TBD,TBD,TBD,TBD,0,25,25,47,55,46,43,51,52,45,47,,,,,,
isl,Iceland,ia-akranes,ÍA Akranes,17,CM,TBD,TBD,TBD,TBD,0,25,25,47,55,46,43,51,52,45,47,,,,,,
isl,Iceland,ia-akranes,ÍA Akranes,18,CAM,TBD,TBD,TBD,TBD,0,25,25,47,55,50,49,55,57,35,39,,,,,,
isl,Iceland,ia-akranes,ÍA Akranes,19,LW,TBD,TBD,TBD,TBD,0,25,25,47,55,60,49,47,58,35,37,,,,,,
isl,Iceland,ia-akranes,ÍA Akranes,20,LW,TBD,TBD,TBD,TBD,0,25,25,47,55,60,49,47,58,35,37,,,,,,
isl,Iceland,ia-akranes,ÍA Akranes,21,RW,TBD,TBD,TBD,TBD,0,25,25,47,55,60,49,47,58,35,37,,,,,,
isl,Iceland,ia-akranes,ÍA Akranes,22,RW,TBD,TBD,TBD,TBD,0,25,25,47,55,60,49,47,58,35,37,,,,,,
isl,Iceland,ia-akranes,ÍA Akranes,23,ST,TBD,TBD,TBD,TBD,0,25,25,47,55,55,55,40,53,35,49,,,,,,
isl,Iceland,ia-akranes,ÍA Akranes,24,ST,TBD,TBD,TBD,TBD,0,25,25,47,55,55,55,40,53,35,49,,,,,,
isl,Iceland,ia-akranes,ÍA Akranes,25,ST,TBD,TBD,TBD,TBD,0,25,25,47,55,55,55,40,53,35,49,,,,,,
hun,Hungary,ujpest,Újpest FC,1,GK,TBD,TBD,TBD,TBD,0,25,25,50,58,,,,,,,52,50,48,53,35,51
hun,Hungary,ujpest,Újpest FC,2,GK,TBD,TBD,TBD,TBD,0,25,25,50,58,,,,,,,52,50,48,53,35,51
hun,Hungary,ujpest,Újpest FC,3,CB,TBD,TBD,TBD,TBD,0,25,25,50,58,42,35,40,38,54,56,,,,,,
hun,Hungary,ujpest,Újpest FC,4,CB,TBD,TBD,TBD,TBD,0,25,25,50,58,42,35,40,38,54,56,,,,,,
hun,Hungary,ujpest,Újpest FC,5,CB,TBD,TBD,TBD,TBD,0,25,25,50,58,42,35,40,38,54,56,,,,,,
hun,Hungary,ujpest,Újpest FC,6,CB,TBD,TBD,TBD,TBD,0,25,25,50,58,42,35,40,38,54,56,,,,,,
hun,Hungary,ujpest,Újpest FC,7,CB,TBD,TBD,TBD,TBD,0,25,25,50,58,42,35,40,38,54,56,,,,,,
hun,Hungary,ujpest,Újpest FC,8,LB,TBD,TBD,TBD,TBD,0,25,25,51,59,56,35,49,53,51,52,,,,,,
hun,Hungary,ujpest,Újpest FC,9,LB,TBD,TBD,TBD,TBD,0,25,25,51,59,56,35,49,53,51,52,,,,,,
hun,Hungary,ujpest,Újpest FC,10,RB,TBD,TBD,TBD,TBD,0,25,25,51,59,56,35,49,53,51,52,,,,,,
hun,Hungary,ujpest,Újpest FC,11,RB,TBD,TBD,TBD,TBD,0,25,25,51,59,56,35,49,53,51,52,,,,,,
hun,Hungary,ujpest,Újpest FC,12,CDM,TBD,TBD,TBD,TBD,0,25,25,51,59,48,39,53,51,55,56,,,,,,
hun,Hungary,ujpest,Újpest FC,13,CM,TBD,TBD,TBD,TBD,0,25,25,52,60,51,48,56,57,50,52,,,,,,
hun,Hungary,ujpest,Újpest FC,14,CM,TBD,TBD,TBD,TBD,0,25,25,52,60,51,48,56,57,50,52,,,,,,
hun,Hungary,ujpest,Újpest FC,15,CM,TBD,TBD,TBD,TBD,0,25,25,52,60,51,48,56,57,50,52,,,,,,
hun,Hungary,ujpest,Újpest FC,16,CM,TBD,TBD,TBD,TBD,0,25,25,52,60,51,48,56,57,50,52,,,,,,
hun,Hungary,ujpest,Újpest FC,17,CM,TBD,TBD,TBD,TBD,0,25,25,52,60,51,48,56,57,50,52,,,,,,
hun,Hungary,ujpest,Újpest FC,18,CAM,TBD,TBD,TBD,TBD,0,25,25,52,60,55,54,60,62,35,44,,,,,,
hun,Hungary,ujpest,Újpest FC,19,LW,TBD,TBD,TBD,TBD,0,25,25,52,60,65,54,52,63,35,42,,,,,,
hun,Hungary,ujpest,Újpest FC,20,LW,TBD,TBD,TBD,TBD,0,25,25,52,60,65,54,52,63,35,42,,,,,,
hun,Hungary,ujpest,Újpest FC,21,RW,TBD,TBD,TBD,TBD,0,25,25,52,60,65,54,52,63,35,42,,,,,,
hun,Hungary,ujpest,Újpest FC,22,RW,TBD,TBD,TBD,TBD,0,25,25,52,60,65,54,52,63,35,42,,,,,,
hun,Hungary,ujpest,Újpest FC,23,ST,TBD,TBD,TBD,TBD,0,25,25,52,60,60,60,45,58,35,54,,,,,,
hun,Hungary,ujpest,Újpest FC,24,ST,TBD,TBD,TBD,TBD,0,25,25,52,60,60,60,45,58,35,54,,,,,,
hun,Hungary,ujpest,Újpest FC,25,ST,TBD,TBD,TBD,TBD,0,25,25,52,60,60,60,45,58,35,54,,,,,,
isl,Iceland,isl,Úrvalsdeild,1,GK,TBD,TBD,TBD,TBD,0,25,25,45,53,,,,,,,47,45,43,48,35,46
isl,Iceland,isl,Úrvalsdeild,2,GK,TBD,TBD,TBD,TBD,0,25,25,45,53,,,,,,,47,45,43,48,35,46
isl,Iceland,isl,Úrvalsdeild,3,CB,TBD,TBD,TBD,TBD,0,25,25,45,53,37,35,35,35,49,51,,,,,,
isl,Iceland,isl,Úrvalsdeild,4,CB,TBD,TBD,TBD,TBD,0,25,25,45,53,37,35,35,35,49,51,,,,,,
isl,Iceland,isl,Úrvalsdeild,5,CB,TBD,TBD,TBD,TBD,0,25,25,45,53,37,35,35,35,49,51,,,,,,
isl,Iceland,isl,Úrvalsdeild,6,CB,TBD,TBD,TBD,TBD,0,25,25,45,53,37,35,35,35,49,51,,,,,,
isl,Iceland,isl,Úrvalsdeild,7,CB,TBD,TBD,TBD,TBD,0,25,25,45,53,37,35,35,35,49,51,,,,,,
isl,Iceland,isl,Úrvalsdeild,8,LB,TBD,TBD,TBD,TBD,0,25,25,46,54,51,35,44,48,46,47,,,,,,
isl,Iceland,isl,Úrvalsdeild,9,LB,TBD,TBD,TBD,TBD,0,25,25,46,54,51,35,44,48,46,47,,,,,,
isl,Iceland,isl,Úrvalsdeild,10,RB,TBD,TBD,TBD,TBD,0,25,25,46,54,51,35,44,48,46,47,,,,,,
isl,Iceland,isl,Úrvalsdeild,11,RB,TBD,TBD,TBD,TBD,0,25,25,46,54,51,35,44,48,46,47,,,,,,
isl,Iceland,isl,Úrvalsdeild,12,CDM,TBD,TBD,TBD,TBD,0,25,25,46,54,43,35,48,46,50,51,,,,,,
isl,Iceland,isl,Úrvalsdeild,13,CM,TBD,TBD,TBD,TBD,0,25,25,47,55,46,43,51,52,45,47,,,,,,
isl,Iceland,isl,Úrvalsdeild,14,CM,TBD,TBD,TBD,TBD,0,25,25,47,55,46,43,51,52,45,47,,,,,,
isl,Iceland,isl,Úrvalsdeild,15,CM,TBD,TBD,TBD,TBD,0,25,25,47,55,46,43,51,52,45,47,,,,,,
isl,Iceland,isl,Úrvalsdeild,16,CM,TBD,TBD,TBD,TBD,0,25,25,47,55,46,43,51,52,45,47,,,,,,
isl,Iceland,isl,Úrvalsdeild,17,CM,TBD,TBD,TBD,TBD,0,25,25,47,55,46,43,51,52,45,47,,,,,,
isl,Iceland,isl,Úrvalsdeild,18,CAM,TBD,TBD,TBD,TBD,0,25,25,47,55,50,49,55,57,35,39,,,,,,
isl,Iceland,isl,Úrvalsdeild,19,LW,TBD,TBD,TBD,TBD,0,25,25,47,55,60,49,47,58,35,37,,,,,,
isl,Iceland,isl,Úrvalsdeild,20,LW,TBD,TBD,TBD,TBD,0,25,25,47,55,60,49,47,58,35,37,,,,,,
isl,Iceland,isl,Úrvalsdeild,21,RW,TBD,TBD,TBD,TBD,0,25,25,47,55,60,49,47,58,35,37,,,,,,
isl,Iceland,isl,Úrvalsdeild,22,RW,TBD,TBD,TBD,TBD,0,25,25,47,55,60,49,47,58,35,37,,,,,,
isl,Iceland,isl,Úrvalsdeild,23,ST,TBD,TBD,TBD,TBD,0,25,25,47,55,55,55,40,53,35,49,,,,,,
isl,Iceland,isl,Úrvalsdeild,24,ST,TBD,TBD,TBD,TBD,0,25,25,47,55,55,55,40,53,35,49,,,,,,
isl,Iceland,isl,Úrvalsdeild,25,ST,TBD,TBD,TBD,TBD,0,25,25,47,55,55,55,40,53,35,49,,,,,,
srb,Serbia,cukaricki,Čukarički,1,GK,TBD,TBD,TBD,TBD,0,25,25,45,53,,,,,,,47,45,43,48,35,46
srb,Serbia,cukaricki,Čukarički,2,GK,TBD,TBD,TBD,TBD,0,25,25,45,53,,,,,,,47,45,43,48,35,46
srb,Serbia,cukaricki,Čukarički,3,CB,TBD,TBD,TBD,TBD,0,25,25,45,53,37,35,35,35,49,51,,,,,,
srb,Serbia,cukaricki,Čukarički,4,CB,TBD,TBD,TBD,TBD,0,25,25,45,53,37,35,35,35,49,51,,,,,,
srb,Serbia,cukaricki,Čukarički,5,CB,TBD,TBD,TBD,TBD,0,25,25,45,53,37,35,35,35,49,51,,,,,,
srb,Serbia,cukaricki,Čukarički,6,CB,TBD,TBD,TBD,TBD,0,25,25,45,53,37,35,35,35,49,51,,,,,,
srb,Serbia,cukaricki,Čukarički,7,CB,TBD,TBD,TBD,TBD,0,25,25,45,53,37,35,35,35,49,51,,,,,,
srb,Serbia,cukaricki,Čukarički,8,LB,TBD,TBD,TBD,TBD,0,25,25,46,54,51,35,44,48,46,47,,,,,,
srb,Serbia,cukaricki,Čukarički,9,LB,TBD,TBD,TBD,TBD,0,25,25,46,54,51,35,44,48,46,47,,,,,,
srb,Serbia,cukaricki,Čukarički,10,RB,TBD,TBD,TBD,TBD,0,25,25,46,54,51,35,44,48,46,47,,,,,,
srb,Serbia,cukaricki,Čukarički,11,RB,TBD,TBD,TBD,TBD,0,25,25,46,54,51,35,44,48,46,47,,,,,,
srb,Serbia,cukaricki,Čukarički,12,CDM,TBD,TBD,TBD,TBD,0,25,25,46,54,43,35,48,46,50,51,,,,,,
srb,Serbia,cukaricki,Čukarički,13,CM,TBD,TBD,TBD,TBD,0,25,25,47,55,46,43,51,52,45,47,,,,,,
srb,Serbia,cukaricki,Čukarički,14,CM,TBD,TBD,TBD,TBD,0,25,25,47,55,46,43,51,52,45,47,,,,,,
srb,Serbia,cukaricki,Čukarički,15,CM,TBD,TBD,TBD,TBD,0,25,25,47,55,46,43,51,52,45,47,,,,,,
srb,Serbia,cukaricki,Čukarički,16,CM,TBD,TBD,TBD,TBD,0,25,25,47,55,46,43,51,52,45,47,,,,,,
srb,Serbia,cukaricki,Čukarički,17,CM,TBD,TBD,TBD,TBD,0,25,25,47,55,46,43,51,52,45,47,,,,,,
srb,Serbia,cukaricki,Čukarički,18,CAM,TBD,TBD,TBD,TBD,0,25,25,47,55,50,49,55,57,35,39,,,,,,
srb,Serbia,cukaricki,Čukarički,19,LW,TBD,TBD,TBD,TBD,0,25,25,47,55,60,49,47,58,35,37,,,,,,
srb,Serbia,cukaricki,Čukarički,20,LW,TBD,TBD,TBD,TBD,0,25,25,47,55,60,49,47,58,35,37,,,,,,
srb,Serbia,cukaricki,Čukarički,21,RW,TBD,TBD,TBD,TBD,0,25,25,47,55,60,49,47,58,35,37,,,,,,
srb,Serbia,cukaricki,Čukarički,22,RW,TBD,TBD,TBD,TBD,0,25,25,47,55,60,49,47,58,35,37,,,,,,
srb,Serbia,cukaricki,Čukarički,23,ST,TBD,TBD,TBD,TBD,0,25,25,47,55,55,55,40,53,35,49,,,,,,
srb,Serbia,cukaricki,Čukarički,24,ST,TBD,TBD,TBD,TBD,0,25,25,47,55,55,55,40,53,35,49,,,,,,
srb,Serbia,cukaricki,Čukarički,25,ST,TBD,TBD,TBD,TBD,0,25,25,47,55,55,55,40,53,35,49,,,,,,
tur,Turkey,istanbul-basaksehir,İstanbul Başakşehir FK,1,GK,TBD,TBD,TBD,TBD,0,25,25,65,73,,,,,,,67,65,63,68,40,66
tur,Turkey,istanbul-basaksehir,İstanbul Başakşehir FK,2,GK,TBD,TBD,TBD,TBD,0,25,25,65,73,,,,,,,67,65,63,68,40,66
tur,Turkey,istanbul-basaksehir,İstanbul Başakşehir FK,3,CB,TBD,TBD,TBD,TBD,0,25,25,65,73,57,35,55,53,69,71,,,,,,
tur,Turkey,istanbul-basaksehir,İstanbul Başakşehir FK,4,CB,TBD,TBD,TBD,TBD,0,25,25,65,73,57,35,55,53,69,71,,,,,,
tur,Turkey,istanbul-basaksehir,İstanbul Başakşehir FK,5,CB,TBD,TBD,TBD,TBD,0,25,25,65,73,57,35,55,53,69,71,,,,,,
tur,Turkey,istanbul-basaksehir,İstanbul Başakşehir FK,6,CB,TBD,TBD,TBD,TBD,0,25,25,65,73,57,35,55,53,69,71,,,,,,
tur,Turkey,istanbul-basaksehir,İstanbul Başakşehir FK,7,CB,TBD,TBD,TBD,TBD,0,25,25,65,73,57,35,55,53,69,71,,,,,,
tur,Turkey,istanbul-basaksehir,İstanbul Başakşehir FK,8,LB,TBD,TBD,TBD,TBD,0,25,25,66,74,71,48,64,68,66,67,,,,,,
tur,Turkey,istanbul-basaksehir,İstanbul Başakşehir FK,9,LB,TBD,TBD,TBD,TBD,0,25,25,66,74,71,48,64,68,66,67,,,,,,
tur,Turkey,istanbul-basaksehir,İstanbul Başakşehir FK,10,RB,TBD,TBD,TBD,TBD,0,25,25,66,74,71,48,64,68,66,67,,,,,,
tur,Turkey,istanbul-basaksehir,İstanbul Başakşehir FK,11,RB,TBD,TBD,TBD,TBD,0,25,25,66,74,71,48,64,68,66,67,,,,,,
tur,Turkey,istanbul-basaksehir,İstanbul Başakşehir FK,12,CDM,TBD,TBD,TBD,TBD,0,25,25,66,74,63,54,68,66,70,71,,,,,,
tur,Turkey,istanbul-basaksehir,İstanbul Başakşehir FK,13,CM,TBD,TBD,TBD,TBD,0,25,25,67,75,66,63,71,72,65,67,,,,,,
tur,Turkey,istanbul-basaksehir,İstanbul Başakşehir FK,14,CM,TBD,TBD,TBD,TBD,0,25,25,67,75,66,63,71,72,65,67,,,,,,
tur,Turkey,istanbul-basaksehir,İstanbul Başakşehir FK,15,CM,TBD,TBD,TBD,TBD,0,25,25,67,75,66,63,71,72,65,67,,,,,,
tur,Turkey,istanbul-basaksehir,İstanbul Başakşehir FK,16,CM,TBD,TBD,TBD,TBD,0,25,25,67,75,66,63,71,72,65,67,,,,,,
tur,Turkey,istanbul-basaksehir,İstanbul Başakşehir FK,17,CM,TBD,TBD,TBD,TBD,0,25,25,67,75,66,63,71,72,65,67,,,,,,
tur,Turkey,istanbul-basaksehir,İstanbul Başakşehir FK,18,CAM,TBD,TBD,TBD,TBD,0,25,25,67,75,70,69,75,77,49,59,,,,,,
tur,Turkey,istanbul-basaksehir,İstanbul Başakşehir FK,19,LW,TBD,TBD,TBD,TBD,0,25,25,67,75,80,69,67,78,42,57,,,,,,
tur,Turkey,istanbul-basaksehir,İstanbul Başakşehir FK,20,LW,TBD,TBD,TBD,TBD,0,25,25,67,75,80,69,67,78,42,57,,,,,,
tur,Turkey,istanbul-basaksehir,İstanbul Başakşehir FK,21,RW,TBD,TBD,TBD,TBD,0,25,25,67,75,80,69,67,78,42,57,,,,,,
tur,Turkey,istanbul-basaksehir,İstanbul Başakşehir FK,22,RW,TBD,TBD,TBD,TBD,0,25,25,67,75,80,69,67,78,42,57,,,,,,
tur,Turkey,istanbul-basaksehir,İstanbul Başakşehir FK,23,ST,TBD,TBD,TBD,TBD,0,25,25,67,75,75,75,60,73,37,69,,,,,,
tur,Turkey,istanbul-basaksehir,İstanbul Başakşehir FK,24,ST,TBD,TBD,TBD,TBD,0,25,25,67,75,75,75,60,73,37,69,,,,,,
tur,Turkey,istanbul-basaksehir,İstanbul Başakşehir FK,25,ST,TBD,TBD,TBD,TBD,0,25,25,67,75,75,75,60,73,37,69,,,,,,
pol,Poland,slask-wroclaw,Śląsk Wrocław,1,GK,TBD,TBD,TBD,TBD,0,25,25,51,59,,,,,,,53,51,49,54,35,52
pol,Poland,slask-wroclaw,Śląsk Wrocław,2,GK,TBD,TBD,TBD,TBD,0,25,25,51,59,,,,,,,53,51,49,54,35,52
pol,Poland,slask-wroclaw,Śląsk Wrocław,3,CB,TBD,TBD,TBD,TBD,0,25,25,51,59,43,35,41,39,55,57,,,,,,
pol,Poland,slask-wroclaw,Śląsk Wrocław,4,CB,TBD,TBD,TBD,TBD,0,25,25,51,59,43,35,41,39,55,57,,,,,,
pol,Poland,slask-wroclaw,Śląsk Wrocław,5,CB,TBD,TBD,TBD,TBD,0,25,25,51,59,43,35,41,39,55,57,,,,,,
pol,Poland,slask-wroclaw,Śląsk Wrocław,6,CB,TBD,TBD,TBD,TBD,0,25,25,51,59,43,35,41,39,55,57,,,,,,
pol,Poland,slask-wroclaw,Śląsk Wrocław,7,CB,TBD,TBD,TBD,TBD,0,25,25,51,59,43,35,41,39,55,57,,,,,,
pol,Poland,slask-wroclaw,Śląsk Wrocław,8,LB,TBD,TBD,TBD,TBD,0,25,25,52,60,57,35,50,54,52,53,,,,,,
pol,Poland,slask-wroclaw,Śląsk Wrocław,9,LB,TBD,TBD,TBD,TBD,0,25,25,52,60,57,35,50,54,52,53,,,,,,
pol,Poland,slask-wroclaw,Śląsk Wrocław,10,RB,TBD,TBD,TBD,TBD,0,25,25,52,60,57,35,50,54,52,53,,,,,,
pol,Poland,slask-wroclaw,Śląsk Wrocław,11,RB,TBD,TBD,TBD,TBD,0,25,25,52,60,57,35,50,54,52,53,,,,,,
pol,Poland,slask-wroclaw,Śląsk Wrocław,12,CDM,TBD,TBD,TBD,TBD,0,25,25,52,60,49,40,54,52,56,57,,,,,,
pol,Poland,slask-wroclaw,Śląsk Wrocław,13,CM,TBD,TBD,TBD,TBD,0,25,25,53,61,52,49,57,58,51,53,,,,,,
pol,Poland,slask-wroclaw,Śląsk Wrocław,14,CM,TBD,TBD,TBD,TBD,0,25,25,53,61,52,49,57,58,51,53,,,,,,
pol,Poland,slask-wroclaw,Śląsk Wrocław,15,CM,TBD,TBD,TBD,TBD,0,25,25,53,61,52,49,57,58,51,53,,,,,,
pol,Poland,slask-wroclaw,Śląsk Wrocław,16,CM,TBD,TBD,TBD,TBD,0,25,25,53,61,52,49,57,58,51,53,,,,,,
pol,Poland,slask-wroclaw,Śląsk Wrocław,17,CM,TBD,TBD,TBD,TBD,0,25,25,53,61,52,49,57,58,51,53,,,,,,
pol,Poland,slask-wroclaw,Śląsk Wrocław,18,CAM,TBD,TBD,TBD,TBD,0,25,25,53,61,56,55,61,63,35,45,,,,,,
pol,Poland,slask-wroclaw,Śląsk Wrocław,19,LW,TBD,TBD,TBD,TBD,0,25,25,53,61,66,55,53,64,35,43,,,,,,
pol,Poland,slask-wroclaw,Śląsk Wrocław,20,LW,TBD,TBD,TBD,TBD,0,25,25,53,61,66,55,53,64,35,43,,,,,,
pol,Poland,slask-wroclaw,Śląsk Wrocław,21,RW,TBD,TBD,TBD,TBD,0,25,25,53,61,66,55,53,64,35,43,,,,,,
pol,Poland,slask-wroclaw,Śląsk Wrocław,22,RW,TBD,TBD,TBD,TBD,0,25,25,53,61,66,55,53,64,35,43,,,,,,
pol,Poland,slask-wroclaw,Śląsk Wrocław,23,ST,TBD,TBD,TBD,TBD,0,25,25,53,61,61,61,46,59,35,55,,,,,,
pol,Poland,slask-wroclaw,Śląsk Wrocław,24,ST,TBD,TBD,TBD,TBD,0,25,25,53,61,61,61,46,59,35,55,,,,,,
pol,Poland,slask-wroclaw,Śląsk Wrocław,25,ST,TBD,TBD,TBD,TBD,0,25,25,53,61,61,61,46,59,35,55,,,,,,
